frame_name,person_id,left_knee_angle,right_knee_angle,left_hip_angle,right_hip_angle,trunk_lean_angle,knee_angle_asymmetry,hip_angle_asymmetry,mean_pose_confidence,low_confidence_flag
frame_000000.jpg,0,98.51197808966893,79.68510126045076,166.5686054091782,148.05963132365437,1.3818114316840775,18.826876829218165,18.508974085523818,0.8055799866423887,False
frame_000001.jpg,0,128.96406595003467,74.83515362202225,170.552257776769,147.0773022398918,1.0405428200387363,54.12891232801242,23.474955536877218,0.8015719476868125,False
frame_000002.jpg,0,141.72669249953188,78.84308242619845,173.45660337531547,146.49097293399225,0.7712239595853921,62.88361007333343,26.965630441323214,0.8357225726632511,False
frame_000003.jpg,0,157.73925132402414,74.18323157039106,179.32951164756236,146.24188762125945,0.4018206757633032,83.55601975363308,33.087624026302905,0.8610860495006337,False
frame_000004.jpg,0,168.7827758454188,96.0532585185731,175.3088667210285,148.99483113478053,0.29202648429646755,72.7295173268457,26.314035586247968,0.867691274951486,False
frame_000005.jpg,0,168.45824450831017,117.4129339378669,172.80219238146987,154.623044111625,0.11979446186021844,51.04531057044328,18.17914826984486,0.874438696047839,False
frame_000006.jpg,0,161.53182234363055,137.51519442541814,172.95107938600682,160.80462349415143,0.1817117370627795,24.016627918212407,12.146455891855396,0.85683374895769,False
frame_000007.jpg,0,148.73603021083466,152.5739297248641,174.362035488858,166.16283677918474,0.4313702133321228,3.8378995140294307,8.199198709673254,0.8107998371124268,False
frame_000008.jpg,0,130.7157875827202,159.68782656702072,177.49768372578842,168.67168566672987,0.8292769967975879,28.972038984300525,8.825998059058549,0.8152563081068152,False
frame_000009.jpg,0,108.01589525755098,161.1497761123654,177.44939168956984,169.91434022070737,1.2095933943606114,53.13388085481442,7.535051468862463,0.821904883665197,False
frame_000010.jpg,0,87.71354192761235,158.31635856516155,171.73213889321522,170.1957643459999,1.7482321769624392,70.6028166375492,1.5363745472153312,0.813076418988845,False
frame_000011.jpg,0,73.78148272785795,152.45190221974673,167.08861849038308,170.2205189145431,2.378778609632021,78.67041949188878,3.1319004241600226,0.8058458882219651,False
frame_000012.jpg,0,65.98305539401264,149.4572351133996,161.73046708581256,171.24555220005138,2.5566738589047127,83.47417971938697,9.515085114238815,0.830661721089307,False
frame_000013.jpg,0,64.9733741429662,151.86955691401548,156.96277939087983,174.58119317629527,2.031196287774291,86.89618277104928,17.61841378541544,0.8495905434384066,False
frame_000014.jpg,0,69.42008777879168,157.49325787560298,153.63374143733472,179.27809742266047,1.2808311201049496,88.0731700968113,25.644355985325745,0.8862167105955236,False
frame_000015.jpg,0,82.5020210937175,164.261414943756,152.98718584609944,176.93675200484572,0.2253931548261636,81.75939385003849,23.94956615874628,0.8892824088825899,False
frame_000016.jpg,0,100.60812750379648,170.03957197585532,154.1143579425615,174.32101472390545,0.9797281272690016,69.43144447205884,20.206656781343952,0.8842561104718376,False
frame_000017.jpg,0,121.75598045616296,169.24564126854887,158.12577329107916,173.68166519721845,1.707031529968151,47.48966081238591,15.555891906139294,0.8754363340490005,False
frame_000018.jpg,0,138.17392596690638,162.6307251210584,162.77522180869778,174.3303101046402,1.7770749467505869,24.45679915415201,11.555088295942426,0.8666669340694652,False
frame_000019.jpg,0,151.42661537297036,150.05277085190855,166.46028398097351,177.01042602866067,1.6007880977928648,1.3738445210618124,10.55014204768716,0.8407107731875252,False
frame_000020.jpg,0,160.49861226378803,135.47507383811373,169.69505510650006,178.7811524980841,1.1240348054887057,25.023538425674303,9.086097391584048,0.8286424314274508,False
frame_000021.jpg,0,153.80608709810122,137.44397725602445,169.44549113302014,178.8532590132371,0.7093517690838048,16.362109842076762,9.407767880216966,0.8176029114162221,False
frame_000022.jpg,0,150.92169084436662,118.55372211812953,168.22101104027718,173.24998925891862,0.7211137776916123,32.367968726237095,5.028978218641441,0.8349889867446002,False
frame_000023.jpg,0,148.01597516364333,106.0002709014292,167.74582028284468,166.48374375672208,0.973366065538047,42.01570426221413,1.2620765261225984,0.8341066942495459,False
frame_000024.jpg,0,147.70775933108754,96.42395639442836,169.72444124413477,160.15876567779694,1.411344936430267,51.283802936659185,9.56567556633783,0.7834647525759304,False
frame_000025.jpg,0,148.062430854601,95.52980825522852,172.25102993777034,153.39095154732945,1.9192009826201206,52.53262259937247,18.86007839044089,0.8169911854407367,False
frame_000026.jpg,0,164.15643324952129,79.56231608105836,176.82964817758753,148.15032141686837,2.3644219820499686,84.59411716846293,28.679326760719164,0.8342010308714474,False
frame_000027.jpg,0,169.2072124024665,94.55195873293927,178.30362250370646,148.26832611289518,2.405901390040395,74.65525366952723,30.035296390811283,0.8539832304505741,False
frame_000028.jpg,0,170.84305438075248,112.79738211851709,174.60352840470551,152.63679827184788,2.4171059465032663,58.045672262235385,21.966730132857634,0.8548155216609731,False
frame_000029.jpg,0,164.56948919169434,130.19133165539503,174.35643855711643,157.99750456552064,2.0615983935844553,34.37815753629931,16.35893399159579,0.8571009390494403,False
frame_000030.jpg,0,152.96938776537178,145.61857905326144,176.28165274893072,163.00238208603497,1.769128049898821,7.350808712110336,13.279270662895755,0.8312814936918371,False
frame_000031.jpg,0,136.30385810506613,155.6028802070662,179.66362067247732,166.13630974351528,1.3192290542405438,19.299022102000066,13.527310928962038,0.8123850787387175,False
frame_000032.jpg,0,115.56444368465591,159.74201800973844,175.0325543643914,167.00179229391878,1.0071551651332709,44.17757432508253,8.030762070472605,0.8090568991268382,False
frame_000033.jpg,0,93.42985320636079,159.07211477611946,167.0171734495174,166.8756698481322,0.5619748111191518,65.64226156975867,0.14150360138521023,0.8382161680389854,False
frame_000034.jpg,0,78.77837225923136,155.40137314003863,161.17223883188115,166.47268261853503,0.18412726822941186,76.62300088080727,5.3004437866538865,0.8422152259770561,False
frame_000035.jpg,0,69.57489236805945,152.4891156822465,155.36971318510209,167.19456782153017,0.004072486372930955,82.91422331418705,11.824854636428086,0.8287792135687435,False
frame_000036.jpg,0,67.21458905382359,152.2984313861647,150.2041113697217,169.17621463975277,0.18274773502114458,85.08384233234112,18.972103270031084,0.8398443670833812,False
frame_000037.jpg,0,69.84804737826651,155.82216857897927,146.50840924161986,173.29287891546957,0.5460019947589863,85.97412120071276,26.784469673849713,0.8541097956545213,False
frame_000038.jpg,0,81.51109411115847,160.0048417770677,145.13268099163503,177.3315586158486,1.2182675766308981,78.49374766590923,32.198877624213566,0.8762748311547672,False
frame_000039.jpg,0,94.69928425641794,164.49135601348505,144.92670831386573,179.3151134376285,1.861204723535083,69.7920717570671,34.388405123762766,0.8902904636719647,False
frame_000040.jpg,0,114.80115482652059,161.77480856817658,148.9373559049442,178.8384118996812,2.0293924687202676,46.973653741655994,29.901055994736993,0.8589599413030288,False
frame_000041.jpg,0,132.5261438695326,154.5929039024527,154.59183025675938,179.28519688295776,1.8405791658422312,22.066760032920087,24.693366626198383,0.8823033746551064,False
frame_000042.jpg,0,145.98651125198376,157.82258470151737,159.38751285993027,178.2588321140372,1.4161277750166212,11.836073449533615,18.871319254106936,0.8518643028595868,False
frame_000043.jpg,0,158.0926370593226,161.92983692490677,164.11973514965973,175.99995894641992,0.5216807144029126,3.8371998655841537,11.880223796760191,0.8492720968583051,False
frame_000044.jpg,0,148.77202561843293,162.6504703330523,164.56360201133003,173.08813037304523,0.24482981187740893,13.878444714619377,8.524528361715198,0.8310710857896244,False
frame_000045.jpg,0,110.17423787840164,166.92677593093595,161.9587106598463,171.81259234767182,0.7120029072229198,56.752538052534305,9.85388168782552,0.8236609066233915,False
frame_000046.jpg,0,100.35182408020894,158.89917692882133,161.05046073676985,166.8309666229735,1.108366732897916,58.54735284861239,5.780505886203656,0.8447269867448246,False
frame_000047.jpg,0,107.38050126745463,133.25743051608057,162.59920913641056,160.90188698436103,1.3873091729630211,25.87692924862594,1.6973221520495372,0.8098862188703874,False
frame_000048.jpg,0,118.9713305880497,105.86661644763855,165.7024657610944,154.48980059821568,0.9825474314567704,13.104714140411147,11.212665162878722,0.8078373004408443,False
frame_000049.jpg,0,141.78840010123662,87.53798130329257,172.23523812533566,149.22132077735608,0.6782802968679237,54.25041879794405,23.01391734797957,0.8460587929276859,False
frame_000050.jpg,0,161.8586631395762,76.32494209980435,178.90248952955227,145.6790253730914,0.37800601675648104,85.53372103977186,33.223464156460864,0.8498959821813247,False
frame_000051.jpg,0,168.22883783997608,95.58219422094793,175.9234766713626,148.6092472984146,0.03451743165734965,72.64664361902815,27.314229372948006,0.8776819951394025,False
frame_000052.jpg,0,168.1444742725453,117.88285298470531,173.30200791848134,154.86266636377707,0.1209898819650443,50.261621287839986,18.43934155470427,0.88161560717751,False
frame_000053.jpg,0,162.43661406918807,138.09462119808185,172.37675056156985,161.3799427712506,0.11259098798860222,24.341992871106214,10.996807790319252,0.8680227293687708,False
frame_000054.jpg,0,148.88164540224267,152.5449836234403,174.25541079289246,166.02386135072098,0.3547236712352767,3.6633382211976198,8.231549442171485,0.8231826109044692,False
frame_000055.jpg,0,131.32972709079698,160.15491786828815,177.07211707709712,168.78208410448582,0.7944096761838049,28.825190777491173,8.2900329726113,0.8600706984015072,False
frame_000056.jpg,0,107.70344995387121,161.7537774569298,177.86576823597582,170.44380682522626,1.476489588696443,54.0503275030586,7.42196141074956,0.8244878965265611,False
frame_000057.jpg,0,87.49852247732295,158.04552422191716,172.41681731942552,170.42347301570686,2.013993747888132,70.54700174459421,1.9933443037186578,0.8114994028035332,False
frame_000058.jpg,0,73.15717932364825,152.55314846180852,167.29956614660094,170.5825933406708,2.5448883711027306,79.39596913816027,3.2830271940698594,0.8234682468806996,False
frame_000059.jpg,0,65.60323981846965,150.05278566098005,162.36452646724945,172.01006690385944,2.632494981005995,84.4495458425104,9.645540436609991,0.8247001451604506,False
frame_000060.jpg,0,64.87933455422315,152.0132958214621,157.4986136291608,175.4467557003116,2.169569993300353,87.13396126723894,17.948142071150812,0.852207204874824,False
frame_000061.jpg,0,70.65796434869884,157.06969278248826,154.4779136556143,179.78717743565127,1.3817923273568773,86.41172843378942,25.309263780036986,0.8565774139236001,False
frame_000062.jpg,0,83.68388884083,164.58967398816313,153.74386053191617,176.3310066040052,0.25579206222731204,80.90578514733313,22.58714607208904,0.8787566423416138,False
frame_000063.jpg,0,102.45960051854078,169.89839998398097,155.03318830428825,173.99493042119414,0.9101472300643993,67.43879946544018,18.961742116905896,0.8644935138085309,False
frame_000064.jpg,0,122.59159685096459,169.6061864381627,158.57386542046146,173.0978528590466,1.607343244555526,47.0145895871981,14.523987438585152,0.8666666150093079,False
frame_000065.jpg,0,138.26159956896734,163.35102511555849,162.2246729575165,173.82057913842493,1.9010006779097852,25.089425546591144,11.595906180908429,0.8592499354306389,False
frame_000066.jpg,0,151.7558415171893,150.79603514979985,166.12635958256573,176.76147090472395,1.8973805404928286,0.9598063673894615,10.635111322158224,0.8434620815164903,False
frame_000067.jpg,0,160.11651523771178,142.1304859628885,169.10630146917663,179.18271691978916,1.4237972452258463,17.986029274823267,10.07641545061253,0.8467127856086282,False
frame_000068.jpg,0,152.9066615531187,144.87799193063196,168.6061759563769,178.2175094260086,1.0082594566128302,8.028669622486746,9.611333469631717,0.8193949531106388,False
frame_000069.jpg,0,145.51288993453923,124.42016345268314,167.20126515033382,172.09460330917065,1.0874773125112809,21.09272648185609,4.893338158836826,0.81481412228416,False
frame_000070.jpg,0,141.90471884891866,107.30895633948188,167.13302126438725,165.47714861375243,1.3469174728295403,34.59576250943678,1.6558726506348194,0.8350128917133107,False
frame_000071.jpg,0,140.17378120547585,98.14189482460982,169.03194044889617,159.53438001716043,1.7773626279804433,42.03188638086603,9.497560431735735,0.7829537076108596,False
frame_000072.jpg,0,138.95850954257332,93.87162710318104,171.5257383157364,153.72605250289158,2.22519642825575,45.086882439392284,17.799685812844814,0.7981915964799768,False
frame_000073.jpg,0,160.05564011402402,78.79657328381433,176.4101013910032,148.701006609151,2.6551821988353734,81.25906683020969,27.7090947818522,0.8477243465535781,False
frame_000074.jpg,0,169.14845318683146,92.90341099962244,178.54931627431208,149.000532569876,2.6399201476260235,76.24504218720902,29.54878370443609,0.8440769034273484,False
frame_000075.jpg,0,170.70692589126494,111.20257762018004,174.78434510561962,152.88710267890582,2.4291097509600545,59.50434827108491,21.897242426713802,0.8642194376272314,False
frame_000076.jpg,0,163.55316127759355,129.32227430027731,174.7734587459764,157.52440103570842,2.2229086350269283,34.23088697731623,17.249057710267977,0.8563766479492188,False
frame_000077.jpg,0,152.2951140082117,144.76289760455913,176.44828689537547,162.42545416742323,1.9269356037320382,7.532216403652569,14.022832727952249,0.8180432740379783,False
frame_000078.jpg,0,135.63297110072386,154.97699530562218,179.66240393069037,165.57702531601274,1.4217514142737238,19.344024204898318,14.085378614677637,0.8426708508940304,False
frame_000079.jpg,0,114.53588961340756,158.72372346166657,174.69270672494918,166.17233745473925,1.1576144430241457,44.187833848259004,8.520369270209926,0.8134578501476961,False
frame_000080.jpg,0,92.79140613492346,157.8027037097901,166.91821518862213,165.562093610619,0.8283145905622266,65.01129757486665,1.3561215780031262,0.84339400249369,False
frame_000081.jpg,0,79.29476299936478,153.78604686451143,161.18081451342076,164.97738339909475,0.36656043004390193,74.49128386514666,3.7965688856739916,0.8247047522488762,False
frame_000082.jpg,0,70.25294837369165,150.42090317943695,155.14840863092303,165.29703970283043,0.18298138851409187,80.1679548057453,10.148631071907403,0.8271138282383189,False
frame_000083.jpg,0,68.06626462300811,149.920836655635,150.13909831980226,167.2568243028631,0.304442410804157,81.85457203262688,17.117725983060836,0.8285324082655066,False
frame_000084.jpg,0,71.34197056413902,154.03256850003646,146.65094150858877,171.66835687414653,0.6673503954117254,82.69059793589744,25.017415365557753,0.8564276029081905,False
frame_000085.jpg,0,82.40740091488178,158.86119684620996,145.34243702063864,176.23058899971528,1.2213688244763101,76.45379593132819,30.88815197907664,0.8649147889193367,False
frame_000086.jpg,0,95.3865272089979,163.59378457119217,145.4862429544204,179.84923746388725,1.7519671133776242,68.20725736219427,34.36299450946686,0.8881646780406728,False
frame_000087.jpg,0,115.84940245724336,161.10297300132754,150.05448938771298,179.4850653935386,1.9892032670766604,45.253570544084184,29.43057600582563,0.8562735599630019,False
frame_000088.jpg,0,133.32175871732295,154.05826271048713,155.43401214030393,179.82219045101186,1.85768675647591,20.736503993164177,24.38817831070793,0.8869973947020138,False
frame_000089.jpg,0,147.48249812265954,151.0345188233699,159.99803980616147,178.51323455971507,1.3700352542175105,3.552020700710358,18.5151947535536,0.8498139767085805,False
frame_000090.jpg,0,147.21657399011025,156.95881037892067,164.2385869228532,176.49736274010655,0.5873418363163188,9.742236388810426,12.258775817253365,0.8372796247987186,False
frame_000091.jpg,0,137.30451669672894,159.0758589454585,164.7365210923433,173.650444922443,0.24328209295923045,21.771342248729553,8.91392383009969,0.8411024528391221,False
frame_000092.jpg,0,109.85319759214612,166.40048792524965,161.30795037152026,173.15079110068257,0.7114552825411472,56.54729033310353,11.842840729162305,0.8341476741959067,False
frame_000093.jpg,0,104.33255207034017,157.36846157870917,159.99442915694794,167.83360556084833,1.050814956686941,53.035909508369,7.839176403900382,0.8581124999943901,False
frame_000094.jpg,0,98.457537671691,134.89137754663923,161.69331206968556,161.30850253668802,1.3510875107275042,36.433839874948234,0.3848095329975365,0.824058381950154,False
frame_000095.jpg,0,118.17413623764769,105.77549307072913,165.05156128703462,154.48258301532422,1.113425532993564,12.39864316691856,10.568978271710392,0.8186475073589998,False
frame_000096.jpg,0,141.1317359851046,86.81351102566828,171.51937913156758,149.11384571918168,0.7517350826356125,54.31822495943632,22.405533412385893,0.8450355810277602,False
frame_000097.jpg,0,161.66646592982264,75.35041522832043,178.89976455343879,144.78876743408708,0.4618692688431897,86.3160507015022,34.11099711935171,0.8779821991920471,False
frame_000098.jpg,0,168.11716876261093,93.97583370408896,175.8000694025859,147.62611602777346,0.1819195044720605,74.14133505852197,28.17395337481244,0.879998554201687,False
frame_000099.jpg,0,168.6354842011897,115.55304706799527,172.88192452195173,154.27560266328732,0.07081529589493754,53.082437133194446,18.606321858664415,0.8746097193044775,False
frame_000100.jpg,0,162.5368653284434,136.83244418912903,172.58172341748903,160.83963966721015,0.13027218307506677,25.704421139314377,11.74208375027888,0.8685325278955347,False
frame_000101.jpg,0,148.83645700352838,151.67234205674313,174.65746390791912,165.81902098927463,0.37307125220863824,2.835885053214753,8.838442918644489,0.8440667215515586,False
frame_000102.jpg,0,130.8532348145165,159.09668990218154,177.5773374272567,168.4155118398574,0.7968930132368365,28.24345508766504,9.161825587399306,0.828389188822578,False
frame_000103.jpg,0,107.64682317378234,160.84579169331298,177.05605805898517,169.88085325798988,1.361335647969103,53.19896851953064,7.175204800995289,0.8305115033598507,False
frame_000104.jpg,0,87.67932056328424,157.24076212347174,171.45219039456708,169.88691269378648,1.9615420324478472,69.5614415601875,1.565277700780598,0.8215159914072823,False
frame_000105.jpg,0,73.47671027791942,152.72197085421882,166.83896238221098,170.45443422847475,2.5792730651258378,79.2452605762994,3.615471846263773,0.8192707931294161,False
frame_000106.jpg,0,66.0148274550698,149.5166843607939,162.10018600045333,171.18169440917654,2.5411507095053385,83.5018569057241,9.08150840872321,0.8287933924618889,False
frame_000107.jpg,0,65.66420555223526,151.04189027213616,158.19321754770812,174.4090163722062,2.152616283047348,85.3776847199009,16.21579882449808,0.8623742145650527,False
frame_000108.jpg,0,70.94467734635869,157.03567391176537,155.23422494177484,178.98759118649352,1.2425318696085648,86.09099656540668,23.753366244718677,0.8695048619719112,False
frame_000109.jpg,0,84.5156776634821,164.55180591756238,154.33484366421243,177.05033352038117,0.010521524741166343,80.03612825408028,22.715489856168745,0.8799425363540649,False
frame_000110.jpg,0,103.16600480836308,169.26184120714188,155.33272373436512,174.9174691070717,1.204093630121469,66.0958363987788,19.58474537270658,0.8778831362724304,False
frame_000111.jpg,0,123.2220866664261,169.08585785368155,158.49143695093716,173.7412621281511,1.8876551642108614,45.86377118725545,15.24982517721395,0.8795262890703538,False
frame_000112.jpg,0,137.67861946030962,163.48572377762628,161.5144846510859,173.99827755529543,2.184917200190805,25.807104317316657,12.483792904209537,0.8653431990567375,False
frame_000113.jpg,0,151.25416814438483,150.56719711021944,165.37818887726226,176.93917729020956,2.120662346972397,0.6869710341653956,11.560988412947296,0.8374598411952748,False
frame_000114.jpg,0,159.3634001952115,142.30662425782776,168.2309021751016,178.89562702201934,1.5849957708802558,17.056775937383748,10.66472484691775,0.8434682768933913,False
frame_000115.jpg,0,151.94975739321578,145.79012870648464,167.70050031138928,178.83656612784497,1.1691967182308767,6.159628686731139,11.136065816455698,0.8249326593735639,False
frame_000116.jpg,0,145.3554610602858,134.94020020541416,167.0348563644458,177.5271642005838,1.0651410415561438,10.415260854871633,10.492307836137996,0.8367667969535378,False
frame_000117.jpg,0,142.5151257392497,117.5663297385649,167.69232081024555,170.60603091979897,1.178911546276049,24.948796000684794,2.9137101095534206,0.8369194654857411,False
frame_000118.jpg,0,140.37900208716817,110.31988441614551,169.77067862878235,164.36496197029516,1.453734425965004,30.059117671022662,5.405716658487194,0.7908719041768242,False
frame_000119.jpg,0,139.24477175103394,103.03741112092185,172.33538673522014,157.28455606039194,1.9975300865519734,36.20736063011209,15.050830674828205,0.8386710531571332,False
frame_000120.jpg,0,161.4556505705138,86.067768334518,177.4873626113636,151.66488253627512,2.3695104679571175,75.3878822359958,25.822480075088492,0.8578556109877193,False
frame_000121.jpg,0,170.0149486253798,93.29097176135697,177.7608473509723,146.97198457653948,2.474840608822746,76.72397686402282,30.78886277443283,0.8630968437475317,False
frame_000122.jpg,0,171.7264195713151,110.60935319701974,174.07928861603057,151.05069813982382,2.453527404610823,61.11706637429535,23.028590476206745,0.8684693645028507,False
frame_000123.jpg,0,164.77410655690494,128.63175523550964,174.0970318522646,156.68648543929896,2.134837715017534,36.142351321395296,17.41054641296563,0.861945134751937,False
frame_000124.jpg,0,153.1786314437195,143.96811645520617,175.80561246373887,161.81756298648293,1.7993376963047125,9.210514988513324,13.988049477255942,0.8387579567292157,False
frame_000125.jpg,0,136.7063982813179,154.52611449044707,179.0261254503069,165.16264152645044,1.360977290824911,17.819716209129183,13.86348392385645,0.8451768089743221,False
frame_000126.jpg,0,115.24649373854012,158.73590490563993,175.25808930574232,166.0008530702218,1.049761602836737,43.4894111670998,9.257236235520509,0.82034292641808,False
frame_000127.jpg,0,92.87346606752881,158.5515373304795,167.2333339727765,166.27191495260774,0.4918992019165741,65.6780712629507,0.961419020168762,0.8476332811748281,False
frame_000128.jpg,0,78.88512520756191,154.9172755137314,161.505757707374,165.79463789555234,0.12141250869768787,76.03215030616948,4.288880188178354,0.8466236100477331,False
frame_000129.jpg,0,70.03340836862864,152.32808886509366,156.1416874767002,166.70622223291016,0.11532144979822903,82.29468049646502,10.564534756209952,0.8419874450739693,False
frame_000130.jpg,0,67.825850504229,151.4270096273084,151.2134860173897,168.53750864533882,0.06360442792147948,83.6011591230794,17.32402262794912,0.8424352407455444,False
frame_000131.jpg,0,71.77153264452478,155.54884115008312,147.9464169099014,173.18236212582102,0.36560897678961446,83.77730850555834,25.235945215919628,0.8682069988811717,False
frame_000132.jpg,0,83.45833651516593,159.357215634865,146.53765248102815,176.90374520514055,1.1028948464612307,75.89887911969909,30.366092724112406,0.8595782798879287,False
frame_000133.jpg,0,96.72032795805825,164.0124905493502,146.43116504174563,179.60188697612588,1.8164366242324677,67.29216259129194,33.17072193438025,0.8867869482320898,False
frame_000134.jpg,0,116.07610053880256,161.15784361472868,149.7240030560374,179.4949634839736,2.169655967561862,45.08174307592611,29.770960427936217,0.8486938406439388,False
frame_000135.jpg,0,133.38568374233748,154.33577917260658,155.15504333746188,179.70415056262016,1.9193347517328327,20.9500954302691,24.54910722515828,0.882937441853916,False
frame_000136.jpg,0,146.03825131583238,151.002629658017,159.5146880536151,178.2088520489132,1.434303731971556,4.964378342184631,18.694163995298112,0.8414981926188749,False
frame_000137.jpg,0,144.801905120793,157.0041481971686,163.91579383229893,176.4167096822878,0.5886773650498222,12.202243076375595,12.500915849988871,0.8509538103552425,False
frame_000138.jpg,0,131.77997890202482,158.42299443414348,164.448935186539,173.64165058612744,0.35775456088372426,26.643015532118653,9.192715399588451,0.8332136518814984,False
frame_000139.jpg,0,97.89947672170523,164.89204551293312,161.78251093557427,172.90388221406866,1.000656452283654,66.9925687912279,11.121371278494394,0.843383838148678,False
frame_000140.jpg,0,66.06079399777994,155.06838638058224,160.19113438239808,167.73803826672247,1.1771138422917646,89.0075923828023,7.546903884324394,0.8491088642793543,False
frame_000141.jpg,0,79.18857051071392,132.11653211174766,162.27394038526535,162.16305363203344,1.4604149259825252,52.92796160103374,0.11088675323190955,0.8159868436701158,False
frame_000142.jpg,0,103.07139984584242,102.34537583084551,165.69728542772572,155.637564777797,1.117001940959871,0.7260240149969093,10.059720649928721,0.7994891755721149,False
frame_000143.jpg,0,132.20424563767264,83.7855164340621,172.17630881964155,150.36883129725297,0.8095242555833578,48.41872920361054,21.80747752238858,0.829478852889117,False
frame_000144.jpg,0,157.92387532518032,72.612691450099,179.20348372731902,146.3297519187947,0.44864667265197977,85.31118387508131,32.873731808524326,0.8560569917454439,False
frame_000145.jpg,0,168.4657732398818,94.9001633996055,175.4542889210426,148.66636967081647,0.2746974293288218,73.5656098402763,26.78791925022614,0.8824308234102586,False
frame_000146.jpg,0,167.89387378241346,117.17672902809842,173.16744947599082,154.65349651597225,0.06103342989415327,50.71714475431504,18.51395296001857,0.8844812372151543,False
frame_000147.jpg,0,161.78146437654758,137.719258223623,172.86491133216904,161.27063138881198,0.17990934664156,24.062206152924574,11.594279943357066,0.870896528748905,False
frame_000148.jpg,0,148.74202730584486,152.61554174017434,174.62321712828043,166.35231862090663,0.3667301489498903,3.873514434329479,8.2708985073738,0.816161243354573,False
frame_000149.jpg,0,131.06583362006398,160.38933765726645,177.45668057279457,169.17227719119947,0.7409886007324731,29.32350403720247,8.284403381595098,0.8385391796336454,False
frame_000150.jpg,0,107.4537163727759,161.8488564673222,177.40814611584108,170.37445296275058,1.2407405584325908,54.395140094546306,7.033693153090496,0.8313035439042484,False
frame_000151.jpg,0,87.50832661798066,158.60545879752533,171.75369078609887,170.3699551664352,1.7651184739901125,71.09713217954467,1.3837356196636676,0.8259400514995351,False
frame_000152.jpg,0,73.32551330147416,153.47494256197015,167.01766265154754,170.4664486560378,2.3398158922696997,80.14942926049599,3.448786004490273,0.8154908278409172,False
frame_000153.jpg,0,65.31270077227677,150.3533169399037,162.2766673152907,171.69973787898564,2.5376131852048083,85.04061616762692,9.42307056369495,0.8426072071580326,False
frame_000154.jpg,0,64.20209538617257,152.2407214333594,157.44121903537442,174.75716213643395,2.15736003606441,88.03862604718682,17.31594310105953,0.8498988957966075,False
frame_000155.jpg,0,69.18509954081883,157.72668926125422,154.0630878655558,179.41178134764033,1.4160593941501842,88.5415897204354,25.348693482084542,0.8729798478238723,False
frame_000156.jpg,0,82.1837936700941,164.65113008126346,153.42769072919626,176.5212259516472,0.358297928307588,82.46733641116936,23.093535222450953,0.8881295954479891,False
frame_000157.jpg,0,100.44356858566486,169.48710489020263,154.46909281307003,174.2471869763134,0.7971676990791895,69.04353630453777,19.778094163243367,0.8874519256984487,False
frame_000158.jpg,0,121.12852093305416,169.1420697309333,158.08491070898393,173.59138028221065,1.6046959185686744,48.013548797879125,15.506469573226724,0.8736337283078361,False
frame_000159.jpg,0,137.3640700921428,163.25821284374567,162.26734728217286,173.59992126162592,1.7792902565499968,25.894142751602857,11.332573979453059,0.8592541533357957,False
frame_000160.jpg,0,150.8406092651789,166.96491821877507,165.88063146362734,176.5758733022351,1.8401247051190506,16.12430895359617,10.695241838607757,0.8376765531652114,False
frame_000161.jpg,0,159.48497522614713,153.78607605677846,168.92231759124297,178.5962670422464,1.3632133223892975,5.698899169368673,9.673949451003438,0.8560201069887947,False
frame_000162.jpg,0,152.66041577094484,156.0894464401773,168.70311075982033,178.9864618459018,0.9453453674956477,3.429030669232475,10.283351086081467,0.8226627707481384,False
frame_000163.jpg,0,144.63680175249698,140.04725492004397,167.2373143934768,172.71858212272022,0.9967487082067602,4.58954683245301,5.481267729243427,0.8396493056241203,False
frame_000164.jpg,0,141.09795042431767,127.045908975911,167.19544247358007,165.12896725493175,1.2509255768893233,14.05204144840667,2.0664752186483213,0.8277963294702417,False
frame_000165.jpg,0,140.04405468802764,98.0270208021267,169.55123734736543,159.1726351997934,1.5507814955351888,42.01703388590094,10.378602147572025,0.7879307497950161,False
frame_000166.jpg,0,138.96493439796222,94.40984930367955,172.03835904956375,152.5260913781944,2.0532399248694184,44.555085094282674,19.512267671369358,0.8293929906452403,False
frame_000167.jpg,0,160.46464373756663,78.79539880647232,176.68191864753328,147.11881314336574,2.5645494290383155,81.66924493109431,29.563105504167538,0.8459452951655668,False
frame_000168.jpg,0,169.94131434410474,91.78796822283329,178.20271033944638,147.56391921984658,2.577500726448107,78.15334612127145,30.6387911195998,0.8455488296116099,False
frame_000169.jpg,0,171.57708054328148,108.81340458457343,174.6502725001958,152.4920936760484,2.482675460681701,62.76367595870805,22.1581788241474,0.870408363202039,False
frame_000170.jpg,0,165.26482746671817,128.2194763616784,174.19488406784916,157.38921036251685,2.2070064082595495,37.04535110503977,16.80567370533231,0.852482935961555,False
frame_000171.jpg,0,153.65884209739318,144.3159872661866,175.85126629150656,162.23013013274294,1.9557816275071525,9.34285483120658,13.621136158763619,0.832116400494295,False
frame_000172.jpg,0,136.86675263347243,154.93737006466245,178.85236251579548,165.55811415702738,1.3851986621180936,18.070617431190016,13.294248358768101,0.84493088722229,False
frame_000173.jpg,0,115.68572790540449,159.7496832434974,175.74555033199738,166.50885725590683,1.1189714174904695,44.06395533809291,9.236693076090546,0.8492379118414486,False
frame_000174.jpg,0,93.94878959211881,159.47870026818242,168.0744030343558,166.6875055850802,0.5647264089392056,65.52991067606361,1.386897449275608,0.8452132274122799,False
frame_000175.jpg,0,79.02221164918245,155.17141780861334,161.82651895446617,165.91718007401212,0.17970276243630215,76.14920615943089,4.090661119545956,0.8500979402486015,False
frame_000176.jpg,0,70.41807382529072,152.23335343930688,156.22051568749583,166.63009096080077,0.11639224995916701,81.81527961401616,10.409575273304938,0.8130493199124056,False
frame_000177.jpg,0,67.89283441664705,151.93830188290772,150.90141473847245,168.44933270430036,0.12255294792426631,84.04546746626067,17.547917965827907,0.8453583366730634,False
frame_000178.jpg,0,71.1655044033272,154.97613259038548,147.25310390538354,172.5156886533692,0.4291658000100129,83.81062818705827,25.26258474798567,0.860573831726523,False
frame_000179.jpg,0,81.71949320067837,159.31356530314284,145.4240745297416,176.3116177332927,1.2180564764585995,77.59407210246447,30.887543203551104,0.8554757097188164,False
frame_000180.jpg,0,94.76368032380333,163.5759924191112,145.68491167598043,179.7795477332205,1.808978510548252,68.81231209530787,34.09463605724008,0.8822714791578405,False
frame_000181.jpg,0,114.94427400077365,160.99350742045704,149.90536984912657,179.82894073927406,2.0949812794393377,46.04923341968339,29.923570890147488,0.8637852633700651,False
frame_000182.jpg,0,132.7936445554274,153.8606688308469,155.55998865115708,179.96153095057898,1.8405628347400949,21.0670242754195,24.40154229942189,0.8827039494233972,False
frame_000183.jpg,0,145.8232116243952,150.53810916967475,160.15279587028968,178.00862458130078,1.3592589282916883,4.714897545279541,17.8558287110111,0.8522916891995598,False
frame_000184.jpg,0,157.25251002227267,142.645766511181,164.4878257040986,175.59635055723075,0.5835869240889859,14.606743511091679,11.108524853132138,0.8490671059664558,False
frame_000185.jpg,0,150.66882222630494,147.28071402956655,165.16131403309336,172.80358621738642,0.3014072942924525,3.3881081967383864,7.642272184293063,0.8325554728507996,False
frame_000186.jpg,0,126.64476262752355,152.71871938218658,162.68738770731207,170.20421456717776,0.8272357004296507,26.07395675466303,7.516826859865688,0.8296737916329328,False
frame_000187.jpg,0,95.63085133370284,139.22406812350536,161.50030675283142,164.94733943419627,1.1151744417113685,43.593216789802526,3.4470326813648455,0.8473417934249429,False
frame_000188.jpg,0,104.57084692145584,116.44512510610424,163.0697249393779,159.13137375007665,1.2381317587741025,11.874278184648404,3.938351189301244,0.8039387639831094,False
frame_000189.jpg,0,100.42811827414381,102.33303240159142,166.34008467997197,153.4161251881708,1.0080091373278368,1.9049141274476113,12.923959491801156,0.806995525079615,False
frame_000190.jpg,0,130.92328781723765,83.89326389126886,172.55946946050275,148.26900427986476,0.6966306419991143,47.03002392596879,24.290465180637995,0.8481150024077472,False
frame_000191.jpg,0,157.6548305569412,74.91307035430455,179.1611121112215,145.94530411013383,0.3972068736399818,82.74176020263664,33.21580800108768,0.8713075939346763,False
frame_000192.jpg,0,168.39528107510682,95.10898871225727,175.5294622180431,148.4732187716271,0.16835146136360873,73.28629236284955,27.056243446416005,0.8889570516698501,False
frame_000193.jpg,0,168.57091498441662,115.68200321522718,172.7054619940173,154.56444714585868,0.1150394922268103,52.888911769189434,18.14101484815862,0.8809306270935956,False
frame_000194.jpg,0,162.21772557762986,136.59786231857316,172.53841705023322,160.48087753084684,0.17390749496832303,25.6198632590567,12.057539519386381,0.8658548137720894,False
frame_000195.jpg,0,149.2384938524538,151.4925722980744,174.3385666715261,165.46794650426733,0.3654365189458376,2.254078445620621,8.870620167258778,0.8255140921648811,False
frame_000196.jpg,0,131.06828721942261,159.42864186296555,177.03686997348157,168.50607183971,0.8637601071710184,28.360354643542934,8.530798133771583,0.8336337384055642,False
frame_000197.jpg,0,108.24987941560896,160.94311685328265,177.94516088708238,169.85935287342178,1.3639792539945341,52.69323743767369,8.085808013660596,0.8141674714929917,False
frame_000198.jpg,0,87.2388800493499,157.39591440055585,172.17565281343795,169.72627492892232,1.9610268884980575,70.15703435120595,2.449377884515627,0.8390316367149353,False
frame_000199.jpg,0,72.92766481107311,152.6697954607014,167.9058075002252,170.11782523563744,2.5333770308163523,79.7421306496283,2.212017735412246,0.8299342709429124,False
frame_000200.jpg,0,65.2254746544868,149.10463940793954,162.68038074087113,171.04632541174647,2.6032377390244523,83.87916475345274,8.365944670875336,0.8289351603564095,False
frame_000201.jpg,0,64.72340786037138,151.11468090801046,157.98759091973633,174.2676004046743,2.100888959996434,86.39127304763907,16.280009484937978,0.8566061643993154,False
frame_000202.jpg,0,70.42554065756845,156.80664643716938,154.7476291829214,179.01672630075453,1.3108134906994795,86.38110577960093,24.269097117833127,0.8952772056355196,False
frame_000203.jpg,0,83.91370683484352,164.41456785053214,153.98548781022933,176.54009173835104,0.18848550334635636,80.50086101568861,22.554603928121708,0.8912285916945514,False
frame_000204.jpg,0,101.96784015846967,169.69972520769284,154.5445998336145,174.18334430304424,1.0278254552093824,67.73188504922317,19.638744469429724,0.8723649698145249,False
frame_000205.jpg,0,122.16698709774082,170.52524757557202,157.82812331025346,172.73726256004272,1.7670602901571881,48.35826047783121,14.909139249789263,0.8732060123892391,False
frame_000206.jpg,0,137.49452384288253,164.31602847580203,161.57129862851556,173.26049614473,2.0073458066017538,26.8215046329195,11.689197516214449,0.8837595406700584,False
frame_000207.jpg,0,150.62518229954807,151.10128465124728,165.48435422275804,176.33497961578763,1.889180635057491,0.4761023516992111,10.850625393029588,0.8496666375328513,False
frame_000208.jpg,0,158.9493880404794,142.48312096622618,168.2229159258598,179.0035069671681,1.5363595629269056,16.46626707425321,10.780591041308298,0.8542612405384288,False
frame_000209.jpg,0,151.40314507913493,145.2133688166181,167.66657648718976,178.66178548713324,1.0678589134309293,6.18977626251683,10.995208999943486,0.8123759311788222,False
frame_000210.jpg,0,149.3250196822367,124.51851013842591,166.92604417202486,172.43587940992043,1.0738993276293536,24.80650954381079,5.509835237895572,0.8175035259302925,False
frame_000211.jpg,0,147.57936722125194,107.48230682490406,167.2871275407266,165.06370995964338,1.2213788586457368,40.097060396347885,2.2234175810832255,0.8371247824500588,False
frame_000212.jpg,0,147.55070701366913,100.1830864678553,169.24202520162407,158.91300443001586,1.5462021593321325,47.36762054581382,10.329020771608214,0.8061944737153894,False
frame_000213.jpg,0,148.90735308042693,93.91778396195849,172.1622252925822,152.52987340531863,1.957237066379037,54.98956911846844,19.63235188726358,0.8215785587535185,False
frame_000214.jpg,0,165.38473424901667,79.25375422165622,177.3736155592193,147.1956600257253,2.3668403678150876,86.13098002736045,30.177955533494014,0.8612187715137706,False
frame_000215.jpg,0,169.5541129451393,92.02666672563872,178.07860336662154,147.49452191511034,2.428243800370635,77.52744621950059,30.584081451511196,0.8727468146997339,False
frame_000216.jpg,0,171.1253572375319,110.51240782318203,174.5877157375152,151.68020401755354,2.4469285454939405,60.612949414349856,22.90751171996166,0.8702493029482224,False
frame_000217.jpg,0,164.6770601867788,128.73040480677923,174.2814555060206,156.98080937318088,2.2653116296413125,35.946655379999555,17.300646132839717,0.8611409103169161,False
frame_000218.jpg,0,153.24193546285244,144.46945614875983,175.8907636663713,162.15046161443126,1.8725374728256827,8.772479314092607,13.740302051940034,0.8271028259221245,False
frame_000219.jpg,0,136.6221010473145,154.4368162480032,179.67441290824436,165.29461582749977,1.4597104910566536,17.81471520068871,14.379797080744595,0.858859591624316,False
frame_000220.jpg,0,116.07235629068197,159.02821720302887,174.8195180847532,166.4789350193792,1.0773861729684242,42.95586091234691,8.340583065374005,0.8221312410691205,False
frame_000221.jpg,0,93.58736310586839,158.761736782769,167.00375504105256,166.4702931728992,0.6307882140253313,65.1743736769006,0.5334618681533527,0.8262031288707957,False
frame_000222.jpg,0,79.19921083006248,154.61129740597474,161.28442221007134,165.78479113522167,0.30277321918208444,75.41208657591226,4.500368925150326,0.8522171518381905,False
frame_000223.jpg,0,70.56674843706699,151.69905305424408,155.91237850367372,166.3164348042289,0.181207616532484,81.13230461717708,10.404056300555169,0.8278886009665096,False
frame_000224.jpg,0,67.56258741487156,151.50650821597966,151.30426349338683,168.28925421772516,0.24054834658501673,83.9439208011081,16.98499072433833,0.8239591437227586,False
frame_000225.jpg,0,70.32883342674872,154.90725054931747,148.23800223714818,172.482601719572,0.5472033915979969,84.57841712256875,24.24459948242381,0.8515053321333492,False
frame_000226.jpg,0,82.64288979505723,159.24998117532172,146.62588784491075,176.7763591846234,1.1645384944141728,76.60709138026449,30.150471339712652,0.8722482849569881,False
frame_000227.jpg,0,95.92247607726665,163.70394630500718,146.56173947460476,179.57267974425605,1.6428019772595772,67.78147022774053,33.010940269651286,0.8796387735535117,False
frame_000228.jpg,0,115.18003396441121,160.576251487332,150.2412039157708,179.36970832435864,1.819352402368243,45.39621752292079,29.128504408587844,0.8569186996011173,False
frame_000229.jpg,0,133.19092349150583,153.6325009744892,155.56712289426235,179.80945961143615,1.6909205004548833,20.441577482983377,24.2423367171738,0.8864286331569448,False
frame_000230.jpg,0,146.2350350419727,150.52960003662145,159.97511459013364,178.1344124387285,1.2634825245005192,4.294564994648738,18.15929784859486,0.834047415677239,False
frame_000231.jpg,0,143.8652135421934,155.6941301543607,164.3357662345923,175.7616517285035,0.4137335164398938,11.82891661216729,11.425885493911181,0.843853284330929,False
frame_000232.jpg,0,131.12548411250035,156.57434391821232,165.03849745941864,172.45648748493429,0.3619147994792856,25.448859805711976,7.41799002551565,0.8294323682785034,False
frame_000233.jpg,0,95.21440928700915,163.54768843527248,162.5939926635178,171.69137325448537,0.831628795882575,68.33327914826333,9.09738059096756,0.8338613299762502,False
frame_000234.jpg,0,65.82667709208906,159.3777300918309,160.74858716522917,166.2293378714886,1.0042212550762413,93.55105299974184,5.4807507062594425,0.8370881851981667,False
frame_000235.jpg,0,77.49799036189224,139.92824689470865,161.91222468676168,159.09633083072438,1.0163518759627226,62.430256532816415,2.8158938560372917,0.8083096777691561,False
frame_000236.jpg,0,101.29426824857721,118.23384587752884,165.3831114986143,153.1467270534572,0.7831273534741318,16.939577628951625,12.236384445157114,0.8005809363196877,False
frame_000237.jpg,0,129.69057752727562,102.3285901210461,171.47231237367993,148.46115712849735,0.4729655224412445,27.361987406229517,23.01115524518258,0.8185629704419304,False
frame_000238.jpg,0,155.78015531267008,91.33136642907333,177.9163478382264,144.67549597820394,0.11723832050221869,64.44878888359675,33.240851860022445,0.8524208664894104,False
frame_000239.jpg,0,167.6635284543776,94.42158605696235,176.43844098953645,147.15259868680562,0.054268353812425424,73.24194239741524,29.285842302730828,0.8800407998702106,False
frame_000240.jpg,0,168.72686304645993,116.40406043541675,172.812177166602,154.55653712359197,0.13176546335951747,52.32280261104317,18.255640043010033,0.8740016607677236,False
frame_000241.jpg,0,162.84923963494444,137.20659346359912,172.23983164310783,160.8519638775779,0.2537063880527437,25.64264617134532,11.387867765529933,0.8664151395068449,False
frame_000242.jpg,0,150.08149518590977,151.45195408540556,173.79156912786144,165.3998246045406,0.44265493255689353,1.3704588994957874,8.391744523320824,0.8208022433168748,False
frame_000243.jpg,0,131.85935577956562,159.6784136847033,176.75088379601564,168.71310350494255,0.9394884558121935,27.81905790513767,8.03778029107309,0.8129899221308091,False
frame_000244.jpg,0,108.78699969268602,161.7557141046772,178.1710090521289,170.5895166343974,1.5642988955858836,52.96871441199117,7.581492417731511,0.8200407483998466,False
frame_000245.jpg,0,88.52464950991997,158.53899412351163,172.60849349438868,170.61630415198672,2.02738055038404,70.01434461359166,1.9921893424019572,0.8196923943126903,False
frame_000246.jpg,0,73.71668532637841,153.43221598327852,167.8835205805423,170.72538397539935,2.5207133578801852,79.71553065690011,2.8418633948570573,0.8271010132396922,False
frame_000247.jpg,0,65.39935137455156,150.68638520370178,162.90953381371367,172.1356915189752,2.6517386494576782,85.28703382915022,9.226157705261528,0.8232492979835061,False
frame_000248.jpg,0,65.90337696708042,151.79845600346027,159.0098064648671,174.96811259250606,2.27414105825982,85.89507903637985,15.958306127638963,0.844833493232727,False
frame_000249.jpg,0,71.29657883151664,157.11259638719176,156.27254733684106,179.16311075019587,1.4240387547880358,85.81601755567512,22.890563413354812,0.8652653238352608,False
frame_000250.jpg,0,84.2333851767179,164.53518758816662,155.1392652491711,176.67689042238314,0.30339320186969043,80.30180241144872,21.537625173212035,0.8777937818976009,False
frame_000251.jpg,0,102.84161491827287,169.1593500269722,155.82109829464483,174.54053805903578,0.9140075222274784,66.31773510869932,18.719439764390955,0.8880050007034751,False
frame_000252.jpg,0,123.09700140703714,169.31036947960868,158.7533546976408,173.1554049439386,1.6600022689542289,46.21336807257154,14.402050246297819,0.8769825416452744,False
frame_000253.jpg,0,138.12101896576573,163.37343875275823,162.45821857054747,173.6120821375359,1.8941279714056927,25.252419786992505,11.153863566988434,0.8703763169400832,False
frame_000254.jpg,0,151.62546743680784,151.19571929248187,166.27249304949382,176.07876877409134,1.7698318380532168,0.42974814432596986,9.806275724597526,0.8471558374517104,False
frame_000255.jpg,0,159.85761016045578,136.9456476409765,168.98193277230507,178.34879065873278,1.3550211600266684,22.91196251947929,9.36685788642771,0.8361365339335274,False
frame_000256.jpg,0,152.54669339624542,138.74696195557993,168.50598478924752,179.42083574387135,0.8806647334592522,13.799731440665482,10.91485095462383,0.8297287681523491,False
frame_000257.jpg,0,149.39596056180918,120.5154714812961,167.27721959573572,173.09196962784793,0.8985160141558153,28.880489080513073,5.814750032112215,0.8462254089467666,False
frame_000258.jpg,0,146.93080235876047,107.34024203354474,167.0842448353215,166.18334924105324,1.0855523238057696,39.59056032521573,0.9008955942682633,0.8342032432556152,False
frame_000259.jpg,0,146.4767418532857,98.16326859175331,168.89218259380817,159.47389504646736,1.4211958406916445,48.31347326153238,9.41828754734081,0.777564723702038,False
frame_000260.jpg,0,147.35268788688686,96.04462299752872,171.731107039818,153.04043598710481,1.8617193061371402,51.308064889358135,18.690671052713185,0.8077633100397447,False
frame_000261.jpg,0,164.27536909704617,80.36139422319026,176.6823908942174,147.29085573624423,2.417801289656201,83.9139748738559,29.39153515797318,0.8482538040946511,False
frame_000262.jpg,0,169.4522600661907,92.46873807293306,178.11930600078955,147.43993260778976,2.3638407244648385,76.98352199325763,30.679373392999793,0.8525454296785242,False
frame_000263.jpg,0,171.55655861848192,109.61896946413192,174.37325002618545,151.9001661203312,2.394707009892736,61.93758915434999,22.473083905854253,0.8638525815571055,False
frame_000264.jpg,0,165.42235798211027,128.8434427645881,174.19077594899113,157.33054125740128,2.342477523837532,36.578915217522166,16.860234691589852,0.8494868629118976,False
frame_000265.jpg,0,154.02792170718303,144.6199351005991,175.85895892218724,162.34832114556212,1.9900160920272378,9.407986606583933,13.510637776625117,0.8357932813027326,False
frame_000266.jpg,0,137.4574201991594,154.97172320265798,179.4273644950544,165.5136221919727,1.5577650096944737,17.514303003498583,13.913742303081705,0.8459981048808378,False
frame_000267.jpg,0,116.51193020483194,159.56023974289434,175.0114251619997,166.2621919867044,1.3293965226264415,43.0483095380624,8.749233175295302,0.8213672076954561,False
frame_000268.jpg,0,94.18136935565921,159.16996545206302,167.00625945973016,166.2769641193973,0.8819614444453412,64.98859609640381,0.7292953403328681,0.8258627688183504,False
frame_000269.jpg,0,79.42331946340707,155.13837818802662,161.42083620920334,165.88142468195917,0.3028634010649254,75.71505872461955,4.4605884727558305,0.84645255874185,False
frame_000270.jpg,0,70.10304671186749,152.06363237331865,155.92080130651158,166.46382300820673,0.12327300219701652,81.96058566145116,10.543021701695153,0.8383879416129169,False
frame_000271.jpg,0,67.06136122919015,152.11281344377505,151.08241278497457,168.81233108187297,0.12253628175536908,85.0514522145849,17.729918296898404,0.8379102524589089,False
frame_000272.jpg,0,70.71934019421427,155.5742428331733,148.0827997258071,173.12152111079095,0.42500339545992044,84.85490263895902,25.03872138498386,0.8646274734945858,False
frame_000273.jpg,0,82.2183130680788,160.24577942987474,146.44485056008995,177.44348224401335,1.0311346758852724,78.02746636179594,30.998631683923406,0.8688865935101229,False
frame_000274.jpg,0,95.77273271726426,164.91803950439763,146.03839891414128,178.93484800277747,1.6827081523390182,69.14530678713336,32.89644908863619,0.8908240654889275,False
frame_000275.jpg,0,115.70850643208006,161.67822825558292,149.78011199224272,178.81800571186997,1.921599394471343,45.969721823502866,29.03789371962725,0.8687989606576807,False
frame_000276.jpg,0,133.2335464800134,154.29601976627214,155.05102336956602,179.50914149161878,1.853273259370649,21.06247328625875,24.458118122052753,0.888251567588133,False
frame_000277.jpg,0,147.19396612294346,141.0444305707219,159.63510461613146,178.39218257919248,1.3680257938835587,6.149535552221579,18.757077963061022,0.840736680171069,False
frame_000278.jpg,0,157.80435581071836,131.35931389098795,164.22830329257357,176.07126180753988,0.5882572810658033,26.445041919730414,11.842958514966313,0.8444057703018188,False
frame_000279.jpg,0,150.01235860621748,133.38384621477425,164.7574028468395,172.8492058708233,0.24323038174720815,16.628512391443223,8.0918030239838,0.8303414267652175,False
frame_000280.jpg,0,134.59219006900918,120.35014936616065,162.28199146297663,170.6116479388492,0.7106595406942159,14.242040702848527,8.329656475872554,0.8351987986003652,False
frame_000281.jpg,0,98.93375734894677,97.41799364286801,160.80093569622903,165.51129804724508,1.0481935294645994,1.5157637060787579,4.710362351016045,0.8363437126664555,False
frame_000282.jpg,0,86.39214653906775,88.75231233763449,162.37144559494965,159.62320458806258,1.2828741597061128,2.36016579856674,2.7482410068870706,0.805348862619961,False
frame_000283.jpg,0,107.6217287203695,84.4110323489947,165.5911914160067,153.16020382533796,1.1077444269967036,23.21069637137481,12.430987590668735,0.8055529594421387,False
frame_000284.jpg,0,139.56187143422386,67.1434400330531,172.33678829733446,148.1125786452995,0.8998524605822302,72.41843140117076,24.224209652034972,0.8456440392662498,False
frame_000285.jpg,0,156.49651646678527,77.26743285016815,178.96254589546393,145.6702887660831,0.5515983773341768,79.22908361661712,33.29225712938083,0.8539265324087704,False
frame_000286.jpg,0,168.28514734572508,97.16310590361465,175.41952896291798,148.25958708212727,0.3919180667150167,71.12204144211043,27.15994188079071,0.8816011372734519,False
frame_000287.jpg,0,168.2870516343061,117.51591780869491,172.5988901827761,154.52058521809386,0.3511724160326878,50.77113382561119,18.078304964682246,0.8910570845884436,False
frame_000288.jpg,0,162.26860772249324,136.81797428446222,172.2693996365642,161.01383911893538,0.423229273369073,25.45063343803102,11.255560517628822,0.8589076259556938,False
frame_000289.jpg,0,149.3428656727256,151.3674113021953,174.20378172620394,165.84682609411558,0.5702466448627193,2.0245456294697135,8.356955632088358,0.8292177319526672,False
frame_000290.jpg,0,132.13729579916134,159.48948753483944,176.9137902123515,168.9272963428289,1.0731683309231839,27.352191735678105,7.986493869522604,0.8179146787699532,False
frame_000291.jpg,0,108.78540997030987,161.5001932458346,178.04185902684802,170.83969739646514,1.695908003472325,52.714783275524724,7.202161630382875,0.8236430813284481,False
frame_000292.jpg,0,87.90734817205865,158.7824372240823,172.11608914086125,170.92259398059554,2.0426354715563466,70.87508905202364,1.1934951602657122,0.8167887330055237,False
frame_000293.jpg,0,73.47461650115964,154.4890652593264,167.24410256777637,171.368606904668,2.5405293756125453,81.01444875816675,4.124504336891647,0.8307729188133689,False
frame_000294.jpg,0,65.55105337719716,151.4959197821561,162.46403771407026,172.46412350220655,2.6234727018266724,85.94486640495894,10.000085788136289,0.8201394046054167,False
frame_000295.jpg,0,64.50685346562358,152.6445425707981,157.98934491822163,175.18900505055166,2.105176465094621,88.13768910517453,17.199660132330024,0.852515367900624,False
frame_000296.jpg,0,70.17874168830856,157.60873526602683,155.1153734582603,179.09264761955706,1.1947649233361652,87.42999357771826,23.977274161296748,0.8654203625286326,False
frame_000297.jpg,0,82.83603453731415,164.87370885548845,154.42959033837576,176.77362365061373,0.24533737572399925,82.0376743181743,22.34403331223797,0.8795400822863859,False
frame_000298.jpg,0,100.88056373995502,169.57827465833913,155.19041360622342,174.58997091181607,0.9693433280576131,68.6977109183841,19.39955730559265,0.8787244277841905,False
frame_000299.jpg,0,121.1887237152219,168.9194200006047,158.36879645028594,173.96272088453887,1.707038637163159,47.730696285382805,15.593924434252926,0.8663542095352622,False
frame_000300.jpg,0,137.05738034286415,163.19902693814345,162.03984283088909,174.02055421146122,1.8279930795732648,26.141646595279298,11.980711380572131,0.8816124270944035,False
frame_000301.jpg,0,150.96307273166178,150.74816665349573,165.97305170836142,176.76771975575764,1.7661087980334675,0.21490607816605234,10.794668047396215,0.8256577323464787,False
frame_000302.jpg,0,159.73956389869966,135.3841883337395,168.6988680805703,179.50825048908794,1.531970074586865,24.355375564960156,10.80938240851765,0.8422094548449797,False
frame_000303.jpg,0,152.98421492983104,138.05811663215485,168.6084182702387,178.38352179203304,1.006784407368489,14.926098297676191,9.775103521794335,0.8354753361028784,False
frame_000304.jpg,0,150.10946563848637,119.4610823058843,167.3993535107528,172.9080634267137,0.9609740236299641,30.648383332602066,5.508709915960907,0.8362697888823116,False
frame_000305.jpg,0,147.79163088883388,104.47973406547638,167.3978541230239,165.97866683074832,1.2108061006632183,43.3118968233575,1.4191872922755806,0.8198563631843118,False
frame_000306.jpg,0,147.36020341184954,96.04112838814194,169.15226846790372,160.04137498522115,1.6192040937773335,51.3190750237076,9.11089348268257,0.7860684412367204,False
frame_000307.jpg,0,148.20656275647517,94.45840541094331,172.10971139759795,154.23363386899115,1.8966301293521235,53.74815734553185,17.8760775286068,0.7984848793815164,False
frame_000308.jpg,0,164.49852261586696,78.59751602798302,176.75131440152583,148.72257132799447,2.3875767796364706,85.90100658788394,28.02874307353136,0.8543301505201003,False
frame_000309.jpg,0,169.85665800870893,91.5032925655906,177.9217005701088,148.41168329949463,2.454885082950536,78.35336544311834,29.510017270614185,0.8456246852874756,False
frame_000310.jpg,0,171.48789655362148,109.57853594037044,174.24956926240577,152.25796249849782,2.2997034374301455,61.90936061325104,21.991606763907953,0.8704274857745451,False
frame_000311.jpg,0,165.24915866568767,128.6103526662418,173.7319357421748,157.42386996365488,1.9378839163384316,36.63880599944588,16.308065778519932,0.8577823077931124,False
frame_000312.jpg,0,153.59385441989167,144.46250444159247,175.5203976323071,162.46355597860375,1.6227413282945047,9.131349978299198,13.056841653703344,0.8276259618646958,False
frame_000313.jpg,0,137.2480600467342,154.57041955804328,178.73504080000853,165.43972647377447,1.1918254266256407,17.322359511309088,13.295314326234063,0.8323223205173716,False
frame_000314.jpg,0,115.72812441762079,159.92434280257055,175.54123988329965,167.17197764437708,0.72201934751644,44.19621838494976,8.369262238922573,0.8193132456611184,False
frame_000315.jpg,0,93.30413671366357,159.8549199986986,167.74042680750432,167.3535641168854,0.34231909535772337,66.55078328503502,0.3868626906189263,0.8225888644947725,False
frame_000316.jpg,0,79.01894175390171,155.99874489766037,161.71274772085812,166.8549890881695,0.00027399497725542676,76.97980314375866,5.142241367311385,0.8394569333861855,False
frame_000317.jpg,0,70.27837284488533,152.94870222508004,156.32284333478344,167.248660170815,0.059940581470925715,82.67032938019472,10.925816836031544,0.8444781969575321,False
frame_000318.jpg,0,67.24166037351499,152.6636641965797,151.08516231077232,169.3980895219488,0.05942196118050436,85.42200382306471,18.312927211176486,0.8464953478644875,False
frame_000319.jpg,0,70.7109831041787,155.7346235483999,147.5474164543709,173.3202415204853,0.4848111006241245,85.0236404442212,25.772825066114393,0.8570457591730005,False
frame_000320.jpg,0,82.62250101322458,159.80243817325277,145.948244658022,177.17482555304267,1.1590394078707158,77.17993716002819,31.226580895020675,0.8730177774148828,False
frame_000321.jpg,0,95.39294569416664,163.89891477080857,145.86284796706275,179.5015850986001,1.754389037586217,68.50596907664193,33.63873713153734,0.885948682532591,False
frame_000322.jpg,0,113.97918784030678,161.66565572508893,149.2505255890119,178.7731806937745,1.985318796690288,47.68646788478215,29.522655104762606,0.8570056627778446,False
frame_000323.jpg,0,131.71109389582088,154.6491910962028,154.89691996341466,179.14241932996907,1.7442487736856525,22.938097200381918,24.245499366554412,0.8763294956263374,False
frame_000324.jpg,0,146.3426685893367,141.03900119425995,159.87459840269574,178.47750331688903,1.3175546618743914,5.303667395076758,18.60290491419329,0.8482046933735118,False
frame_000325.jpg,0,145.9562559561607,144.97304379659835,164.35578596568382,176.12610558673452,0.5880171915849782,0.9832121595623562,11.770319621050703,0.8405150104971493,False
frame_000326.jpg,0,137.3078518694422,146.24196850332842,165.24560849572282,172.96152985704612,0.1840959108204776,8.93411663388622,7.715921361323296,0.8289535010562223,False
frame_000327.jpg,0,110.70248491263132,151.1552115491809,163.11802371626692,171.61452199498964,0.8339705012392661,40.452726636549585,8.496498278722726,0.8325503152959487,False
frame_000328.jpg,0,82.26349425864265,140.6236314464047,161.5836166699133,166.65564376218882,0.9530886787970473,58.360137187762035,5.072027092275505,0.8289762454874375,False
frame_000329.jpg,0,76.37535379786517,132.47530067061086,162.63486288257212,160.6945105654738,1.1714918039405555,56.09994687274569,1.9403523170983306,0.8088888806455276,False
frame_000330.jpg,0,101.05061496417929,104.93248089058606,166.03745232874482,154.97223206261032,1.0047760471452167,3.8818659264067747,11.065220266134503,0.8027198174420525,False
frame_000331.jpg,0,130.02499620010826,85.34170882471389,172.0784376369197,149.9095774947781,0.6969267671345342,44.68328737539437,22.168860142141597,0.8492475222138798,False
frame_000332.jpg,0,157.034112535492,74.0046820838359,178.67057924657163,146.25092798646756,0.33275984364638644,83.0294304516561,32.419651260104075,0.863561048227198,False
frame_000333.jpg,0,167.51545410977317,94.51436720677465,175.9884367003808,148.6522704568112,0.2207047797549459,73.00108690299852,27.33616624356958,0.8613235073931077,False
frame_000334.jpg,0,168.08416888167287,116.50110572045986,173.09782895047664,154.76322520360702,0.1266491704898402,51.583063161213005,18.334603746869618,0.875149155364317,False
frame_000335.jpg,0,161.78893391841217,137.1149183067459,172.93104628048053,160.77642151643838,0.1892685773097111,24.674015611666277,12.154624764042154,0.8404198674594655,False
frame_000336.jpg,0,149.01306392720977,152.08808424664272,174.64735453408866,165.7805163711792,0.4414550173192551,3.0750203194329515,8.86683816290946,0.8269172766629387,False
frame_000337.jpg,0,131.2476654080773,160.04630042607636,177.72771330950417,168.739257834123,0.8325173041714613,28.79863501799906,8.988455475381159,0.8166633318452274,False
frame_000338.jpg,0,108.89741908547362,161.7038470818228,177.7138209759987,170.55509006480315,1.4485395210910423,52.806427996349186,7.1587309111955335,0.8290533248115989,False
frame_000339.jpg,0,88.47403116104779,158.70176383570572,172.1771840662683,170.8957153146599,1.9921752227417708,70.22773267465793,1.2814687516084007,0.8046354546266443,False
frame_000340.jpg,0,74.25625963938707,153.58226621152474,168.02203397220762,170.97236580157735,2.61481062840425,79.32600657213767,2.9503318293697305,0.8302579837686875,False
frame_000341.jpg,0,66.1266942894472,150.68378406790708,163.5336276348654,172.4549652061022,2.7599731168171724,84.55708977845988,8.92133757123679,0.8122572933926302,False
frame_000342.jpg,0,65.44235518854984,152.22794896852008,159.19965010874776,175.49274582813825,2.355474244294105,86.78559377997024,16.293095719390493,0.844772103954764,False
frame_000343.jpg,0,71.05715404521344,157.44030017391052,155.87296345724516,179.74553747750556,1.501480522459918,86.38314612869708,23.8725740202604,0.8559425087536082,False
frame_000344.jpg,0,83.71008727831058,164.7865278770276,154.85656448240928,176.19621287744505,0.3687148829966232,81.07644059871701,21.339648395035766,0.87550748797024,False
frame_000345.jpg,0,102.07312066482523,170.0039266047324,155.25769220199558,173.6084805203889,0.8524689580052527,67.93080593990719,18.350788318393313,0.8773630191298092,False
frame_000346.jpg,0,122.21067045641584,170.12217068699658,158.4103136115569,172.8472515911651,1.6107170501760797,47.91150023058074,14.436937979608217,0.8704510050661424,False
frame_000347.jpg,0,137.863731571661,164.05130821516184,162.31507039626527,173.48364806431337,1.859584102368585,26.187576643500847,11.168577668048101,0.8476510889389935,False
frame_000348.jpg,0,150.89398155408273,151.92494032653644,165.76285658518458,176.05749469166963,1.85217469260647,1.0309587724537153,10.294638106485053,0.838845340644612,False
frame_000349.jpg,0,159.62820569745463,143.65980103637665,168.6780477787761,178.493581075673,1.4270910912834978,15.968404661077983,9.815533296896916,0.8310954150031594,False
frame_000350.jpg,0,152.90064505653157,146.72382734899145,168.75264400289092,178.90099715826628,0.949322438774146,6.176817707540124,10.14835315537536,0.8249520063400269,False
frame_000351.jpg,0,149.81094464190238,126.02814854182742,167.31670465810092,172.6774564933972,1.023217202001507,23.78279610007496,5.36075183529627,0.8333674423834857,False
frame_000352.jpg,0,147.56820725357406,110.96047677377938,167.3624072640074,165.40100833798334,1.2677114682112434,36.60773047979468,1.96139892602406,0.8130802091430215,False
frame_000353.jpg,0,147.39275774062085,99.94154111238367,169.567640127034,159.20130861498487,1.5323151852156993,47.45121662823718,10.366331512049129,0.7868335527532241,False
frame_000354.jpg,0,147.89935293870118,92.89126682699167,171.88553050671194,152.93968169401708,2.022361914216149,55.00808611170952,18.945848812694862,0.813065651585074,False
frame_000355.jpg,0,164.0760758524313,76.62830708693228,176.45593151683005,147.91601992043493,2.405325250395255,87.44776876549902,28.539911596395115,0.8284022667828728,False
frame_000356.jpg,0,169.51277935719176,90.59477645404853,178.22672811275464,147.78871321592877,2.3502364296916207,78.91800290314323,30.438014896825877,0.8582051782047048,False
frame_000357.jpg,0,171.18128601751454,109.18168692100225,174.552276916169,152.49898852891872,2.197817891769377,61.999599096512284,22.05328838725029,0.8581178819431978,False
frame_000358.jpg,0,165.27130891105978,128.2790691473863,174.18012599108147,157.37113783198058,2.097453528120252,36.99223976367347,16.808988159100892,0.853941822753233,False
frame_000359.jpg,0,153.85257529794757,144.32196735387842,175.52513784466103,162.43161913887678,1.6440119292837216,9.530607944069146,13.093518705784248,0.8228173536412856,False
frame_000360.jpg,0,138.00144123998936,154.6891532455303,178.76347804276816,165.29553318188738,1.2599694059334383,16.68771200554093,13.467944860880777,0.8473283052444458,False
frame_000361.jpg,0,117.74041347153569,159.39072647406633,176.02143973206316,166.4554026299636,0.9770588716888752,41.65031300253064,9.566037102099557,0.8146660608403823,False
frame_000362.jpg,0,95.08965854667169,159.15937525248088,167.94230007970413,166.8089905717115,0.5308003496254379,64.0697167058092,1.1333095079926352,0.8130108398549697,False
frame_000363.jpg,0,80.5471395990017,155.35707316621242,162.23826852608013,166.32236487943288,0.001924127762678643,74.80993356721072,4.084096353352749,0.8508110291817609,False
frame_000364.jpg,0,71.26823609727023,152.19113975615443,156.28696851731127,166.74536402083518,0.05749380379495707,80.9229036588842,10.458395503523917,0.8356811614597545,False
frame_000365.jpg,0,67.32542198979151,151.57951664820476,150.7424750570141,168.50119308398843,0.1798408288922219,84.25409465841325,17.75871802697432,0.8432783764951369,False
frame_000366.jpg,0,70.37352771846163,155.40076479351598,146.7020080146122,172.7942646283005,0.6024928018065191,85.02723707505434,26.092256613688306,0.8633952210931217,False
frame_000367.jpg,0,82.29882885701915,159.75954002293847,145.4573816264606,176.69361293800003,1.2797165762614766,77.46071116591932,31.236231311539427,0.8696479622055503,False
frame_000368.jpg,0,95.30355626779138,163.90296036786165,145.3866341342578,179.8619661725782,1.8734295567999244,68.59940410007027,34.4753320383204,0.891615117297453,False
frame_000369.jpg,0,114.6310374857666,161.22398975888845,149.20997341321424,179.4827680714545,2.048730108440833,46.59295227312185,30.272794658240258,0.8570669959573185,False
frame_000370.jpg,0,132.6953319947101,154.27394973281403,155.12078206345836,179.86295263981913,1.8059968519994738,21.57861773810393,24.742170576360763,0.8848505125326269,False
frame_000371.jpg,0,145.71030437806547,150.76008815413664,160.00296309699434,177.98184715298453,1.2615954140129566,5.049783776071166,17.978884055990193,0.8415521768962636,False
frame_000372.jpg,0,144.03485930740072,155.66649253317516,164.09914984249187,175.69739179142354,0.4724920487014521,11.631633225774436,11.598241948931673,0.8369929194450378,False
frame_000373.jpg,0,131.30476172738298,157.88733955457508,164.5713390062058,173.10537276520276,0.36220716310772,26.582577827192097,8.53403375899697,0.8228261330548454,False
frame_000374.jpg,0,98.16030884367683,165.5580054658377,161.44242626616747,172.705642352217,0.8294234290192267,67.39769662216088,11.263216086049539,0.8494406552875743,False
frame_000375.jpg,0,65.39875289897687,156.9211920234831,159.84768895908329,167.937171258801,1.0046840249219073,91.52243912450622,8.089482299717702,0.8386726624825421,False
frame_000376.jpg,0,77.71434089526204,135.01262067904503,161.24411917024585,162.49181699263002,1.1872119321446024,57.29827978378299,1.2476978223841684,0.8338539249756757,False
frame_000377.jpg,0,100.8420140872371,105.8310903800672,164.84215820727164,156.05063239107238,1.0157557553158105,4.989076292830092,8.791525816199254,0.8103256628793829,False
frame_000378.jpg,0,131.1086032139595,86.25675136551503,171.33095447157763,150.69458505894485,0.7041352824765799,44.85185184844447,20.636369412632774,0.8261833401287303,False
frame_000379.jpg,0,157.05008798322334,74.75735463556559,178.45448376067208,146.11834912071217,0.35291842332541307,82.29273334765774,32.33613463995991,0.8647550134097829,False
frame_000380.jpg,0,167.4676716814056,96.24902732098195,176.41107473560314,148.49277841116512,0.17625627200596253,71.21864436042364,27.918296324438018,0.8565864247434279,False
frame_000381.jpg,0,168.682349109026,116.52281005158234,172.93676013150665,154.32240359900274,0.18134743095675315,52.159539057443666,18.614356532503905,0.8776062446482041,False
frame_000382.jpg,0,162.97847946819113,136.59081938226674,172.50415098151984,160.77341100196108,0.23643166665593573,26.38766008592438,11.730739979558763,0.8475995729951298,False
frame_000383.jpg,0,149.89481451271533,151.4110354822472,174.39487141396353,165.6207896550785,0.36864199396767744,1.5162209695318722,8.774081758885018,0.8450031455825356,False
frame_000384.jpg,0,132.36649553431957,159.67324757550043,177.07090262261832,168.80820178336273,0.8651100717145155,27.306752041180857,8.262700839255587,0.8581541881841772,False
frame_000385.jpg,0,109.39118474869271,161.18339283241366,178.15060385955792,170.19923702639937,1.4138742128096227,51.79220808372095,7.951366833158545,0.8077100585488712,False
frame_000386.jpg,0,89.6652855349883,157.64923646958914,172.81695795796915,170.16058664823382,1.9588246088398051,67.98395093460084,2.6563713097353343,0.8149675165905672,False
frame_000387.jpg,0,75.66682230786388,152.3328399768056,168.03090509081832,170.19716846725285,2.549150363972923,76.6660176689417,2.1662633764345287,0.8236650333685034,False
frame_000388.jpg,0,67.19125058096498,149.33679869902815,163.34389605010006,171.37745382071196,2.691621711919482,82.14554811806318,8.033557770611907,0.8202290009049809,False
frame_000389.jpg,0,66.46666796718083,150.6378931234463,159.08115815124546,174.34134546178603,2.2948684914252646,84.17122515626548,15.260187310540573,0.8431257395183339,False
frame_000390.jpg,0,71.04867821833052,156.14797819058174,155.67003698281675,178.94239247387313,1.4959612430181657,85.09929997225122,23.272355491056373,0.8576378962572884,False
frame_000391.jpg,0,82.86296563073705,163.4220528360677,154.32575632565934,177.05020864281687,0.3693288553930577,80.55908720533066,22.724452317157528,0.8735450471148771,False
frame_000392.jpg,0,100.80654236033857,169.09345606982575,155.10874162776466,174.47912355324496,0.8469057683265381,68.28691370948718,19.370381925480302,0.8798896389849046,False
frame_000393.jpg,0,121.16089424631078,169.10561052238253,158.28204897683435,173.4969748369704,1.5959671262579158,47.94471627607176,15.214925860136049,0.8695063135203194,False
frame_000394.jpg,0,137.09111413705728,163.05940193322212,162.0771714657357,173.88811106836968,1.7763231109837407,25.968287796164844,11.810939602633994,0.8716142983997569,False
frame_000395.jpg,0,139.05203727275315,166.68972980194926,166.15315098629975,176.60438506717497,1.6576236939872888,27.6376925291961,10.451234080875224,0.8400711697690627,False
frame_000396.jpg,0,149.30932864895573,153.38222909749746,169.248560930392,178.74816373538303,1.183217799906241,4.072900448541731,9.499602804991042,0.8459140938871047,False
frame_000397.jpg,0,138.94784190977325,155.64903082525802,169.17488220943454,179.04390149693427,0.6470631299997375,16.701188915484778,9.869019287499725,0.8195570321644053,False
frame_000398.jpg,0,125.10818596613849,140.0926299743177,167.97217653119714,173.3578719181194,0.5391735063804437,14.98444400817921,5.385695386922265,0.8307129565407249,False
frame_000399.jpg,0,120.4182080546159,126.13045456364274,167.83632117081578,166.57782271038658,0.8544553712928457,5.712246509026841,1.2584984604291947,0.8241750001907349,False
frame_000400.jpg,0,139.31849589294058,95.9891189313431,169.5424197563083,160.48500919811266,1.2350469359907241,43.329376961597475,9.057410558195642,0.777680796735427,False
frame_000401.jpg,0,138.56651506960608,94.46613731452484,172.04569416555864,154.2284879655384,1.8058300528690236,44.10037775508124,17.81720620002025,0.7924636251786176,False
frame_000402.jpg,0,159.91351058747645,78.11661477960892,176.6128895522288,149.03830090064264,2.301629795996844,81.79689580786753,27.57458865158617,0.8181614910855013,False
frame_000403.jpg,0,168.9275625403855,92.64918537299458,178.53241950942723,148.4200546525474,2.477494248138885,76.27837716739093,30.11236485687982,0.8697552365415236,False
frame_000404.jpg,0,170.88222626105588,110.85720275587727,174.88198719481355,151.91247831218774,2.3595888740107496,60.02502350517861,22.969508882625803,0.8540230147978839,False
frame_000405.jpg,0,165.03563040214638,128.29241672947015,174.28498782089414,157.14341217720846,2.0663221231602678,36.743213672676234,17.141575643685684,0.8566149017390083,False
frame_000406.jpg,0,153.25688832986032,144.53113854995206,176.05416029679276,162.50416492013824,1.6534933443200537,8.725749779908256,13.549995376654522,0.8274863712927875,False
frame_000407.jpg,0,137.12859167456838,154.93366637164735,179.22466571871118,165.68825578224914,1.3506979058184305,17.805074697078965,13.536409936462036,0.86174857265809,False
frame_000408.jpg,0,117.07390639095502,159.73295017581003,175.42799809803122,166.88984430764472,1.0331790288320013,42.659043784855015,8.538153790386502,0.8060734272003174,False
frame_000409.jpg,0,94.91741052173617,159.69097784191337,168.14203392833087,167.1240679690221,0.5252812309278105,64.7735673201772,1.017965959308782,0.8331427574157715,False
frame_000410.jpg,0,81.0432822485507,155.94726349918503,162.51441450662884,166.3356281056264,0.18432425757902968,74.90398125063433,3.8212135989975593,0.8289043763104607,False
frame_000411.jpg,0,71.19385841914621,152.86354653714545,156.58644934769467,166.6068242700951,0.12284905902746994,81.66968811799924,10.020374922400435,0.8341917570899514,False
frame_000412.jpg,0,67.83542761795586,152.46479470525227,151.6075558995632,168.605763557345,0.1233364745115352,84.62936708729642,16.99820765778179,0.8481574233840493,False
frame_000413.jpg,0,70.84277359338105,156.1976114538343,147.93257187229298,173.3516115349645,0.3685145239261927,85.35483786045324,25.41903966267151,0.856657911749447,False
frame_000414.jpg,0,81.97853783654926,160.82387882895023,145.85307703595623,177.46295592783025,1.1043717439297802,78.84534099240096,31.60987889187402,0.870277909671559,False
frame_000415.jpg,0,94.63920363792614,164.7319776547071,145.75581200048907,178.93718786929549,1.64089333099042,70.09277401678095,33.18137586880641,0.8855373894467073,False
frame_000416.jpg,0,115.2855085750678,162.227915752298,149.80081207856782,178.26509166174714,1.815084710369977,46.94240717723021,28.46427958317932,0.858276507433723,False
frame_000417.jpg,0,133.0523815914364,154.93918451424386,155.36795951369015,178.69264735959632,1.6330414322394966,21.886802922807476,23.32468784590617,0.8850354271776536,False
frame_000418.jpg,0,145.65762684531273,151.55982418277966,159.9547460847139,178.9584374446681,1.20316175346935,5.90219733746693,19.003691359954217,0.843700159998501,False
frame_000419.jpg,0,144.72017702473715,157.34825206296006,164.31440067193813,176.73439489145653,0.47669001202576156,12.628075038222903,12.4199942195184,0.8262492944212521,False
frame_000420.jpg,0,132.9666606059033,159.5466094037385,165.000002221934,174.01176759203588,0.30212624230843504,26.579948797835215,9.01176537010187,0.8243648760459003,False
frame_000421.jpg,0,97.82697504189467,165.73408995325963,161.92065699647603,172.9007832851299,0.8355098637638393,67.90711491136496,10.980126288653878,0.828134743606343,False
frame_000422.jpg,0,65.74183931203018,157.0052776833177,160.49907260052376,167.99773801292056,1.0691835331733581,91.26343837128752,7.498665412396804,0.831553627462948,False
frame_000423.jpg,0,78.17837813832361,133.61937521959786,161.94341796539578,162.00654550299734,1.2427658084335254,55.44099708127425,0.06312753760155942,0.8147799547980813,False
frame_000424.jpg,0,101.62094516049417,103.96866624267072,165.47101396920834,156.1568614676715,1.1928384252252555,2.347721082176548,9.314152501536853,0.8120423941051259,False
frame_000425.jpg,0,130.79081204329125,83.46803232484963,171.66493278943383,151.06447214694347,0.8290839885555715,47.32277971844162,20.60046064249036,0.8371744015637566,False
frame_000426.jpg,0,157.33388803690792,71.95226120215408,178.73575121770966,146.77112133877753,0.3592065992534352,85.38162683475385,31.96462987893213,0.8629229209002327,False
frame_000427.jpg,0,167.80023433308764,94.33191525795746,176.17571057351583,148.86068567147504,0.1248761189274815,73.46831907513018,27.31502490204079,0.8412911681567922,False
frame_000428.jpg,0,168.07890985012313,116.12335369505145,173.32666330446193,154.60901794312556,0.01971215396744113,51.955556155071676,18.717645361336366,0.8809404653661391,False
frame_000429.jpg,0,162.21825815971562,136.73204145774156,173.0370399371867,160.60985810259217,0.014795639526266004,25.486216701974058,12.427181834594535,0.8407252641285167,False
frame_000430.jpg,0,149.14560403970123,151.43625122999762,174.7746592743073,165.1015378979931,0.20224405681208596,2.290647190296397,9.673121376314214,0.8212856510106255,False
frame_000431.jpg,0,132.18434319759925,159.94201554940116,177.37625638242721,168.6619408939927,0.8203596362784125,27.757672351801915,8.714315488434522,0.8346126114620882,False
frame_000432.jpg,0,109.87017480573532,161.29222940276972,177.82001305705208,169.89170840657997,1.3169825296504967,51.4220545970344,7.928304650472114,0.8204088000690236,False
frame_000433.jpg,0,89.9326871612698,158.36472894841413,172.5532774047174,170.18880763656176,1.8438571423961476,68.43204178714433,2.3644697681556295,0.8134313015376821,False
frame_000434.jpg,0,75.52146525018577,153.3655225287817,168.39978658913478,170.41582968766144,2.416626281477237,77.84405727859593,2.0160430985266657,0.8233975101919735,False
frame_000435.jpg,0,67.46069098187581,150.13466486717775,163.6175932424381,171.7561235488826,2.67426860967509,82.67397388530193,8.138530306444522,0.8361547273748061,False
frame_000436.jpg,0,66.16229576382258,151.8562987111196,159.30412282311067,174.64575223246072,2.2197311129427386,85.69400294729701,15.341629409350048,0.8683306294329026,False
frame_000437.jpg,0,70.87071264033838,157.49550841102106,156.12682200019412,179.61472742713252,1.5370969953844302,86.62479577068268,23.487905426938397,0.8862059396855971,False
frame_000438.jpg,0,83.25330176811093,164.55324229577747,154.78014723554523,176.39718558081123,0.4807718505951971,81.29994052766654,21.617038345265996,0.8859288937905255,False
frame_000439.jpg,0,100.88422819934453,169.85186066114278,154.96659133544242,174.07491600099635,0.7872658624246746,68.96763246179825,19.108324665553937,0.8786464368595797,False
frame_000440.jpg,0,122.11773951598987,170.4328511222404,158.92323001512324,172.99899063221392,1.5396663578823981,48.31511160625054,14.07576061709068,0.8713977862806881,False
frame_000441.jpg,0,137.83684238704907,163.48919208773313,162.67504207781178,173.91860437331,1.7222162189987382,25.652349700684056,11.243562295498208,0.8791146628996905,False
frame_000442.jpg,0,151.2883542258748,151.30088859807324,166.41239589144757,176.70727599207024,1.7212995056907865,0.012534372198444999,10.294880100622663,0.8379520668702967,False
frame_000443.jpg,0,160.57587735769104,136.4421740033063,169.76436018919537,179.40667390025476,1.3049701861460141,24.13370335438475,9.642313711059387,0.8261330618577845,False
frame_000444.jpg,0,153.99028867903954,138.82269221362517,169.9239853177557,178.34355141664926,0.7714808691524666,15.167596465414363,8.419566098893569,0.829187323065365,False
frame_000445.jpg,0,145.85924976351185,119.82929687359287,168.08629299185958,172.05264758285327,0.8460836915246204,26.029952889918988,3.9663545909936886,0.8372200376847211,False
frame_000446.jpg,0,142.56939508455062,105.54040688902079,167.9975724369217,165.61607396021924,1.0348157531556637,37.028988195529834,2.381498476702461,0.8376057218102848,False
frame_000447.jpg,0,140.59648846522336,94.57745220979334,169.7576712081969,159.43176768431798,1.400633538367563,46.019036255430024,10.325903523878935,0.7805556514683891,False
frame_000448.jpg,0,139.20430949241924,92.33330343633814,171.85516162922033,153.29920978134814,1.8875758579655857,46.8710060560811,18.555951847872194,0.8084126114845276,False
frame_000449.jpg,0,159.48106520960962,76.59438900359504,175.77721914095744,147.77630281385277,2.4614119714133373,82.88667620601458,28.000916327104676,0.8450519372435177,False
frame_000450.jpg,0,169.54635057969173,90.2914723138333,178.48278847116453,147.8583512856358,2.459456431449761,79.25487826585844,30.624437185528734,0.8648252346936394,False
frame_000451.jpg,0,170.97929547825146,108.0809917928917,174.87971730526854,151.5353925111732,2.4236007468209326,62.898303685359764,23.344324794095343,0.8602912145502427,False
frame_000452.jpg,0,164.9515491677676,127.66981086218294,174.67737236935073,156.6912455314147,2.211857431973019,37.28173830558467,17.98612683793604,0.8516950537176693,False
frame_000453.jpg,0,153.83417616325139,143.85863725706596,175.98789909878002,162.03357254631595,1.813768132592506,9.97553890618542,13.954326552464067,0.8308579536045299,False
frame_000454.jpg,0,138.0877791271341,154.2523308090289,178.70790101120517,165.18724682781746,1.2463258288455965,16.164551681894807,13.520654183387705,0.838308639386121,False
frame_000455.jpg,0,117.51217041256183,159.62398176706165,175.94183697310163,166.6662285055025,0.8400269406871916,42.11181135449982,9.275608467599142,0.8270422115045435,False
frame_000456.jpg,0,95.37629658019148,159.71132593517362,168.35350807501308,167.017777753543,0.39901673446723757,64.33502935498214,1.3357303214700949,0.8235006016843459,False
frame_000457.jpg,0,80.6857485614208,156.06157551342773,162.3160186326687,166.381076990502,0.058535453757401,75.37582695200693,4.065058357833323,0.8434558440657223,False
frame_000458.jpg,0,71.53731261897762,153.02124840045286,156.072767958315,166.9436220012318,0.06103818928388105,81.48393578147524,10.87085404291679,0.83640355572981,False
frame_000459.jpg,0,67.85429392478274,152.66072868923627,151.23703335822836,169.06134768267438,0.05959368890335839,84.80643476445353,17.82431432444602,0.8259285968892714,False
frame_000460.jpg,0,70.55481447700505,155.07489526294123,147.05195248912304,172.8116422555095,0.42696518813060624,84.52008078593617,25.759689766386458,0.8605716158361996,False
frame_000461.jpg,0,81.19903858540556,159.40541459880947,145.15724680458558,176.7509633326895,1.1633463551242824,78.20637601340391,31.593716528103926,0.8628315399674809,False
frame_000462.jpg,0,93.85255790531514,164.10372322731837,145.36947201956178,179.285746410125,1.6333750472924242,70.25116532200323,33.91627439056322,0.8898476397289949,False
frame_000463.jpg,0,113.62247617691513,161.59995522622006,149.30883745937152,178.74382190537887,1.8120847130881441,47.97747904930493,29.43498444600735,0.8551097371998955,False
frame_000464.jpg,0,131.1682894718213,154.62243922349538,154.2556769533318,179.25837799168048,1.739594019411215,23.454149751674066,25.002701038348675,0.8886341522721684,False
frame_000465.jpg,0,144.66980854678184,151.7436403800378,159.18452219575292,178.795625206729,1.3116069377087842,7.0738318332559516,19.61110301097608,0.840196851421805,False
frame_000466.jpg,0,143.16920048936473,156.85701462422995,163.1832973541182,176.5171400089361,0.5867100861596228,13.68781413486522,13.333842654817914,0.8453793140018687,False
frame_000467.jpg,0,132.4150795095915,158.92224773248176,164.06872935449377,173.68754029765807,0.1832467224349913,26.50716822289027,9.618810943164306,0.8268808196572697,False
frame_000468.jpg,0,98.51656697072607,161.55734947798967,161.46841090344307,170.88619680144484,0.651884289765905,63.0407825072636,9.417785898001767,0.848732450429131,False
frame_000469.jpg,0,93.63674600331294,152.65275356323838,160.20770924654124,166.07198322149878,0.9976804405219004,59.01600755992544,5.864273974957541,0.8542938723283655,False
frame_000470.jpg,0,100.66947367400184,131.57358420474026,161.73229235350487,160.1932939949306,1.1755374888530907,30.90411053073842,1.5389983585742755,0.8055687125991372,False
frame_000471.jpg,0,120.53609602881772,104.00233021355311,165.50426724540756,153.69674070190354,1.009826526700001,16.533765815264616,11.807526543504025,0.8084178566932678,False
frame_000472.jpg,0,141.81593271846316,85.31004230412215,171.6430908843505,148.29487585622925,0.6511243737317195,56.50589041434101,23.348215028121245,0.8353964476024404,False
frame_000473.jpg,0,161.96504997961307,75.89823601523838,178.6664878339886,146.1976307077905,0.3460413010061095,86.06681396437469,32.46885712619812,0.8501354070270762,False
frame_000474.jpg,0,167.24966818535452,96.22254307657187,176.4273934055364,148.33140623604234,0.051139165667995146,71.02712510878266,28.095987169494066,0.8491541287478279,False
frame_000475.jpg,0,167.56097378279046,116.36006550014433,173.67175248654758,154.07606661796908,0.06159332103860868,51.200908282646125,19.5956858685785,0.8809701028992148,False
frame_000476.jpg,0,161.82264124015794,136.17709755347047,173.21033405111123,160.35641329764408,0.06319698871861455,25.64554368668746,12.85392075346715,0.8500646317706388,False
frame_000477.jpg,0,149.6279184211846,150.82888358980438,174.49654940328708,165.10629794508688,0.31192514259232634,1.2009651686197742,9.390251458200197,0.8287619632833144,False
frame_000478.jpg,0,132.23148380206786,159.1499521739065,177.40314128081909,168.13404636857067,0.6943492399713873,26.918468371838657,9.26909491224842,0.8085537517772001,False
frame_000479.jpg,0,109.8249887857896,161.32489789635568,177.91376373155907,169.84898577672365,1.3119935946426895,51.49990911056608,8.06477795483542,0.8338834678425509,False
frame_000480.jpg,0,90.0666796310768,158.92042521476057,172.6578549413532,170.31413516169968,1.8449275013132225,68.85374558368378,2.343719779653526,0.8278101016493404,False
frame_000481.jpg,0,75.10507702189443,153.4577585334287,168.1454041490106,170.34832660346183,2.3874700056893423,78.35268151153426,2.202922454451226,0.8309901742374196,False
frame_000482.jpg,0,66.58623981935864,149.91757537505194,163.86747729363037,171.5204629511662,2.601560811213286,83.3313355556933,7.652985657535822,0.829338392790626,False
frame_000483.jpg,0,65.67936829047304,151.1732320144836,159.4759625005243,174.22651596315316,2.159244937959621,85.49386372401057,14.750553462628858,0.8468520150465124,False
frame_000484.jpg,0,70.82556006227786,156.60677268593983,156.11281529737045,178.83744798091504,1.310143727396663,85.78121262366197,22.7246326835446,0.8668142346774831,False
frame_000485.jpg,0,82.83060155148145,163.5205755989581,154.9953672384722,177.22442522984736,0.24868030770424893,80.68997404747664,22.229057991375157,0.8753558362231535,False
frame_000486.jpg,0,100.68206506843642,169.12142670849116,155.45437816628217,174.56725570573857,0.9703821026886775,68.43936164005474,19.112877539456406,0.8822246193885803,False
frame_000487.jpg,0,121.24398042714145,169.7209021060163,158.6004317043948,173.38879960502194,1.6764841897732896,48.476921678874845,14.78836790062715,0.8677990611861733,False
frame_000488.jpg,0,137.31166623534648,163.6630617167261,162.48192684965912,173.68640513853526,1.8014735602510428,26.351395481379626,11.204478288876146,0.8668049258344314,False
frame_000489.jpg,0,150.57529902274314,151.48641283840055,166.36212953870708,176.2545752051682,1.674485252042157,0.9111138156574157,9.892445666461128,0.836125415914199,False
frame_000490.jpg,0,159.7066784178569,143.7623947293323,169.26342006782272,178.65022382245726,1.250449516327609,15.944283688524592,9.386803754634542,0.8376042387064766,False
frame_000491.jpg,0,153.35695866577407,147.59790604215092,169.39605440393004,179.34524374363846,0.7104403779083655,5.759052623623148,9.949189339708425,0.8234092593193054,False
frame_000492.jpg,0,144.94356579385786,153.47877564927663,167.43720197920373,177.51252638969171,0.7760471503076143,8.53520985541877,10.07532441048798,0.8309324383735657,False
frame_000493.jpg,0,141.63449762121957,140.065418923867,167.60569005812175,171.14769307164366,0.90660348880302,1.569078697352552,3.5420030135219065,0.8352206805173088,False
frame_000494.jpg,0,140.1588508081635,130.3734698890834,169.6860686473583,164.59926152025335,1.2470119875623644,9.785380919080097,5.086807127104947,0.7936103343963623,False
frame_000495.jpg,0,139.06702684588234,118.01139451575183,172.368499600805,158.48206443844094,1.6780439729656507,21.055632330130507,13.886435162364052,0.7897151883910684,False
frame_000496.jpg,0,159.5388091411776,100.79371036838562,176.78559818116761,152.8206700545142,2.183653935891466,58.74509877279199,23.964928126653405,0.8464951935936423,False
frame_000497.jpg,0,169.5587535310698,90.1288874299979,177.77985382567306,148.27873283944228,2.370317782051062,79.42986610107191,29.501120986230774,0.87316114061019,False
frame_000498.jpg,0,171.0681409309212,108.35099320562509,174.1969111001485,152.06717387545748,2.3855680074970262,62.717147725296115,22.129737224691013,0.8660061289282406,False
frame_000499.jpg,0,164.70907762611836,127.93252538624732,174.00359268508137,157.64193135591327,2.0772236391866206,36.77655223987104,16.3616613291681,0.8668345633675071,False
frame_000500.jpg,0,153.15777573683764,143.78577246754574,175.93086118184468,162.33775466511443,1.8522015442387376,9.372003269291895,13.593106516730245,0.8385781260097728,False
frame_000501.jpg,0,137.40118345965288,154.44493064856687,179.02076931623102,165.3514279733206,1.4660861356791945,17.043747188913983,13.669341342910428,0.8493155451381907,False
frame_000502.jpg,0,117.28627315580059,159.26361513561503,175.84957637193904,166.6854342484156,1.0104557804408338,41.97734197981444,9.164142123523447,0.822980943848105,False
frame_000503.jpg,0,94.9191941466775,158.72196616779877,168.0016002283836,166.48622658370707,0.5706421288385493,63.80277202112127,1.5153736446765436,0.8360293717945323,False
frame_000504.jpg,0,80.99422271656837,155.62158005900017,162.11832363678053,166.19671865182187,0.24057128446412174,74.6273573424318,4.0783950150413375,0.85657698617262,False
frame_000505.jpg,0,71.5691361448534,152.89228662636552,156.69117022302024,167.06727516403944,0.05680450140177265,81.32315048151212,10.376104941019207,0.8286282840897056,False
frame_000506.jpg,0,67.57468908133002,152.2191797585222,151.46561340117697,168.77422957804873,0.06176025900072937,84.64449067719217,17.308616176871766,0.8435242421486798,False
frame_000507.jpg,0,70.54975132140935,154.9878616192582,147.80772753438606,172.78798353188623,0.4279413564125779,84.43811029784887,24.980255997500166,0.8541540117824779,False
frame_000508.jpg,0,82.14254919575872,159.21208882048612,146.52078574563805,176.77728480243994,1.1043236610939826,77.0695396247274,30.256499056801886,0.8712113078902749,False
frame_000509.jpg,0,94.5440708719001,163.05659030723038,146.4143541300712,179.77183707244885,1.7592820695901537,68.51251943533028,33.35748294237766,0.8750765148331138,False
frame_000510.jpg,0,114.13185204801557,160.65120117484128,149.65909306518236,179.79183032726314,2.1142256007396996,46.5193491268257,30.13273726208078,0.8550645673976225,False
frame_000511.jpg,0,132.1175292171528,153.7964610564955,154.81234499629917,179.82968371167254,1.9871506570465955,21.67893183934271,25.01733871537337,0.8857441649717444,False
frame_000512.jpg,0,146.00439009450977,141.47869914214212,159.4236487840058,177.80064213633963,1.49901328674829,4.525690952367654,18.37699335233384,0.8485632398549248,False
frame_000513.jpg,0,145.43723350552168,145.66511755845667,163.27091693046256,175.7578098898165,0.7665627101474825,0.22788405293499636,12.486892959353952,0.8351624257424298,False
frame_000514.jpg,0,137.03860640913965,147.19493709342962,164.22667332799577,173.2120761177736,0.06737220271940245,10.15633068428997,8.985402789777822,0.8321753424756667,False
frame_000515.jpg,0,110.67409058315606,152.7761970559281,161.3212071351612,172.0599704032932,0.5999544516595936,42.102106472772036,10.738763268132004,0.844526981606203,False
frame_000516.jpg,0,85.0063946212456,141.4701245189697,160.6067397580527,167.55783780484595,0.9582069895414509,56.46372989772409,6.951098046793248,0.8427866977803847,False
frame_000517.jpg,0,78.2174130876821,132.29844720208692,161.47691928946165,161.509056834591,1.1228083271638016,54.081034114404815,0.03213754512935907,0.8097411569427041,False
frame_000518.jpg,0,101.42676059359837,102.9270850201563,164.99540517043675,155.9214328072814,1.0752132076074847,1.500324426557924,9.073972363155349,0.7903149127960205,False
frame_000519.jpg,0,130.1970084901344,83.9715497586385,171.19596348607266,151.01160103334865,0.8679175800974617,46.225458731495905,20.184362452724002,0.8288328191813301,False
frame_000520.jpg,0,156.71460144152476,72.64030165379924,178.52170251509025,147.554227110721,0.6223112610164336,84.07429978772552,30.967475404369253,0.8582800942308763,False
frame_000521.jpg,0,167.45307411250403,94.29514530289806,176.22299642847105,149.2694057489049,0.38585620128941567,73.15792880960596,26.95359067956616,0.889323518556707,False
frame_000522.jpg,0,168.74778465946906,116.55435141546147,172.5757458674363,155.37099728243962,0.35456876445960317,52.19343324400759,17.20474858499668,0.8708308514426736,False
frame_000523.jpg,0,162.89213174939243,136.93321247626838,172.1558721532641,161.2024276527074,0.3470361582340786,25.958919273124053,10.953444500556714,0.8499482414301704,False
frame_000524.jpg,0,150.45126801967297,151.66702516281555,173.78975591030775,165.88052428906104,0.49132133095671066,1.2157571431425822,7.909231621246704,0.836506163372713,False
frame_000525.jpg,0,132.8438019113616,160.07009988093918,176.54512302900136,168.61490281455093,0.8769375837247505,27.226297969577587,7.930220214450429,0.8335810514057383,False
frame_000526.jpg,0,110.64849457621631,161.81872981892406,178.840584389795,170.0484212300191,1.3760404683993568,51.17023524270775,8.792163159775896,0.8214767014279085,False
frame_000527.jpg,0,90.6569712501814,158.92241020638394,173.53305541099624,170.34413785716487,1.9212514960124716,68.26543895620254,3.1889175538313737,0.8059656725210302,False
frame_000528.jpg,0,76.4710600841103,153.86923629856815,169.2158547897439,170.48933449426988,2.513630318564047,77.39817621445785,1.2734797045259825,0.8279795015559477,False
frame_000529.jpg,0,67.84544686192424,150.97931475866307,164.1402295706799,172.0885174079948,2.7212923198927563,83.13386789673882,7.9482878373148935,0.8197061559733223,False
frame_000530.jpg,0,66.75930883024066,152.01217115335598,160.07677913631332,174.9108548516073,2.314151460651069,85.25286232311532,14.834075715293977,0.8482088551801794,False
frame_000531.jpg,0,71.82593725950927,156.78663010721326,156.5687756718038,179.29877993888192,1.5712380825384904,84.96069284770398,22.73000426707813,0.8575055038227755,False
frame_000532.jpg,0,83.89743669044668,164.07082250993858,155.0991388356474,176.64876701430765,0.43158300703475017,80.1733858194919,21.549628178660242,0.8772060941247379,False
frame_000533.jpg,0,101.47773705851846,169.67248091240353,155.71273590781357,174.14541218002435,0.7918419967193663,68.19474385388507,18.432676272210784,0.8723264827447779,False
frame_000534.jpg,0,122.57842457289473,170.24821704597733,159.02813446414828,173.21213279982481,1.6626377057286503,47.669792473082595,14.183998335676534,0.875771206967971,False
frame_000535.jpg,0,137.9307385909213,164.7621837088335,162.21557453854666,173.3577535659865,1.9027595331935017,26.83144511791221,11.142179027439852,0.882301975699032,False
frame_000536.jpg,0,150.952243323485,152.6427541720054,165.6530235073851,175.761368986686,1.8893427139850167,1.690510848520404,10.108345479300908,0.8578876432250527,False
frame_000537.jpg,0,159.68213604154036,137.1020888286434,168.42472346632425,178.24324300417737,1.5316096427841774,22.58004721289697,9.81851953785312,0.8371424078941345,False
frame_000538.jpg,0,152.8785577524106,139.15589944137864,168.3013156958959,179.36761176745517,1.058520022407463,13.72265831103195,11.066296071559265,0.8252853751182556,False
frame_000539.jpg,0,150.08433068900678,120.52024723899693,166.99252735645172,173.54522433217937,1.0157971608866834,29.564083450009846,6.552696975727656,0.8361397666089675,False
frame_000540.jpg,0,147.76603092424818,107.29577194503514,166.95909310438293,166.7352293721691,1.2044192612128428,40.47025897921304,0.22386373221382883,0.841279198141659,False
frame_000541.jpg,0,147.64230573063,98.0638233025499,169.1502886832371,160.4620869897953,1.5287559919195695,49.57848242808009,8.688201693441812,0.7908588472534629,False
frame_000542.jpg,0,148.30891952701856,96.52453099844467,171.7394968625647,153.71230562453016,2.0104196488674875,51.784388528573885,18.027191238034533,0.8194985179340138,False
frame_000543.jpg,0,164.2512498431202,79.66198171367348,176.25124614446628,148.12247487372989,2.553821069564575,84.58926812944672,28.128771270736394,0.8169096392743728,False
frame_000544.jpg,0,169.095587877825,92.83913738864311,178.59244989757653,147.45175334679288,2.66260114923477,76.2564504891819,31.140696550783645,0.8711290149127736,False
frame_000545.jpg,0,171.0338618692793,110.9244332840787,174.83913671963927,151.63761261336052,2.574838251881996,60.10942858520059,23.201524106278754,0.8673723480280708,False
frame_000546.jpg,0,164.98321002536403,127.5501288562154,174.44245614943992,156.56097909202242,2.2691778940080125,37.433081169148636,17.8814770574175,0.8562856632120469,False
frame_000547.jpg,0,153.9743812398691,143.633490067468,175.74500972486302,161.7904269764873,1.9276221018718167,10.340891172401115,13.954582748375714,0.839723173309775,False
frame_000548.jpg,0,138.1786823474193,154.77707505175235,178.92866379380595,165.534265219578,1.3967683024234856,16.598392704333037,13.39439857422795,0.8358366945210625,False
frame_000549.jpg,0,118.0663824943804,159.47027646355687,175.86959782067163,166.81541494961996,0.9998831128070431,41.403893969176465,9.054182871051665,0.8358615356333116,False
frame_000550.jpg,0,96.16634663599812,159.43554434368082,167.92274925718425,166.69825004721022,0.6169403800967503,63.26919770768269,1.2244992099740273,0.8268863453584558,False
frame_000551.jpg,0,81.04438290360609,156.02012655143704,161.8059698867236,166.10363567849336,0.3002121290752669,74.97574364783095,4.297665791769759,0.8623874327715706,False
frame_000552.jpg,0,71.75798761714498,152.9368414664122,156.29071792190786,166.73897514683483,0.061471092728726404,81.17885384926723,10.448257224926977,0.825280694400563,False
frame_000553.jpg,0,67.32234626392119,152.3294869033279,151.45656096748584,168.58442637790296,0.1805917419330694,85.00714063940671,17.127865410417115,0.8453986925237319,False
frame_000554.jpg,0,69.81116688207068,155.51048898261342,147.68281209619437,172.56087225477535,0.4845679805382979,85.69932210054274,24.87806015858098,0.8659390035797568,False
frame_000555.jpg,0,80.52780823373934,159.6718031417288,146.3517518362605,176.8984323693588,1.0897256134857511,79.14399490798945,30.54668053309831,0.8557657529326046,False
frame_000556.jpg,0,94.05791401921468,164.21604821577225,146.05371802978127,179.291279961435,1.6872853940504597,70.15813419655757,33.237561931653744,0.8799421997631297,False
frame_000557.jpg,0,113.62444139554212,161.99430133819297,149.12215575807454,178.57737630312593,1.8671979040790263,48.36985994265085,29.45522054505139,0.8672623599276823,False
frame_000558.jpg,0,131.57927411848308,154.60748122609368,154.19612848368135,179.01467406313068,1.6834963213812806,23.028207107610598,24.818545579449335,0.8740667911136851,False
frame_000559.jpg,0,146.03264875595403,141.80108241414536,159.19743194825548,178.9868433469054,1.317809214512542,4.231566341808673,19.789411398649918,0.8333650827407837,False
frame_000560.jpg,0,146.2084515050204,145.9477467668014,163.4710173109535,176.74032385058567,0.5948396472576571,0.26070473821900464,13.269306539632169,0.8342154762324165,False
frame_000561.jpg,0,139.104464105806,147.143033190486,164.8606320205082,173.91618931738208,0.300407334460284,8.038569084680006,9.055557296873872,0.829250314656426,False
frame_000562.jpg,0,113.55599298023692,153.03657489359497,161.41237061725158,172.57606625865185,0.6513699169036371,39.48058191335805,11.163695641400267,0.8443984003628001,False
frame_000563.jpg,0,105.3261882010508,141.48065456505714,160.09554757298355,166.38359263076737,0.8536069447191735,36.15446636400634,6.288045057783819,0.847433444331674,False
frame_000564.jpg,0,98.91963166299881,132.81793046414626,161.1010410023625,160.37781287969506,1.19417469077109,33.89829880114745,0.7232281226674502,0.8220239632269916,False
frame_000565.jpg,0,118.3956743446686,105.4302323987604,164.65549500060712,153.47273440183864,0.9666979226845093,12.96544194590821,11.182760598768482,0.8444222913068884,False
frame_000566.jpg,0,139.39508370791654,87.40264433477527,170.17147710022365,148.2375391316029,0.5503833307778109,51.992439373141266,21.933937968620768,0.8384018259889939,False
frame_000567.jpg,0,159.9924168459195,76.52249698853828,177.6657839809079,144.44512360994094,0.32027104447077415,83.46991985738123,33.220660370966954,0.860323264318354,False
frame_000568.jpg,0,166.63017866353889,94.88984099721758,176.97713505088117,148.28232918922635,0.11910411076172318,71.74033766632131,28.694805861654828,0.8456088024027207,False
frame_000569.jpg,0,168.22150800502325,115.89698412888396,173.67355246379734,153.93719247143937,0.10867124080889987,52.324523876139295,19.73635999235796,0.872176871580236,False
frame_000570.jpg,0,161.9106866663783,136.23053747972716,173.507698806938,160.63005559465233,0.07514427146684662,25.680149186651136,12.877643212285676,0.837448355029611,False
frame_000571.jpg,0,150.53620268458403,150.87311887530387,174.0664080350904,165.53955716537854,0.45086423672857223,0.33691619071984746,8.526850869711865,0.8189145046121934,False
frame_000572.jpg,0,133.3231154376206,159.3830638529385,176.7316502799206,168.6211061448577,0.8924416660693567,26.059948415317905,8.110544135062895,0.8126441941541784,False
frame_000573.jpg,0,110.75890790202135,161.45017039294493,178.65530060132656,170.00053003040827,1.3850919577534344,50.69126249092358,8.654770570918288,0.8137569988475126,False
frame_000574.jpg,0,90.76121286591537,158.74968868156424,173.44398458198236,170.4528579067159,1.986939851345906,67.98847581564887,2.9911266752664574,0.8185690746587866,False
frame_000575.jpg,0,76.60831548494349,152.71402253686793,169.11546923884265,170.08720913433672,2.5059302553726526,76.10570705192444,0.9717398954940677,0.8183059026213253,False
frame_000576.jpg,0,67.47728553267908,149.4224042073474,163.6012480582837,171.09871811414817,2.520288362937633,81.94511867466832,7.497470055864483,0.8177458328359267,False
frame_000577.jpg,0,65.92008150687074,150.41046474776758,159.05729091885712,173.99275475273942,2.131492330412749,84.49038324089683,14.935463833882295,0.832516470376183,False
frame_000578.jpg,0,71.00580788042811,155.24633842315697,155.89757867602688,178.09531803215563,1.3291576770393425,84.24053054272886,22.19773935612875,0.8852118849754333,False
frame_000579.jpg,0,83.04995433558263,162.5767226385136,154.45572719253767,177.90466345540864,0.19870278532965915,79.52676830293096,23.448936262870973,0.8844323438756606,False
frame_000580.jpg,0,99.94660051416238,168.68683117774214,154.7359953544576,175.065484143951,1.0823918863356223,68.74023066357975,20.32948878949341,0.8735663399976843,False
frame_000581.jpg,0,120.7385631787569,169.2580069634262,157.91128338021045,173.89134472781555,1.8426776544819239,48.51944378466929,15.980061347605101,0.8623801785356858,False
frame_000582.jpg,0,136.96828227259658,163.24281422576584,161.8851756239192,174.6325976578105,2.0790359202570743,26.27453195316926,12.747422033891297,0.883609438643736,False
frame_000583.jpg,0,138.3949085440665,167.14572118693118,165.447443425772,177.04005120714228,1.9565046174097547,28.750812642864673,11.592607781370276,0.844383485176984,False
frame_000584.jpg,0,148.07998022453185,163.35810388529697,168.05059289338914,179.57817454821938,1.6512501972810125,15.278123660765118,11.527581654830243,0.8297763011034798,False
frame_000585.jpg,0,138.61736655922314,166.18362237580556,168.49695110904378,178.13326032152952,1.132064753341835,27.566255816582412,9.636309212485742,0.8237087165608126,False
frame_000586.jpg,0,135.49930032876085,151.8937344634758,167.30289399296538,172.2884782717002,1.0837038052256358,16.394434134714942,4.9855842787348195,0.8411247239393347,False
frame_000587.jpg,0,133.27543968385444,138.01543948958647,167.59302402472645,166.16082736816762,1.0954950962562544,4.739999805732026,1.4321966565588298,0.8032457390252281,False
frame_000588.jpg,0,147.77614389993644,101.16294549149089,169.63174981883282,160.14462797645828,1.3496404569006664,46.613198408445555,9.487121842374535,0.7848084428731132,False
frame_000589.jpg,0,148.80965098613478,92.78400462482108,172.28489699612953,154.21805256598583,1.7714270598915178,56.025646361313704,18.066844430143703,0.8009765639024622,False
frame_000590.jpg,0,164.09669250021935,75.76642030784917,176.47070601938916,148.8135971316175,2.2294458459037454,88.33027219237017,27.657108887771642,0.8373950053663815,False
frame_000591.jpg,0,169.97550041124254,88.71262568711138,177.96280498163486,148.30347155933956,2.3096912031558805,81.26287472413115,29.659333422295305,0.8702995181083679,False
frame_000592.jpg,0,171.15170362991495,106.73352355254548,174.5277116408045,152.01989534606713,2.328620558398849,64.41818007736947,22.50781629473738,0.8720269027878257,False
frame_000593.jpg,0,165.4090135701963,127.28181502630059,174.11956177584707,157.14377976175643,2.175934191794748,38.1271985438957,16.97578201409064,0.8631602350403281,False
frame_000594.jpg,0,154.59881967157833,143.72089480843033,175.40169726738011,162.07037182414754,1.7767141090499559,10.877924863147996,13.331325443232572,0.8345002917682424,False
frame_000595.jpg,0,138.7099313378877,154.67689487561995,178.6838716886278,165.45820158302314,1.3699336937304731,15.966963537732255,13.22567010560465,0.8351862746126512,False
frame_000596.jpg,0,118.74683050036789,159.64043165940828,175.94404206550226,166.91413251953063,0.9608712988891442,40.89360115904039,9.029909545971634,0.8287307655110079,False
frame_000597.jpg,0,96.81738421014269,159.50957025477348,168.43676567817198,167.09664860502104,0.5200032500230464,62.69218604463079,1.3401170731509353,0.8164433486321393,False
frame_000598.jpg,0,81.56983844816207,156.11279320175743,162.38761666517553,166.54750500105,0.24062366364077245,74.54295475359535,4.159888335874484,0.8356994180118337,False
frame_000599.jpg,0,72.05138430203709,153.43145331809896,156.7176785370094,167.2313852990676,0.058922097332041706,81.38006901606187,10.513706762058206,0.809829964357264,False
frame_000600.jpg,0,68.54167841675256,152.41397285198337,151.88177771046605,168.98737177425204,0.11949323437537686,83.87229443523081,17.105594063785986,0.8342093439663157,False
frame_000601.jpg,0,70.65919738319062,155.55401265849724,148.1495071548664,172.8966181910485,0.48234080363225723,84.89481527530663,24.747111036182105,0.857633064774906,False
frame_000602.jpg,0,80.9268783793064,160.1440405533024,146.01308770209346,177.09522657423867,1.2142313862325262,79.217162173996,31.082138872145208,0.8594435348230249,False
frame_000603.jpg,0,93.95450883246372,164.1060453281459,145.93455549876356,179.57266623475013,1.7571342044621747,70.1515364956822,33.63811073598657,0.8975318389780381,False
frame_000604.jpg,0,113.54990435927817,161.52860958173943,149.6063261949489,179.01209015282922,1.9341457423667427,47.97870522246126,29.40576395788031,0.8629602123709286,False
frame_000605.jpg,0,129.857760568365,155.3540303627371,154.43512426756055,179.30634450774056,1.8569641090486269,25.496269794372097,24.87122024018001,0.8688114530899945,False
frame_000606.jpg,0,145.24224582278322,142.62431777290195,159.2071492002774,178.69688854381266,1.4284787270112882,2.6179280498812716,19.489739343535263,0.8259473022292642,False
frame_000607.jpg,0,144.8994208695852,146.38821967370785,163.40918485170607,176.4090803185072,0.7034967524778308,1.4887988041226379,12.99989546680112,0.8281115573995254,False
frame_000608.jpg,0,136.59646238950316,147.53075868265455,164.72423965040704,173.52783598749477,0.12721158965455315,10.934296293151391,8.803596337087725,0.8277372402303359,False
frame_000609.jpg,0,108.07916631849267,151.43703799179272,162.2091096249197,171.54861212880053,0.5977892265448933,43.35787167330005,9.339502503880823,0.84950071923873,False
frame_000610.jpg,0,86.39581797557088,148.389822794936,160.51088422046018,166.19319744948027,0.8841790530785839,61.99400481936513,5.682313229020082,0.8397036440232221,False
frame_000611.jpg,0,80.52252134468739,140.3925507899439,161.2574143823235,160.05196274469637,0.9928547162303356,59.870029445256506,1.2054516376271351,0.8055781704538009,False
frame_000612.jpg,0,102.09740773498625,117.9258392602052,164.80872710956916,153.21666675928768,0.7604159503506529,15.828431525218946,11.592060350281486,0.8094795416383183,False
frame_000613.jpg,0,128.79348198132772,100.94782564908071,170.49274605875576,147.9089187650962,0.4996755747168143,27.845656332247003,22.583827293659567,0.846672401708715,False
frame_000614.jpg,0,154.38233199586324,90.95186494246025,177.26031880667009,144.79374453799267,0.19961063041968605,63.43046705340299,32.46657426867742,0.857068889281329,False
frame_000615.jpg,0,166.59215170498675,93.71899830015168,176.75737247503594,147.48870081576123,0.09125551360249888,72.87315340483507,29.268671659274702,0.8822108366910149,False
frame_000616.jpg,0,167.99449032073227,115.87103447554354,173.20639534662166,153.47976702377753,0.051226463870161484,52.12345584518873,19.726628322844135,0.8771026379921857,False
frame_000617.jpg,0,162.7500022377243,135.94268285638802,172.48340291284623,160.29828699519155,0.2962904138328337,26.80731938133627,12.185115917654684,0.8579761350856108,False
frame_000618.jpg,0,150.5919818016147,151.0183298568593,173.92836573741488,165.44795742513756,0.499527271457975,0.4263480552446026,8.48040831227732,0.8156179154620451,False
frame_000619.jpg,0,133.5072821101876,159.34083431325473,176.6044581083773,168.3310150978825,0.8912414817582225,25.833552203067143,8.273443010494788,0.7990503205972559,False
frame_000620.jpg,0,110.58740296161749,161.2161750235235,178.4435814644791,169.99496112212736,1.463904699549477,50.62877206190602,8.448620342351745,0.8145764119484845,False
frame_000621.jpg,0,90.75579654827432,158.51585476529394,173.12429487037522,170.41193432633,2.060555928712017,67.76005821701962,2.712360544045225,0.8173432595589581,False
frame_000622.jpg,0,76.49461336781003,153.12912731154722,168.31073991976575,170.31775205692824,2.50731388593155,76.63451394373719,2.0070121371624907,0.8225627120803384,False
frame_000623.jpg,0,67.75688217108362,149.77391675634993,163.1462315908072,171.50122051257776,2.6378450306872483,82.01703458526632,8.35498892177057,0.8355846019352183,False
frame_000624.jpg,0,65.82509722693979,151.08542764878834,158.37309901299633,174.35344285353995,2.180485701685381,85.26033042184855,15.980343840543611,0.8466670057352852,False
frame_000625.jpg,0,70.33607250414512,156.08551265325704,155.24820955258474,178.69708543510995,1.4388311844562935,85.74944014911192,23.448875882525215,0.8796529103727901,False
frame_000626.jpg,0,81.58203279421974,163.64021052070746,154.0799287886773,177.1194817694649,0.3145096795706462,82.05817772648771,23.03955298078759,0.8764975070953369,False
frame_000627.jpg,0,98.4960442299092,169.5387420725829,154.55060164268411,174.26191654808966,0.8401504105145062,71.04269784267369,19.711314905405544,0.8810595484340892,False
frame_000628.jpg,0,119.31490549319311,170.4476717200468,157.43621201340716,173.122180110187,1.6526148679566375,51.13276622685369,15.685968096779845,0.8689723786185769,False
frame_000629.jpg,0,135.93699010366802,164.7537828454231,161.49808681206727,173.34226818745375,1.8300054899425133,28.81679274175508,11.844181375386484,0.8802902382962844,False
frame_000630.jpg,0,149.96838064520045,152.7284688648089,165.39689199124524,176.16467043140344,1.8875601363746606,2.760088219608434,10.767778440158196,0.8449030413347132,False
frame_000631.jpg,0,159.20305091884268,137.84727094392687,168.3064535411507,178.6201124960736,1.5291944071698964,21.355779974915805,10.313658954922914,0.8476127175723805,False
frame_000632.jpg,0,153.77728413197835,139.91390256068578,168.94108088181906,178.7968674606165,1.0566189227917522,13.863381571292564,9.85578657879745,0.8333760815508225,False
frame_000633.jpg,0,150.96770871098138,121.28784865541365,167.68114390771163,172.96286250017954,1.0054508380557787,29.67986005556773,5.281718592467911,0.8480129066635581,False
frame_000634.jpg,0,149.06339362079288,107.30803445707973,167.90425929682252,166.30345103039738,1.1987765313193057,41.75535916371315,1.6008082664251333,0.8287849426269531,False
frame_000635.jpg,0,148.3171015838334,94.83496695711025,169.6655684234035,160.48466293306555,1.4596434509930756,53.48213462672314,9.180905490337949,0.8084435287643882,False
frame_000636.jpg,0,148.89454636296836,92.78260227752436,172.28509445787878,154.20958067085806,1.8829054485551138,56.111944085443994,18.075513787020725,0.8029700202100417,False
frame_000637.jpg,0,164.47574297655132,76.5361089667968,176.38057382287064,148.9792136492282,2.373493205207801,87.93963400975451,27.401360173642445,0.8440623353509342,False
frame_000638.jpg,0,169.65159906913198,89.45057736090561,178.37942657183464,148.4865671034931,2.487528024839224,80.20102170822636,29.892859468341555,0.874162982491886,False
frame_000639.jpg,0,171.19552606681762,106.82981109661974,174.77162975640698,151.7791883324294,2.4307097525143844,64.36571497019789,22.992441423977567,0.8711205475470599,False
frame_000640.jpg,0,165.6855717876279,126.95065816022405,174.17483006286506,156.8335467945747,2.142078034519147,38.734913627403856,17.34128326829037,0.8589995748856488,False
frame_000641.jpg,0,154.32147279388562,142.83636171970952,175.75319752062808,161.80642690523402,1.8667462124334944,11.485111074176103,13.946770615394058,0.8500343175495372,False
frame_000642.jpg,0,137.73307610032205,153.64897270794864,178.98779433809733,165.14876930819875,1.4458996141486549,15.915896607626593,13.839025029898579,0.8423904706450069,False
frame_000643.jpg,0,117.02848525643816,158.8802739156916,175.719817551342,166.55486126644973,1.0070351256448429,41.85178865925343,9.16495628489227,0.8192297395537881,False
frame_000644.jpg,0,95.47745650612137,158.98038703719067,168.41970392795562,167.04527797301478,0.3873120880587621,63.502930531069296,1.3744259549408469,0.8259611901114968,False
frame_000645.jpg,0,80.86782891565453,155.1946859358693,162.4172819200169,166.1453683353377,0.1185781776260458,74.32685702021477,3.728086415320803,0.8526507545919979,False
frame_000646.jpg,0,71.48482619774579,152.50300577232844,156.5037165911207,166.98873342511055,0.1202625743214458,81.01817957458265,10.485016833989846,0.8251943903810838,False
frame_000647.jpg,0,67.97721634270746,152.06677568613142,151.5030873133618,168.7601311865209,0.06023596694696211,84.08955934342396,17.25704387315912,0.8331687204978045,False
frame_000648.jpg,0,70.70558335752199,155.14890848640758,147.79367240203848,172.7650027450031,0.4274374268482152,84.44332512888559,24.97133034296462,0.8635427180458518,False
frame_000649.jpg,0,81.2909022634526,159.52351117751314,146.06969332890196,176.67742174603393,1.2265836783875148,78.23260891406055,30.607728417131966,0.8737373492297005,False
frame_000650.jpg,0,93.71544377551027,163.94523796552755,145.86343058237009,179.85699517445084,1.8264084334591617,70.22979419001729,33.99356459208076,0.8857782658408669,False
frame_000651.jpg,0,113.42145484956764,161.86529873477755,149.39906134644966,179.06674662479276,2.0008419816976013,48.443843885209915,29.6676852783431,0.864699546028586,False
frame_000652.jpg,0,131.1794192379753,154.99444535531208,154.75064896684827,179.07748244667167,1.6375252637463706,23.81502611733677,24.326833479823392,0.8761114022311043,False
frame_000653.jpg,0,133.1756951993326,159.33073426239986,159.74027028542002,179.0269649552347,1.2040967852297435,26.15503906306725,19.286694669814665,0.8503100135747124,False
frame_000654.jpg,0,130.2367203529573,163.19988068422367,163.69448342973575,176.87678468177347,0.3600759450566341,32.96316033126638,13.182301252037718,0.8334868971039268,False
frame_000655.jpg,0,118.73273659052404,163.92660424072977,164.98059203686643,174.05654508393556,0.4769808648794851,45.19386765020573,9.075953047069135,0.834299806286307,False
frame_000656.jpg,0,90.4248662509577,168.65714493859772,162.29296076790726,172.95671155350507,0.9484697356163179,78.23227868764002,10.663750785597813,0.8368509061196271,False
frame_000657.jpg,0,87.49072470033857,161.13842325638942,160.68405191322964,167.71350154221764,1.064211215720466,73.64769855605084,7.029449628988004,0.8463483102181378,False
frame_000658.jpg,0,101.62989250696859,134.09313443229902,162.0372835935464,161.68421292252037,1.2415342893051147,32.463241925330436,0.35307067102601764,0.8176155405886033,False
frame_000659.jpg,0,121.027313496008,105.3102184626517,165.62390446444076,155.06301639373999,0.8319083313340809,15.717095033356301,10.56088807070077,0.8210291932610905,False
frame_000660.jpg,0,142.21255302638426,86.48097254295756,171.5041271533046,149.2650402191865,0.4265482688018775,55.7315804834267,22.23908693411812,0.8417236664715935,False
frame_000661.jpg,0,161.66862996348416,74.58638963612887,178.3236553784463,145.126135667861,0.023900457410940486,87.0822403273553,33.19751971058528,0.8671607971191406,False
frame_000662.jpg,0,167.2756777759242,93.5785192299681,176.58267999022544,147.26904111138995,0.2773859311579745,73.69715854595611,29.31363887883549,0.8737387587042416,False
frame_000663.jpg,0,167.68896670371515,114.43795118681568,173.69871242934454,153.0146132213282,0.38631249585632027,53.25101551689947,20.684099208016335,0.8735450786702773,False
frame_000664.jpg,0,161.97640033239716,135.35283251641184,173.1353849975932,159.71511778462948,0.151423598949319,26.623567815985325,13.420267212963722,0.8468281696824467,False
frame_000665.jpg,0,149.8974794179297,150.86824907758907,174.33051743810276,165.2300818322775,0.20151039134676782,0.9707696596593678,9.100435605825254,0.8306098159621743,False
frame_000666.jpg,0,133.0260247470634,160.01968465753274,176.7891467546047,168.7150375538246,0.7571966477860189,26.993659910469347,8.0741092007801,0.8039149396559772,False
frame_000667.jpg,0,111.06099695481268,162.11194388155633,178.84884975890122,170.6578565586396,1.5131482329257129,51.05094692674365,8.19099320026163,0.823457163922927,False
frame_000668.jpg,0,91.04138442220335,159.25096844694374,173.6510462645773,170.95085540845142,2.131393445536629,68.2095840247404,2.700190856125886,0.8189112999859978,False
frame_000669.jpg,0,76.46605409930014,154.59971801388627,169.24268169613623,171.18182146001823,2.6282396243981068,78.13366391458614,1.9391397638819967,0.8330595142701093,False
frame_000670.jpg,0,67.75491268753878,151.06664647905006,164.402214439679,172.33960330465098,2.762599663789395,83.31173379151129,7.937388864971979,0.8065738783163183,False
frame_000671.jpg,0,66.59367683633562,151.40531829520054,159.9116253110381,174.79569056711247,2.3697999703178456,84.81164145886493,14.884065256074365,0.8378204037161434,False
frame_000672.jpg,0,71.38195401164646,156.26890876842674,156.31770252322448,179.1620344627665,1.5058825561923574,84.88695475678028,22.84433193954203,0.866550838246065,False
frame_000673.jpg,0,82.42206114265021,163.6568889731552,154.88010144863892,176.5308907759775,0.4279341610457603,81.23482783050498,21.650789327338572,0.8673833538504208,False
frame_000674.jpg,0,100.01878613593955,168.67261071633223,155.22345821694992,174.10256230786283,0.7326108365372906,68.65382458039268,18.879104090912904,0.8711437197292552,False
frame_000675.jpg,0,120.5002008165716,169.40007153011268,158.06525113558664,173.02458918694919,1.4941240291381355,48.89987071354108,14.95933805136255,0.8726924202021431,False
frame_000676.jpg,0,136.71739194576068,163.96024766766575,162.00262911557698,173.32925887990567,1.7331113574363874,27.242855721905073,11.326629764328686,0.8741239975480473,False
frame_000677.jpg,0,150.15691102463649,152.0702189399678,166.01455042764306,176.21641321581004,1.6737219528046356,1.913307915331302,10.201862788166977,0.8374186754226685,False
frame_000678.jpg,0,159.3648790769187,137.33179496676286,169.16191475795452,178.86403666816062,1.2563018524199274,22.03308411015584,9.702121910206102,0.8394298308035907,False
frame_000679.jpg,0,153.30237603702903,140.10462667931705,169.33460491897048,178.94137135079131,0.7745524175308967,13.197749357711984,9.60676643182083,0.8230847716331482,False
frame_000680.jpg,0,151.06250007865088,121.76383230613143,168.33144596326724,172.7360092770459,0.838460641167599,29.29866777251945,4.404563313778652,0.8365388197057387,False
frame_000681.jpg,0,148.9530364929662,107.6213370250134,168.31650472184504,166.25454122827014,1.094046633852561,41.33169946795279,2.0619634935748934,0.8265313330818626,False
frame_000682.jpg,0,148.8570124100838,95.72763096451195,170.12833650680375,160.06353787235568,1.4673695546018677,53.12938144557185,10.064798634448067,0.793691922636593,False
frame_000683.jpg,0,149.66304296731624,92.58841091439577,172.39298314954803,153.9642509974644,2.0654631891894053,57.07463205292048,18.428732152083626,0.7897736219798818,False
frame_000684.jpg,0,164.86396380150427,75.93719963800073,176.64127198073464,147.9694543164342,2.605328737651402,88.92676416350353,28.67181766430045,0.832930796286639,False
frame_000685.jpg,0,169.35788814626324,88.76822955152893,178.57959149370654,148.13131272151568,2.5691605019654506,80.5896585947343,30.44827877219086,0.8475580776438993,False
frame_000686.jpg,0,171.14918816972087,106.04548470876973,174.96446157972846,151.2482013829181,2.4546926497750143,65.10370346095114,23.716260196810367,0.8728967273936552,False
frame_000687.jpg,0,165.4358222473076,126.7326749660221,174.39984171008464,156.54144968813793,2.2022956302404366,38.70314728128551,17.858392021946713,0.862896063748528,False
frame_000688.jpg,0,154.6672062375418,142.90017962405676,175.69153765278605,161.45567127980243,1.805390469755678,11.76702661348503,14.235866372983622,0.8437991563011619,False
frame_000689.jpg,0,138.8317623745951,154.250868176035,179.13380114654342,165.64347203527927,1.2792282931869374,15.419105801439912,13.490329111264145,0.8390143829233506,False
frame_000690.jpg,0,118.99818850927127,159.67794229889512,175.98820019596087,166.91171603614086,0.9852752035515766,40.679753789623845,9.076484159820012,0.8264073063345516,False
frame_000691.jpg,0,96.6488276928064,159.6010161299906,168.4351792612636,167.05029437154673,0.6034995480082389,62.95218843718419,1.3848848897168864,0.8199517972329083,False
frame_000692.jpg,0,81.64505417132577,156.02102282745207,162.34587058045037,166.46000714425807,0.18326671153809326,74.3759686561263,4.114136563807705,0.8453317880630493,False
frame_000693.jpg,0,72.42104575789539,152.4268351990952,156.9136876435785,166.6163559579044,0.0024419328557496603,80.00578944119981,9.702668314325905,0.814607932287104,False
frame_000694.jpg,0,68.55864557988923,151.95262030584595,152.02861301172769,168.25200777444792,0.18335996904856836,83.39397472595672,16.223394762720233,0.8434616151977988,False
frame_000695.jpg,0,71.01784003935433,154.86260605950602,147.93859044250766,172.40449009288253,0.42707415335603643,83.8447660201517,24.465899650374865,0.8555445671081543,False
frame_000696.jpg,0,81.25252602880254,159.70275743952377,146.28599892081294,176.66594546563078,1.0394446215444142,78.45023141072123,30.37994654481784,0.8640126305467942,False
frame_000697.jpg,0,93.63113791705952,164.04605262812765,146.18133406094714,179.5368568113844,1.5768168378154768,70.41491471106814,33.355522750437274,0.8871152681462905,False
frame_000698.jpg,0,112.72638073197128,161.89184722076703,149.61073400257388,178.7188313270989,1.7604810477453816,49.16546648879576,29.108097324525033,0.8482584742938771,False
frame_000699.jpg,0,130.45326205590047,154.83504699902224,154.81650726992683,179.13559732114732,1.515055482286498,24.381784943121772,24.319090051220485,0.8664920084616717,False
frame_000700.jpg,0,145.21337525323247,142.1241585351151,159.84203395054362,178.52231800761137,1.1457275570174061,3.0892167181173704,18.68028405706775,0.8221024344949162,False
frame_000701.jpg,0,145.03228934270675,145.53455039511252,164.20441886094977,176.0083585629875,0.3575403082481031,0.5022610524057711,11.803939702037724,0.8378307328504675,False
frame_000702.jpg,0,137.6586527434298,146.41400256045856,165.61656022650473,172.7664515697132,0.3617687853415469,8.755349817028758,7.1498913432084805,0.8213094122269574,False
frame_000703.jpg,0,112.53065848139065,150.82165947820974,163.3580777073162,170.76977475612637,0.7168424221885341,38.29100099681909,7.4116970488101686,0.8357442371985492,False
frame_000704.jpg,0,85.01864322879683,139.59407603619945,161.51693540228726,165.4963390697859,0.8879088696664726,54.57543280740262,3.9794036674986444,0.8319994035889121,False
frame_000705.jpg,0,79.09051923297069,130.96755796399705,162.10947850634636,159.73034751465363,0.9988955662551139,51.87703873102636,2.3791309916927332,0.7998873696607702,False
frame_000706.jpg,0,102.07384466602178,102.26716489034558,165.39491872569087,153.76415697856658,0.8218426556008693,0.19332022432379858,11.630761747124296,0.8116551497403313,False
frame_000707.jpg,0,129.76911582598737,83.21594716415322,170.9127812059231,149.31718755630246,0.5752698254545364,46.55316866183415,21.59559364962064,0.8161451290635502,False
frame_000708.jpg,0,155.41328002235716,73.01136794648072,177.778549296874,146.29853122356198,0.3918571619093371,82.40191207587644,31.48001807331201,0.8650778952766868,False
frame_000709.jpg,0,166.71518684481123,93.21815135357448,176.8076399779298,148.29575625646154,0.15982476631265663,73.49703549123674,28.51188372146825,0.8607325273401597,False
frame_000710.jpg,0,168.11399980871448,114.20192798562964,173.27348261156573,153.68121341398592,0.1212684028103645,53.912071823084844,19.59226919757981,0.8806664628141067,False
frame_000711.jpg,0,161.69628518605663,135.46637430026968,173.1553753773352,159.81756004911057,0.11491975873138863,26.22991088578695,13.337815328224622,0.8579311546157388,False
frame_000712.jpg,0,149.42070333243575,150.08581794046788,174.56163063498968,164.17461742181996,0.24173774606577622,0.6651146080321269,10.387013213169723,0.8288091736681321,False
frame_000713.jpg,0,132.04465931821557,158.28908705992643,177.31616817044818,167.0013667706465,0.6889143782923992,26.244427741710865,10.314801399801667,0.7960219558547524,False
frame_000714.jpg,0,110.26751506399104,160.34836904808571,177.9158346378203,168.9167867673309,1.2598205200929486,50.080853984094674,8.999047870489392,0.8063539196463192,False
frame_000715.jpg,0,90.82762989374896,157.82850894217844,172.74533590937045,169.69066274955452,1.8729751657103535,67.00087904842948,3.054673159815934,0.8255387474508846,False
frame_000716.jpg,0,76.7987447902151,152.15206654782665,168.43012455415234,169.59477818394728,2.393839023595055,75.35332175761155,1.164653629794941,0.8157625058118034,False
frame_000717.jpg,0,68.4564672894886,148.9321198233512,163.77147614980157,171.1468560801933,2.6608137696598657,80.4756525338626,7.375379930391716,0.8086411251741297,False
frame_000718.jpg,0,67.23780782203397,150.17448721024851,159.52493872414587,174.1933630617624,2.267560223694248,82.93667938821454,14.668424337616528,0.8457848710172317,False
frame_000719.jpg,0,71.23990522380083,154.90919612637254,156.04849536545552,178.5894708478726,1.5159585687165364,83.6692909025717,22.540975482417082,0.8532431826871985,False
frame_000720.jpg,0,82.40849243876387,162.23111876753762,154.69678441204897,177.35952701904037,0.43669754771431085,79.82262632877375,22.6627426069914,0.8743981964447919,False
frame_000721.jpg,0,99.64318728840085,168.4957204789073,155.03603202115283,174.17866635862995,0.6721322797451861,68.85253319050643,19.14263433747712,0.8760731465676251,False
frame_000722.jpg,0,119.94667809718614,169.37254285292946,158.06409199024918,173.19073123517313,1.4838488000604786,49.42586475574332,15.12663924492395,0.871441529077642,False
frame_000723.jpg,0,135.8757911301917,163.87481913489074,161.64464573634345,173.61027346866476,1.776667802162508,27.999028004699056,11.965627732321309,0.8714093741248635,False
frame_000724.jpg,0,149.95940076812607,152.33704985098106,165.70164642253175,176.25297910665338,1.7162374605369681,2.3776490828549868,10.551332684121633,0.8441473070312949,False
frame_000725.jpg,0,158.96729730428643,144.27122310198015,168.57618352766875,178.61916958985026,1.2923825153081,14.696074202306278,10.042986062181512,0.8548697303323185,False
frame_000726.jpg,0,153.1553183932117,148.16575255193385,168.9613491332185,179.00639469592014,0.8814891000916543,4.989565841277852,10.045045562701631,0.8358679694287917,False
frame_000727.jpg,0,150.93168325964638,128.03567538458586,167.89607273324074,172.63331037174,0.8866492739754871,22.89600787506052,4.737237638499266,0.8424815956284019,False
frame_000728.jpg,0,148.74537752470212,115.0752149013569,167.98977587059167,165.46535635310644,1.0768774179486262,33.67016262334522,2.524419517485228,0.8223272036103642,False
frame_000729.jpg,0,148.29568739764832,101.76562999497986,169.85565531663374,159.3911514813239,1.3293100381212302,46.53005740266846,10.464503835309841,0.8132617648910073,False
frame_000730.jpg,0,148.7500365748029,94.70658488915679,172.40526050025318,152.88386401096136,1.884515443044698,54.043451685646104,19.521396489291817,0.8206524463260875,False
frame_000731.jpg,0,164.1260987984849,78.0067385274511,176.5299772952767,147.29082025396812,2.3488980609637995,86.11936027103378,29.239157041308573,0.8470944481737473,False
frame_000732.jpg,0,168.8064491407787,89.74627513988496,178.7111261993983,147.49330422470783,2.433317721830424,79.06017400089375,31.21782197469048,0.8758183332050548,False
frame_000733.jpg,0,171.05061127866102,105.62971069103453,174.93328063945327,151.62710475266454,2.396315983718149,65.42090058762649,23.306175886788736,0.8744457013466779,False
frame_000734.jpg,0,165.44528625405263,125.78810180964845,174.54077961621374,156.295777815606,2.2803224875124077,39.65718444440418,18.245001800607753,0.8576590944738949,False
frame_000735.jpg,0,154.98091008515883,142.2426189699202,176.06515670016375,161.45829878081793,2.003672114967729,12.738291115238638,14.606857919345828,0.846484058043536,False
frame_000736.jpg,0,139.34614716741945,153.2467689320875,179.208961334737,164.79508464631036,1.5393897249527573,13.900621764668045,14.413876688426654,0.8540574347271639,False
frame_000737.jpg,0,119.49608292995971,158.5976160347272,175.91052952742362,166.29410001530445,1.125747686382556,39.10153310476748,9.616429512119169,0.8185042563606711,False
frame_000738.jpg,0,97.09700079465885,158.8638225220609,168.5424543657822,166.69570097698215,0.5616015195295255,61.766821727402046,1.846753388800039,0.8298944725709803,False
frame_000739.jpg,0,82.08169685584137,155.6155319107858,162.8373177653287,166.08140292642906,0.17969509133727465,73.53383505494442,3.2440851611003723,0.845828627838808,False
frame_000740.jpg,0,72.36055155421843,152.61369325008414,157.26434824030147,166.74457176943804,0.059873639473769016,80.25314169586571,9.480223529136566,0.8238866118823781,False
frame_000741.jpg,0,68.6975249992546,152.03476544616066,152.0726558314297,168.69608898223262,0.12008064552380539,83.33724044690607,16.623433150802924,0.8400880413896897,False
frame_000742.jpg,0,71.78126017327394,155.0346962319908,147.97094504990312,172.5886406557204,0.5481654365755891,83.25343605871687,24.61769560581729,0.858040171511033,False
frame_000743.jpg,0,81.92999142405083,160.10226681627637,145.6138921520942,176.7805474978614,1.3391802504594907,78.17227539222554,31.166655345767197,0.8684067866381477,False
frame_000744.jpg,0,94.12095382501451,164.67810393148542,145.0102036540337,179.39304214830568,1.8710530882888954,70.55715010647091,34.382838494271994,0.8835362546584186,False
frame_000745.jpg,0,113.4795830275423,162.52043869220614,148.48726717189595,178.6823554633098,2.046225949447215,49.04085566466384,30.19508829141384,0.8759538811795852,False
frame_000746.jpg,0,130.71694269683047,155.89974694234468,153.99856439088526,179.26748845075997,1.8057221016439444,25.182804245514205,25.268924059874706,0.871223179733052,False
frame_000747.jpg,0,145.36338002700978,153.51795046840897,158.90930174565594,178.75332860749293,1.3156679980805324,8.154570441399187,19.844026861836994,0.84086573825163,False
frame_000748.jpg,0,145.30318804327072,158.43068327464854,163.27595245935836,176.54795469216745,0.5332441761257647,13.127495231377821,13.272002232809086,0.8255696156445671,False
frame_000749.jpg,0,137.45946971091345,160.14497844517612,164.7186488021,173.6226377516716,0.24205472272240244,22.68550873426267,8.903988949571584,0.8265795041533077,False
frame_000750.jpg,0,110.99815727660909,165.17310713722082,161.4560744436122,172.05134629244282,0.6533042423831996,54.17494986061173,10.595271848830606,0.8416148564394783,False
frame_000751.jpg,0,86.37806124866826,169.86527122918764,160.3607400337007,172.71805565851858,0.943393583501722,83.48720998051938,12.357315624817886,0.8569990361438078,False
frame_000752.jpg,0,79.32452874133058,144.13019533082067,161.36021034728142,166.89528936017047,1.2341404360315844,64.80566658949009,5.535079012889042,0.8180116870824028,False
frame_000753.jpg,0,102.27263895455509,111.07037903825257,164.84985473758434,160.75410978946798,1.0106154328321018,8.797740083697477,4.095744948116362,0.811547717627357,False
frame_000754.jpg,0,129.74337925932548,89.79174286099864,170.5951152097635,155.5678233267188,0.7054234553496345,39.95163639832684,15.027291883044683,0.8524853692335241,False
frame_000755.jpg,0,155.7156786054201,77.73106109443299,177.88253092777174,151.9831529647472,0.41525343689056,77.9846175109871,25.899377963024534,0.8625556616222158,False
frame_000756.jpg,0,166.70670957919728,92.97321726897971,176.7958966314508,148.70758111169286,0.24405743456640752,73.73349231021757,28.08831551975794,0.8926221342647777,False
frame_000757.jpg,0,168.20922327726038,114.12974291944359,173.51471681058572,154.4749517921044,0.07729852545389326,54.07948035781679,19.03976501848132,0.8819025965297923,False
frame_000758.jpg,0,162.9920672479981,134.70891890193082,172.64987977355622,160.6735772645189,0.25389890514242747,28.283148346067293,11.97630250903731,0.8602208740570966,False
frame_000759.jpg,0,150.5804562659361,149.99506710428756,174.0666406611874,165.57132826906562,0.5039737445742094,0.5853891616485498,8.495312392121775,0.8160639580558328,False
frame_000760.jpg,0,132.93498384003328,158.64996295472156,176.6392835429133,168.4505848127602,0.9973293631710003,25.714979114688276,8.188698730153078,0.851567945059608,False
frame_000761.jpg,0,110.72386298385524,160.57509267993692,179.01886984881824,169.88219699035778,1.5548466506187555,49.851229696081674,9.136672858460457,0.8102982640266418,False
frame_000762.jpg,0,89.80490054889998,157.98546741861267,173.56381214022724,170.06578482006108,1.955497235363681,68.18056686971269,3.498027320166159,0.8286025524139404,False
frame_000763.jpg,0,75.67729758534111,152.94718691006037,169.01761174799003,170.09342166940291,2.4888937043446338,77.26988932471926,1.0758099214128833,0.8330987656817717,False
frame_000764.jpg,0,67.28142531148946,149.46661736700912,164.23754146181997,171.21868134023123,2.689156565927281,82.18519205551966,6.9811398784112555,0.8378082618993872,False
frame_000765.jpg,0,66.14159848914382,150.89837196919711,159.69930614509565,174.27179583125317,2.3091591946528833,84.7567734800533,14.572489686157525,0.8428829908370972,False
frame_000766.jpg,0,70.61148778472902,155.5598601020959,155.7057930019449,178.42871239335474,1.3860001318686654,84.94837231736689,22.722919391409846,0.8698224951239193,False
frame_000767.jpg,0,82.41619908914932,162.83016786924523,154.69866800900775,177.35008094532967,0.49270167557076555,80.41396878009591,22.65141293632192,0.8726311676642474,False
frame_000768.jpg,0,99.13417000989382,168.42479282774536,154.89422296409717,174.58829737082328,0.6770081828996705,69.29062281785154,19.694074406726116,0.8839224612011629,False
frame_000769.jpg,0,119.33882733145438,169.46763628049175,157.74914450436182,173.2981290832399,1.4959038066467492,50.128808949037364,15.548984578878077,0.8621593959191266,False
frame_000770.jpg,0,135.639027445869,163.19667940259166,161.53324952379302,173.9744744516832,1.7337203209317875,27.55765195672265,12.441224927890175,0.8730109298930449,False
frame_000771.jpg,0,149.29219036515224,151.6592955615249,165.42150364238873,176.46271125290366,1.6104635170845758,2.367105196372677,11.041207610514931,0.8281159891801722,False
frame_000772.jpg,0,158.3752269551623,136.73352029160338,168.41517652952194,178.91191560799479,1.2521156540222815,21.64170666355892,10.496739078472842,0.8423944255884956,False
frame_000773.jpg,0,152.68565987290063,139.3191418395863,168.74799775206057,178.79644654842764,0.8339786812253441,13.366518033314321,10.048448796367069,0.823736639583812,False
frame_000774.jpg,0,150.94983816740347,121.21761726077676,167.74854976978105,172.60545700732152,0.9482985639907845,29.732220906626708,4.856907237540469,0.8292768071679508,False
frame_000775.jpg,0,148.61536551995604,115.82729187830694,167.55213757520846,172.84801645969173,1.1980121106721227,32.788073641649106,5.2958788844832725,0.8310403473236981,False
frame_000776.jpg,0,148.1070225370696,103.83133651886578,169.3725932404472,167.07457371238527,1.5475080790627418,44.27568601820383,2.2980195280619284,0.7852411305203157,False
frame_000777.jpg,0,148.57827922555956,100.88783932319215,171.67010161945447,160.46484493857406,2.204409306667377,47.6904399023674,11.20525668088041,0.7889314258799833,False
frame_000778.jpg,0,164.24836944407693,83.06456448832479,176.04247126520528,154.8298301179948,2.6780136873497633,81.18380495575214,21.21264114721049,0.8597070539698881,False
frame_000779.jpg,0,168.67587724433847,96.77413291602247,179.0094418085787,155.03435116570967,2.5844209912499005,71.901744328316,23.97509064286905,0.8480821567423203,False
frame_000780.jpg,0,170.42884976733228,105.22241669137125,175.41524224268525,151.23515305103967,2.5572202624238214,65.20643307596103,24.18008919164558,0.8658637755057391,False
frame_000781.jpg,0,164.9382495392773,125.6817366672815,174.78783793253461,156.1548339046712,2.359689305576328,39.25651287199581,18.63300402786342,0.8496509019066306,False
frame_000782.jpg,0,153.96288374243636,142.01049140283965,176.10585917729446,161.43043824241605,1.906827123493932,11.952392339596713,14.675420934878417,0.8358088836950415,False
frame_000783.jpg,0,138.08306896756196,152.93085332852283,179.04568190800077,164.80315461997583,1.4368867788283919,14.847784360960873,14.242527288024945,0.8573733287699082,False
frame_000784.jpg,0,118.35271837345607,158.30060918492842,176.13930856447269,166.06068833514553,1.1491752913384088,39.94789081147235,10.078620229327157,0.811956384602715,False
frame_000785.jpg,0,96.34281099070259,158.65462336756613,168.77128438632283,166.45368236273424,0.6999258991909681,62.31181237686354,2.3176020235885915,0.8250544912674848,False
frame_000786.jpg,0,81.70616536775029,155.607099171093,163.13502535061806,166.243067618278,0.24425951641770638,73.90093380334272,3.1080422676599255,0.8460577130317688,False
frame_000787.jpg,0,72.55560700105643,152.74177918980828,157.70226296139396,166.66480267756248,0.06249855915516789,80.18617218875185,8.962539716168521,0.8206375907449162,False
frame_000788.jpg,0,68.86883437684246,151.95640802113792,152.31246045351608,168.28453975774312,0.30215534645979625,83.08757364429546,15.972079304227037,0.8298054898486418,False
frame_000789.jpg,0,71.42178234245928,155.08867353223403,148.14212879783187,172.59824483056232,0.5443659261837189,83.66689118977474,24.45611603273045,0.8566596192472121,False
frame_000790.jpg,0,81.67692506809705,159.6248388826662,146.28676899286654,176.90420852070022,1.0906603322137602,77.94791381456916,30.61743952783368,0.8752282437156228,False
frame_000791.jpg,0,93.95213658985138,163.81031951181095,145.57060245863255,179.62528616224267,1.738293515542243,69.85818292195957,34.054683703610124,0.8863485069835887,False
frame_000792.jpg,0,112.83592455818797,162.2281541083767,148.80415354897133,178.450827114693,1.9118249787712052,49.392229550188745,29.64667356572167,0.8665459015790153,False
frame_000793.jpg,0,130.4244593893017,155.35991184096264,154.34502732533784,178.76394934511828,1.6758873432329677,24.93545245166095,24.41892201978044,0.8772846285034629,False
frame_000794.jpg,0,144.8851313253209,142.97613894259194,159.03111172553653,178.96112285211808,1.3080713220716487,1.908992382728968,19.930011126581547,0.8495325761682847,False
frame_000795.jpg,0,144.55745418132187,146.68088561033065,163.157889259702,176.42262495835064,0.5910496403772569,2.1234314290087752,13.26473569864865,0.8317332548253676,False
frame_000796.jpg,0,136.96739985636404,147.87911834010885,164.7076621687729,173.30259098612547,0.18461614396353956,10.911718483744806,8.594928817352553,0.8363378363497117,False
frame_000797.jpg,0,110.97144669004467,152.91921915384896,161.36488134815932,171.7493608036421,0.5985322802414914,41.947772463804284,10.38447945548279,0.8304004073143005,False
frame_000798.jpg,0,86.37417038744513,142.1220672905977,159.60501990498656,166.64716811372256,0.8797979404240799,55.747896903152565,7.042148208735995,0.8515672999269822,False
frame_000799.jpg,0,80.08767568331558,132.2326872711928,160.46723163164282,160.02666792716528,0.9960214548173505,52.14501158787721,0.44056370447754034,0.8296425237375147,False
frame_000800.jpg,0,102.84879278380431,102.58406917859809,163.9794531143366,154.1597440861249,0.7663079087988527,0.2647236052062283,9.81970902821169,0.8078064532840953,False
frame_000801.jpg,0,128.81509191920802,82.33812598709598,169.6700300683056,149.01066589837265,0.4675480492307746,46.47696593211204,20.659364169932957,0.8036839190651389,False
frame_000802.jpg,0,154.197421152458,71.06801357363992,177.2464989559913,145.06405488299941,0.17356818888344716,83.12940757881807,32.1824440729919,0.845433442031636,False
frame_000803.jpg,0,166.25964498198556,91.1411054714847,177.01480652156724,147.61227022068567,0.002838393649362155,75.11853951050085,29.402536300881565,0.857905223089106,False
frame_000804.jpg,0,168.40782943251193,113.4092540878641,173.140391640444,153.58782270593386,0.042987291317854594,54.99857534464783,19.552568934510134,0.8789504836587345,False
frame_000805.jpg,0,163.31615397360574,134.79331365252003,172.39498624745133,159.79001422670555,0.13824885839117065,28.52284032108571,12.604972020745777,0.8725315542782054,False
frame_000806.jpg,0,151.5306281403991,150.2698502898602,173.73731543947795,164.8830541128178,0.37747584134254747,1.260777850538915,8.85426132666015,0.82521811653586,False
frame_000807.jpg,0,134.04436571075337,159.36186201815332,176.6842825486599,168.17942905567534,0.8087759388545451,25.31749630739995,8.504853492984552,0.8201357932651744,False
frame_000808.jpg,0,110.80570843492156,160.88864480034653,178.5125036045289,169.52785897781195,1.3127479037495884,50.08293636542497,8.984644626716943,0.8137217935393838,False
frame_000809.jpg,0,90.75786246381412,158.20802259196876,173.16880909501603,169.95067920216263,1.8547727552784787,67.45016012815464,3.2181298928533977,0.8244243719998527,False
frame_000810.jpg,0,76.41167159205744,152.28774827006873,168.51647998231778,169.59416915996192,2.3244427797354303,75.87607667801129,1.077689177644146,0.8333087072652929,False
frame_000811.jpg,0,67.22922871422082,149.28732159602362,163.3588540211248,171.1644205680411,2.5824145132370675,82.05809288180279,7.805566546916282,0.8230691587223726,False
frame_000812.jpg,0,65.55936919299086,149.99793894895825,159.09141581635245,173.91182472542877,2.255788672724011,84.43856975596739,14.82040890907632,0.8412139591048745,False
frame_000813.jpg,0,70.98005433643542,154.993403226961,156.1806443173186,178.3350038790526,1.5732365401162482,84.01334889052558,22.154359561733997,0.8756523412816665,False
frame_000814.jpg,0,81.73336006771031,162.32386198096384,154.7921940678139,177.356239681688,0.6186476388922717,80.59050191325353,22.5640456138741,0.871402151444379,False
frame_000815.jpg,0,98.20715802960662,168.55349750968213,154.88399927991642,174.2289324523946,0.5510924138388068,70.34633948007551,19.344933172478164,0.8785544739050024,False
frame_000816.jpg,0,119.26287835178661,169.20918185392387,158.1866726933133,173.41380217736443,1.4294158130864105,49.946303502137255,15.227129484051119,0.8543044959797579,False
frame_000817.jpg,0,135.9452444942849,164.42192164320446,161.99313700956014,173.34018483185426,1.715419247395084,28.47667714891955,11.347047822294115,0.8787373374490177,False
frame_000818.jpg,0,149.13253071307085,152.74099968585276,165.53598300536646,175.79136130604803,1.7128590381840125,3.608468972781907,10.25537830068157,0.8510854594847735,False
frame_000819.jpg,0,158.64155554880767,138.24009009679764,168.67471855918959,178.45580974905218,1.4052967257599214,20.40146545201003,9.781091189862593,0.8644410371780396,False
frame_000820.jpg,0,152.9593148042483,140.8584440084099,169.40986266831504,179.22104424750037,0.8727535388139609,12.100870795838404,9.81118157918533,0.8280293170143577,False
frame_000821.jpg,0,150.8118234386034,122.24510004277174,168.2208116734241,172.9129546208331,0.8692538543762186,28.56672339583166,4.692142947408996,0.8520860882366404,False
frame_000822.jpg,0,148.16878053187395,114.91676350166719,168.13608513309308,172.63373470798507,0.9404571271477957,33.25201703020676,4.4976495748919945,0.8350752627148348,False
frame_000823.jpg,0,147.71253933533384,103.3641070747545,169.8946232060648,166.9054377139839,1.1971617533625194,44.348432260579344,2.9891854920809067,0.80595143402324,False
frame_000824.jpg,0,148.3659746103722,101.67217976133298,172.51084397077014,160.94396646288254,1.6832359355741577,46.69379484903922,11.566877507887597,0.792836448725532,False
frame_000825.jpg,0,164.40099573711808,82.1786629352416,176.9604451184555,155.4748973337148,2.1847518002749085,82.22233280187648,21.485547784740703,0.8302550210672266,False
frame_000826.jpg,0,168.84015616787434,99.06672486603992,178.13234374432037,155.60625168060736,2.166082702984103,69.77343130183442,22.52609206371301,0.869618461412542,False
frame_000827.jpg,0,171.1499639556028,108.6491625347451,174.49072213786465,151.51402494698064,2.1893475565958576,62.5008014208577,22.97669719088401,0.8594619912259719,False
frame_000828.jpg,0,166.27771749859207,125.8955603293984,173.79071968891566,156.03427282942124,2.2593323457773056,40.38215716919366,17.756446859494417,0.8552703436683206,False
frame_000829.jpg,0,155.11645124587827,141.9414981171353,175.29521305890276,161.051467967182,1.9058830918942329,13.17495312874297,14.243745091720768,0.8500736601212445,False
frame_000830.jpg,0,138.70907539547582,153.22881019225764,178.64603951555094,164.58175980431102,1.4770533985358398,14.519734796781819,14.06427971123992,0.8573366473702824,False
frame_000831.jpg,0,118.29154701197594,159.14627491455224,176.08699340927745,166.32427812912206,1.192158175378415,40.8547279025763,9.76271528015539,0.8285038611468147,False
frame_000832.jpg,0,95.52741476323128,159.74275548113613,168.20184160713413,166.568402965084,0.8751322538605649,64.21534071790485,1.6334386420501232,0.8393986400435952,False
frame_000833.jpg,0,80.05824262752265,156.4133724151406,162.06312200162125,166.53498305308457,0.18093332875563353,76.35512978761795,4.471861051463321,0.855203249875237,False
frame_000834.jpg,0,71.07115320622448,153.46377870638176,156.7648133355849,167.15456670312082,0.054863952470469,82.39262550015728,10.389753367535917,0.8247914454516243,False
frame_000835.jpg,0,67.13111049844352,152.30056983355735,151.58522817348512,168.75331999088337,0.12373812487864096,85.16945933511383,17.16809181739825,0.8280027263304767,False
frame_000836.jpg,0,70.56040140456557,155.33549368452086,147.7561131780386,172.75129661594315,0.4262205066673583,84.77509227995529,24.995183437904558,0.8638890315504635,False
frame_000837.jpg,0,81.04621625646797,160.24194591875522,145.89999991713788,177.40779546598083,0.9171922805243106,79.19572966228725,31.50779554884295,0.8728508844095118,False
frame_000838.jpg,0,93.9208126203305,164.31683977189672,145.58018238698494,179.21224663059365,1.631459741341202,70.39602715156623,33.63206424360871,0.8913192784084993,False
frame_000839.jpg,0,112.51865609511981,162.12949610004577,148.68610303058946,178.79846205395233,1.927123537416298,49.61084000492596,30.11235902336287,0.8631877793985254,False
frame_000840.jpg,0,130.61076784685858,155.44475761781902,154.32143752313502,179.3066401079363,1.8124208353469449,24.833989770960443,24.98520258480127,0.8699654480990242,False
frame_000841.jpg,0,145.0180725840706,143.03993268432677,159.35090618614595,178.68340445002573,1.3200016711636615,1.9781398997438373,19.332498263879785,0.8423895625507131,False
frame_000842.jpg,0,145.2121855876966,146.77696323698532,164.09218513400785,176.28185029559467,0.5316995809096509,1.5647776492887147,12.189665161586817,0.8299170381882611,False
frame_000843.jpg,0,138.0572181487667,148.4374949665846,165.69099615726853,173.64903987707777,0.3041261082468352,10.3802768178179,7.95804371980924,0.8393782447366154,False
frame_000844.jpg,0,114.75444323772456,149.38032165460865,163.77353446128913,170.29114295636793,0.7714102004071285,34.62587841688409,6.517608495078804,0.8399001430062687,False
frame_000845.jpg,0,87.98155232844833,138.04595632271545,161.22741274871026,164.77377550544426,1.0436131023792294,50.064403994267124,3.5463627567339984,0.8560926353230196,False
frame_000846.jpg,0,81.65225830142784,129.58411994502106,162.01763757247645,158.43487517206793,1.1773314187475077,47.93186164359322,3.5827624004085123,0.8200474907370174,False
frame_000847.jpg,0,105.2103591838542,101.80886152175015,165.47453812998654,152.00785510867976,0.9537951794820233,3.401497662104049,13.466683021306778,0.8141167198910433,False
frame_000848.jpg,0,131.32695410621676,82.61041262158797,171.13017116045532,146.2871776054576,0.7022297814591274,48.71654148462879,24.84299355499772,0.8422421462395612,False
frame_000849.jpg,0,154.50839154091128,73.23497885028175,177.41017715107887,144.54156892235477,0.411309290017506,81.27341269062953,32.8686082287241,0.8490098294089822,False
frame_000850.jpg,0,166.8566845419347,92.19987835994107,176.67597659165477,147.25055970327105,0.1891065718784159,74.65680618199363,29.425416888383722,0.8572563669260811,False
frame_000851.jpg,0,168.52194947947214,112.99171680126395,173.0797670517187,153.18072937792235,0.062124211648826005,55.53023267820819,19.899037673796357,0.8866773282780367,False
frame_000852.jpg,0,163.0469357503393,133.96240174322628,172.7496589093244,159.34882799689888,0.06190217555906602,29.084534007113007,13.400830912425533,0.8555901681675631,False
frame_000853.jpg,0,151.14445102994247,149.08446635398843,174.13349307449568,164.21932737130078,0.19522135597475387,2.0599846759540412,9.914165703194897,0.8234833373742945,False
frame_000854.jpg,0,134.04996269026432,158.0988664094255,176.60443016178812,167.37767260912673,0.6326631945011748,24.04890371916119,9.226757552661383,0.8025975753279293,False
frame_000855.jpg,0,111.90387984290528,161.30441285302896,179.27390715234182,169.78268162152077,1.330972865554743,49.40053301012368,9.491225530821055,0.7967327131944544,False
frame_000856.jpg,0,91.31477431006552,159.0222247627603,173.93646204329607,170.66568808839196,1.9209809830162257,67.70745045269477,3.270773954904115,0.8382648194537443,False
frame_000857.jpg,0,75.97018053474375,153.4836629242691,169.39596532607254,170.61995983212762,2.477653203770639,77.51348238952536,1.223994506055078,0.8331553059465745,False
frame_000858.jpg,0,66.7378796115573,150.26063554711683,164.23934091877996,172.1938672375917,2.769277643378187,83.52275593555953,7.95452631881173,0.836322612622205,False
frame_000859.jpg,0,64.91663740219377,151.17390106278398,159.92984408047047,175.01586218917134,2.50586323974838,86.25726366059021,15.08601810870087,0.8553260424557854,False
frame_000860.jpg,0,69.93212701052731,155.25433289056056,156.6039858760735,178.716386604256,1.7201154820883824,85.32220588003325,22.112400728182507,0.8779090607867521,False
frame_000861.jpg,0,81.2066879614004,162.568833514277,155.21976517789423,177.29038240774594,0.6637289038109737,81.3621455528766,22.070617229851706,0.8646460280698889,False
frame_000862.jpg,0,98.48784634901111,168.20057067661995,155.50878437044557,174.6617593993684,0.5517287049992912,69.71272432760884,19.15297502892284,0.879971420063692,False
frame_000863.jpg,0,119.35839759395009,169.2265432649587,158.42591254988898,173.74692375933466,1.4901274799404445,49.86814567100862,15.321011209445686,0.8685613379758947,False
frame_000864.jpg,0,135.61320887861334,163.62511201381338,161.93712949754845,174.16837871831257,1.8355321831060727,28.011903135200043,12.231249220764113,0.8926592995138729,False
frame_000865.jpg,0,149.28662906544724,152.2855175671014,165.52019269951293,176.50372284393362,1.8325101623649056,2.9988885016541644,10.983530144420683,0.8461910766713759,False
frame_000866.jpg,0,158.44652322963458,144.59927168559662,168.1327155746141,179.06522372376648,1.5310449426332258,13.84725154403796,10.932508149152369,0.8424871248357436,False
frame_000867.jpg,0,153.0451184094417,148.40040082880319,168.88186460098296,178.8823236847215,0.9451627231426442,4.644717580638513,10.000459083738548,0.8276685300995322,False
frame_000868.jpg,0,151.30506834489603,127.87349920443835,168.12386035091546,173.162675597954,0.8286117198425944,23.431569140457682,5.038815247038542,0.8383164756438312,False
frame_000869.jpg,0,149.2338429570205,114.19210529462919,168.00898761117705,166.7429106615484,1.0178851297287026,35.04173766239131,1.2660769496286548,0.8152697857688455,False
frame_000870.jpg,0,148.65165375775896,109.41666373896469,169.64783045086648,160.25441969506196,1.3341781486404751,39.23499001879428,9.393410755804524,0.8098471585442039,False
frame_000871.jpg,0,149.24595192930767,97.7887730717532,172.34039912141415,153.7375886652841,1.8221953341987025,51.45717885755447,18.602810456130044,0.8177823845077964,False
frame_000872.jpg,0,164.72401606597987,78.83157275059997,176.55561944671874,147.65988205509572,2.4080460782103392,85.8924433153799,28.895737391623015,0.8322613589903888,False
frame_000873.jpg,0,169.36837147742187,93.44264920972785,178.5771083030669,147.19375587690337,2.515041811061294,75.92572226769403,31.383352426163526,0.8657740249353296,False
frame_000874.jpg,0,171.14944828479906,112.0322739986527,174.80081280280578,150.9769540304233,2.429791156603225,59.117174286146366,23.823858772382493,0.8693508505821228,False
frame_000875.jpg,0,166.38943529902963,126.06630454167053,173.9126571282333,156.397662821902,2.3456094033148096,40.323130757359095,17.51499430633129,0.8529845476150513,False
frame_000876.jpg,0,155.66380732502273,143.09952202233856,175.20384476817478,161.66371617390914,1.9526945835933678,12.56428530268417,13.540128594265639,0.8369475988780751,False
frame_000877.jpg,0,139.99857030325015,154.2059801232165,178.4504486346882,165.1363349222585,1.5455663873150227,14.207409819966358,13.314113712429702,0.828278124332428,False
frame_000878.jpg,0,120.2863204181635,159.270537481504,176.54370344755074,166.40423174987114,1.1734769977712014,38.984217063340495,10.139471697679596,0.8015462826280033,False
frame_000879.jpg,0,98.39720012706837,159.68312721266292,169.36231060194208,166.91379103053478,0.7230115321929472,61.28592708559455,2.448519571407303,0.8226054135490867,False
frame_000880.jpg,0,82.67884333823905,156.2478230379257,162.6332669761524,166.58404314476473,0.24449862621913937,73.56897969968666,3.9507761686123217,0.8287286758422852,False
frame_000881.jpg,0,73.00801629412572,153.34939371608655,157.40681616151366,167.1279651217785,0.059068559002443594,80.34137742196083,9.721148960264827,0.8063741186085869,False
frame_000882.jpg,0,68.4952996488561,152.14521232658282,151.889296720973,168.70049902500477,0.00020154103666959871,83.64991267772672,16.81120230403178,0.8191739846678341,False
frame_000883.jpg,0,71.1956361286192,154.98077953774975,148.3897690225373,172.79607062849874,0.24738007098852036,83.78514340913055,24.40630160596143,0.8417397351825938,False
frame_000884.jpg,0,80.93321944233175,159.66786834157972,146.1887407822168,177.09237793462606,0.8613878557466461,78.73464889924797,30.90363715240926,0.8706217408180237,False
frame_000885.jpg,0,93.47084789118277,164.03199407418435,146.16631700308497,179.27031268069626,1.3948669013743478,70.56114618300158,33.103995677611294,0.8678372747757855,False
frame_000886.jpg,0,98.63706728434146,166.24479571112118,144.93750561293805,177.86266380136328,1.8923720727956088,67.60772842677973,32.92515818842523,0.8537501692771912,False
frame_000887.jpg,0,106.42167529577561,168.9430923302961,145.91652368214807,175.72976803397174,2.1288643749424296,62.521417034520496,29.81324435182367,0.8652411629171932,False
