frame_name,person_id,keypoint_id,x,y,confidence
frame_000000.jpg,0,0,685.452675819397,1006.5341243743896,1.030156135559082
frame_000000.jpg,0,1,682.2542381286621,997.7384207248688,0.883755624294281
frame_000000.jpg,0,2,676.6569721698761,1002.5360772609711,0.9948532581329346
frame_000000.jpg,0,3,645.4722046852112,1007.3337337970734,0.6080063581466675
frame_000000.jpg,0,4,650.2698612213135,1015.3298280239105,0.9115351438522339
frame_000000.jpg,0,5,642.2737669944763,1044.915376663208,0.7072631120681763
frame_000000.jpg,0,6,631.878844499588,1078.498972415924,0.7718327045440674
frame_000000.jpg,0,7,607.0909523963928,1090.4931137561798,0.524770975112915
frame_000000.jpg,0,8,601.4936864376068,1148.0649921894073,0.8546751141548157
frame_000000.jpg,0,9,659.8651742935181,1143.267335653305,0.7963886260986328
frame_000000.jpg,0,10,642.2737669944763,1218.4306213855743,0.8757825493812561
frame_000000.jpg,0,11,652.6686894893646,1194.4423387050629,0.6454579830169678
frame_000000.jpg,0,12,618.2854843139648,1195.2419481277466,0.6794012188911438
frame_000000.jpg,0,13,680.6550192832947,1273.6036715507507,0.6863012313842773
frame_000000.jpg,0,14,610.2893900871277,1279.2009375095367,0.6701560020446777
frame_000000.jpg,0,15,579.1046226024628,1245.6173417568207,0.3585703372955322
frame_000000.jpg,0,16,564.7116529941559,1219.230230808258,0.4986870586872101
frame_000000.jpg,1,0,17.060058116912842,626.3127348423004,0.9907357692718506
frame_000000.jpg,1,1,16.657126545906067,621.8804875612259,0.9976085424423218
frame_000000.jpg,1,2,11.016084551811218,622.6863507032394,0.9708724021911621
frame_000000.jpg,1,3,14.642468690872192,624.2980769872665,0.7167187333106995
frame_000000.jpg,1,4,-0.6689310073852539,626.3127348423004,0.7962482571601868
frame_000000.jpg,1,5,12.627810835838318,643.235860824585,0.7470623254776001
frame_000000.jpg,1,6,2.1515899896621704,656.1296710968018,0.5046819448471069
frame_000000.jpg,1,7,6.180905699729919,678.2909075021744,0.5472819805145264
frame_000000.jpg,1,8,1.7486584186553955,696.0198966264725,0.6750339269638062
frame_000000.jpg,1,9,13.030742406845093,685.9466073513031,0.3307982087135315
frame_000000.jpg,1,10,21.08937382698059,684.334881067276,0.7470289468765259
frame_000000.jpg,1,11,6.583837270736694,718.1811330318451,0.7003810405731201
frame_000000.jpg,1,12,3.76331627368927,717.3752698898315,0.5629202127456665
frame_000000.jpg,1,13,44.86233651638031,750.0127271413803,0.8015581965446472
frame_000000.jpg,1,14,41.235952377319336,750.4156587123871,0.3199949860572815
frame_000000.jpg,1,15,0.5398637056350708,761.6977427005768,0.7938764095306396
frame_000000.jpg,1,16,2.95745313167572,767.7417162656784,0.33612698316574097
frame_000000.jpg,2,0,8.923230171203613,766.7140986919403,0.44993969798088074
frame_000000.jpg,2,1,6.088781118392944,760.1003842353821,0.31294575333595276
frame_000000.jpg,2,2,7.033597469329834,757.2659351825714,0.337128221988678
frame_000000.jpg,2,3,-1.4697496891021729,759.1555678844452,0.41483497619628906
frame_000000.jpg,2,4,-6.193831443786621,761.9900169372559,0.3910648226737976
frame_000000.jpg,2,5,-5.2490150928497314,786.555242061615,0.5287895798683167
frame_000000.jpg,2,6,-5.2490150928497314,789.3896911144257,0.4846462905406952
frame_000000.jpg,2,7,-8.0834641456604,828.1271615028381,0.5555404424667358
frame_000000.jpg,2,8,7.978413820266724,833.7960596084595,0.34305357933044434
frame_000000.jpg,2,9,5.143964767456055,828.1271615028381,0.5553981065750122
frame_000000.jpg,2,10,10.812862873077393,834.7408759593964,0.381782591342926
frame_000000.jpg,2,11,-3.359382390975952,879.1472444534302,0.6622429490089417
frame_000000.jpg,2,12,-4.304198741912842,883.8713262081146,0.6800273060798645
frame_000000.jpg,2,13,31.598822593688965,923.553612947464,0.6240949630737305
frame_000000.jpg,2,14,38.21253705024719,921.6639802455902,0.7742958664894104
frame_000000.jpg,2,15,7.033597469329834,984.9666757583618,0.6780924797058105
frame_000000.jpg,2,16,6.088781118392944,983.077043056488,0.8003864884376526
frame_000005.jpg,0,0,128.60817011197412,822.971961915493,1.0690982341766357
frame_000005.jpg,0,1,128.60817011197412,816.0808099508286,0.935144305229187
frame_000005.jpg,0,2,121.71701828638709,817.0652602314949,0.9464420080184937
frame_000005.jpg,0,3,129.59262037277222,821.0030613541603,0.5432720184326172
frame_000005.jpg,0,4,100.05911254882812,822.971961915493,0.9245408177375793
frame_000005.jpg,0,5,127.6237198511759,847.5832189321518,0.8523996472358704
frame_000005.jpg,0,6,76.43230628967285,864.3188737034798,0.823826789855957
frame_000005.jpg,0,7,160.1105784575144,893.8523821234703,0.8946006894111633
frame_000005.jpg,0,8,28.19424351056415,899.7590838074684,0.9232567548751831
frame_000005.jpg,0,9,170.93953132629395,865.3033239841461,0.900733470916748
frame_000005.jpg,0,10,26.225342988967896,952.9193989634514,0.8886728286743164
frame_000005.jpg,0,11,99.07466228802997,950.9504984021187,0.6572877168655396
frame_000005.jpg,0,12,88.24570941925049,953.9038492441177,0.7171964049339294
frame_000005.jpg,0,13,64.61890316009521,1015.9242169260979,0.720854640007019
frame_000005.jpg,0,14,160.1105784575144,1000.1730124354362,0.8381431102752686
frame_000005.jpg,0,15,8.50523829460144,1066.1311812400818,0.8211455345153809
frame_000005.jpg,0,16,94.1524109840393,1027.737620294094,0.805928111076355
frame_000005.jpg,1,0,57.120471318562835,654.797937631607,0.9588092565536499
frame_000005.jpg,1,1,57.89840078353882,650.1303610801697,0.8467574119567871
frame_000005.jpg,1,2,54.008753458658845,650.1303610801697,0.8409578800201416
frame_000005.jpg,1,3,57.120471318562835,654.797937631607,0.5932942628860474
frame_000005.jpg,1,4,39.22809362411499,653.2420787811279,0.8864651918411255
frame_000005.jpg,1,5,45.45152934392294,679.6916792392731,0.8213794231414795
frame_000005.jpg,1,6,21.335715929667174,683.5813263654709,0.796392560005188
frame_000005.jpg,1,7,38.45016415913898,717.0322916507721,0.832509458065033
frame_000005.jpg,1,8,0.33162037531536726,714.6985033750534,0.776390552520752
frame_000005.jpg,1,9,57.89840078353882,742.7039626836777,0.812233030796051
frame_000005.jpg,1,10,4.999197165171324,758.2625511884689,0.5270388126373291
frame_000005.jpg,1,11,35.338446299235045,752.0391157865524,0.7517116069793701
frame_000005.jpg,1,12,16.668139139811217,753.5949746370316,0.7825480699539185
frame_000005.jpg,1,13,49.34117666880289,806.4941755533218,0.6974302530288696
frame_000005.jpg,1,14,50.1191061337789,811.9396815299988,0.8003784418106079
frame_000005.jpg,1,15,26.781222184499086,860.9492353200912,0.5775332450866699
frame_000005.jpg,1,16,3.4433382352193007,780.8225045204163,0.4943237602710724
frame_000010.jpg,0,0,249.90441624323523,860.5642451047897,0.9555301666259766
frame_000010.jpg,0,1,249.90441624323523,853.6600238084793,0.8733261227607727
frame_000010.jpg,0,2,241.84949111938477,854.8107273578644,0.9241151809692383
frame_000010.jpg,0,3,237.2466767628988,861.7149486541748,0.6248612999916077
frame_000010.jpg,0,4,221.13682651519775,864.016355752945,0.9247171878814697
frame_000010.jpg,0,5,233.7945659955343,901.9895728826523,0.772257924079895
frame_000010.jpg,0,6,203.87627267837524,916.9487190246582,0.7951724529266357
frame_000010.jpg,0,7,223.4382336934408,953.7712326049805,0.57149338722229
frame_000010.jpg,0,8,219.9861229260763,981.3881177902222,0.8276920318603516
frame_000010.jpg,0,9,196.97205114364624,995.196560382843,0.3886592984199524
frame_000010.jpg,0,10,275.2198952039083,972.1824893951416,0.817584753036499
frame_000010.jpg,0,11,223.4382336934408,999.7993745803833,0.7079020738601685
frame_000010.jpg,0,12,191.21853319803876,1004.4021887779236,0.7132514715194702
frame_000010.jpg,0,13,276.3705987930298,1057.3345520496368,0.8084934949874878
frame_000010.jpg,0,14,193.51994037628174,1095.3077691793442,0.8055600523948669
frame_000010.jpg,0,15,180.86220089594525,1051.5810343027115,0.5828989744186401
frame_000010.jpg,0,16,135.98476092020672,1149.3908360004425,0.8451737761497498
frame_000010.jpg,1,0,43.35717757542926,677.7963304519653,1.0107182264328003
frame_000010.jpg,1,1,44.15962028503418,672.9816740751266,0.8511298894882202
frame_000010.jpg,1,2,38.54252131779987,673.7841168045998,0.9463277459144592
frame_000010.jpg,1,3,42.5547348658244,676.1914449930191,0.6316300630569458
frame_000010.jpg,1,4,24.098552544911684,677.7963304519653,0.9112296104431152
frame_000010.jpg,1,5,38.54252131779987,696.252513229847,0.8841537237167358
frame_000010.jpg,1,6,2.432599385579408,708.2891541719437,0.82233065366745
frame_000010.jpg,1,7,34.53030776977539,732.3624360561371,0.8997718691825867
frame_000010.jpg,1,8,-3.1844995816548476,746.00396245718,0.592441201210022
frame_000010.jpg,1,9,59.40603176752725,754.8308324813843,0.8779295682907104
frame_000010.jpg,1,10,-0.7771714528401503,778.1016716361046,0.5593899488449097
frame_000010.jpg,1,11,16.87656815846759,778.1016716361046,0.8665445446968079
frame_000010.jpg,1,12,8.04969835281372,779.7065570950508,0.8583338260650635
frame_000010.jpg,1,13,7.247255643208803,838.2848763465881,0.7998640537261963
frame_000010.jpg,1,14,48.171833833058656,832.6677772402763,0.9446154832839966
frame_000010.jpg,1,15,-7.999155839284242,858.345944583416,0.3798419237136841
frame_000010.jpg,1,16,64.22068802515665,901.6778519749641,0.8593991994857788
frame_000015.jpg,0,0,24.24947738647461,688.2115058898926,0.9921665787696838
frame_000015.jpg,0,1,24.24947738647461,684.3042604923248,0.8694523572921753
frame_000015.jpg,0,2,19.56078290939331,684.3042604923248,0.9163690805435181
frame_000015.jpg,0,3,19.56078290939331,689.7744040489197,0.7565650939941406
frame_000015.jpg,0,4,5.494699478149414,690.5558531284332,0.96805340051651
frame_000015.jpg,0,5,2.368903160095215,717.1251218318939,0.8180744647979736
frame_000015.jpg,0,6,0.8060050010681152,721.8138163089752,0.8857030868530273
frame_000015.jpg,0,7,5.494699478149414,755.4161267280579,0.6886053085327148
frame_000015.jpg,0,8,7.057597637176514,765.574964761734,0.8994077444076538
frame_000015.jpg,0,9,25.03092646598816,789.0184371471405,0.3917069435119629
frame_000015.jpg,0,10,35.18976449966431,736.6613488197327,0.8554409742355347
frame_000015.jpg,0,11,1.587454080581665,791.3627843856812,0.8294903039932251
frame_000015.jpg,0,12,-2.319791316986084,792.1442334651947,0.8318033218383789
frame_000015.jpg,0,13,54.72599148750305,825.7465438842773,0.797958254814148
frame_000015.jpg,0,14,53.9445424079895,825.7465438842773,0.8311600089073181
frame_000015.jpg,0,15,66.4477276802063,897.6398591995239,0.6965047121047974
frame_000015.jpg,0,16,67.22917675971985,897.6398591995239,0.7750558257102966
frame_000015.jpg,1,0,381.42386841773987,873.9751107692719,0.957294225692749
frame_000015.jpg,1,1,382.60047245025635,866.915486574173,0.8536754846572876
frame_000015.jpg,1,2,375.54084825515747,868.0920906066895,0.9011954665184021
frame_000015.jpg,1,3,380.2472643852234,872.7985067367554,0.6286015510559082
frame_000015.jpg,1,4,356.7151837348938,876.3283188343048,0.9023377895355225
frame_000015.jpg,1,5,344.949143409729,913.9796478748322,0.7457593679428101
frame_000015.jpg,1,6,342.59593534469604,931.6287083625793,0.8815719485282898
frame_000015.jpg,1,7,342.59593534469604,962.2204132080078,0.6987192630767822
frame_000015.jpg,1,8,310.8276264667511,997.5185341835022,0.820080041885376
frame_000015.jpg,1,9,383.7770764827728,963.3970172405243,0.8310560584068298
frame_000015.jpg,1,10,326.12347888946533,1058.7019438743591,0.7096944451332092
frame_000015.jpg,1,11,332.00649905204773,1025.7570309638977,0.7177284955978394
frame_000015.jpg,1,12,323.7702708244324,1028.1102390289307,0.7630108594894409
frame_000015.jpg,1,13,347.30235147476196,1109.2959172725677,0.767349123954773
frame_000015.jpg,1,14,364.95141196250916,1119.885353565216,0.868586540222168
frame_000015.jpg,1,15,308.47441840171814,1194.0114076137543,0.8823915719985962
frame_000015.jpg,1,16,282.5891296863556,1061.055151939392,0.7747173309326172
frame_000020.jpg,0,0,579.4260234832764,415.11746883392334,0.8340903520584106
frame_000020.jpg,0,1,580.0585403442383,412.5874013900757,0.7362805008888245
frame_000020.jpg,0,2,578.4772481918335,412.5874013900757,0.8341127634048462
frame_000020.jpg,0,3,567.091944694519,412.2711429595947,0.7446256279945374
frame_000020.jpg,0,4,572.4683380126953,412.90365982055664,0.7935565710067749
frame_000020.jpg,0,5,556.9716749191284,425.23773860931396,0.7844153642654419
frame_000020.jpg,0,6,575.6309223175049,425.8702554702759,0.7575721740722656
frame_000020.jpg,0,7,551.2790231704712,445.4782781600952,0.7028747797012329
frame_000020.jpg,0,8,575.6309223175049,445.4782781600952,0.5934458374977112
frame_000020.jpg,0,9,555.0741243362427,460.65868282318115,0.6595419645309448
frame_000020.jpg,0,10,565.8269109725952,461.923716545105,0.5372991561889648
frame_000020.jpg,0,11,560.134259223938,466.66759300231934,0.643586277961731
frame_000020.jpg,0,12,575.3146638870239,466.0350761413574,0.6549618244171143
frame_000020.jpg,0,13,560.450517654419,493.86581802368164,0.7359325885772705
frame_000020.jpg,0,14,574.682147026062,495.13085174560547,0.7336045503616333
frame_000020.jpg,0,15,557.9204502105713,521.6965599060059,0.7724622488021851
frame_000020.jpg,0,16,572.4683380126953,523.5941104888916,0.7717936038970947
frame_000020.jpg,1,0,520.3869222005208,873.4564379453659,0.9127746820449829
frame_000020.jpg,1,1,521.5445148150127,867.6684746742249,0.7886807322502136
frame_000020.jpg,1,2,514.598959128062,866.5108820199966,0.8893005847930908
frame_000020.jpg,1,3,507.6534034411113,874.6140305995941,0.630108118057251
frame_000020.jpg,1,4,498.392662525177,876.9292159080505,0.8958646059036255
frame_000020.jpg,1,5,489.1319216092427,913.9721808433533,0.7597559690475464
frame_000020.jpg,1,6,474.0832176208496,932.4936633110046,0.8288793563842773
frame_000020.jpg,1,7,478.71358807881666,966.0638502836227,0.7167372703552246
frame_000020.jpg,1,8,452.08895794550585,999.6340372562408,0.8529754281044006
frame_000020.jpg,1,9,503.02303298314405,996.1612592935562,0.7648199200630188
frame_000020.jpg,1,10,498.392662525177,1036.6770021915436,0.8172945976257324
frame_000020.jpg,1,11,463.6648840904236,1025.1010756492615,0.6246286630630493
frame_000020.jpg,1,12,461.34969886143995,1026.2586683034897,0.6945785284042358
frame_000020.jpg,1,13,455.5617357889812,1100.3445981740952,0.7611591815948486
frame_000020.jpg,1,14,512.2837738990784,1109.6053394079208,0.8155175447463989
frame_000020.jpg,1,15,391.8941419919332,1050.568114042282,0.5661718845367432
frame_000020.jpg,1,16,500.70784775416064,1192.952010512352,0.7794305086135864
frame_000020.jpg,2,0,13.3777092297872,698.4370086789131,1.0905640125274658
frame_000020.jpg,2,1,12.710840225219727,693.1020568013191,0.9510607719421387
frame_000020.jpg,2,2,8.042757193247468,694.4357947707176,1.0032434463500977
frame_000020.jpg,2,3,11.377102216084808,697.7701396942139,0.67937171459198
frame_000020.jpg,2,4,-5.96149190266928,700.4376156330109,0.7638989686965942
frame_000020.jpg,2,5,5.37528117497763,725.1117680668831,0.910368800163269
frame_000020.jpg,2,6,-2.6271468798319404,723.7780300974846,0.6873080730438232
frame_000020.jpg,2,7,22.047006289164216,756.4546103477478,0.9273971319198608
frame_000020.jpg,2,8,22.71387529373169,739.1160167455673,0.4047914743423462
frame_000020.jpg,2,9,42.05307642618817,727.7792440056801,0.934759259223938
frame_000020.jpg,2,10,0.04032913843789743,728.4461129903793,0.27169740200042725
frame_000020.jpg,2,11,0.7071981430053711,807.80352216959,0.7291765213012695
frame_000020.jpg,2,12,0.04032913843789743,808.4703911542892,0.764185905456543
frame_000020.jpg,2,13,58.05793253580731,825.1421157717705,0.49288100004196167
frame_000020.jpg,2,14,58.724801540374756,825.8089847564697,0.8212590217590332
frame_000020.jpg,2,15,28.048827330271394,895.8302281498909,0.6186057925224304
frame_000020.jpg,2,16,28.715696334838867,893.1627522110939,0.8190457224845886
frame_000020.jpg,3,0,635.3243945837021,416.2827858030796,0.3820866644382477
frame_000020.jpg,3,1,637.5977777640024,409.0492935180664,0.39516404271125793
frame_000020.jpg,3,2,632.8443402051926,409.0492935180664,0.3627853989601135
frame_000020.jpg,3,3,641.9378729263941,409.0492935180664,0.3832077085971832
frame_000020.jpg,3,4,630.1576146284739,409.0492935180664,0.39908963441848755
frame_000020.jpg,3,5,645.6579544941584,425.3763189613819,0.4954831004142761
frame_000020.jpg,3,6,624.7841634750366,421.6562372148037,0.5827780961990356
frame_000020.jpg,3,7,642.3512153228124,442.1166868209839,0.45676982402801514
frame_000020.jpg,3,8,622.5107802947363,438.6032762825489,0.4665849804878235
frame_000020.jpg,3,9,635.9444081783295,441.91001561284065,0.23066431283950806
frame_000020.jpg,3,10,623.750807483991,446.04343977570534,0.29405927658081055
frame_000020.jpg,3,11,640.4911745389303,462.1637940108776,0.4053868353366852
frame_000020.jpg,3,12,626.4375330607096,461.5437803864479,0.43136343359947205
frame_000020.jpg,3,13,641.1111881335577,486.344325363636,0.3984312117099762
frame_000020.jpg,3,14,620.444068312645,482.41757240891457,0.42688605189323425
frame_000020.jpg,3,15,640.4911745389303,514.6582808792591,0.34297794103622437
frame_000020.jpg,3,16,618.1706851323446,494.6111736893654,0.4892427921295166
frame_000025.jpg,0,0,642.6623539924622,840.7004721164703,0.9775623083114624
frame_000025.jpg,0,1,641.5678350925446,834.1333587169647,0.7052401304244995
frame_000025.jpg,0,2,638.2842783927917,834.1333587169647,0.9279349446296692
frame_000025.jpg,0,3,615.2993814945221,841.7949910163879,0.6774314045906067
frame_000025.jpg,0,4,621.8664948940277,842.8895099163055,0.9468115568161011
frame_000025.jpg,0,5,578.0857388973236,868.0634446144104,0.8905816078186035
frame_000025.jpg,0,6,624.0555326938629,888.8593037128448,0.8431768417358398
frame_000025.jpg,0,7,534.3049829006195,905.2770872116089,0.8791931867599487
frame_000025.jpg,0,8,633.9062027931213,955.6249566078186,0.8714470267295837
frame_000025.jpg,0,9,557.2898797988892,940.3016920089722,0.787449836730957
frame_000025.jpg,0,10,671.1198453903198,960.003032207489,0.9131554365158081
frame_000025.jpg,0,11,587.936408996582,980.7988913059235,0.6867920756340027
frame_000025.jpg,0,12,592.3144845962524,980.7988913059235,0.8215986490249634
frame_000025.jpg,0,13,640.473316192627,1044.2809875011444,0.8393752574920654
frame_000025.jpg,0,14,566.04603099823,1083.683667898178,0.8357412815093994
frame_000025.jpg,0,15,654.7020618915558,1135.1260561943054,0.8142752647399902
frame_000025.jpg,0,16,487.2406702041626,1038.8083930015564,0.6711994409561157
frame_000025.jpg,1,0,28.980135440826416,697.6722316741943,0.9455254077911377
frame_000025.jpg,1,1,26.9719500541687,693.6558609008789,0.7918229103088379
frame_000025.jpg,1,2,24.963764667510986,694.6599535942078,0.8369579315185547
frame_000025.jpg,1,3,13.918745040893555,701.1865561008453,0.6920264959335327
frame_000025.jpg,1,4,11.408513307571411,703.194741487503,0.8900744915008545
frame_000025.jpg,1,5,6.388049840927124,731.3093369007111,0.7259145975112915
frame_000025.jpg,1,6,5.383957147598267,740.3461711406708,0.8050631284713745
frame_000025.jpg,1,7,11.408513307571411,780.5098788738251,0.5885285139083862
frame_000025.jpg,1,8,17.935115814208984,790.0487594604492,0.7825653553009033
frame_000025.jpg,1,9,29.482181787490845,781.5139715671539,0.2823438048362732
frame_000025.jpg,1,10,59.60496258735657,775.9914617538452,0.8222068548202515
frame_000025.jpg,1,11,7.89418888092041,812.6408450603485,0.6697428226470947
frame_000025.jpg,1,12,4.881910800933838,813.1428914070129,0.6523847579956055
frame_000025.jpg,1,13,60.107008934020996,844.2697649002075,0.705691933631897
frame_000025.jpg,1,14,60.609055280685425,844.2697649002075,0.7032625675201416
frame_000025.jpg,1,15,1.8696327209472656,866.3598041534424,0.6238272190093994
frame_000025.jpg,1,16,2.873725414276123,866.3598041534424,0.5933501720428467
frame_000025.jpg,2,0,268.534925699234,415.949783205986,0.8064703941345215
frame_000025.jpg,2,1,268.8563702702522,413.05678206682205,0.6847963929176331
frame_000025.jpg,2,2,267.57059198617935,413.05678206682205,0.7892297506332397
frame_000025.jpg,2,3,256.6414765715599,412.73533749580383,0.7537319660186768
frame_000025.jpg,2,4,262.42747884988785,413.6996712088585,0.7761979103088379
frame_000025.jpg,2,5,246.3552502989769,425.5931203365326,0.7926806807518005
frame_000025.jpg,2,6,264.35614627599716,425.9145649075508,0.7616353631019592
frame_000025.jpg,2,7,240.89069259166718,445.52268373966217,0.7234336137771606
frame_000025.jpg,2,8,264.03470170497894,445.8441283106804,0.6105627417564392
frame_000025.jpg,2,9,245.39091658592224,461.2734677195549,0.6902063488960266
frame_000025.jpg,2,10,254.7128091454506,462.23780143260956,0.5884139537811279
frame_000025.jpg,2,11,250.85547429323196,466.4165808558464,0.6484459638595581
frame_000025.jpg,2,12,265.3204799890518,465.77369171380997,0.6654127836227417
frame_000025.jpg,2,13,251.4983634352684,493.739369392395,0.7388783693313599
frame_000025.jpg,2,14,265.64192456007004,494.38225853443146,0.7328284978866577
frame_000025.jpg,2,15,249.5696960091591,521.7050470709801,0.7827893495559692
frame_000025.jpg,2,16,264.35614627599716,522.3479362130165,0.7593344449996948
frame_000025.jpg,3,0,320.9716885089874,408.2433547973633,0.38040661811828613
frame_000025.jpg,3,1,324.2356649239858,408.2433547973633,0.39838671684265137
frame_000025.jpg,3,2,319.54369882742566,408.2433547973633,0.3838576674461365
frame_000025.jpg,3,3,328.92763102054596,408.2433547973633,0.3959144949913025
frame_000025.jpg,3,4,317.0957165161769,408.2433547973633,0.40548402070999146
frame_000025.jpg,3,5,335.4555838505427,425.58323034644127,0.44359391927719116
frame_000025.jpg,3,6,310.97576073805493,422.3192537724972,0.5839135646820068
frame_000025.jpg,3,7,332.8036030133565,443.7391000390053,0.3356800079345703
frame_000025.jpg,3,8,310.7717622121175,438.63913664221764,0.40586304664611816
frame_000025.jpg,3,9,323.827667872111,443.7391000390053,0.19243986904621124
frame_000025.jpg,3,10,314.8517327308655,442.31111028790474,0.21243420243263245
frame_000025.jpg,3,11,329.53962659835815,461.8949697315693,0.38880473375320435
frame_000025.jpg,3,12,315.2597297827403,461.2829741239548,0.44266176223754883
frame_000025.jpg,3,13,329.74362512429553,487.3947867155075,0.4104204773902893
frame_000025.jpg,3,14,309.13977400461835,485.76279842853546,0.5065445899963379
frame_000025.jpg,3,15,330.76361775398254,512.4866066277027,0.3659464716911316
frame_000025.jpg,3,16,307.50778579711914,512.4866066277027,0.4774709939956665
frame_000025.jpg,4,0,421.67621624469757,477.2488840818405,0.17844615876674652
frame_000025.jpg,4,1,428.1361289024353,473.6433514356613,0.18352913856506348
frame_000025.jpg,4,2,422.7278299331665,472.2912766933441,0.1560145914554596
frame_000025.jpg,4,3,430.08912575244904,471.99081563949585,0.12799282371997833
frame_000025.jpg,4,4,411.9112319946289,470.3382798433304,0.10112203657627106
frame_000025.jpg,4,5,411.9112319946289,493.3235504627228,0.17696994543075562
frame_000025.jpg,4,6,411.9112319946289,488.3659430742264,0.08819164335727692
frame_000025.jpg,4,7,411.9112319946289,478.75118935108185,0.1983005702495575
frame_000025.jpg,4,8,456.67992901802063,477.39911460876465,0.14379987120628357
frame_000025.jpg,4,9,411.9112319946289,482.2064914703369,0.14331762492656708
frame_000025.jpg,4,10,424.38036572933197,481.3051083087921,0.07921525835990906
frame_000025.jpg,4,11,448.71771109104156,488.0654820203781,0.11770821362733841
frame_000025.jpg,4,12,458.18223428726196,488.3659430742264,0.14208774268627167
frame_000025.jpg,4,13,411.9112319946289,492.5723978281021,0.127694770693779
frame_000025.jpg,4,14,411.9112319946289,492.72262835502625,0.08934041112661362
frame_000025.jpg,4,15,450.52047741413116,496.32816100120544,0.11266884952783585
frame_000025.jpg,4,16,429.0375120639801,496.0276999473572,0.09977927803993225
frame_000025.jpg,5,0,422.7489867210388,476.5465370118618,0.36606520414352417
frame_000025.jpg,5,1,423.0300251642863,470.36369147896767,0.40473446249961853
frame_000025.jpg,5,2,422.7489867210388,472.33096051216125,0.3259924650192261
frame_000025.jpg,5,3,431.46117846171063,472.33096051216125,0.4389248192310333
frame_000025.jpg,5,4,446.3562159538269,470.36369147896767,0.3667924106121063
frame_000025.jpg,5,5,416.5661409695943,494.53299674391747,0.23286056518554688
frame_000025.jpg,5,6,456.7546383539835,488.6311896443367,0.3163009285926819
frame_000025.jpg,5,7,405.6056416829427,503.5262266099453,0.32317760586738586
frame_000025.jpg,5,8,456.4735999107361,501.8399960100651,0.16454917192459106
frame_000025.jpg,5,9,423.59210205078125,498.46753481030464,0.1345149576663971
frame_000025.jpg,5,10,432.866370677948,497.9054579436779,0.12547451257705688
frame_000025.jpg,5,11,420.500679175059,557.2045673727989,0.14247030019760132
frame_000025.jpg,5,12,452.8201001485189,553.5510677397251,0.17653393745422363
frame_000025.jpg,5,13,403.0762956937154,511.9573796093464,0.30007410049438477
frame_000025.jpg,5,14,404.76252635320026,511.676341176033,0.21268600225448608
frame_000025.jpg,5,15,405.6056416829427,553.8321061730385,0.31813105940818787
frame_000025.jpg,5,16,407.0108338991801,554.1131446063519,0.24301958084106445
frame_000030.jpg,0,0,729.3750875790913,809.9978317022324,0.726058840751648
frame_000030.jpg,0,1,724.4537800153096,804.2563063502312,0.4556591212749481
frame_000030.jpg,0,2,724.4537800153096,807.5371779799461,0.7072879076004028
frame_000030.jpg,0,3,693.2854987780254,812.4584854245186,0.7469133138656616
frame_000030.jpg,0,4,712.1505111058552,815.7393570542336,0.8180263042449951
frame_000030.jpg,0,5,685.0833195050557,837.0650226473808,0.8259135484695435
frame_000030.jpg,0,6,697.38658841451,855.9300345182419,0.8543796539306641
frame_000030.jpg,0,7,679.341794013977,878.0759180188179,0.603844940662384
frame_000030.jpg,0,8,658.8363458315532,896.940929889679,0.8572772741317749
frame_000030.jpg,0,9,714.6111648877461,859.2109061479568,0.44520723819732666
frame_000030.jpg,0,10,668.6789609591167,953.5359655022621,0.8742803335189819
frame_000030.jpg,0,11,656.3756920496623,936.3113894462585,0.7684263586997986
frame_000030.jpg,0,12,679.341794013977,940.4124789834023,0.8229314088821411
frame_000030.jpg,0,13,628.4882825215657,1012.5916548371315,0.8564653396606445
frame_000030.jpg,0,14,726.9144337972004,974.8616310954094,0.48852914571762085
frame_000030.jpg,0,15,548.927143573761,1007.670347392559,0.7557483911514282
frame_000030.jpg,0,16,548.106925646464,1005.2096936702728,0.43547919392585754
frame_000030.jpg,1,0,51.86900273958841,697.6336141228676,1.0084199905395508
frame_000030.jpg,1,1,52.68896563847861,692.7138366103172,0.7988669276237488
frame_000030.jpg,1,2,49.40911404291788,692.7138366103172,0.9084288477897644
frame_000030.jpg,1,3,28.910041570663452,697.6336141228676,0.7896064519882202
frame_000030.jpg,1,4,37.92963345845541,699.2735399603844,0.9591853618621826
frame_000030.jpg,1,5,14.150709390640259,726.3323162794113,0.7903843522071838
frame_000030.jpg,1,6,33.00985606511435,733.7119825482368,0.836182713508606
frame_000030.jpg,1,7,5.131117502848326,771.4302768111229,0.6967343091964722
frame_000030.jpg,1,8,14.970672289530455,782.089794754982,0.849317193031311
frame_000030.jpg,1,9,29.73000446955365,795.2092014551163,0.5943765640258789
frame_000030.jpg,1,10,19.89044968287152,828.007718205452,0.7927330732345581
frame_000030.jpg,1,11,9.230931997299194,809.9685339927673,0.642303466796875
frame_000030.jpg,1,12,19.89044968287152,812.4284227490425,0.7061710357666016
frame_000030.jpg,1,13,29.73000446955365,869.0058641433716,0.6742129325866699
frame_000030.jpg,1,14,51.86900273958841,876.3855304121971,0.8390390872955322
frame_000030.jpg,1,15,20.71041258176166,934.602897644043,0.7894970774650574
frame_000030.jpg,1,16,15.790635188420595,932.1430088877678,0.4692431092262268
frame_000030.jpg,2,0,709.0434702634811,442.84345069527626,0.6363964080810547
frame_000030.jpg,2,1,709.7067927916845,439.85849940776825,0.5919713973999023
frame_000030.jpg,2,2,707.3851639429728,439.85849940776825,0.5962313413619995
frame_000030.jpg,2,3,708.3801477352778,440.1901606619358,0.6105936765670776
frame_000030.jpg,2,4,703.4052287737528,440.8534831702709,0.6723017692565918
frame_000030.jpg,2,5,707.7168252070745,455.4465783536434,0.6769285202026367
frame_000030.jpg,2,6,693.7870521148046,455.11491709947586,0.7359398603439331
frame_000030.jpg,2,7,703.7368900378546,473.0246248245239,0.5054366588592529
frame_000030.jpg,2,8,675.8773438533148,469.3763510286808,0.7853776216506958
frame_000030.jpg,2,9,712.3600829044977,478.33120489120483,0.43517807126045227
frame_000030.jpg,2,10,690.4704394737879,479.9895111620426,0.6885742545127869
frame_000030.jpg,2,11,706.0585188865662,498.23088014125824,0.649243950843811
frame_000030.jpg,2,12,695.4453584353129,497.8992188870907,0.6527554988861084
frame_000030.jpg,2,13,711.3650991121928,525.0954417288303,0.7008355855941772
frame_000030.jpg,2,14,696.7720034917196,528.7437155246735,0.6878664493560791
frame_000030.jpg,2,15,696.4403422276179,549.306713283062,0.4765418767929077
frame_000030.jpg,2,16,694.1187133789062,557.2665833830833,0.6123908758163452
frame_000030.jpg,3,0,133.37430973847708,487.6923119723797,0.23947253823280334
frame_000030.jpg,3,1,135.1319114367167,481.9401607811451,0.24053820967674255
frame_000030.jpg,3,2,130.17867028713226,483.69776253402233,0.22267352044582367
frame_000030.jpg,3,3,139.92537061373392,476.0282276123762,0.15848426520824432
frame_000030.jpg,3,4,151.90901855627695,472.67280608415604,0.1382828652858734
frame_000030.jpg,3,5,160.21768112977347,491.84664338827133,0.12173028290271759
frame_000030.jpg,3,6,161.33615493774414,487.3727480173111,0.10280463099479675
frame_000030.jpg,3,7,115.3189468383789,492.8053352534771,0.17062628269195557
frame_000030.jpg,3,8,115.3189468383789,480.98146891593933,0.12769261002540588
frame_000030.jpg,3,9,134.65256551901498,485.2955823093653,0.11466369032859802
frame_000030.jpg,3,10,129.85910634199777,484.3368904441595,0.08913558721542358
frame_000030.jpg,3,11,154.62531208992004,519.1693615466356,0.09852120280265808
frame_000030.jpg,3,12,133.69387368361154,519.1693615466356,0.10659673064947128
frame_000030.jpg,3,13,115.3189468383789,519.1693615466356,0.16637131571769714
frame_000030.jpg,3,14,115.3189468383789,519.1693615466356,0.1335780918598175
frame_000030.jpg,3,15,133.69387368361154,500.4748701751232,0.13579797744750977
frame_000030.jpg,3,16,134.01343762874603,500.9542161077261,0.12945419549942017
frame_000030.jpg,4,0,31.660017251968384,421.82338190078735,0.42413651943206787
frame_000030.jpg,4,1,31.431150913238525,418.1615204811096,0.4102795124053955
frame_000030.jpg,4,2,31.888883590698242,417.47492146492004,0.3367307782173157
frame_000030.jpg,4,3,34.177546977996826,419.7635848522186,0.4293084442615509
frame_000030.jpg,4,4,42.64560151100159,419.9924511909485,0.2852300703525543
frame_000030.jpg,4,5,42.874467849731445,432.80896615982056,0.5554962754249573
frame_000030.jpg,4,6,43.103334188461304,430.74916911125183,0.46628594398498535
frame_000030.jpg,4,7,34.406413316726685,450.43167424201965,0.5752572417259216
frame_000030.jpg,4,8,33.49094796180725,445.6254811286926,0.3703782558441162
frame_000030.jpg,4,9,25.02289342880249,451.57600593566895,0.5209691524505615
frame_000030.jpg,4,10,26.853824138641357,448.3718771934509,0.278852641582489
frame_000030.jpg,4,11,39.899205446243286,467.1389169692993,0.39082396030426025
frame_000030.jpg,4,12,36.46621036529541,466.45231795310974,0.3192868232727051
frame_000030.jpg,4,13,38.06827473640442,495.06061029434204,0.3241440951824188
frame_000030.jpg,4,14,37.6105420589447,495.51834297180176,0.2827441990375519
frame_000030.jpg,4,15,60.039443254470825,526.4152987003326,0.3021838665008545
frame_000030.jpg,4,16,36.69507670402527,526.4152987003326,0.28709089756011963
frame_000035.jpg,0,0,80.40837156772614,688.1421775817871,1.0204401016235352
frame_000035.jpg,0,1,79.75766944885254,683.5872627496719,0.840888500213623
frame_000035.jpg,0,2,78.45626521110535,683.5872627496719,0.8977413773536682
frame_000035.jpg,0,3,69.9971376657486,688.1421775817871,0.6704754829406738
frame_000035.jpg,0,4,66.74362707138062,688.1421775817871,0.8947983980178833
frame_000035.jpg,0,5,51.12677621841431,711.5674538612366,0.7383445501327515
frame_000035.jpg,0,6,48.52396774291992,717.4237729310989,0.8181353807449341
frame_000035.jpg,0,7,48.52396774291992,747.3560703992844,0.7365626692771912
frame_000035.jpg,0,8,15.988861799240112,749.3081767559052,0.8897078037261963
frame_000035.jpg,0,9,76.50415885448456,762.9729212522507,0.8580154776573181
frame_000035.jpg,0,10,34.8592232465744,788.3503038883209,0.8504870533943176
frame_000035.jpg,0,11,31.60571265220642,792.2545166015625,0.6805511116981506
frame_000035.jpg,0,12,44.619755029678345,792.2545166015625,0.7221704721450806
frame_000035.jpg,0,13,18.591670274734497,859.2768348455429,0.8091917037963867
frame_000035.jpg,0,14,94.72381818294525,841.0571755170822,0.8407473564147949
frame_000035.jpg,0,15,101.23083937168121,854.0712178945541,0.29924967885017395
frame_000035.jpg,0,16,99.92943513393402,904.175281047821,0.8902134895324707
frame_000035.jpg,1,0,724.7812538146973,753.563720703125,0.4695660173892975
frame_000035.jpg,1,1,726.6220560073853,753.563720703125,0.4063297510147095
frame_000035.jpg,1,2,726.0084552764893,753.563720703125,0.3188672363758087
frame_000035.jpg,1,3,730.9172611236572,753.563720703125,0.5749224424362183
frame_000035.jpg,1,4,765.892502784729,753.563720703125,0.3277280628681183
frame_000035.jpg,1,5,706.3732318878174,792.8341674804688,0.8978235721588135
frame_000035.jpg,1,6,713.7364406585693,799.5837755203247,0.3989051580429077
frame_000035.jpg,1,7,664.6483821868896,806.3333835601807,0.8665943145751953
frame_000035.jpg,1,8,765.892502784729,819.8325996398926,0.2325267493724823
frame_000035.jpg,1,9,657.2851734161377,849.8990354537964,0.8222923278808594
frame_000035.jpg,1,10,765.892502784729,823.5142040252686,0.11461448669433594
frame_000035.jpg,1,11,705.7596311569214,887.3286800384521,0.6485909223556519
frame_000035.jpg,1,12,720.4860486984253,897.1462917327881,0.6742520332336426
frame_000035.jpg,1,13,686.1244077682495,969.5511779785156,0.29975396394729614
frame_000035.jpg,1,14,684.8972063064575,966.4831743240356,0.8108153343200684
frame_000035.jpg,1,15,620.4691295623779,995.9360094070435,0.25118422508239746
frame_000035.jpg,1,16,617.401125907898,995.9360094070435,0.7397852540016174
frame_000035.jpg,2,0,429.9178339242935,448.90609109401703,0.5111595988273621
frame_000035.jpg,2,1,433.96860897541046,445.19288063049316,0.5006835460662842
frame_000035.jpg,2,2,427.55488181114197,446.5431389808655,0.44953346252441406
frame_000035.jpg,2,3,436.331561088562,443.84262228012085,0.5425441265106201
frame_000035.jpg,2,4,425.5294942855835,444.517751455307,0.4533833861351013
frame_000035.jpg,2,5,444.4331111907959,457.6827703714371,0.6180276870727539
frame_000035.jpg,2,6,418.7782025337219,459.37059330940247,0.6267578601837158
frame_000035.jpg,2,7,448.48388624191284,477.5990810394287,0.6042889356613159
frame_000035.jpg,2,8,400.5497148036957,474.8985643386841,0.6159584522247314
frame_000035.jpg,2,9,451.8595321178436,495.82756876945496,0.601276159286499
frame_000035.jpg,2,10,410.67665243148804,486.0381957292557,0.550294816493988
frame_000035.jpg,2,11,432.9559152126312,503.92911887168884,0.5845640301704407
frame_000035.jpg,2,12,418.7782025337219,503.2539896965027,0.6032336950302124
frame_000035.jpg,2,13,435.65643191337585,531.9469796419144,0.582511842250824
frame_000035.jpg,2,14,418.10307335853577,532.9596734046936,0.6159460544586182
frame_000035.jpg,2,15,434.6437381505966,558.9521466493607,0.5940331220626831
frame_000035.jpg,2,16,415.40255665779114,560.302404999733,0.5962001085281372
frame_000035.jpg,3,0,513.277975320816,301.9822896718979,0.686841607093811
frame_000035.jpg,3,1,514.1353839635849,301.00239408016205,0.6591966152191162
frame_000035.jpg,3,2,512.7880275249481,300.87990713119507,0.6180656552314758
frame_000035.jpg,3,3,515.4827404022217,301.7373157739639,0.6560083031654358
frame_000035.jpg,3,4,512.7880275249481,301.61482882499695,0.564955472946167
frame_000035.jpg,3,5,516.9525837898254,308.22912406921387,0.5777208805084229
frame_000035.jpg,3,6,511.31818413734436,307.8616632223129,0.4879332482814789
frame_000035.jpg,3,7,517.1975576877594,314.35347151756287,0.40335097908973694
frame_000035.jpg,3,8,509.8483407497406,313.9860106706619,0.37637031078338623
frame_000035.jpg,3,9,508.7459582090378,315.4558540582657,0.35024887323379517
frame_000035.jpg,3,10,508.86844515800476,315.3333671092987,0.2903156280517578
frame_000035.jpg,3,11,514.3803578615189,322.43761014938354,0.5325367450714111
frame_000035.jpg,3,12,511.0732102394104,322.31512320041656,0.496969997882843
frame_000035.jpg,3,13,514.5028448104858,333.33894860744476,0.6049062013626099
frame_000035.jpg,3,14,511.93061888217926,333.46143555641174,0.5771315097808838
frame_000035.jpg,3,15,515.1152795553207,343.26039147377014,0.647970974445343
frame_000035.jpg,3,16,512.2980797290802,342.8929306268692,0.6314745545387268
frame_000035.jpg,4,0,677.5756062269211,457.5907827913761,0.5007388591766357
frame_000035.jpg,4,1,680.2224775850773,456.3370016217232,0.4749401807785034
frame_000035.jpg,4,2,674.9287348687649,456.6156196594238,0.4746589660644531
frame_000035.jpg,4,3,682.4514218866825,456.3370016217232,0.436673641204834
frame_000035.jpg,4,4,672.2818635106087,456.8942376971245,0.4836634397506714
frame_000035.jpg,4,5,688.8596367537975,468.31757724285126,0.49652159214019775
frame_000035.jpg,4,6,667.9632839262486,468.31757724285126,0.4939834773540497
frame_000035.jpg,4,7,692.7602892816067,482.2484791278839,0.3953508734703064
frame_000035.jpg,4,8,665.8736486434937,483.6415693163872,0.5054765343666077
frame_000035.jpg,4,9,687.6058555841446,490.32840222120285,0.17808425426483154
frame_000035.jpg,4,10,681.8941858112812,494.646981805563,0.20006880164146423
frame_000035.jpg,4,11,684.6803661882877,494.3683637678623,0.40479686856269836
frame_000035.jpg,4,12,672.1425544917583,494.229054749012,0.43247607350349426
frame_000035.jpg,4,13,681.8941858112812,509.9709738790989,0.24111363291740417
frame_000035.jpg,4,14,669.6349921524525,509.9709738790989,0.27178648114204407
frame_000035.jpg,4,15,705.8553370535374,509.9709738790989,0.2824091613292694
frame_000035.jpg,4,16,705.8553370535374,509.9709738790989,0.24397818744182587
frame_000035.jpg,5,0,548.5675427118937,425.4872037768364,0.4834985136985779
frame_000035.jpg,5,1,549.812472542127,423.7443020492792,0.4904807209968567
frame_000035.jpg,5,2,547.0736269156138,424.2422739714384,0.4988352060317993
frame_000035.jpg,5,3,551.0574023723602,424.2422739714384,0.4675687849521637
frame_000035.jpg,5,4,542.8408654928207,424.9892318546772,0.5415784120559692
frame_000035.jpg,5,5,553.0492901007334,435.1976562589407,0.5737564563751221
frame_000035.jpg,5,6,533.6283847490946,437.68751586973667,0.653511643409729
frame_000035.jpg,5,7,553.2982760667801,456.1124769896269,0.3704727292060852
frame_000035.jpg,5,8,528.6486654281616,458.85132256150246,0.6415518522262573
frame_000035.jpg,5,9,554.79219186306,440.42636144161224,0.3203052878379822
frame_000035.jpg,5,10,535.6202724774679,475.0354100316763,0.5484777092933655
frame_000035.jpg,5,11,550.559430440267,481.26005905866623,0.487160325050354
frame_000035.jpg,5,12,540.3510058323542,481.5090450197458,0.4501081109046936
frame_000035.jpg,5,13,547.0736269156138,507.65257093310356,0.39099881052970886
frame_000035.jpg,5,14,536.3672303756078,507.65257093310356,0.3413539528846741
frame_000035.jpg,5,15,546.0776830514272,537.7798722237349,0.3120894432067871
frame_000035.jpg,5,16,533.379398783048,537.7798722237349,0.2986515760421753
frame_000035.jpg,6,0,692.2643718719482,485.760817527771,0.6323559284210205
frame_000035.jpg,6,1,693.4791026115417,483.0884099006653,0.6515806317329407
frame_000035.jpg,6,2,688.9845988750458,483.69577527046204,0.6280919313430786
frame_000035.jpg,6,3,696.0300371646881,484.0601944923401,0.44517093896865845
frame_000035.jpg,6,4,683.6397836208344,484.91050601005554,0.5146569609642029
frame_000035.jpg,6,5,697.8521332740784,496.20750188827515,0.2644345760345459
frame_000035.jpg,6,6,677.5661299228668,496.20750188827515,0.23931804299354553
frame_000035.jpg,6,7,706.719667673111,507.3830246925354,0.33604899048805237
frame_000035.jpg,6,8,668.6985955238342,507.6259708404541,0.2248815894126892
frame_000035.jpg,6,9,693.6005756855011,510.2983784675598,0.19727177917957306
frame_000035.jpg,6,10,687.7698681354523,510.41985154151917,0.15852901339530945
frame_000035.jpg,6,11,693.4791026115417,527.9119741916656,0.15410219132900238
frame_000035.jpg,6,12,675.8655068874359,527.9119741916656,0.16774410009384155
frame_000035.jpg,6,13,706.719667673111,527.9119741916656,0.20761416852474213
frame_000035.jpg,6,14,682.4250528812408,504.7106170654297,0.18305343389511108
frame_000035.jpg,6,15,706.719667673111,527.9119741916656,0.23934215307235718
frame_000035.jpg,6,16,671.9783685207367,527.9119741916656,0.27819910645484924
frame_000035.jpg,7,0,677.9820732275645,458.9699494689703,0.2983330488204956
frame_000035.jpg,7,1,680.1440825661024,455.02746200561523,0.30967283248901367
frame_000035.jpg,7,2,674.8026477297147,457.82535633444786,0.31028079986572266
frame_000035.jpg,7,3,682.3060919046402,457.82535633444786,0.25255247950553894
frame_000035.jpg,7,4,671.6232222318649,455.02746200561523,0.2920270562171936
frame_000035.jpg,7,5,688.7921199202538,468.1266945451498,0.4034797251224518
frame_000035.jpg,7,6,667.9350886543592,467.99951753020287,0.4043567478656769
frame_000035.jpg,7,7,695.2781479358673,480.5900420099497,0.22994697093963623
frame_000035.jpg,7,8,665.6459022959074,483.13358230888844,0.3738582730293274
frame_000035.jpg,7,9,705.8338405887285,483.7694673836231,0.11188077926635742
frame_000035.jpg,7,10,667.4263805747032,483.6422903686762,0.12681274116039276
frame_000035.jpg,7,11,683.9593931635221,493.05338947474957,0.20360270142555237
frame_000035.jpg,7,12,672.6406383911768,493.05338947474957,0.26695799827575684
frame_000035.jpg,7,13,682.8147999842962,503.22755067050457,0.18924321234226227
frame_000035.jpg,7,14,667.8079116344452,502.84601962566376,0.20070531964302063
frame_000035.jpg,7,15,705.8338405887285,520.0149166435003,0.24494796991348267
frame_000035.jpg,7,16,670.097097992897,520.0149166435003,0.26669907569885254
frame_000035.jpg,8,0,615.4937032461166,476.5488844513893,0.6212827563285828
frame_000035.jpg,8,1,617.1323876678944,474.58246314525604,0.6267623901367188
frame_000035.jpg,8,2,613.8550188243389,474.58246314525604,0.554256021976471
frame_000035.jpg,8,3,619.0988089740276,476.11190193891525,0.6155184507369995
frame_000035.jpg,8,4,608.0650005340576,476.22114756703377,0.4203157424926758
frame_000035.jpg,8,5,626.1997748017311,487.9104297757149,0.47279247641563416
frame_000035.jpg,8,6,608.0650005340576,488.0196754038334,0.3903903365135193
frame_000035.jpg,8,7,637.5613201260567,500.3644313812256,0.585376501083374
frame_000035.jpg,8,8,637.4520744979382,500.4736770093441,0.3273426294326782
frame_000035.jpg,8,9,634.6116881668568,510.852011680603,0.43601441383361816
frame_000035.jpg,8,10,608.0650005340576,510.41502916812897,0.2089942991733551
frame_000035.jpg,8,11,625.4350554049015,521.230346351862,0.3433334529399872
frame_000035.jpg,8,12,613.7457731962204,521.230346351862,0.3851480782032013
frame_000035.jpg,8,13,635.1579163074493,521.230346351862,0.2161468118429184
frame_000035.jpg,8,14,608.0650005340576,521.230346351862,0.24941086769104004
frame_000035.jpg,8,15,635.2671619355679,521.230346351862,0.23263898491859436
frame_000035.jpg,8,16,628.2754417359829,521.230346351862,0.2113669216632843
frame_000035.jpg,9,0,549.0123011171818,425.2552427351475,0.4426214396953583
frame_000035.jpg,9,1,550.599118322134,424.46183413267136,0.4123944640159607
frame_000035.jpg,9,2,547.5841656327248,423.5097438097,0.3942447304725647
frame_000035.jpg,9,3,549.6470279991627,425.2552427351475,0.3899063169956207
frame_000035.jpg,9,4,543.9344860613346,424.937879294157,0.3975234031677246
frame_000035.jpg,9,5,552.027253806591,435.4108728468418,0.4610966444015503
frame_000035.jpg,9,6,533.1441290676594,436.99769005179405,0.5111829042434692
frame_000035.jpg,9,7,549.6470279991627,457.9436771571636,0.22800351679325104
frame_000035.jpg,9,8,528.7010408937931,458.10235887765884,0.5569000244140625
frame_000035.jpg,9,9,557.1050688624382,440.0126427412033,0.25385379791259766
frame_000035.jpg,9,10,535.683036595583,474.60525780916214,0.4995839595794678
frame_000035.jpg,9,11,549.3296645581722,480.4764814674854,0.369081974029541
frame_000035.jpg,9,12,540.6021699309349,480.63516318798065,0.4058614671230316
frame_000035.jpg,9,13,544.5692129433155,497.6141072809696,0.30872899293899536
frame_000035.jpg,9,14,537.11117208004,497.6141072809696,0.31608787178993225
frame_000035.jpg,9,15,511.08736991882324,497.6141072809696,0.2595435678958893
frame_000035.jpg,9,16,511.08736991882324,497.6141072809696,0.28325656056404114
frame_000040.jpg,0,0,90.665114402771,668.5887064933777,0.9372118711471558
frame_000040.jpg,0,1,89.56069755554199,666.3798727989197,0.654704213142395
frame_000040.jpg,0,2,87.35186386108398,665.8276643753052,0.8246686458587646
frame_000040.jpg,0,3,64.1591100692749,671.3497486114502,0.6900125741958618
frame_000040.jpg,0,4,79.62094593048096,673.0063738822937,0.8384319543838501
frame_000040.jpg,0,5,42.622981548309326,690.6770434379578,0.7885851263999939
frame_000040.jpg,0,6,89.56069755554199,702.8256287574768,0.7706438302993774
frame_000040.jpg,0,7,2.8639750480651855,698.9601697921753,0.7863699197769165
frame_000040.jpg,0,8,105.02253341674805,741.480218410492,0.8173487186431885
frame_000040.jpg,0,9,1.7595582008361816,701.7212119102478,0.6516819000244141
frame_000040.jpg,0,10,111.09682607650757,708.3477129936218,0.845693826675415
frame_000040.jpg,0,11,49.80169105529785,765.2251806259155,0.6349529027938843
frame_000040.jpg,0,12,68.02456903457642,767.986222743988,0.6453315615653992
frame_000040.jpg,0,13,109.44020080566406,790.6267681121826,0.8636837005615234
frame_000040.jpg,0,14,29.92218780517578,840.3255262374878,0.7922912836074829
frame_000040.jpg,0,15,116.06670188903809,850.8174862861633,0.935112714767456
frame_000040.jpg,0,16,-8.732401847839355,841.9821515083313,0.4327133297920227
frame_000040.jpg,1,0,183.24214935302734,463.56615447998047,0.6823017001152039
frame_000040.jpg,1,1,182.90082931518555,460.4942741394043,0.6174592971801758
frame_000040.jpg,1,2,182.21818923950195,460.1529541015625,0.6403441429138184
frame_000040.jpg,1,3,180.51158905029297,460.4942741394043,0.5164514780044556
frame_000040.jpg,1,4,174.70914840698242,458.7876739501953,0.6231811046600342
frame_000040.jpg,1,5,175.7331085205078,470.7338752746582,0.5758167505264282
frame_000040.jpg,1,6,162.76294708251953,469.7099151611328,0.5956974625587463
frame_000040.jpg,1,7,175.39178848266602,489.50647735595703,0.5174762010574341
frame_000040.jpg,1,8,154.9125862121582,485.41063690185547,0.5456047058105469
frame_000040.jpg,1,9,177.098388671875,503.5005989074707,0.39388003945350647
frame_000040.jpg,1,10,162.08030700683594,498.72211837768555,0.42975372076034546
frame_000040.jpg,1,11,178.4636688232422,513.3988800048828,0.5748412609100342
frame_000040.jpg,1,12,167.2001075744629,513.7402000427246,0.5768159627914429
frame_000040.jpg,1,13,188.3619499206543,538.315242767334,0.6381698846817017
frame_000040.jpg,1,14,166.8587875366211,542.7524032592773,0.6007384061813354
frame_000040.jpg,1,15,197.23627090454102,566.6448059082031,0.67855304479599
frame_000040.jpg,1,16,163.78690719604492,568.0100860595703,0.5894678831100464
frame_000040.jpg,2,0,726.7576484680176,720.2325439453125,0.4812796115875244
frame_000040.jpg,2,1,551.1289672851562,1027.5827360153198,0.2765411138534546
frame_000040.jpg,2,2,727.9605846405029,720.2325439453125,0.3293393850326538
frame_000040.jpg,2,3,722.5473718643188,1027.5827360153198,0.28681787848472595
frame_000040.jpg,2,4,551.1289672851562,720.2325439453125,0.3251781761646271
frame_000040.jpg,2,5,722.5473718643188,756.320629119873,0.6200767159461975
frame_000040.jpg,2,6,724.9532442092896,754.516224861145,0.4679178297519684
frame_000040.jpg,2,7,717.7356271743774,782.1837568283081,0.5751257538795471
frame_000040.jpg,2,8,718.3370952606201,788.1984376907349,0.331512451171875
frame_000040.jpg,2,9,716.5326910018921,808.0468845367432,0.4867957830429077
frame_000040.jpg,2,10,714.7282867431641,813.4600973129272,0.26875174045562744
frame_000040.jpg,2,11,711.7209463119507,831.5041399002075,0.7025089263916016
frame_000040.jpg,2,12,718.3370952606201,840.5261611938477,0.597551703453064
frame_000040.jpg,2,13,686.4592866897583,898.2670974731445,0.7669808864593506
frame_000040.jpg,2,14,685.8578186035156,900.6729698181152,0.5224545001983643
frame_000040.jpg,2,15,637.1389036178589,957.2109699249268,0.7736976146697998
frame_000040.jpg,2,16,635.3344993591309,957.2109699249268,0.39895516633987427
frame_000040.jpg,3,0,618.2186419963837,414.2603068947792,0.5546318888664246
frame_000040.jpg,3,1,620.1615098317465,411.9745800793171,0.6247975826263428
frame_000040.jpg,3,2,615.932915131251,411.6317210569978,0.5736084580421448
frame_000040.jpg,3,3,621.875804980596,412.5460117831826,0.5073938369750977
frame_000040.jpg,3,4,611.590034087499,411.7460073977709,0.6175705194473267
frame_000040.jpg,3,5,623.704386472702,426.3746590167284,0.4643901586532593
frame_000040.jpg,3,6,604.6185671488444,426.7175180390477,0.4143288731575012
frame_000040.jpg,3,7,627.2472631136576,440.3175925910473,0.42694783210754395
frame_000040.jpg,3,8,598.5613909562429,443.0604647696018,0.4859474301338196
frame_000040.jpg,3,9,627.8186948299408,439.86044722795486,0.318905770778656
frame_000040.jpg,3,10,601.3042631944021,453.46052177995443,0.2540737986564636
frame_000040.jpg,3,11,620.7329415480295,453.46052177995443,0.38477814197540283
frame_000040.jpg,3,12,608.50430281957,453.46052177995443,0.35936984419822693
frame_000040.jpg,3,13,635.5901661713918,453.46052177995443,0.30054399371147156
frame_000040.jpg,3,14,635.5901661713918,453.46052177995443,0.24858805537223816
frame_000040.jpg,3,15,635.5901661713918,453.46052177995443,0.2378815859556198
frame_000040.jpg,3,16,591.8184967041016,453.46052177995443,0.25744739174842834
frame_000040.jpg,4,0,257.05093052983284,310.6918699145317,0.6806623935699463
frame_000040.jpg,4,1,257.67740738391876,309.68950694799423,0.6549885272979736
frame_000040.jpg,4,2,256.5497490465641,309.56421157717705,0.6325726509094238
frame_000040.jpg,4,3,259.0556564629078,310.5665745437145,0.6377757787704468
frame_000040.jpg,4,4,256.5497490465641,310.44127917289734,0.5650778412818909
frame_000040.jpg,4,5,261.81215462088585,317.0819338262081,0.5844700336456299
frame_000040.jpg,4,6,255.54738608002663,316.5807523429394,0.5211901664733887
frame_000040.jpg,4,7,261.5615638792515,323.4719977378845,0.4234536290168762
frame_000040.jpg,4,8,254.9209092259407,322.59493014216423,0.42679041624069214
frame_000040.jpg,4,9,253.54266014695168,323.4719977378845,0.38774633407592773
frame_000040.jpg,4,10,252.28970643877983,322.9708162546158,0.343427836894989
frame_000040.jpg,4,11,259.0556564629078,330.9897199869156,0.5326240062713623
frame_000040.jpg,4,12,255.29679533839226,330.8644246160984,0.5067839622497559
frame_000040.jpg,4,13,259.0556564629078,341.3892357647419,0.5907925367355347
frame_000040.jpg,4,14,256.29915830492973,341.63982650637627,0.583350658416748
frame_000040.jpg,4,15,259.8074286878109,351.28757005929947,0.6267991065979004
frame_000040.jpg,4,16,257.05093052983284,351.0369793176651,0.6354377865791321
frame_000040.jpg,5,0,419.7347541451454,466.34316700696945,0.5366758108139038
frame_000040.jpg,5,1,422.14362706740695,464.6870669275522,0.5010404586791992
frame_000040.jpg,5,2,417.02477210760117,464.9881760329008,0.5195852518081665
frame_000040.jpg,5,3,424.8536091049512,464.23540326952934,0.4891313314437866
frame_000040.jpg,5,4,414.46534462769824,464.9881760329008,0.5268169045448303
frame_000040.jpg,5,5,431.62856419881183,475.97865837812424,0.5343812704086304
frame_000040.jpg,5,6,410.0992624560992,476.12921293079853,0.5619493722915649
frame_000040.jpg,5,7,437.1990828315417,490.4318954348564,0.43894141912460327
frame_000040.jpg,5,8,408.5937168796857,491.63633185625076,0.5488734245300293
frame_000040.jpg,5,9,435.5429826974869,500.82015956938267,0.19318100810050964
frame_000040.jpg,5,10,411.45425347487134,502.3257050961256,0.19073942303657532
frame_000040.jpg,5,11,428.1658093730609,502.9279233068228,0.4556471109390259
frame_000040.jpg,5,12,414.9170083006223,502.4762596487999,0.47826552391052246
frame_000040.jpg,5,13,424.8536091049512,509.4017690718174,0.3282334506511688
frame_000040.jpg,5,14,411.45425347487134,509.1006599664688,0.38287246227264404
frame_000040.jpg,5,15,435.39242813984555,522.1989060491323,0.2908685803413391
frame_000040.jpg,5,16,409.9487078984578,522.1989060491323,0.2889837324619293
frame_000040.jpg,6,0,583.3474191029867,411.4695233106613,0.42675524950027466
frame_000040.jpg,6,1,585.277296702067,408.6314680799842,0.5117044448852539
frame_000040.jpg,6,2,581.4175415039062,408.5179458707571,0.4638133645057678
frame_000040.jpg,6,3,586.8666076660156,409.4261235445738,0.4179859459400177
frame_000040.jpg,6,4,576.1955197652181,409.08555691689253,0.49395427107810974
frame_000040.jpg,6,5,592.0886294047037,422.3676553964615,0.4671175181865692
frame_000040.jpg,6,6,569.0436204274496,422.3676553964615,0.4166920781135559
frame_000040.jpg,6,7,596.8565622965494,437.92019806057215,0.4996645152568817
frame_000040.jpg,6,8,564.8432985941569,439.28246457129717,0.45962563157081604
frame_000040.jpg,6,9,594.359073638916,449.49946340173483,0.3037967383861542
frame_000040.jpg,6,10,576.1955197652181,449.49946340173483,0.2578006088733673
frame_000040.jpg,6,11,589.4776185353597,449.49946340173483,0.35330522060394287
frame_000040.jpg,6,12,573.6980311075846,449.49946340173483,0.3312978446483612
frame_000040.jpg,6,13,603.1002839406332,449.49946340173483,0.2395825982093811
frame_000040.jpg,6,14,603.1002839406332,449.49946340173483,0.21721625328063965
frame_000040.jpg,6,15,592.2021516164144,449.49946340173483,0.16928395628929138
frame_000040.jpg,6,16,603.1002839406332,449.49946340173483,0.1994962990283966
frame_000040.jpg,7,0,694.680385351181,404.2906388640404,0.5653375387191772
frame_000040.jpg,7,1,697.366551220417,401.6044729948044,0.6073567867279053
frame_000040.jpg,7,2,694.1148767471313,401.46309584379196,0.6140879392623901
frame_000040.jpg,7,3,703.3043915629387,402.5941130518913,0.5886121988296509
frame_000040.jpg,7,4,693.8321224451065,402.5941130518913,0.44232916831970215
frame_000040.jpg,7,5,710.9387577176094,419.27661687135696,0.4119194746017456
frame_000040.jpg,7,6,693.5493681430817,418.28697681427,0.3101816773414612
frame_000040.jpg,7,7,714.7559407949448,435.67636638879776,0.32482534646987915
frame_000040.jpg,7,8,695.670025408268,436.8073835968971,0.18602415919303894
frame_000040.jpg,7,9,711.3628891706467,456.600184738636,0.31756919622421265
frame_000040.jpg,7,10,695.5286482572556,440.9073209762573,0.21937423944473267
frame_000040.jpg,7,11,709.9491176605225,456.600184738636,0.336685448884964
frame_000040.jpg,7,12,699.2044541835785,456.600184738636,0.3174060583114624
frame_000040.jpg,7,13,711.7870206236839,456.600184738636,0.25348490476608276
frame_000040.jpg,7,14,696.9424197673798,456.600184738636,0.24757322669029236
frame_000040.jpg,7,15,711.0801348686218,456.600184738636,0.3071099817752838
frame_000040.jpg,7,16,697.0837969183922,456.600184738636,0.2543236017227173
frame_000040.jpg,8,0,293.05957253774005,434.23107838630676,0.5704494714736938
frame_000040.jpg,8,1,294.5634964307149,432.22584640979767,0.5462105870246887
frame_000040.jpg,8,2,290.05172475179035,431.8916410803795,0.5206459760665894
frame_000040.jpg,8,3,295.9003176689148,433.5626677274704,0.49733129143714905
frame_000040.jpg,8,4,286.5425690015157,433.3955650627613,0.5343485474586487
frame_000040.jpg,8,5,297.5713442166646,445.92826491594315,0.5770126581192017
frame_000040.jpg,8,6,278.3545389175415,446.4295729100704,0.6059844493865967
frame_000040.jpg,8,7,308.9343247413635,456.1215274631977,0.5741769671440125
frame_000040.jpg,8,8,273.341459274292,467.651611328125,0.6271443367004395
frame_000040.jpg,8,9,319.29468933741254,462.3043260574341,0.46510136127471924
frame_000040.jpg,8,10,278.0203336079915,484.6960831284523,0.5458748936653137
frame_000040.jpg,8,11,297.40424156188965,488.0381364226341,0.45357322692871094
frame_000040.jpg,8,12,285.7070557276408,488.5394444167614,0.46137651801109314
frame_000040.jpg,8,13,292.7253672281901,510.26279082894325,0.3611314296722412
frame_000040.jpg,8,14,282.5321052869161,510.26279082894325,0.3236779272556305
frame_000040.jpg,8,15,255.29437255859375,510.26279082894325,0.25537312030792236
frame_000040.jpg,8,16,255.29437255859375,510.26279082894325,0.2736232578754425
frame_000040.jpg,9,0,434.69393968582153,492.5481835603714,0.617824912071228
frame_000040.jpg,9,1,435.9993350505829,489.80685329437256,0.6475898027420044
frame_000040.jpg,9,2,431.299911737442,490.3290114402771,0.6027200818061829
frame_000040.jpg,9,3,438.2185071706772,490.3290114402771,0.43615931272506714
frame_000040.jpg,9,4,425.16455352306366,491.8954858779907,0.5229101777076721
frame_000040.jpg,9,5,441.35145604610443,504.8188999891281,0.2783912718296051
frame_000040.jpg,9,6,418.76811623573303,506.2548348903656,0.2897967994213104
frame_000040.jpg,9,7,443.96224677562714,514.8704442977905,0.31750112771987915
frame_000040.jpg,9,8,411.5884417295456,517.8728536367416,0.264118492603302
frame_000040.jpg,9,9,440.959837436676,518.7866303920746,0.1982346922159195
frame_000040.jpg,9,10,432.21368849277496,519.0477094650269,0.1939953714609146
frame_000040.jpg,9,11,438.08796763420105,536.6705468893051,0.22531908750534058
frame_000040.jpg,9,12,420.72620928287506,536.6705468893051,0.23554888367652893
frame_000040.jpg,9,13,452.83893525600433,536.6705468893051,0.23755812644958496
frame_000040.jpg,9,14,423.4675395488739,536.6705468893051,0.21583682298660278
frame_000040.jpg,9,15,452.83893525600433,536.6705468893051,0.23893870413303375
frame_000040.jpg,9,16,416.28786504268646,536.6705468893051,0.2504868507385254
frame_000040.jpg,10,0,487.67928421497345,490.2245314270258,0.2021704465150833
frame_000040.jpg,10,1,490.2162039279938,481.8889379128814,0.2522359788417816
frame_000040.jpg,10,2,485.9880044062932,482.73457783460617,0.20092245936393738
frame_000040.jpg,10,3,493.4779578447342,479.83524096012115,0.21776697039604187
frame_000040.jpg,10,4,483.2094732920329,481.28490939736366,0.13574141263961792
frame_000040.jpg,10,5,497.82696306705475,484.66746908426285,0.15860018134117126
frame_000040.jpg,10,6,481.39738778273266,483.9426348656416,0.11867594718933105
frame_000040.jpg,10,7,499.397437175115,466.3050022125244,0.1706681251525879
frame_000040.jpg,10,8,476.08193695545197,466.3050022125244,0.1426689326763153
frame_000040.jpg,10,9,499.27663147449493,466.3050022125244,0.14489245414733887
frame_000040.jpg,10,10,461.94766998291016,466.3050022125244,0.17102956771850586
frame_000040.jpg,10,11,492.028289437294,478.8687953352928,0.15380671620368958
frame_000040.jpg,10,12,482.84705619017285,479.23121244460344,0.15401101112365723
frame_000040.jpg,10,13,491.3034552335739,498.68093064427376,0.1364433914422989
frame_000040.jpg,10,14,479.70610797405243,498.07690212875605,0.12901276350021362
frame_000040.jpg,10,15,488.88734122117364,514.1440606415272,0.2695944309234619
frame_000040.jpg,10,16,471.8537374337514,513.7816435322165,0.23846638202667236
frame_000040.jpg,11,0,151.1603673696518,307.3203082680702,0.31836313009262085
frame_000040.jpg,11,1,151.1603673696518,306.3972626924515,0.28342556953430176
frame_000040.jpg,11,2,151.42409467697144,306.3972626924515,0.32874059677124023
frame_000040.jpg,11,3,150.89664006233215,307.3203082680702,0.3636729121208191
frame_000040.jpg,11,4,153.66577678918839,307.1884446144104,0.4228208065032959
frame_000040.jpg,11,5,146.80886679887772,312.4629907608032,0.3701310455799103
frame_000040.jpg,11,6,153.92950409650803,312.4629907608032,0.3985561728477478
frame_000040.jpg,11,7,145.09463930130005,319.4517644047737,0.3126746714115143
frame_000040.jpg,11,8,152.87459486722946,319.05617344379425,0.36807242035865784
frame_000040.jpg,11,9,145.09463930130005,322.22090113162994,0.2075270563364029
frame_000040.jpg,11,10,157.48982274532318,322.88021939992905,0.3555343449115753
frame_000040.jpg,11,11,147.20445775985718,327.8910382390022,0.3447418808937073
frame_000040.jpg,11,12,152.47900390625,328.02290189266205,0.3308565020561218
frame_000040.jpg,11,13,145.3583666086197,338.96758514642715,0.27714383602142334
frame_000040.jpg,11,14,155.7755952477455,338.5719941854477,0.3663069009780884
frame_000040.jpg,11,15,144.6990483403206,348.1980409026146,0.335639089345932
frame_000040.jpg,11,16,157.621686398983,348.1980409026146,0.4030050039291382
frame_000040.jpg,12,0,160.79704642295837,307.14306432008743,0.23220086097717285
frame_000040.jpg,12,1,161.7026224732399,306.49622428417206,0.21061500906944275
frame_000040.jpg,12,2,161.83199048042297,305.8493842482567,0.2781774401664734
frame_000040.jpg,12,3,157.69221425056458,306.62559229135513,0.24031072854995728
frame_000040.jpg,12,4,160.6676784157753,306.10812026262283,0.32683393359184265
frame_000040.jpg,12,5,160.6676784157753,312.4471526145935,0.272397518157959
frame_000040.jpg,12,6,153.4230700135231,312.31778460741043,0.27810075879096985
frame_000040.jpg,12,7,163.64314258098602,318.52744895219803,0.23196262121200562
frame_000040.jpg,12,8,152.00002193450928,318.91555297374725,0.24230527877807617
frame_000040.jpg,12,9,162.47883051633835,323.05532920360565,0.1852310597896576
frame_000040.jpg,12,10,156.26916617155075,323.3140652179718,0.2286292016506195
frame_000040.jpg,12,11,159.50336635112762,328.23004949092865,0.21369875967502594
frame_000040.jpg,12,12,156.0104301571846,328.23004949092865,0.22278180718421936
frame_000040.jpg,12,13,161.05578243732452,338.57949006557465,0.24318113923072815
frame_000040.jpg,12,14,156.78663820028305,338.57949006557465,0.2674245238304138
frame_000040.jpg,12,15,159.37399834394455,348.5408266186714,0.3261132538318634
frame_000040.jpg,12,16,158.46842229366302,348.5408266186714,0.33807283639907837
frame_000040.jpg,13,0,168.95809650421143,308.94990211725235,0.46420639753341675
frame_000040.jpg,13,1,169.83857601881027,308.0694226026535,0.43411391973495483
frame_000040.jpg,13,2,168.20339977741241,307.94363981485367,0.45825958251953125
frame_000040.jpg,13,3,170.84483832120895,308.3209881782532,0.4080144166946411
frame_000040.jpg,13,4,166.94557189941406,308.3209881782532,0.45364266633987427
frame_000040.jpg,13,5,172.22844898700714,314.1069964170456,0.3826715350151062
frame_000040.jpg,13,6,164.68148171901703,314.1069964170456,0.34997937083244324
frame_000040.jpg,13,7,173.23471128940582,321.52818089723587,0.2977725565433502
frame_000040.jpg,13,8,162.66895711421967,320.647701382637,0.28177931904792786
frame_000040.jpg,13,9,172.1026661992073,325.3016645312309,0.22295916080474854
frame_000040.jpg,13,10,162.54317432641983,324.9243161678314,0.23916278779506683
frame_000040.jpg,13,11,170.46748995780945,328.57201701402664,0.26560816168785095
frame_000040.jpg,13,12,163.92678499221802,328.6977998018265,0.26239511370658875
frame_000040.jpg,13,13,170.21592438220978,338.88620561361313,0.23038694262504578
frame_000040.jpg,13,14,162.7947399020195,338.88620561361313,0.27611464262008667
frame_000040.jpg,13,15,169.46122765541077,348.6972630620003,0.3137655258178711
frame_000040.jpg,13,16,162.16582596302032,348.57148027420044,0.34445124864578247
frame_000040.jpg,14,0,659.2572696208954,404.72114419937134,0.30505645275115967
frame_000040.jpg,14,1,658.0474717617035,404.0154287815094,0.27841928601264954
frame_000040.jpg,14,2,658.1482882499695,404.0154287815094,0.2714446783065796
frame_000040.jpg,14,3,657.2409398555756,404.1162452697754,0.33905863761901855
frame_000040.jpg,14,4,664.6005434989929,403.7129793167114,0.2330530434846878
frame_000040.jpg,14,5,654.3172616958618,411.27421593666077,0.13012954592704773
frame_000040.jpg,14,6,653.6115462779999,410.9717664718628,0.13843348622322083
frame_000040.jpg,14,7,648.9739878177643,426.6991386413574,0.20791006088256836
frame_000040.jpg,14,8,649.4780702590942,424.8844418525696,0.10479319840669632
frame_000040.jpg,14,9,646.6552085876465,425.5901572704315,0.24074786901474
frame_000040.jpg,14,10,648.4699053764343,424.5819923877716,0.12399231642484665
frame_000040.jpg,14,11,666.9193227291107,423.97709345817566,0.11376087367534637
frame_000040.jpg,14,12,666.9193227291107,423.4730110168457,0.10284802317619324
frame_000040.jpg,14,13,667.1209557056427,433.15139389038086,0.21800222992897034
frame_000040.jpg,14,14,667.0201392173767,434.0587422847748,0.18096035718917847
frame_000040.jpg,14,15,665.9111578464508,444.3420240879059,0.2962545156478882
frame_000040.jpg,14,16,666.3144237995148,444.3420240879059,0.2591135501861572
frame_000040.jpg,15,0,293.280149936676,433.73079109191895,0.6291371583938599
frame_000040.jpg,15,1,295.0839545726776,431.41161370277405,0.6349049806594849
frame_000040.jpg,15,2,290.7032861709595,430.89624094963074,0.6453685760498047
frame_000040.jpg,15,3,296.63007283210754,432.957731962204,0.559397280216217
frame_000040.jpg,15,4,285.807245016098,432.184672832489,0.6610175967216492
frame_000040.jpg,15,5,297.14544558525085,445.5843644142151,0.691770613193512
frame_000040.jpg,15,6,278.84971284866333,446.87279629707336,0.7191476821899414
frame_000040.jpg,15,7,310.54513716697693,456.14950585365295,0.7003093957901001
frame_000040.jpg,15,8,273.1806125640869,468.0030791759491,0.6964311599731445
frame_000040.jpg,15,9,324.9755742549896,464.6531562805176,0.6903384923934937
frame_000040.jpg,15,10,278.33434009552,485.26806640625,0.6213381290435791
frame_000040.jpg,15,11,297.14544558525085,488.36030292510986,0.509832501411438
frame_000040.jpg,15,12,285.807245016098,488.8756756782532,0.502246618270874
frame_000040.jpg,15,13,293.280149936676,515.6750588417053,0.42881911993026733
frame_000040.jpg,15,14,283.23038125038147,515.6750588417053,0.39920878410339355
frame_000040.jpg,15,15,290.9609725475311,550.9780924320221,0.3381686210632324
frame_000040.jpg,15,16,280.6535174846649,550.9780924320221,0.3284100890159607
frame_000045.jpg,0,0,102.05688428878784,660.8924102783203,0.996100902557373
frame_000045.jpg,0,1,101.02285814285278,657.7903318405151,0.7519725561141968
frame_000045.jpg,0,2,99.4718189239502,657.7903318405151,0.9601218700408936
frame_000045.jpg,0,3,84.99545288085938,662.9604625701904,0.5204982757568359
frame_000045.jpg,0,4,92.23363590240479,661.9264364242554,0.8785405158996582
frame_000045.jpg,0,5,87.06350517272949,681.5729331970215,0.6552579402923584
frame_000045.jpg,0,6,86.54649209976196,682.6069593429565,0.8175718784332275
frame_000045.jpg,0,7,93.26766204833984,708.9746260643005,0.6710819005966187
frame_000045.jpg,0,8,59.14479923248291,691.9131946563721,0.8276020288467407
frame_000045.jpg,0,9,114.98221111297607,686.2260508537292,0.8289216160774231
frame_000045.jpg,0,10,56.042720794677734,733.791253566742,0.8173679709434509
frame_000045.jpg,0,11,62.763890743255615,754.4717764854431,0.702244758605957
frame_000045.jpg,0,12,83.44441366195679,753.9547634124756,0.7286278009414673
frame_000045.jpg,0,13,35.36219787597656,810.8262014389038,0.7358121871948242
frame_000045.jpg,0,14,128.42455101013184,765.8460640907288,0.8878897428512573
frame_000045.jpg,0,15,-3.4137825965881348,847.0171165466309,0.8296612501144409
frame_000045.jpg,0,16,97.40376663208008,818.0643844604492,0.8068447113037109
frame_000045.jpg,1,0,725.2612711588541,699.1997312307358,0.8158764839172363
frame_000045.jpg,1,1,721.2077414194742,697.1729664802551,0.414631187915802
frame_000045.jpg,1,2,724.5856828689575,697.1729664802551,0.6398482322692871
frame_000045.jpg,1,3,719.1809765497843,699.1997312307358,0.61164790391922
frame_000045.jpg,1,4,729.314800898234,701.9020842313766,0.6442947387695312
frame_000045.jpg,1,5,705.6692107518514,720.1429669857025,0.8980799913406372
frame_000045.jpg,1,6,722.5589179992676,724.872084736824,0.6631770133972168
frame_000045.jpg,1,7,665.1339133580526,743.1129674911499,0.9003557562828064
frame_000045.jpg,1,8,721.883329709371,778.2435564994812,0.25702568888664246
frame_000045.jpg,1,9,659.7292070388794,780.9459095001221,0.9228638410568237
frame_000045.jpg,1,10,715.8030351003011,809.3206160068512,0.19110286235809326
frame_000045.jpg,1,11,695.5353864034017,796.4844392538071,0.6968594193458557
frame_000045.jpg,1,12,713.1006819407145,805.2670865058899,0.7721787691116333
frame_000045.jpg,1,13,715.8030351003011,836.3441460132599,0.4151167869567871
frame_000045.jpg,1,14,700.2645044326782,866.7456172704697,0.722541332244873
frame_000045.jpg,1,15,689.4550917943319,846.4779697656631,0.4704071283340454
frame_000045.jpg,1,16,661.7559719085693,920.792677283287,0.6746903657913208
frame_000045.jpg,2,0,536.9700526595116,513.6882580518723,0.7606021165847778
frame_000045.jpg,2,1,538.1702771186829,511.0477642416954,0.7579077482223511
frame_000045.jpg,2,2,534.8096486330032,510.3276295661926,0.7709853649139404
frame_000045.jpg,2,3,538.1702771186829,511.5278540253639,0.5388509035110474
frame_000045.jpg,2,4,526.4080774188042,509.3674499988556,0.7927435636520386
frame_000045.jpg,2,5,528.8085263371468,522.8099639415741,0.5779736042022705
frame_000045.jpg,2,6,513.6856981515884,521.1296496987343,0.7176321744918823
frame_000045.jpg,2,7,529.7687059044838,540.0931961536407,0.4621959626674652
frame_000045.jpg,2,8,508.88480031490326,542.4936450719833,0.6563341617584229
frame_000045.jpg,2,9,530.9689303636551,545.6142286658287,0.4622806906700134
frame_000045.jpg,2,10,525.2078529596329,550.1750816106796,0.6139211058616638
frame_000045.jpg,2,11,521.3671346902847,548.0146775841713,0.44947385787963867
frame_000045.jpg,2,12,508.40471053123474,549.9350367188454,0.5178935527801514
frame_000045.jpg,2,13,545.8517136573792,556.6562936902046,0.5252009630203247
frame_000045.jpg,2,14,537.9302322268486,557.8565181493759,0.5046704411506653
frame_000045.jpg,2,15,546.0917585492134,586.661905169487,0.6821621656417847
frame_000045.jpg,2,16,543.2112198472023,587.8621296286583,0.5786191821098328
frame_000045.jpg,3,0,615.7064416408539,541.2751348018646,0.7471448183059692
frame_000045.jpg,3,1,617.873647749424,538.3855266571045,0.7489471435546875
frame_000045.jpg,3,2,613.2984348535538,538.1447259783745,0.7197777032852173
frame_000045.jpg,3,3,619.8000531792641,539.5895300507545,0.6748746633529663
frame_000045.jpg,3,4,607.2784178853035,538.8671280145645,0.7771129012107849
frame_000045.jpg,3,5,622.2080599665642,553.5559694170952,0.7251826524734497
frame_000045.jpg,3,6,597.405590057373,553.0743680596352,0.7201647758483887
frame_000045.jpg,3,7,625.5792694687843,572.338422358036,0.6356222629547119
frame_000045.jpg,3,8,594.9975832700729,573.5424257516861,0.6433590650558472
frame_000045.jpg,3,9,626.5424721837044,578.3584393262863,0.5449041128158569
frame_000045.jpg,3,10,609.4456239938736,576.4320338964462,0.5864278078079224
frame_000045.jpg,3,11,617.151245713234,580.7664461135864,0.4666861295700073
frame_000045.jpg,3,12,600.2951982021332,580.0440440773964,0.4388236403465271
frame_000045.jpg,3,13,633.7664925456047,585.5824596881866,0.7427616715431213
frame_000045.jpg,3,14,610.4088267087936,587.0272637605667,0.6354067325592041
frame_000045.jpg,3,15,627.5056748986244,612.5521357059479,0.7128329873085022
frame_000045.jpg,3,16,607.0376172065735,614.237740457058,0.6678401231765747
frame_000045.jpg,4,0,389.5080627799034,424.11370277404785,0.6336382627487183
frame_000045.jpg,4,1,390.63100534677505,421.7555233836174,0.660736083984375
frame_000045.jpg,4,2,387.3744719028473,421.7555233836174,0.6384918689727783
frame_000045.jpg,4,3,391.7539479136467,422.20470041036606,0.5158402919769287
frame_000045.jpg,4,4,381.87205332517624,422.20470041036606,0.6935272812843323
frame_000045.jpg,4,5,394.11212730407715,436.2414824962616,0.5753321051597595
frame_000045.jpg,4,6,374.57292664051056,437.1398365497589,0.48925960063934326
frame_000045.jpg,4,7,396.24571818113327,450.7274416089058,0.5426459312438965
frame_000045.jpg,4,8,369.0705080628395,453.1979152560234,0.5916917324066162
frame_000045.jpg,4,9,395.1227756142616,454.32085782289505,0.404422402381897
frame_000045.jpg,4,10,373.33768981695175,463.5289868712425,0.27062472701072693
frame_000045.jpg,4,11,391.4170651435852,463.5289868712425,0.46226561069488525
frame_000045.jpg,4,12,379.06469690799713,463.5289868712425,0.400071382522583
frame_000045.jpg,4,13,404.78008168935776,463.5289868712425,0.36926746368408203
frame_000045.jpg,4,14,404.78008168935776,463.5289868712425,0.2657436430454254
frame_000045.jpg,4,15,404.78008168935776,463.5289868712425,0.25786134600639343
frame_000045.jpg,4,16,370.6426276564598,463.5289868712425,0.2574155330657959
frame_000045.jpg,5,0,611.8460611104965,450.80479423701763,0.6999776363372803
frame_000045.jpg,5,1,608.4678326447805,449.59828409552574,0.6135749816894531
frame_000045.jpg,5,2,614.9829875429472,450.56349220871925,0.5468310117721558
frame_000045.jpg,5,3,607.2613224784533,451.2873982936144,0.7649956941604614
frame_000045.jpg,5,4,617.8786119421324,453.2178145200014,0.7455686330795288
frame_000045.jpg,5,5,597.8505431811014,461.904687538743,0.6626643538475037
frame_000045.jpg,5,6,620.2916322747866,469.6263524442911,0.6831883788108826
frame_000045.jpg,5,7,586.991951684157,470.35025852918625,0.5296460390090942
frame_000045.jpg,5,8,621.0155383745829,488.4479106515646,0.601589560508728
frame_000045.jpg,5,9,573.9616418878237,470.10895650088787,0.5192873477935791
frame_000045.jpg,5,10,619.3264241417249,502.20212626457214,0.5828213691711426
frame_000045.jpg,5,11,596.4027309815089,497.61738772690296,0.6044670343399048
frame_000045.jpg,5,12,609.6743428111076,499.3065019249916,0.5901705026626587
frame_000045.jpg,5,13,587.9571598172188,518.8519662171602,0.5464259386062622
frame_000045.jpg,5,14,615.2242895762125,521.264986500144,0.6119000315666199
frame_000045.jpg,5,15,583.613723218441,536.4670142829418,0.5165660381317139
frame_000045.jpg,5,16,613.0525712768236,538.1561284810305,0.47548991441726685
frame_000045.jpg,6,0,584.4231659770012,547.8281989693642,0.7644994258880615
frame_000045.jpg,6,1,587.0599946975708,544.4722351431847,0.7351980805397034
frame_000045.jpg,6,2,581.3069138526917,544.2325234413147,0.6981310844421387
frame_000045.jpg,6,3,590.1762468218803,545.1913702487946,0.6391663551330566
frame_000045.jpg,6,4,576.5126798152924,544.4722351431847,0.7653903961181641
frame_000045.jpg,6,5,589.2174000144005,556.6975319385529,0.6271129846572876
frame_000045.jpg,6,6,566.9242117404938,556.9372436404228,0.6763166189193726
frame_000045.jpg,6,7,592.57336384058,572.7582159638405,0.5315234661102295
frame_000045.jpg,6,8,565.9653649330139,575.87446808815,0.6730053424835205
frame_000045.jpg,6,9,590.8953819274902,576.5936031937599,0.5704905986785889
frame_000045.jpg,6,10,582.5054723620415,577.0730265974998,0.6113399267196655
frame_000045.jpg,6,11,583.9437425732613,583.5452425479889,0.42534929513931274
frame_000045.jpg,6,12,564.5270947217941,584.0246659517288,0.4881429672241211
frame_000045.jpg,6,13,599.7647148966789,589.0586116909981,0.4946528673171997
frame_000045.jpg,6,14,578.4303734302521,590.7365936040878,0.5469516515731812
frame_000045.jpg,6,15,598.0867329835892,616.385745704174,0.5747840404510498
frame_000045.jpg,6,16,571.2390223741531,621.4196914434433,0.6919612884521484
frame_000045.jpg,7,0,355.2969637811184,420.9791210889816,0.4878169298171997
frame_000045.jpg,7,1,356.80599468946457,418.3092971742153,0.5701255798339844
frame_000045.jpg,7,2,353.09145706892014,418.3092971742153,0.4877423644065857
frame_000045.jpg,7,3,358.31502559781075,419.35401087999344,0.4660351872444153
frame_000045.jpg,7,4,347.40357133746147,419.2379315793514,0.5243557095527649
frame_000045.jpg,7,5,363.1903562247753,432.35489255189896,0.5355364084243774
frame_000045.jpg,7,6,340.20665469765663,433.05136835575104,0.46728330850601196
frame_000045.jpg,7,7,367.94960755109787,448.8381532430649,0.5516691207885742
frame_000045.jpg,7,8,335.6795619726181,450.9275806546211,0.5530533790588379
frame_000045.jpg,7,9,366.20841804146767,461.25863841176033,0.3541446924209595
frame_000045.jpg,7,10,349.3769194483757,452.3205322623253,0.30656182765960693
frame_000045.jpg,7,11,361.5652460157871,461.25863841176033,0.481975793838501
frame_000045.jpg,7,12,345.54630252718925,461.25863841176033,0.39672356843948364
frame_000045.jpg,7,13,374.1018104851246,461.25863841176033,0.347833514213562
frame_000045.jpg,7,14,374.1018104851246,461.25863841176033,0.2489570677280426
frame_000045.jpg,7,15,374.1018104851246,461.25863841176033,0.21554972231388092
frame_000045.jpg,7,16,374.1018104851246,461.25863841176033,0.21126651763916016
frame_000045.jpg,8,0,193.9846573472023,477.07175719738007,0.5716590881347656
frame_000045.jpg,8,1,196.2539894580841,474.9537138938904,0.5923691987991333
frame_000045.jpg,8,2,191.56403642892838,475.2562915086746,0.5909096002578735
frame_000045.jpg,8,3,198.67461037635803,474.80242508649826,0.5617561340332031
frame_000045.jpg,8,4,187.9331050515175,475.710157930851,0.6286841630935669
frame_000045.jpg,8,5,204.57487386465073,486.1490856409073,0.5633261203765869
frame_000045.jpg,8,6,183.84830725193024,487.35939610004425,0.581079363822937
frame_000045.jpg,8,7,209.71869331598282,504.0011649131775,0.48451942205429077
frame_000045.jpg,8,8,183.39444082975388,503.2447208762169,0.5553446412086487
frame_000045.jpg,8,9,199.73363202810287,501.8831216096878,0.25013431906700134
frame_000045.jpg,8,10,198.82589918375015,501.8831216096878,0.26927462220191956
frame_000045.jpg,8,11,202.1542529463768,514.5913814306259,0.44990745186805725
frame_000045.jpg,8,12,188.6895490884781,513.9862262010574,0.45689040422439575
frame_000045.jpg,8,13,197.6155887246132,519.4326232671738,0.3367288112640381
frame_000045.jpg,8,14,184.45346248149872,518.9787568449974,0.37697625160217285
frame_000045.jpg,8,15,210.17255973815918,534.1076375842094,0.2622257471084595
frame_000045.jpg,8,16,184.90732890367508,534.1076375842094,0.30526208877563477
frame_000045.jpg,9,0,474.0249147415161,466.11574524641037,0.6790133714675903
frame_000045.jpg,9,1,477.39409214258194,463.2649028301239,0.7133231163024902
frame_000045.jpg,9,2,471.9515748023987,463.5240703225136,0.6936258673667908
frame_000045.jpg,9,3,481.5407720208168,464.819907784462,0.7453896999359131
frame_000045.jpg,9,4,468.58239740133286,465.07907527685165,0.6237624883651733
frame_000045.jpg,9,5,487.5016243457794,477.7782824039459,0.7052367329597473
frame_000045.jpg,9,6,463.91738253831863,475.18660748004913,0.6201125383377075
frame_000045.jpg,9,7,483.61411195993423,493.846666932106,0.6940471529960632
frame_000045.jpg,9,8,450.4406729340553,485.5533071756363,0.6033111810684204
frame_000045.jpg,9,9,474.54324972629547,481.14745980501175,0.6090941429138184
frame_000045.jpg,9,10,460.5482051372528,482.44329726696014,0.49524936079978943
frame_000045.jpg,9,11,478.171594619751,513.8025638461113,0.46295982599258423
frame_000045.jpg,9,12,464.1765500307083,511.72922390699387,0.45962417125701904
frame_000045.jpg,9,13,485.68745189905167,532.7217907905579,0.39616745710372925
frame_000045.jpg,9,14,441.62897819280624,520.0225836634636,0.6560210585594177
frame_000045.jpg,9,15,493.46247667074203,550.0860127806664,0.42830103635787964
frame_000045.jpg,9,16,457.956530213356,536.8684706687927,0.5217453837394714
frame_000045.jpg,10,0,66.29241633415222,445.0105478167534,0.6410412192344666
frame_000045.jpg,10,1,68.50720483064651,442.5496717095375,0.6379832625389099
frame_000045.jpg,10,2,64.07762783765793,442.05749648809433,0.6187459826469421
frame_000045.jpg,10,3,70.47590571641922,444.2722849845886,0.6071045398712158
frame_000045.jpg,10,4,59.155875623226166,444.02619737386703,0.6336098909378052
frame_000045.jpg,10,5,72.19851899147034,459.2836292386055,0.738622784614563
frame_000045.jpg,10,6,53.00368535518646,460.02189207077026,0.7097625732421875
frame_000045.jpg,10,7,75.88983315229416,477.9862876534462,0.6453120708465576
frame_000045.jpg,10,8,46.35931986570358,481.18542659282684,0.69059157371521
frame_000045.jpg,10,9,82.28811103105545,488.5680549144745,0.5297809839248657
frame_000045.jpg,10,10,51.77324730157852,497.91938412189484,0.6186633706092834
frame_000045.jpg,10,11,67.52285438776016,504.5637496113777,0.5316885709762573
frame_000045.jpg,10,12,58.17152518033981,504.8098372220993,0.5322170853614807
frame_000045.jpg,10,13,65.30806589126587,528.6803354620934,0.46449580788612366
frame_000045.jpg,10,14,54.2341234087944,529.1725106835365,0.4230691194534302
frame_000045.jpg,10,15,63.58545261621475,556.2421478629112,0.3369806706905365
frame_000045.jpg,10,16,51.527159690856934,556.2421478629112,0.3457285761833191
frame_000045.jpg,11,0,546.277991771698,477.79741990566254,0.6411234140396118
frame_000045.jpg,11,1,548.2812889814377,475.12635695934296,0.6905977725982666
frame_000045.jpg,11,2,543.6069288253784,475.25991010665894,0.6580681204795837
frame_000045.jpg,11,3,550.5516924858093,476.32833528518677,0.5708544254302979
frame_000045.jpg,11,4,537.4634840488434,476.46188843250275,0.7236870527267456
frame_000045.jpg,11,5,553.6234148740768,492.88892555236816,0.5363054275512695
frame_000045.jpg,11,6,529.3167420625687,493.1560318470001,0.5824150443077087
frame_000045.jpg,11,7,557.8971155881882,508.11398434638977,0.46462541818618774
frame_000045.jpg,11,8,531.1864861249924,509.0488563776016,0.48102501034736633
frame_000045.jpg,11,9,550.0174798965454,510.11728155612946,0.30762606859207153
frame_000045.jpg,11,10,545.0760134458542,509.9837284088135,0.3351210951805115
frame_000045.jpg,11,11,551.0859050750732,524.8081277608871,0.3978438377380371
frame_000045.jpg,11,12,536.7957183122635,524.8081277608871,0.4049595594406128
frame_000045.jpg,11,13,570.1840051412582,524.8081277608871,0.3283345699310303
frame_000045.jpg,11,14,519.0331497192383,524.8081277608871,0.26673033833503723
frame_000045.jpg,11,15,555.2260526418686,524.8081277608871,0.1941567063331604
frame_000045.jpg,11,16,539.4667812585831,524.8081277608871,0.18266655504703522
frame_000045.jpg,12,0,428.3040060997009,416.89775717258453,0.3185555338859558
frame_000045.jpg,12,1,429.7015733420849,415.28517958521843,0.3293430209159851
frame_000045.jpg,12,2,427.44396471977234,415.17767441272736,0.34502649307250977
frame_000045.jpg,12,3,432.6042129993439,415.3926847577095,0.22873640060424805
frame_000045.jpg,12,4,426.15390264987946,415.3926847577095,0.2417864054441452
frame_000045.jpg,12,5,437.4419457614422,427.43326407670975,0.09601406753063202
frame_000045.jpg,12,6,420.13361299037933,429.90588304400444,0.1503262221813202
frame_000045.jpg,12,7,437.4419457614422,433.668564081192,0.11846468597650528
frame_000045.jpg,12,8,417.66099402308464,432.70101752877235,0.144243061542511
frame_000045.jpg,12,9,435.18433713912964,434.5286054611206,0.08699403703212738
frame_000045.jpg,12,10,417.66099402308464,435.066131323576,0.13164114952087402
frame_000045.jpg,12,11,432.4967078268528,434.9586261510849,0.10129054635763168
frame_000045.jpg,12,12,425.40136644244194,434.5286054611206,0.0873507410287857
frame_000045.jpg,12,13,432.6042129993439,443.34402960538864,0.14382991194725037
frame_000045.jpg,12,14,417.98350954055786,443.34402960538864,0.16288912296295166
frame_000045.jpg,12,15,431.7441716194153,448.61178305745125,0.22121009230613708
frame_000045.jpg,12,16,415.7259009182453,448.289267539978,0.18033574521541595
frame_000045.jpg,13,0,454.53128200769424,410.1993817090988,0.3195646405220032
frame_000045.jpg,13,1,457.01385122537613,407.2513307631016,0.3754752278327942
frame_000045.jpg,13,2,456.7035300731659,407.2513307631016,0.2524573802947998
frame_000045.jpg,13,3,461.8238290846348,408.64777594804764,0.40507742762565613
frame_000045.jpg,13,4,461.9789896607399,407.4064913392067,0.26940587162971497
frame_000045.jpg,13,5,469.1163761615753,420.5951403081417,0.2676331698894501
frame_000045.jpg,13,6,469.1163761615753,420.2848191559315,0.21561774611473083
frame_000045.jpg,13,7,478.7363318800926,439.21440944075584,0.18302401900291443
frame_000045.jpg,13,8,477.0295655429363,437.66280367970467,0.12998971343040466
frame_000045.jpg,13,9,478.4260107278824,459.6956054866314,0.20269957184791565
frame_000045.jpg,13,10,478.11568957567215,450.8514526486397,0.08313553035259247
frame_000045.jpg,13,11,472.84022998809814,460.471408367157,0.18817993998527527
frame_000045.jpg,13,12,473.1505511403084,460.31624779105186,0.1653905212879181
frame_000045.jpg,13,13,470.97830307483673,472.7290938794613,0.13360360264778137
frame_000045.jpg,13,14,469.42669731378555,472.7290938794613,0.13331201672554016
frame_000045.jpg,13,15,476.564083814621,472.7290938794613,0.23789188265800476
frame_000045.jpg,13,16,471.28862422704697,472.7290938794613,0.2192610502243042
frame_000045.jpg,14,0,534.991367816925,445.27619099617004,0.8499284982681274
frame_000045.jpg,14,1,536.0641119480133,443.48828411102295,0.8342275619506836
frame_000045.jpg,14,2,534.8721740245819,443.6074779033661,0.7805964350700378
frame_000045.jpg,14,3,541.3086388111115,444.08425307273865,0.6807373762130737
frame_000045.jpg,14,4,533.7994298934937,444.7994158267975,0.5165063738822937
frame_000045.jpg,14,5,547.1491346359253,455.76524472236633,0.598136305809021
frame_000045.jpg,14,6,541.9046077728271,453.97733783721924,0.4553780257701874
frame_000045.jpg,14,7,552.7512428760529,470.78366255760193,0.6465520858764648
frame_000045.jpg,14,8,550.9633359909058,469.2341432571411,0.2455265372991562
frame_000045.jpg,14,9,552.9896304607391,486.51724314689636,0.5866358280181885
frame_000045.jpg,14,10,538.2096002101898,483.8949797153473,0.26369306445121765
frame_000045.jpg,14,11,550.2481732368469,490.5698320865631,0.40682172775268555
frame_000045.jpg,14,12,546.910747051239,490.5698320865631,0.3136286437511444
frame_000045.jpg,14,13,529.6276471614838,490.5698320865631,0.28287193179130554
frame_000045.jpg,14,14,528.3165154457092,490.5698320865631,0.2655600905418396
frame_000045.jpg,14,15,567.5312731266022,490.5698320865631,0.32853400707244873
frame_000045.jpg,14,16,567.5312731266022,490.5698320865631,0.3354017734527588
frame_000045.jpg,15,0,65.7502589225769,444.93715703487396,0.5933325290679932
frame_000045.jpg,15,1,67.71249230702718,443.36737036705017,0.5802292823791504
frame_000045.jpg,15,2,63.591802199681595,442.77870036661625,0.5728179216384888
frame_000045.jpg,15,3,70.06717236836751,444.93715703487396,0.5839816331863403
frame_000045.jpg,15,4,59.078665415445954,444.544710367918,0.598865807056427
frame_000045.jpg,15,5,72.22562909126282,459.0652370452881,0.6954197883605957
frame_000045.jpg,15,6,52.995741923650115,459.45768371224403,0.7052971124649048
frame_000045.jpg,15,7,76.15009586016338,477.7064537256956,0.5965343713760376
frame_000045.jpg,15,8,46.5203717549642,481.6309203952551,0.6835359930992126
frame_000045.jpg,15,9,82.23301935195923,488.8911837339401,0.5195084810256958
frame_000045.jpg,15,10,51.229731877644866,497.72123374044895,0.6450567841529846
frame_000045.jpg,15,11,68.10493898391724,505.96261374652386,0.5092177987098694
frame_000045.jpg,15,12,57.90132538477579,505.37394374608994,0.5466855764389038
frame_000045.jpg,15,13,65.7502589225769,534.2187737673521,0.4236944019794464
frame_000045.jpg,15,14,55.546645323435456,534.2187737673521,0.4228365123271942
frame_000045.jpg,15,15,65.35781224568684,534.2187737673521,0.2410808503627777
frame_000045.jpg,15,16,56.52776201566061,534.2187737673521,0.28264981508255005
frame_000045.jpg,16,0,559.7174752950668,512.7921118736267,0.6709598302841187
frame_000045.jpg,16,1,561.9831062555313,510.3646501302719,0.7151190042495728
frame_000045.jpg,16,2,557.4518443346024,509.87915778160095,0.6653175354003906
frame_000045.jpg,16,3,564.2487372159958,510.52648091316223,0.5883076190948486
frame_000045.jpg,16,4,552.4350900650024,509.87915778160095,0.6932531595230103
frame_000045.jpg,16,5,564.5723987817764,519.5890047550201,0.6359766721725464
frame_000045.jpg,16,6,544.0198893547058,521.3691433668137,0.5829139947891235
frame_000045.jpg,16,7,567.8090144395828,536.4194061756134,0.5203800797462463
frame_000045.jpg,16,8,545.3145356178284,540.9506680965424,0.5036110877990723
frame_000045.jpg,16,9,567.1616913080215,544.1872837543488,0.4021720886230469
frame_000045.jpg,16,10,559.7174752950668,545.320099234581,0.4259420335292816
frame_000045.jpg,16,11,561.9831062555313,547.1002378463745,0.42634809017181396
frame_000045.jpg,16,12,544.8290432691574,547.2620686292648,0.41745972633361816
frame_000045.jpg,16,13,572.8257687091827,553.411638379097,0.39864104986190796
frame_000045.jpg,16,14,555.6717057228088,556.4864232540131,0.4708523154258728
frame_000045.jpg,16,15,570.5601377487183,571.5366860628128,0.3708380460739136
frame_000045.jpg,16,16,559.3938137292862,571.5366860628128,0.29310697317123413
frame_000045.jpg,17,0,209.3301010131836,502.90693378448486,0.6261509656906128
frame_000045.jpg,17,1,209.57837104797363,500.17596340179443,0.6592085361480713
frame_000045.jpg,17,2,205.97845554351807,501.04490852355957,0.6522468328475952
frame_000045.jpg,17,3,211.3162612915039,498.8104782104492,0.43684515357017517
frame_000045.jpg,17,4,199.151029586792,502.6586637496948,0.5692957043647766
frame_000045.jpg,17,5,215.53685188293457,512.4653301239014,0.3087565004825592
frame_000045.jpg,17,6,194.0614938735962,514.5756254196167,0.32862144708633423
frame_000045.jpg,17,7,218.14368724822998,523.2650766372681,0.40857642889022827
frame_000045.jpg,17,8,184.99963760375977,525.0029668807983,0.2901361584663391
frame_000045.jpg,17,9,204.48883533477783,523.8857517242432,0.17361818253993988
frame_000045.jpg,17,10,212.43347644805908,523.140941619873,0.19498220086097717
frame_000045.jpg,17,11,214.04723167419434,543.3749494552612,0.2576107680797577
frame_000045.jpg,17,12,195.55111408233643,543.3749494552612,0.21648524701595306
frame_000045.jpg,17,13,226.08832836151123,522.1478614807129,0.1581805944442749
frame_000045.jpg,17,14,197.66140937805176,521.1547813415527,0.2415415197610855
frame_000045.jpg,17,15,212.93001651763916,543.3749494552612,0.21137280762195587
frame_000045.jpg,17,16,201.38545989990234,543.3749494552612,0.20280131697654724
frame_000045.jpg,18,0,534.905461192131,445.26814591884613,0.4314175248146057
frame_000045.jpg,18,1,536.1540348529816,442.90972900390625,0.45291391015052795
frame_000045.jpg,18,2,536.1540348529816,442.90972900390625,0.41816800832748413
frame_000045.jpg,18,3,542.8130943775177,442.90972900390625,0.39977067708969116
frame_000045.jpg,18,4,537.1251477003098,442.90972900390625,0.3659927248954773
frame_000045.jpg,18,5,546.5588153600693,455.11800479888916,0.4965958595275879
frame_000045.jpg,18,6,543.6454768180847,454.5630831718445,0.42310333251953125
frame_000045.jpg,18,7,552.3854924440384,470.10088872909546,0.4867165684700012
frame_000045.jpg,18,8,541.5645207166672,468.9910454750061,0.2158702313899994
frame_000045.jpg,18,9,552.9404140710831,485.49996387958527,0.48057737946510315
frame_000045.jpg,18,10,538.2349909543991,485.9161550998688,0.13095882534980774
frame_000045.jpg,18,11,550.5819971561432,484.8063118457794,0.30522021651268005
frame_000045.jpg,18,12,549.0559626817703,484.3901206254959,0.24498198926448822
frame_000045.jpg,18,13,556.963595867157,495.904744386673,0.254136323928833
frame_000045.jpg,18,14,554.0502573251724,503.25745594501495,0.21100616455078125
frame_000045.jpg,18,15,558.628360748291,513.8009668588638,0.27937260270118713
frame_000045.jpg,18,16,547.3911978006363,513.8009668588638,0.25323474407196045
frame_000050.jpg,0,0,116.26783927281699,647.7982354164124,0.9269505739212036
frame_000050.jpg,0,1,113.31902623176575,644.2596596479416,0.6049283742904663
frame_000050.jpg,0,2,115.08831405639648,644.84942227602,0.8507033586502075
frame_000050.jpg,0,3,92.67733494440714,649.5675233006477,0.7885404825210571
frame_000050.jpg,0,4,112.13950101534525,650.1572859287262,0.9177302122116089
frame_000050.jpg,0,5,80.292320171992,669.6194526553154,0.8728404641151428
frame_000050.jpg,0,6,113.90878883997598,683.7737557291985,0.8865957260131836
frame_000050.jpg,0,7,47.85537672042847,689.6713820099831,0.8675518035888672
frame_000050.jpg,0,8,122.16546535491943,719.7492760419846,0.8782578706741333
frame_000050.jpg,0,9,30.75226108233136,721.5185639262199,0.9210054874420166
frame_000050.jpg,0,10,144.5764444669088,708.5437861084938,0.8977053165435791
frame_000050.jpg,0,11,76.75374452273053,733.9035791158676,0.752332329750061
frame_000050.jpg,0,12,91.49780972798666,738.0319175124168,0.7642776966094971
frame_000050.jpg,0,13,118.62688970565796,766.340523660183,0.8380343317985535
frame_000050.jpg,0,14,92.0875723361969,802.316043972969,0.7995839715003967
frame_000050.jpg,0,15,81.47184538841248,782.2641146183014,0.7458009123802185
frame_000050.jpg,0,16,48.44513932863873,841.8301400542259,0.8411421775817871
frame_000050.jpg,1,0,702.3080849647522,669.861900806427,0.8767366409301758
frame_000050.jpg,1,1,701.7105388641357,667.4717164039612,0.545100748538971
frame_000050.jpg,1,2,704.698269367218,666.8741703033447,0.7260144948959351
frame_000050.jpg,1,3,688.5645246505737,673.4471774101257,0.8429076075553894
frame_000050.jpg,1,4,708.8810920715332,673.4471774101257,0.9249258637428284
frame_000050.jpg,1,5,674.2234182357788,694.3612909317017,0.8530378937721252
frame_000050.jpg,1,6,713.0639147758484,700.9342980384827,0.8654563426971436
frame_000050.jpg,1,7,659.2847657203674,732.6042413711548,0.8345696926116943
frame_000050.jpg,1,8,708.8810920715332,739.1772484779358,0.8425116539001465
frame_000050.jpg,1,9,671.2356877326965,755.9085392951965,0.5121542811393738
frame_000050.jpg,1,10,711.271276473999,773.2373762130737,0.8087853789329529
frame_000050.jpg,1,11,666.4553189277649,760.6889081001282,0.7968794107437134
frame_000050.jpg,1,12,689.7596168518066,763.6766386032104,0.7421433329582214
frame_000050.jpg,1,13,674.8209643363953,817.4557876586914,0.7933207750320435
frame_000050.jpg,1,14,713.6614608764648,810.8827805519104,0.7668012976646423
frame_000050.jpg,1,15,662.8700423240662,872.4300289154053,0.8479306697845459
frame_000050.jpg,1,16,680.7964253425598,797.7367663383484,0.7412885427474976
frame_000050.jpg,2,0,427.9474422136943,459.88191816210747,0.8226858377456665
frame_000050.jpg,2,1,427.7196468114853,457.83175963163376,0.6088999509811401
frame_000050.jpg,2,2,429.542010029157,458.2873504161835,0.6710101366043091
frame_000050.jpg,2,3,422.93594336509705,459.1985319852829,0.7408814430236816
frame_000050.jpg,2,4,431.59216864903766,460.1097135543823,0.8130919337272644
frame_000050.jpg,2,5,412.91294566790265,470.132710814476,0.7379325032234192
frame_000050.jpg,2,6,432.27555485566455,474.4608232676983,0.7558479309082031
frame_000050.jpg,2,7,400.6119939486186,481.97807121276855,0.71330726146698
frame_000050.jpg,2,8,435.2368950843811,493.1400454342365,0.7069455981254578
frame_000050.jpg,2,9,395.14490429560345,490.40650072693825,0.6920881271362305
frame_000050.jpg,2,10,437.05925830205285,508.6301321089268,0.7300997376441956
frame_000050.jpg,2,11,412.0017640590668,506.12438279390335,0.6636817455291748
frame_000050.jpg,2,12,421.56917095184326,508.4023367166519,0.6899750232696533
frame_000050.jpg,2,13,415.87428589661914,526.8537634909153,0.5986839532852173
frame_000050.jpg,2,14,419.5190123319626,532.3208529055119,0.6216139197349548
frame_000050.jpg,2,15,412.68515026569366,544.3940086960793,0.42870932817459106
frame_000050.jpg,2,16,404.256720383962,545.5329856574535,0.43204689025878906
frame_000050.jpg,3,0,417.35336315631866,550.3388605713844,0.7711008191108704
frame_000050.jpg,3,1,419.5205531716347,547.2084749937057,0.7821189165115356
frame_000050.jpg,3,2,414.22297757864,547.2084749937057,0.7568106651306152
frame_000050.jpg,3,3,421.44694429636,548.4124694466591,0.6909379959106445
frame_000050.jpg,3,4,408.2030053138733,548.1716705560684,0.8372499942779541
frame_000050.jpg,3,5,423.614134311676,562.6196039915085,0.7345690727233887
frame_000050.jpg,3,6,399.7750441431999,561.8972073197365,0.7226147651672363
frame_000050.jpg,3,7,426.9853187799454,581.6427163481712,0.6445292830467224
frame_000050.jpg,3,8,397.8486530184746,583.0875096917152,0.6226678490638733
frame_000050.jpg,3,9,426.50372099876404,587.4218897223473,0.5299205183982849
frame_000050.jpg,3,10,413.01898312568665,586.9402919411659,0.5649891495704651
frame_000050.jpg,3,11,419.03895539045334,591.0338730812073,0.46099841594696045
frame_000050.jpg,3,12,402.42383193969727,591.2746719717979,0.4522538185119629
frame_000050.jpg,3,13,435.8948777318001,593.6826608777046,0.7489262819290161
frame_000050.jpg,3,14,412.29658645391464,596.0906497836113,0.6714650988578796
frame_000050.jpg,3,15,429.39330768585205,621.8561310768127,0.7043344378471375
frame_000050.jpg,3,16,411.33339089155197,623.5417233109474,0.6726510524749756
frame_000050.jpg,4,0,549.5153152942657,547.872184664011,0.7444053292274475
frame_000050.jpg,4,1,552.2793308893839,545.5959365963936,0.7258577346801758
frame_000050.jpg,4,2,547.5642454624176,545.2707583010197,0.7835023999214172
frame_000050.jpg,4,3,556.9944163163503,547.3844172209501,0.7748351097106934
frame_000050.jpg,4,4,544.9628190199534,546.0837040394545,0.7481910586357117
frame_000050.jpg,4,5,564.4735173384348,559.578603297472,0.6941444277763367
frame_000050.jpg,4,6,537.1585396925608,559.578603297472,0.7101869583129883
frame_000050.jpg,4,7,573.5785098870596,571.285021930933,0.7410768270492554
frame_000050.jpg,4,8,531.6305085023245,575.8375180661678,0.7564665079116821
frame_000050.jpg,4,9,564.7986956437429,575.024572327733,0.5369105339050293
frame_000050.jpg,4,10,535.3700590133667,577.7885878384113,0.5188037157058716
frame_000050.jpg,4,11,559.4332536061605,584.2921537458897,0.5335981845855713
frame_000050.jpg,4,12,541.5484468142191,585.2676886320114,0.6085929870605469
frame_000050.jpg,4,13,562.0346800486246,602.0143708437681,0.23866763710975647
frame_000050.jpg,4,14,537.8088963031769,587.3813475519419,0.35236865282058716
frame_000050.jpg,4,15,559.4332536061605,584.4547428935766,0.2623331546783447
frame_000050.jpg,4,16,545.6131756305695,585.5928669273853,0.2520970404148102
frame_000050.jpg,5,0,339.06238522132236,523.933009698987,0.7130366563796997
frame_000050.jpg,5,1,339.7635546525319,521.3620550632477,0.7231096625328064
frame_000050.jpg,5,2,336.95887692769367,520.660885617137,0.7239651679992676
frame_000050.jpg,5,3,339.52983150879544,521.8295013606548,0.4905611574649811
frame_000050.jpg,5,4,329.24601318438846,519.9597161710262,0.7664710283279419
frame_000050.jpg,5,5,329.24601318438846,533.5156587958336,0.5730610489845276
frame_000050.jpg,5,6,317.0924097100894,531.645873606205,0.6763936281204224
frame_000050.jpg,5,7,327.3762280344963,550.8111717998981,0.4783731698989868
frame_000050.jpg,5,8,312.885393122832,553.8495727330446,0.6300605535507202
frame_000050.jpg,5,9,333.45302977164584,558.5240357071161,0.4762139320373535
frame_000050.jpg,5,10,329.012290040652,560.1600977480412,0.6130421161651611
frame_000050.jpg,5,11,322.2343188722928,559.692651450634,0.4693339765071869
frame_000050.jpg,5,12,311.9505005478859,561.7961597889662,0.5217812657356262
frame_000050.jpg,5,13,345.13918695847195,567.405515357852,0.5783803462982178
frame_000050.jpg,5,14,339.2961083650589,568.3404079526663,0.48466700315475464
frame_000050.jpg,5,15,349.5799266894659,596.3871857970953,0.6928659677505493
frame_000050.jpg,5,16,336.95887692769367,597.088355243206,0.5465008020401001
frame_000050.jpg,6,0,191.83430397510529,435.1286703944206,0.5666350722312927
frame_000050.jpg,6,1,192.60844239592552,432.5850727260113,0.6073806285858154
frame_000050.jpg,6,2,189.0695239007473,432.47448152303696,0.5763501524925232
frame_000050.jpg,6,3,193.49317201972008,433.2486199438572,0.5287761688232422
frame_000050.jpg,6,4,183.429372549057,433.46980234980583,0.6427313089370728
frame_000050.jpg,6,5,195.04144886136055,447.18311151862144,0.5547183752059937
frame_000050.jpg,6,6,176.68330916762352,448.28902354836464,0.48854756355285645
frame_000050.jpg,6,7,197.25327292084694,462.44469752907753,0.4615461528301239
frame_000050.jpg,6,8,172.37025225162506,464.4353391826153,0.5253991484642029
frame_000050.jpg,6,9,199.46509698033333,461.6705591082573,0.3444669842720032
frame_000050.jpg,6,10,185.42001420259476,473.28263542056084,0.24981947243213654
frame_000050.jpg,6,11,192.82962480187416,473.28263542056084,0.4568975865840912
frame_000050.jpg,6,12,181.32813969254494,473.28263542056084,0.3919752240180969
frame_000050.jpg,6,13,205.43702194094658,473.28263542056084,0.35785096883773804
frame_000050.jpg,6,14,205.43702194094658,473.28263542056084,0.2524670660495758
frame_000050.jpg,6,15,205.43702194094658,473.28263542056084,0.24203211069107056
frame_000050.jpg,6,16,205.43702194094658,473.28263542056084,0.22342754900455475
frame_000050.jpg,7,0,387.2261803150177,556.7272780537605,0.8080096244812012
frame_000050.jpg,7,1,389.6166752576828,553.8586841225624,0.8221004009246826
frame_000050.jpg,7,2,384.3575863838196,553.6196346282959,0.8178149461746216
frame_000050.jpg,7,3,392.2462196946144,554.5758326053619,0.6670017242431641
frame_000050.jpg,7,4,378.62039852142334,554.0977336168289,0.7863550186157227
frame_000050.jpg,7,5,390.33382374048233,567.245455801487,0.6336233615875244
frame_000050.jpg,7,6,370.014616727829,567.0064063072205,0.7274559736251831
frame_000050.jpg,7,7,394.6367146372795,582.5446234345436,0.5021895170211792
frame_000050.jpg,7,8,367.38507229089737,585.4132173657417,0.7449918389320374
frame_000050.jpg,7,9,395.11481362581253,586.8475143313408,0.5723575949668884
frame_000050.jpg,7,10,383.40138840675354,588.0427618026733,0.6246013641357422
frame_000050.jpg,7,11,383.40138840675354,593.06280118227,0.4527125954627991
frame_000050.jpg,7,12,366.90697330236435,593.7799496650696,0.5476100444793701
frame_000050.jpg,7,13,401.5691499710083,598.3218900561333,0.5380113124847412
frame_000050.jpg,7,14,383.40138840675354,600.4733355045319,0.592944324016571
frame_000050.jpg,7,15,399.89580351114273,626.2906808853149,0.5789702534675598
frame_000050.jpg,7,16,375.2737056016922,629.8764232993126,0.7191317081451416
frame_000050.jpg,8,0,322.83882117271423,451.57975137233734,0.7407523989677429
frame_000050.jpg,8,1,323.4369204044342,449.63592886924744,0.6464440822601318
frame_000050.jpg,8,2,322.68929636478424,449.18735444545746,0.5232669115066528
frame_000050.jpg,8,3,327.623615026474,451.8788009881973,0.5780231952667236
frame_000050.jpg,8,4,334.0531817674637,450.5330777168274,0.3596877157688141
frame_000050.jpg,8,5,329.7169623374939,461.44838869571686,0.5295596718788147
frame_000050.jpg,8,6,339.13702523708344,460.4017150402069,0.5653478503227234
frame_000050.jpg,8,7,333.9036569595337,476.4008694887161,0.4824555814266205
frame_000050.jpg,8,8,340.63227331638336,477.2980183362961,0.35737621784210205
frame_000050.jpg,8,9,337.19320273399353,495.6895697116852,0.46775418519973755
frame_000050.jpg,8,10,331.2122104167938,495.5400449037552,0.25600844621658325
frame_000050.jpg,8,11,329.1188631057739,498.38101625442505,0.39403215050697327
frame_000050.jpg,8,12,339.4360748529434,497.1848177909851,0.3248665928840637
frame_000050.jpg,8,13,327.773139834404,511.9877737760544,0.33152151107788086
frame_000050.jpg,8,14,328.81981348991394,511.9877737760544,0.2621321678161621
frame_000050.jpg,8,15,361.26669681072235,511.9877737760544,0.2610984444618225
frame_000050.jpg,8,16,361.26669681072235,511.9877737760544,0.2569434642791748
frame_000050.jpg,9,0,695.8644680976868,1030.1258101463318,0.7730863690376282
frame_000050.jpg,9,1,694.4331412315369,1025.1161661148071,0.7854451537132263
frame_000050.jpg,9,2,695.1488046646118,1025.831829547882,0.6441770792007446
frame_000050.jpg,9,3,698.7271218299866,1026.547492980957,0.8291155099868774
frame_000050.jpg,9,4,712.3247270584106,1023.6848392486572,0.6292694211006165
frame_000050.jpg,9,5,707.315083026886,1061.6150012016296,0.7151699662208557
frame_000050.jpg,9,6,715.1873807907104,1055.88969373703,0.651634693145752
frame_000050.jpg,9,7,647.1993546485901,1085.947557926178,0.7296335101127625
frame_000050.jpg,9,8,657.2186427116394,1085.947557926178,0.45603883266448975
frame_000050.jpg,9,9,682.2668628692627,1058.0366840362549,0.5556127429008484
frame_000050.jpg,9,10,692.286150932312,1055.88969373703,0.3914005756378174
frame_000050.jpg,9,11,715.9030442237854,1186.856101989746,0.4239703416824341
frame_000050.jpg,9,12,713.7560539245605,1178.2681407928467,0.3826071619987488
frame_000050.jpg,9,13,710.1777367591858,1256.2754549980164,0.5282419323921204
frame_000050.jpg,9,14,713.7560539245605,1251.9814743995667,0.4078472852706909
frame_000050.jpg,9,15,705.1680927276611,1267.0104064941406,0.4722698926925659
frame_000050.jpg,9,16,708.0307464599609,1264.8634161949158,0.40654948353767395
frame_000050.jpg,10,0,157.32899793982506,432.7644428908825,0.47595280408859253
frame_000050.jpg,10,1,159.06680935621262,430.0043894648552,0.5897570848464966
frame_000050.jpg,10,2,154.67116871476173,430.0043894648552,0.4923625886440277
frame_000050.jpg,10,3,160.80462077260017,430.719958871603,0.4821450412273407
frame_000050.jpg,10,4,149.2532860636711,430.822183072567,0.5851262807846069
frame_000050.jpg,10,5,165.20026141405106,443.49798399209976,0.5073832273483276
frame_000050.jpg,10,6,143.73317921161652,443.7024323940277,0.45516693592071533
frame_000050.jpg,10,7,169.49367785453796,457.8093721270561,0.4875090718269348
frame_000050.jpg,10,8,142.30204039812088,459.0360625386238,0.4863062798976898
frame_000050.jpg,10,9,167.55141803622246,465.6806356012821,0.3200806975364685
frame_000050.jpg,10,10,150.68442487716675,465.6806356012821,0.3745238780975342
frame_000050.jpg,10,11,162.84910479187965,465.6806356012821,0.33383458852767944
frame_000050.jpg,10,12,148.1288198530674,465.6806356012821,0.35088831186294556
frame_000050.jpg,10,13,175.11600890755653,465.6806356012821,0.2893770933151245
frame_000050.jpg,10,14,135.9641399383545,465.6806356012821,0.22263430058956146
frame_000050.jpg,10,15,175.11600890755653,465.6806356012821,0.20437201857566833
frame_000050.jpg,10,16,175.11600890755653,465.6806356012821,0.22270360589027405
frame_000050.jpg,11,0,349.70081436634064,488.48720756173134,0.6606771349906921
frame_000050.jpg,11,1,350.2693633039792,486.0993019193411,0.7375695109367371
frame_000050.jpg,11,2,346.8580696781476,486.21301171183586,0.6720656156539917
frame_000050.jpg,11,3,351.2927513917287,487.3501096367836,0.5175623297691345
frame_000050.jpg,11,4,339.9217726389567,487.6912390142679,0.7111051082611084
frame_000050.jpg,11,5,353.33952756722766,502.1323826611042,0.5995505452156067
frame_000050.jpg,11,6,330.14273091157276,503.61060996353626,0.5779406428337097
frame_000050.jpg,11,7,355.6137233177821,518.3928829878569,0.4785679578781128
frame_000050.jpg,11,8,329.233052611351,520.325949460268,0.47339412569999695
frame_000050.jpg,11,9,349.24597521622974,519.7574004977942,0.2283814251422882
frame_000050.jpg,11,10,347.99516755342484,519.9848200827837,0.2799685299396515
frame_000050.jpg,11,11,350.95162202914554,531.3557993322611,0.41848593950271606
frame_000050.jpg,11,12,336.8516083757083,531.3557993322611,0.40138617157936096
frame_000050.jpg,11,13,365.2790552576383,531.3557993322611,0.3924221396446228
frame_000050.jpg,11,14,321.7282066345215,531.3557993322611,0.2512637972831726
frame_000050.jpg,11,15,347.7677479783694,531.3557993322611,0.19777163863182068
frame_000050.jpg,11,16,321.7282066345215,531.3557993322611,0.195405513048172
frame_000050.jpg,12,0,274.77810859680176,475.87225341796875,0.676500678062439
frame_000050.jpg,12,1,278.05248260498047,473.10162925720215,0.6831802129745483
frame_000050.jpg,12,2,272.51123428344727,473.10162925720215,0.6665213108062744
frame_000050.jpg,12,3,282.8381061553955,474.6128787994385,0.703948974609375
frame_000050.jpg,12,4,269.74061012268066,474.6128787994385,0.6089509129524231
frame_000050.jpg,12,5,288.3793544769287,487.7103748321533,0.6883174777030945
frame_000050.jpg,12,6,265.45873641967773,485.94725036621094,0.6268144845962524
frame_000050.jpg,12,7,285.35685539245605,505.34161949157715,0.698500394821167
frame_000050.jpg,12,8,254.62811470031738,496.7778720855713,0.5311222076416016
frame_000050.jpg,12,9,275.5337333679199,490.732873916626,0.6416082382202148
frame_000050.jpg,12,10,255.88748931884766,494.76287269592285,0.46490636467933655
frame_000050.jpg,12,11,282.8381061553955,527.2547378540039,0.44522660970687866
frame_000050.jpg,12,12,268.22936058044434,524.4841136932373,0.43461260199546814
frame_000050.jpg,12,13,290.89810371398926,562.0134773254395,0.4837411046028137
frame_000050.jpg,12,14,244.80499267578125,531.7884864807129,0.5354615449905396
frame_000050.jpg,12,15,298.20247650146484,558.7391033172607,0.41357022523880005
frame_000050.jpg,12,16,263.4437370300293,549.6716060638428,0.4727054536342621
frame_000050.jpg,13,0,361.80073058605194,522.4645810127258,0.5961344242095947
frame_000050.jpg,13,1,364.06251355012256,520.0614366978407,0.6776542067527771
frame_000050.jpg,13,2,359.2562247514725,519.6373524069786,0.6055415868759155
frame_000050.jpg,13,3,366.46565794944763,520.6268824189901,0.564258337020874
frame_000050.jpg,13,4,355.43946599960327,519.4959909766912,0.6045833826065063
frame_000050.jpg,13,5,367.1724651257197,530.2394596785307,0.5789813995361328
frame_000050.jpg,13,6,346.39233414332074,532.6426039934158,0.5334374904632568
frame_000050.jpg,13,7,369.57560952504474,547.4855541735888,0.5166871547698975
frame_000050.jpg,13,8,347.2405027548472,550.8782285004854,0.455086886882782
frame_000050.jpg,13,9,368.8688023487727,553.5640956759453,0.3777404725551605
frame_000050.jpg,13,10,360.95256197452545,555.8258785605431,0.3634554147720337
frame_000050.jpg,13,11,364.06251355012256,558.0876614451408,0.3934810161590576
frame_000050.jpg,13,12,348.51275567213696,557.8049385845661,0.4021376073360443
frame_000050.jpg,13,13,384.1358373562495,572.0824430435896,0.3754594624042511
frame_000050.jpg,13,14,359.8216704924901,572.0824430435896,0.3257500231266022
frame_000050.jpg,13,15,384.1358373562495,572.0824430435896,0.29888421297073364
frame_000050.jpg,13,16,361.80073058605194,572.0824430435896,0.24847359955310822
frame_000050.jpg,14,0,62.49474622805913,511.6223940178752,0.3573463261127472
frame_000050.jpg,14,1,65.6167739033699,508.7405222579837,0.46339768171310425
frame_000050.jpg,14,2,60.21326446533203,508.0200543180108,0.45469266176223755
frame_000050.jpg,14,3,69.09903554121654,510.18145813792944,0.4408969283103943
frame_000050.jpg,14,4,56.13061288992563,508.86060024797916,0.40305596590042114
frame_000050.jpg,14,5,75.22301290432613,525.9116748273373,0.19709277153015137
frame_000050.jpg,14,6,51.08733741442363,522.0691791474819,0.1930019110441208
frame_000050.jpg,14,7,75.22301290432613,535.0376020669937,0.19213983416557312
frame_000050.jpg,14,8,44.72320407629013,530.9549504071474,0.20739054679870605
frame_000050.jpg,14,9,83.148160080115,538.6399417668581,0.11316835880279541
frame_000050.jpg,14,10,37.15829086303711,531.9155743271112,0.18744458258152008
frame_000050.jpg,14,11,67.05770975351334,552.2087546363473,0.11896614730358124
frame_000050.jpg,14,12,54.92983301480612,552.2087546363473,0.10388027131557465
frame_000050.jpg,14,13,72.34114120403926,525.1912068873644,0.05511266738176346
frame_000050.jpg,14,14,37.15829086303711,519.5475413575768,0.12072229385375977
frame_000050.jpg,14,15,64.89630597829819,537.9194738268852,0.16687558591365814
frame_000050.jpg,14,16,49.16608961423238,537.9194738268852,0.1971685141324997
frame_000050.jpg,15,0,6.411503791809082,516.7370433807373,0.6034921407699585
frame_000050.jpg,15,1,7.738245964050293,513.8624353408813,0.6076428294181824
frame_000050.jpg,15,2,3.8685812950134277,514.1941208839417,0.6373155117034912
frame_000050.jpg,15,3,11.276225090026855,514.525806427002,0.5063212513923645
frame_000050.jpg,15,4,0.10947847366333008,515.6314249038696,0.49454033374786377
frame_000050.jpg,15,5,16.47263193130493,524.9186201095581,0.21560901403427124
frame_000050.jpg,15,6,1.1045351028442383,526.5770478248596,0.19085457921028137
frame_000050.jpg,15,7,18.573307037353516,538.5177273750305,0.2504838705062866
frame_000050.jpg,15,8,1.436220645904541,538.5177273750305,0.16246068477630615
frame_000050.jpg,15,9,3.31577205657959,538.8494129180908,0.11624155938625336
frame_000050.jpg,15,10,1.7679061889648438,531.1100835800171,0.16000902652740479
frame_000050.jpg,15,11,9.064988136291504,552.4485201835632,0.13551115989685059
frame_000050.jpg,15,12,2.541839122772217,552.4485201835632,0.17485645413398743
frame_000050.jpg,15,13,17.90993595123291,526.6876096725464,0.09414204210042953
frame_000050.jpg,15,14,1.436220645904541,533.4318823814392,0.13589389622211456
frame_000050.jpg,15,15,2.541839122772217,552.4485201835632,0.2001839578151703
frame_000050.jpg,15,16,1.989029884338379,552.4485201835632,0.25773367285728455
frame_000050.jpg,16,0,230.01449346542358,426.82246965169907,0.31966808438301086
frame_000050.jpg,16,1,232.44644790887833,425.553623855114,0.3285360336303711
frame_000050.jpg,16,2,228.95712196826935,425.44788670539856,0.33320534229278564
frame_000050.jpg,16,3,235.72429955005646,425.87083530426025,0.25778013467788696
frame_000050.jpg,16,4,227.68827617168427,425.76509815454483,0.2193615734577179
frame_000050.jpg,16,5,252.74798065423965,435.5986530780792,0.14421890676021576
frame_000050.jpg,16,6,223.88173878192902,436.23307597637177,0.1589375138282776
frame_000050.jpg,16,7,220.60388714075089,445.22073370218277,0.15267455577850342
frame_000050.jpg,16,8,220.60388714075089,446.8067909479141,0.15865831077098846
frame_000050.jpg,16,9,245.13490587472916,445.8551566004753,0.15582361817359924
frame_000050.jpg,16,10,221.02683573961258,446.8067909479141,0.14461959898471832
frame_000050.jpg,16,11,252.74798065423965,468.05995804071426,0.17635656893253326
frame_000050.jpg,16,12,226.31369322538376,468.05995804071426,0.12462293356657028
frame_000050.jpg,16,13,243.23163717985153,468.05995804071426,0.1881193220615387
frame_000050.jpg,16,14,221.87273293733597,468.05995804071426,0.12802636623382568
frame_000050.jpg,16,15,237.2046196460724,460.2354089617729,0.20396392047405243
frame_000050.jpg,16,16,232.65792220830917,460.34114611148834,0.1694282740354538
frame_000050.jpg,17,0,255.99147438009578,421.92486014962196,0.308962345123291
frame_000050.jpg,17,1,257.87142191330594,419.4664673060179,0.31523939967155457
frame_000050.jpg,17,2,253.96691549817723,419.32185596227646,0.34246161580085754
frame_000050.jpg,17,3,261.4867056310177,419.0326332747936,0.35558003187179565
frame_000050.jpg,17,4,252.08696796496707,419.9003013372421,0.3099721670150757
frame_000050.jpg,17,5,270.1633865535259,429.58926136791706,0.4101162552833557
frame_000050.jpg,17,6,250.06240908304852,430.16770674288273,0.28665891289711
frame_000050.jpg,17,7,277.97239938378334,445.64112052321434,0.47914615273475647
frame_000050.jpg,17,8,244.56717783212662,441.7366142421961,0.24805450439453125
frame_000050.jpg,17,9,276.38167454799014,460.8253116160631,0.43577325344085693
frame_000050.jpg,17,10,241.96417355537415,446.50878858566284,0.3012436628341675
frame_000050.jpg,17,11,268.8618844151497,464.44059520959854,0.28305745124816895
frame_000050.jpg,17,12,258.16064461072284,463.71753849089146,0.19697123765945435
frame_000050.jpg,17,13,269.58494115869206,478.7571182399988,0.20263847708702087
frame_000050.jpg,17,14,256.71453112363815,478.7571182399988,0.1561920940876007
frame_000050.jpg,17,15,269.7295525074005,478.7571182399988,0.20160788297653198
frame_000050.jpg,17,16,257.0037538210551,478.7571182399988,0.14475907385349274
frame_000055.jpg,0,0,534.4827473958334,1028.9170475006104,0.7566261887550354
frame_000055.jpg,0,1,528.0598538716634,1028.203392624855,0.47864043712615967
frame_000055.jpg,0,2,533.0554377237955,1029.6307023763657,0.4633176028728485
frame_000055.jpg,0,3,528.7735087076823,1028.9170475006104,0.7043430805206299
frame_000055.jpg,0,4,565.8835601806641,1018.925879240036,0.7835902571678162
frame_000055.jpg,0,5,541.6192957560221,1061.7451717853546,0.7538375854492188
frame_000055.jpg,0,6,588.0068600972493,1043.1901450157166,0.7987993955612183
frame_000055.jpg,0,7,481.67228953043616,1091.7186765670776,0.8377708792686462
frame_000055.jpg,0,8,558.0333569844563,1045.3311096429825,0.4205215275287628
frame_000055.jpg,0,9,516.6413764953613,1059.6042071580887,0.5760113000869751
frame_000055.jpg,0,10,525.9188893636068,1052.4676584005356,0.6104745864868164
frame_000055.jpg,0,11,580.8703117370605,1196.6259433031082,0.7261769771575928
frame_000055.jpg,0,12,620.1213277180989,1188.7757396697998,0.7330137491226196
frame_000055.jpg,0,13,548.042189280192,1275.1279796361923,0.6776461005210876
frame_000055.jpg,0,14,613.698434193929,1277.2689442634583,0.7262353897094727
frame_000055.jpg,0,15,693.6277758280437,1265.136811375618,0.18777945637702942
frame_000055.jpg,0,16,612.9847793579102,1258.7139174938202,0.2873769700527191
frame_000055.jpg,1,0,120.94732868671417,636.0366582870483,0.8343205451965332
frame_000055.jpg,1,1,120.42590665817261,633.9509701728821,0.5177655220031738
frame_000055.jpg,1,2,123.554438829422,634.4723922014236,0.755304217338562
frame_000055.jpg,1,3,104.78324580192566,638.1223464012146,0.7801289558410645
frame_000055.jpg,1,4,121.9901727437973,638.1223464012146,0.9193366765975952
frame_000055.jpg,1,5,87.57631886005402,657.4149614572525,0.8096080422401428
frame_000055.jpg,1,6,126.16154897212982,662.1077597141266,0.8783761262893677
frame_000055.jpg,1,7,65.67659366130829,686.6145950555801,0.8063985109329224
frame_000055.jpg,1,8,124.59728288650513,696.5216135978699,0.8379895687103271
frame_000055.jpg,1,9,75.06219017505646,713.7285405397415,0.7350403666496277
frame_000055.jpg,1,10,127.72581505775452,729.3712013959885,0.7753967046737671
frame_000055.jpg,1,11,91.74769508838654,717.3784947395325,0.7364537715911865
frame_000055.jpg,1,12,109.99746608734131,718.4213387966156,0.7396334409713745
frame_000055.jpg,1,13,106.86893391609192,768.4778535366058,0.7611402273178101
frame_000055.jpg,1,14,117.81879651546478,774.213495850563,0.8325244188308716
frame_000055.jpg,1,15,112.08315420150757,815.4058361053467,0.8379803895950317
frame_000055.jpg,1,16,84.44778668880463,749.1852384805679,0.7376558780670166
frame_000055.jpg,2,0,639.3466250101726,962.0826935768127,0.9183234572410583
frame_000055.jpg,2,1,636.7131373087566,955.0600600242615,0.7025381922721863
frame_000055.jpg,2,2,639.3466250101726,955.0600600242615,0.6299623250961304
frame_000055.jpg,2,3,637.5909665425618,956.8157184123993,0.8807563781738281
frame_000055.jpg,2,4,674.4597943623861,951.5487432479858,0.7126636505126953
frame_000055.jpg,2,5,654.2697219848633,998.9515197277069,0.7394683957099915
frame_000055.jpg,2,6,687.6272328694662,985.7840818166733,0.7495077252388
frame_000055.jpg,2,7,594.5773340861002,1033.1868582963943,0.7431872487068176
frame_000055.jpg,2,8,620.9122111002605,1039.3316626548767,0.3854837715625763
frame_000055.jpg,2,9,570.8759447733561,1039.3316626548767,0.4271306097507477
frame_000055.jpg,2,10,589.3103586832682,1042.8429794311523,0.2622847855091095
frame_000055.jpg,2,11,665.6815020243326,1128.8702404499054,0.6128541231155396
frame_000055.jpg,2,12,688.5050621032715,1126.2367528676987,0.5768359899520874
frame_000055.jpg,2,13,655.1475512186686,1222.7979642152786,0.6659366488456726
frame_000055.jpg,2,14,684.1159159342448,1219.286647439003,0.6258742809295654
frame_000055.jpg,2,15,699.0390129089355,1271.0785698890686,0.6537162065505981
frame_000055.jpg,2,16,692.8942082722982,1271.0785698890686,0.6379352807998657
frame_000055.jpg,3,0,671.8204380671183,648.9535487294197,0.8159787654876709
frame_000055.jpg,3,1,675.0392767588297,645.1982370615005,0.5713664293289185
frame_000055.jpg,3,2,672.3569111824036,646.2711832523346,0.6773585081100464
frame_000055.jpg,3,3,664.8462875684103,650.5629680156708,0.6981120109558105
frame_000055.jpg,3,4,674.5028036435446,651.0994411110878,0.8032986521720886
frame_000055.jpg,3,5,645.5332554181417,672.5583649277687,0.8056972026824951
frame_000055.jpg,3,6,676.1122229894003,682.2148806452751,0.8139561414718628
frame_000055.jpg,3,7,626.2202232678732,704.210277557373,0.7890135049819946
frame_000055.jpg,3,8,676.1122229894003,718.1585780382156,0.7815905809402466
frame_000055.jpg,3,9,632.1214275360107,725.1327282786369,0.62158203125
frame_000055.jpg,3,10,694.8887820243835,728.8880399465561,0.7970240116119385
frame_000055.jpg,3,11,635.8767393430074,731.0339323282242,0.6676042079925537
frame_000055.jpg,3,12,658.4086101849874,734.2527709007263,0.6880334615707397
frame_000055.jpg,3,13,639.632051150004,784.6812418699265,0.6960619688034058
frame_000055.jpg,3,14,670.7474918365479,782.5353494882584,0.7994954586029053
frame_000055.jpg,3,15,627.2931694984436,764.8317373394966,0.7223542332649231
frame_000055.jpg,3,16,658.4086101849874,830.8179280757904,0.8164439797401428
frame_000055.jpg,4,0,248.34944146871567,561.7923348546028,0.7266660332679749
frame_000055.jpg,4,1,251.04824888706207,558.6028351783752,0.7619370222091675
frame_000055.jpg,4,2,245.40528792142868,558.6028351783752,0.7122344970703125
frame_000055.jpg,4,3,253.2563640475273,559.338873565197,0.7513715028762817
frame_000055.jpg,4,4,240.74371147155762,559.338873565197,0.7973423004150391
frame_000055.jpg,4,5,255.70982533693314,573.0782567858696,0.7399730086326599
frame_000055.jpg,4,6,232.89263534545898,572.5875645279884,0.7239081263542175
frame_000055.jpg,4,7,259.39001727104187,592.4606009721756,0.6569650173187256
frame_000055.jpg,4,8,230.19382792711258,594.1780238747597,0.6421015858650208
frame_000055.jpg,4,9,257.18190211057663,599.3302925825119,0.5654987096786499
frame_000055.jpg,4,10,244.66924953460693,599.5756387114525,0.5853591561317444
frame_000055.jpg,4,11,251.29359501600266,600.5570232272148,0.49493658542633057
frame_000055.jpg,4,12,236.32748115062714,600.0663309693336,0.46078628301620483
frame_000055.jpg,4,13,267.97713178396225,605.2185996770859,0.7689940929412842
frame_000055.jpg,4,14,245.65063405036926,606.93602257967,0.674997091293335
frame_000055.jpg,4,15,261.3527863025665,632.4520199894905,0.7263696193695068
frame_000055.jpg,4,16,243.6878650188446,634.9054812788963,0.6396716237068176
frame_000055.jpg,5,0,278.8387602567673,475.9940177202225,0.8892734050750732
frame_000055.jpg,5,1,279.3654705286026,473.6238214969635,0.7094113230705261
frame_000055.jpg,5,2,277.7853397130966,473.88717663288116,0.8338652849197388
frame_000055.jpg,5,3,270.6747510433197,473.88717663288116,0.6460793614387512
frame_000055.jpg,5,4,274.09836781024933,474.1505317687988,0.7960383892059326
frame_000055.jpg,5,5,260.6672558784485,482.8412512540817,0.7380924224853516
frame_000055.jpg,5,6,272.781592130661,487.05493342876434,0.7059345841407776
frame_000055.jpg,5,7,252.76660180091858,497.85249400138855,0.644813060760498
frame_000055.jpg,5,8,276.9952743053436,504.6997275352478,0.644672155380249
frame_000055.jpg,5,9,253.02995693683624,509.7034751176834,0.4979788661003113
frame_000055.jpg,5,10,284.3692181110382,517.3407740592957,0.7020391225814819
frame_000055.jpg,5,11,256.45357370376587,515.7606432437897,0.6635798215866089
frame_000055.jpg,5,12,263.3008072376251,517.3407740592957,0.6947804689407349
frame_000055.jpg,5,13,271.20146131515503,539.7259606122971,0.664643406867981
frame_000055.jpg,5,14,256.45357370376587,541.8328016996384,0.6459138989448547
frame_000055.jpg,5,15,278.5754051208496,559.7409509420395,0.7294288277626038
frame_000055.jpg,5,16,247.23614394664764,557.6341098546982,0.6589450836181641
frame_000055.jpg,6,0,169.9844183921814,535.948230266571,0.6972848176956177
frame_000055.jpg,6,1,170.91675424575806,533.6173906326294,0.7073787450790405
frame_000055.jpg,6,2,168.35283064842224,532.6850547790527,0.686062216758728
frame_000055.jpg,6,3,169.51825046539307,534.3166425228119,0.49183934926986694
frame_000055.jpg,6,4,160.42797589302063,531.9858028888702,0.7345450520515442
frame_000055.jpg,6,5,162.05956363677979,545.737756729126,0.6162259578704834
frame_000055.jpg,6,6,147.60835790634155,542.4745812416077,0.7116212844848633
frame_000055.jpg,6,7,159.72872400283813,562.9859700202942,0.5207017660140991
frame_000055.jpg,6,8,143.64593052864075,566.4822294712067,0.6824630498886108
frame_000055.jpg,6,9,165.78890705108643,570.6777408123016,0.5551925897598267
frame_000055.jpg,6,10,160.89414381980896,572.7754964828491,0.6416993141174316
frame_000055.jpg,6,11,154.36779284477234,570.9108247756958,0.4715959429740906
frame_000055.jpg,6,12,141.78125882148743,573.0085804462433,0.5281556248664856
frame_000055.jpg,6,13,176.51076936721802,579.0687634944916,0.5623874068260193
frame_000055.jpg,6,14,171.3829221725464,581.3996031284332,0.5029736757278442
frame_000055.jpg,6,15,182.10478448867798,608.4373428821564,0.7128511667251587
frame_000055.jpg,6,16,168.81899857521057,609.369678735733,0.5356765985488892
frame_000055.jpg,7,0,219.65595084428787,567.9284904003143,0.842414379119873
frame_000055.jpg,7,1,222.3164223432541,565.0261578559875,0.8239364624023438
frame_000055.jpg,7,2,216.99547934532166,564.784296810627,0.8172962069511414
frame_000055.jpg,7,3,224.73503279685974,565.7517409920692,0.7081167697906494
frame_000055.jpg,7,4,211.43267530202866,564.784296810627,0.8165069818496704
frame_000055.jpg,7,5,224.49317175149918,578.0866543054581,0.6540794372558594
frame_000055.jpg,7,6,202.0000945329666,578.3285153508186,0.7158744931221008
frame_000055.jpg,7,7,229.08853161334991,594.2913443446159,0.5052675604820251
frame_000055.jpg,7,8,200.30706721544266,598.4029821157455,0.7136582136154175
frame_000055.jpg,7,9,234.16761356592178,598.4029821157455,0.4878053069114685
frame_000055.jpg,7,10,217.47920143604279,597.6773989796638,0.6260640621185303
frame_000055.jpg,7,11,216.99547934532166,605.1750913858414,0.44896772503852844
frame_000055.jpg,7,12,198.6140398979187,605.6588134765625,0.5425279140472412
frame_000055.jpg,7,13,241.18158388137817,608.8030070662498,0.5747548341751099
frame_000055.jpg,7,14,216.7536182999611,611.9472006559372,0.6000069379806519
frame_000055.jpg,7,15,232.23272520303726,636.3751662373543,0.6349782347679138
frame_000055.jpg,7,16,208.2884817123413,641.4542481899261,0.6583271026611328
frame_000055.jpg,8,0,140.52564001083374,460.4869909286499,0.8131812810897827
frame_000055.jpg,8,1,141.21133422851562,458.20134353637695,0.7459217309951782
frame_000055.jpg,8,2,140.29707527160645,457.97277879714966,0.6975979804992676
frame_000055.jpg,8,3,143.95411109924316,459.5727319717407,0.7467879056930542
frame_000055.jpg,8,4,150.12535905838013,458.65847301483154,0.6048585176467896
frame_000055.jpg,8,5,146.6968879699707,469.6295804977417,0.7044636011123657
frame_000055.jpg,8,6,155.15378332138062,469.4010157585144,0.7020691633224487
frame_000055.jpg,8,7,152.18244171142578,483.5720295906067,0.6979671120643616
frame_000055.jpg,8,8,156.52517175674438,484.94341802597046,0.4699324369430542
frame_000055.jpg,8,9,154.92521858215332,498.88586711883545,0.6849150657653809
frame_000055.jpg,8,10,146.01119375228882,498.20017290115356,0.3443657159805298
frame_000055.jpg,8,11,144.41124057769775,505.514244556427,0.6142870187759399
frame_000055.jpg,8,12,155.8394775390625,505.7428092956543,0.5513490438461304
frame_000055.jpg,8,13,136.18290996551514,524.0279884338379,0.6950249671936035
frame_000055.jpg,8,14,156.2966070175171,526.9993300437927,0.5930688381195068
frame_000055.jpg,8,15,140.06851053237915,544.8273797035217,0.5942564606666565
frame_000055.jpg,8,16,160.1822075843811,542.9988617897034,0.4285675287246704
frame_000055.jpg,9,0,380.1097021102905,558.1451845616102,0.7799718379974365
frame_000055.jpg,9,1,382.84953411420184,555.8888522535563,0.7708913683891296
frame_000055.jpg,9,2,378.01453646024066,555.7276856601238,0.7979059815406799
frame_000055.jpg,9,3,386.7175322373708,557.1781850010157,0.8107301592826843
frame_000055.jpg,9,4,374.9523712793986,556.533518627286,0.8188342452049255
frame_000055.jpg,9,5,393.64769554138184,568.1375133544207,0.7329287528991699
frame_000055.jpg,9,6,367.37754162152606,569.1045129150152,0.7290441393852234
frame_000055.jpg,9,7,403.3176908493042,580.5473410487175,0.7628110647201538
frame_000055.jpg,9,8,362.7037105560303,586.3493384122849,0.7950688004493713
frame_000055.jpg,9,9,396.0651943683624,583.770672917366,0.5696518421173096
frame_000055.jpg,9,10,368.0222079753876,589.5726702809334,0.5108682513237
frame_000055.jpg,9,11,389.2961976528168,593.601835116744,0.6155441403388977
frame_000055.jpg,9,12,373.01837221781415,594.5688346773386,0.6525653600692749
frame_000055.jpg,9,13,391.87486306826275,610.6854940205812,0.2614898085594177
frame_000055.jpg,9,14,370.9232065677643,610.6854940205812,0.34455811977386475
frame_000055.jpg,9,15,390.1020305951436,592.7960021495819,0.291326105594635
frame_000055.jpg,9,16,375.91937081019086,594.4076680839062,0.35068029165267944
frame_000055.jpg,10,0,19.055344820022583,446.0174548625946,0.5919972658157349
frame_000055.jpg,10,1,19.055344820022583,443.5511314868927,0.6096100807189941
frame_000055.jpg,10,2,16.92533826828003,443.66323709487915,0.5957970023155212
frame_000055.jpg,10,3,19.279556035995483,444.78429317474365,0.44511616230010986
frame_000055.jpg,10,4,10.086896181106567,444.78429317474365,0.6265344023704529
frame_000055.jpg,10,5,21.745879411697388,458.7974941730499,0.5518112182617188
frame_000055.jpg,10,6,3.472665309906006,459.806444644928,0.5025420188903809
frame_000055.jpg,10,7,22.64272427558899,473.7075400352478,0.4959343671798706
frame_000055.jpg,10,8,0.5579195022583008,475.83754658699036,0.5043240189552307
frame_000055.jpg,10,9,20.176400899887085,474.1559624671936,0.33490991592407227
frame_000055.jpg,10,10,3.1363484859466553,486.3754737377167,0.34777724742889404
frame_000055.jpg,10,11,18.04639434814453,486.3754737377167,0.4142630100250244
frame_000055.jpg,10,12,7.172150373458862,486.3754737377167,0.42381834983825684
frame_000055.jpg,10,13,34.97434115409851,486.3754737377167,0.21070000529289246
frame_000055.jpg,10,14,9.750579357147217,486.3754737377167,0.22281712293624878
frame_000055.jpg,10,15,18.27060556411743,486.3754737377167,0.1970619112253189
frame_000055.jpg,10,16,2.912137269973755,486.3754737377167,0.21214447915554047
frame_000055.jpg,11,0,180.52237141132355,500.37924325466156,0.6601347923278809
frame_000055.jpg,11,1,181.15942734479904,497.8310195207596,0.7267204523086548
frame_000055.jpg,11,2,177.97414767742157,497.9584307074547,0.6651475429534912
frame_000055.jpg,11,3,182.05130565166473,499.35995376110077,0.46193718910217285
frame_000055.jpg,11,4,171.22135478258133,499.23254257440567,0.7499694228172302
frame_000055.jpg,11,5,183.96247345209122,513.884829044342,0.6551804542541504
frame_000055.jpg,11,6,162.5573940873146,514.7767073512077,0.5797184705734253
frame_000055.jpg,11,7,186.6381083726883,530.3208721280098,0.5495227575302124
frame_000055.jpg,11,8,167.27160799503326,530.8305168747902,0.48080840706825256
frame_000055.jpg,11,9,185.4914076924324,531.9772175550461,0.3298950493335724
frame_000055.jpg,11,10,181.03201615810394,531.0853392481804,0.38992565870285034
frame_000055.jpg,11,11,182.68836158514023,545.3553921580315,0.41863685846328735
frame_000055.jpg,11,12,168.29089748859406,545.3553921580315,0.3686971962451935
frame_000055.jpg,11,13,197.4680592417717,545.3553921580315,0.42495298385620117
frame_000055.jpg,11,14,182.05130565166473,545.3553921580315,0.26230937242507935
frame_000055.jpg,11,15,197.4680592417717,545.3553921580315,0.26711854338645935
frame_000055.jpg,11,16,197.4680592417717,545.3553921580315,0.21604765951633453
frame_000055.jpg,12,0,78.89685811599095,431.7991266697645,0.3682142496109009
frame_000055.jpg,12,1,80.19107313950856,430.21730825304985,0.3870505094528198
frame_000055.jpg,12,2,78.46545310815175,430.792514950037,0.38886797428131104
frame_000055.jpg,12,3,84.50512321790059,429.7859032303095,0.4294106364250183
frame_000055.jpg,12,4,78.46545310815175,430.5049116015434,0.32341304421424866
frame_000055.jpg,12,5,94.42743839820227,439.85202042758465,0.4093994200229645
frame_000055.jpg,12,6,79.04065978527069,439.1330120563507,0.32803815603256226
frame_000055.jpg,12,7,103.34314189354578,455.67020459473133,0.46204084157943726
frame_000055.jpg,12,8,73.57619635264079,448.7677242308855,0.26284676790237427
frame_000055.jpg,12,9,103.34314189354578,472.06359545886517,0.40842342376708984
frame_000055.jpg,12,10,67.96793125073116,457.5396263599396,0.28679749369621277
frame_000055.jpg,12,11,97.15967011451721,476.233844012022,0.25536245107650757
frame_000055.jpg,12,12,89.68198331197104,476.09004233777523,0.18675604462623596
frame_000055.jpg,12,13,99.6042984922727,487.3065729290247,0.25847291946411133
frame_000055.jpg,12,14,88.53156995773315,487.3065729290247,0.18344365060329437
frame_000055.jpg,12,15,100.03570350011191,487.3065729290247,0.28430014848709106
frame_000055.jpg,12,16,100.03570350011191,487.3065729290247,0.19520273804664612
frame_000055.jpg,13,0,193.125825881958,534.6342321634293,0.666698157787323
frame_000055.jpg,13,1,195.3042677640915,532.3001872897148,0.7216876149177551
frame_000055.jpg,13,2,190.94738399982452,531.9889813065529,0.664247989654541
frame_000055.jpg,13,3,197.17150366306305,532.6113932728767,0.6315629482269287
frame_000055.jpg,13,4,186.27929425239563,531.52217233181,0.69935142993927
frame_000055.jpg,13,5,197.94951862096786,541.4807637929916,0.645724892616272
frame_000055.jpg,13,6,178.18793869018555,542.2587787508965,0.5793449878692627
frame_000055.jpg,13,7,202.30640238523483,556.885459959507,0.6023077368736267
frame_000055.jpg,13,8,178.65474766492844,561.242343723774,0.4894762635231018
frame_000055.jpg,13,9,199.81675451993942,564.1988005638123,0.508175253868103
frame_000055.jpg,13,10,192.97022289037704,565.5992274880409,0.4637643098831177
frame_000055.jpg,13,11,195.45987075567245,566.6884484291077,0.43641504645347595
frame_000055.jpg,13,12,179.58836561441422,567.3108603954315,0.43688249588012695
frame_000055.jpg,13,13,206.35208016633987,574.0017890334129,0.45137491822242737
frame_000055.jpg,13,14,191.1029869914055,577.5806578397751,0.44489434361457825
frame_000055.jpg,13,15,203.39562332630157,590.1845001578331,0.38725125789642334
frame_000055.jpg,13,16,193.74823784828186,590.1845001578331,0.2928396463394165
frame_000055.jpg,14,0,103.05665695667267,488.3133326768875,0.6473996639251709
frame_000055.jpg,14,1,106.28902190923691,485.32961118221283,0.6596384048461914
frame_000055.jpg,14,2,101.06750929355621,485.32961118221283,0.6405017971992493
frame_000055.jpg,14,3,111.01324760913849,486.0755415558815,0.6839417219161987
frame_000055.jpg,14,4,97.83514434099197,486.32418501377106,0.6036096811294556
frame_000055.jpg,14,5,117.22933405637741,499.00500136613846,0.6311103105545044
frame_000055.jpg,14,6,94.10549247264862,497.7617840766907,0.5875825881958008
frame_000055.jpg,14,7,114.49425601959229,517.6532607078552,0.6679675579071045
frame_000055.jpg,14,8,84.4083976149559,508.95073968172073,0.46413832902908325
frame_000055.jpg,14,9,104.79716116189957,504.72380089759827,0.5901423692703247
frame_000055.jpg,14,10,92.86227518320084,506.2156616449356,0.40221619606018066
frame_000055.jpg,14,11,113.99696910381317,538.0420242547989,0.405549556016922
frame_000055.jpg,14,12,99.07836163043976,535.8042331337929,0.4031640887260437
frame_000055.jpg,14,13,121.95355975627899,574.0953256487846,0.47645533084869385
frame_000055.jpg,14,14,73.96537238359451,544.5067541599274,0.516983151435852
frame_000055.jpg,14,15,132.64522844552994,572.8521083593369,0.4127591848373413
frame_000055.jpg,14,16,91.3704144358635,560.6685789227486,0.4872034788131714
frame_000055.jpg,15,0,57.88264226913452,438.4021134376526,0.29702913761138916
frame_000055.jpg,15,1,59.92986869812012,436.74483489990234,0.33703821897506714
frame_000055.jpg,15,2,56.51782464981079,436.54986095428467,0.36767807602882385
frame_000055.jpg,15,3,63.43939971923828,437.32975673675537,0.27781927585601807
frame_000055.jpg,15,4,54.56808519363403,437.23226976394653,0.29959288239479065
frame_000055.jpg,15,5,67.14390468597412,447.3709149360657,0.14700700342655182
frame_000055.jpg,15,6,50.18117141723633,447.9558367729187,0.18313610553741455
frame_000055.jpg,15,7,66.65646982192993,458.58191680908203,0.10714571177959442
frame_000055.jpg,15,8,48.32891893386841,460.43416929244995,0.18873852491378784
frame_000055.jpg,15,9,63.04945182800293,461.70149993896484,0.07698342204093933
frame_000055.jpg,15,10,48.13394498825073,461.8964738845825,0.15071448683738708
frame_000055.jpg,15,11,62.65950393676758,475.64213705062866,0.13268215954303741
frame_000055.jpg,15,12,51.44850206375122,475.64213705062866,0.14981460571289062
frame_000055.jpg,15,13,69.58107900619507,461.50652599334717,0.17376303672790527
frame_000055.jpg,15,14,50.376145362854004,475.64213705062866,0.12291073799133301
frame_000055.jpg,15,15,61.58714723587036,475.64213705062866,0.22340922057628632
frame_000055.jpg,15,16,47.84148406982422,475.64213705062866,0.19496458768844604
frame_000060.jpg,0,0,133.64118536313373,621.3647229671478,0.8266675472259521
frame_000060.jpg,0,1,135.4035433928172,618.2805965542793,0.5600593090057373
frame_000060.jpg,0,2,137.60649092992145,619.1617755293846,0.6582522392272949
frame_000060.jpg,0,3,119.54232112566632,621.8053124547005,0.6765682697296143
frame_000060.jpg,0,4,136.72531191507977,623.1270809173584,0.9083300828933716
frame_000060.jpg,0,5,114.69583654403687,640.3100709319115,0.80730140209198
frame_000060.jpg,0,6,131.87882733345032,642.9536078572273,0.8319767713546753
frame_000060.jpg,0,7,115.1364260514577,666.74544018507,0.5218080878257751
frame_000060.jpg,0,8,113.81465752919513,659.2554188966751,0.7877785563468933
frame_000060.jpg,0,9,142.01238600413006,661.898955821991,0.6806356310844421
frame_000060.jpg,0,10,124.38880570729572,687.4531461000443,0.7655898928642273
frame_000060.jpg,0,11,105.88404639561972,693.1808094382286,0.7026960253715515
frame_000060.jpg,0,12,123.50762669245404,693.6213989257812,0.6702111959457397
frame_000060.jpg,0,13,96.19107723236084,747.3733164072037,0.7476969957351685
frame_000060.jpg,0,14,152.14594467480975,725.3438420295715,0.8541002869606018
frame_000060.jpg,0,15,75.48337038358054,738.1209371685982,0.8287359476089478
frame_000060.jpg,0,16,152.14594467480975,771.605738222599,0.9140986204147339
frame_000060.jpg,1,0,396.1272201538086,1037.5638089179993,0.7327190041542053
frame_000060.jpg,1,1,388.4942219257355,1035.4820821285248,0.4858821630477905
frame_000060.jpg,1,2,394.0454933643341,1036.1759910583496,0.4529711604118347
frame_000060.jpg,1,3,389.1881308555603,1036.1759910583496,0.7091646194458008
frame_000060.jpg,1,4,426.6592130661011,1025.7673571109772,0.783790111541748
frame_000060.jpg,1,5,401.6784915924072,1070.1775286197662,0.7424048185348511
frame_000060.jpg,1,6,448.8642988204956,1050.0541696548462,0.781706690788269
frame_000060.jpg,1,7,343.3901414871216,1101.4034304618835,0.8073275685310364
frame_000060.jpg,1,8,419.7201237678528,1053.5237143039703,0.4212932586669922
frame_000060.jpg,1,9,374.6160433292389,1070.871437549591,0.5891928672790527
frame_000060.jpg,1,10,388.4942219257355,1061.1567125320435,0.5911061763763428
frame_000060.jpg,1,11,443.313027381897,1202.7141342163086,0.7217689752578735
frame_000060.jpg,1,12,480.78410959243774,1193.6933181285858,0.7354573011398315
frame_000060.jpg,1,13,410.0053987503052,1276.2684807777405,0.6733481287956238
frame_000060.jpg,1,14,478.0084738731384,1277.6562986373901,0.7019350528717041
frame_000060.jpg,1,15,477.3145649433136,1260.3085753917694,0.24102814495563507
frame_000060.jpg,1,16,489.1110167503357,1254.7573039531708,0.40650424361228943
frame_000060.jpg,2,0,495.0931051572164,963.0918464660645,0.8355334997177124
frame_000060.jpg,2,1,494.2304735183716,957.916056394577,0.7042074799537659
frame_000060.jpg,2,2,494.2304735183716,956.1907930374146,0.6105071902275085
frame_000060.jpg,2,3,496.818368434906,961.366583108902,0.8359124660491943
frame_000060.jpg,2,4,531.3236339886982,953.6028980016708,0.7286224365234375
frame_000060.jpg,2,5,514.933632850647,1004.4981670379639,0.7473602294921875
frame_000060.jpg,2,6,546.8510034879048,991.5586918592453,0.7386681437492371
frame_000060.jpg,2,7,455.4120497703552,1038.1408025026321,0.7289677262306213
frame_000060.jpg,2,8,523.559949239095,1041.591329216957,0.4027542471885681
frame_000060.jpg,2,9,428.67046896616614,1046.7671192884445,0.4667896330356598
frame_000060.jpg,2,10,504.5820531845093,1046.7671192884445,0.26642417907714844
frame_000060.jpg,2,11,525.2852125167847,1129.5797604322433,0.5985705256462097
frame_000060.jpg,2,12,548.5762667655945,1126.1292337179184,0.5700409412384033
frame_000060.jpg,2,13,515.7962644894917,1221.8813500404358,0.6308919787406921
frame_000060.jpg,2,14,545.1257402102153,1216.7055599689484,0.6018725037574768
frame_000060.jpg,2,15,565.8288995424907,1277.089777469635,0.687638521194458
frame_000060.jpg,2,16,554.6146882375081,1275.3645141124725,0.6182091236114502
frame_000060.jpg,3,0,626.9526318311691,628.0460790395737,0.9083678126335144
frame_000060.jpg,3,1,626.0663429498672,625.387212395668,0.6410007476806641
frame_000060.jpg,3,2,629.6114984750748,624.9440679550171,0.6440401077270508
frame_000060.jpg,3,3,619.8623207807541,628.9323679208755,0.7602123022079468
frame_000060.jpg,3,4,633.5997984409332,629.8186568021774,0.8668054342269897
frame_000060.jpg,3,5,607.8974208831787,647.544434428215,0.862390398979187
frame_000060.jpg,3,6,642.0195428133011,652.8621677160263,0.8993874788284302
frame_000060.jpg,3,7,591.9442210197449,664.8270676136017,0.7840901613235474
frame_000060.jpg,3,8,651.7687205076218,682.5528452396393,0.8081113696098328
frame_000060.jpg,3,9,576.8773100376129,674.5762453079224,0.8292088508605957
frame_000060.jpg,3,10,652.2118649482727,690.9725896120071,0.781635582447052
frame_000060.jpg,3,11,608.3405653238297,698.0629006624222,0.7454607486724854
frame_000060.jpg,3,12,627.838920712471,699.8354784250259,0.7506891489028931
frame_000060.jpg,3,13,625.6231985092163,743.706778049469,0.7287757396697998
frame_000060.jpg,3,14,624.2937651872635,749.0245113372803,0.7532624006271362
frame_000060.jpg,3,15,638.0312428474426,779.1583333015442,0.8569765686988831
frame_000060.jpg,3,16,599.0345320701599,729.083011507988,0.7662451267242432
frame_000060.jpg,4,0,153.7905548810959,487.62060153484344,0.9452122449874878
frame_000060.jpg,4,1,153.7905548810959,485.1854958534241,0.8026008009910583
frame_000060.jpg,4,2,152.43771839141846,485.45606315135956,0.9131691455841064
frame_000060.jpg,4,3,142.96786296367645,485.45606315135956,0.6232223510742188
frame_000060.jpg,4,4,146.75580513477325,485.99719774723053,0.8339189887046814
frame_000060.jpg,4,5,138.63878619670868,496.81988966464996,0.6829294562339783
frame_000060.jpg,4,6,143.7795648574829,499.25499534606934,0.7644661664962769
frame_000060.jpg,4,7,129.16893076896667,512.2422256469727,0.5725210905075073
frame_000060.jpg,4,8,143.7795648574829,516.300735116005,0.6570965051651001
frame_000060.jpg,4,9,125.92212319374084,525.5000232458115,0.6242579221725464
frame_000060.jpg,4,10,149.7320454120636,530.9113692045212,0.6714166402816772
frame_000060.jpg,4,11,135.93311321735382,532.2642056941986,0.6317503452301025
frame_000060.jpg,4,12,137.01538240909576,533.0759075880051,0.6604572534561157
frame_000060.jpg,4,13,147.8380743265152,553.097887635231,0.7034190893173218
frame_000060.jpg,4,14,132.4157383441925,554.7212914228439,0.6823208332061768
frame_000060.jpg,4,15,146.75580513477325,573.9315695762634,0.7642549276351929
frame_000060.jpg,4,16,113.20546019077301,567.4379544258118,0.6957775950431824
frame_000060.jpg,5,0,237.8193028171857,568.7161370962858,0.8043222427368164
frame_000060.jpg,5,1,240.1998512347539,566.0181823074818,0.7796471118927002
frame_000060.jpg,5,2,235.5974576274554,565.8594790846109,0.7960699200630188
frame_000060.jpg,5,3,243.85002547502518,567.4465113133192,0.8119956254959106
frame_000060.jpg,5,4,231.94728338718414,566.9704016447067,0.8320327997207642
frame_000060.jpg,5,5,253.05481268962222,579.507956251502,0.7421615123748779
frame_000060.jpg,5,6,224.64693490664163,579.9840659201145,0.7727447748184204
frame_000060.jpg,5,7,260.6725676258405,592.5216205269098,0.7264124751091003
frame_000060.jpg,5,8,220.8380574385325,597.1240139901638,0.8182330131530762
frame_000060.jpg,5,9,252.41999977827072,595.8543882071972,0.537883996963501
frame_000060.jpg,5,10,226.07526395718259,599.1871558874846,0.5338793992996216
frame_000060.jpg,5,11,247.50019971529645,604.7417686879635,0.6086140871047974
frame_000060.jpg,5,12,230.36025110880536,605.5352848023176,0.6565134525299072
frame_000060.jpg,5,13,249.08723199367523,618.8663555234671,0.28308725357055664
frame_000060.jpg,5,14,229.56673496961594,618.8663555234671,0.38907819986343384
frame_000060.jpg,5,15,246.8653868039449,606.1700976938009,0.26520952582359314
frame_000060.jpg,5,16,234.64523826042813,604.4243622422218,0.30059385299682617
frame_000060.jpg,6,0,25.126057624816895,547.3679389953613,0.7086743116378784
frame_000060.jpg,6,1,26.03612518310547,544.6377363204956,0.739797055721283
frame_000060.jpg,6,2,22.395854949951172,543.9551856517792,0.7031225562095642
frame_000060.jpg,6,3,26.491158962249756,544.6377363204956,0.5434951782226562
frame_000060.jpg,6,4,13.97773003578186,543.2726349830627,0.7464882135391235
frame_000060.jpg,6,5,22.395854949951172,558.2887496948242,0.526672899723053
frame_000060.jpg,6,6,3.2844362258911133,554.8759963512421,0.63637375831604
frame_000060.jpg,6,7,21.258270502090454,575.352516412735,0.39486372470855713
frame_000060.jpg,6,8,1.919334888458252,577.4001684188843,0.5307636857032776
frame_000060.jpg,6,9,21.258270502090454,582.6330568790436,0.36596164107322693
frame_000060.jpg,6,10,15.342831373214722,583.31560754776,0.5734041333198547
frame_000060.jpg,6,11,14.660280704498291,587.6384284496307,0.41423869132995605
frame_000060.jpg,6,12,4.1945037841796875,589.2310466766357,0.4869046211242676
frame_000060.jpg,6,13,30.131429195404053,591.7337324619293,0.43732306361198425
frame_000060.jpg,6,14,26.7186758518219,595.3740026950836,0.35031524300575256
frame_000060.jpg,6,15,37.1844527721405,621.310928106308,0.5803562998771667
frame_000060.jpg,6,16,23.305922508239746,622.6760294437408,0.4685993790626526
frame_000060.jpg,7,0,106.16085904836655,573.5242390036583,0.6886938810348511
frame_000060.jpg,7,1,108.40119290351868,570.288201212883,0.7390269041061401
frame_000060.jpg,7,2,103.42267322540283,570.288201212883,0.6776007413864136
frame_000060.jpg,7,3,110.39260077476501,571.0349791646004,0.6817823052406311
frame_000060.jpg,7,4,97.69737559556961,571.0349791646004,0.7405969500541687
frame_000060.jpg,7,5,112.63293462991714,584.9748342633247,0.7099668979644775
frame_000060.jpg,7,6,88.2381882071495,584.9748342633247,0.6593257784843445
frame_000060.jpg,7,7,116.86467635631561,603.6442830562592,0.6221062541007996
frame_000060.jpg,7,8,86.24678033590317,605.8846169114113,0.5097299814224243
frame_000060.jpg,7,9,115.12219446897507,608.622802734375,0.49612128734588623
frame_000060.jpg,7,10,104.6673031449318,609.3695806860924,0.45445477962493896
frame_000060.jpg,7,11,108.15226691961288,614.8459523320198,0.40560635924339294
frame_000060.jpg,7,12,88.98496615886688,615.5927302837372,0.38511765003204346
frame_000060.jpg,7,13,126.07493776082993,616.5884342193604,0.5058027505874634
frame_000060.jpg,7,14,102.17804330587387,618.5798420906067,0.5581132173538208
frame_000060.jpg,7,15,128.81312358379364,646.7084782719612,0.4579070806503296
frame_000060.jpg,7,16,101.1823393702507,646.957404255867,0.5627760887145996
frame_000060.jpg,8,0,35.58586941162745,511.4840708374977,0.7052115797996521
frame_000060.jpg,8,1,35.98079673449198,509.11450681090355,0.7126004695892334
frame_000060.jpg,8,2,32.82137815157572,509.11450681090355,0.7187284231185913
frame_000060.jpg,8,3,36.11243917544683,510.5625737160444,0.47014909982681274
frame_000060.jpg,8,4,25.186116576194763,510.29928882420063,0.7360353469848633
frame_000060.jpg,8,5,38.35036067167918,524.9116003215313,0.6107432842254639
frame_000060.jpg,8,6,15.312933504581451,526.7545945644379,0.5569918155670166
frame_000060.jpg,8,7,40.85156704982123,541.3669060617685,0.5258721113204956
frame_000060.jpg,8,8,14.391436417897538,543.8681125342846,0.45995402336120605
frame_000060.jpg,8,9,37.8237909078598,542.9466154128313,0.2880944609642029
frame_000060.jpg,8,10,30.320171773433685,543.0782578587532,0.3140574097633362
frame_000060.jpg,8,11,36.50736649831136,558.2171391397715,0.3932410776615143
frame_000060.jpg,8,12,22.81655263900757,558.2171391397715,0.3464454710483551
frame_000060.jpg,8,13,51.11967744429907,558.2171391397715,0.36860159039497375
frame_000060.jpg,8,14,35.45422697067261,558.2171391397715,0.21716558933258057
frame_000060.jpg,8,15,51.11967744429907,558.2171391397715,0.2534511685371399
frame_000060.jpg,8,16,51.11967744429907,558.2171391397715,0.21553444862365723
frame_000060.jpg,9,0,76.29498147964478,579.297444164753,0.80893874168396
frame_000060.jpg,9,1,78.80044186115265,576.2908917069435,0.7917270660400391
frame_000060.jpg,9,2,73.03788298368454,576.0403456687927,0.7753808498382568
frame_000060.jpg,9,3,81.55644828081131,577.0425298213959,0.6866968870162964
frame_000060.jpg,9,4,67.776416182518,576.5414377450943,0.794445276260376
frame_000060.jpg,9,5,78.29934978485107,590.3214698433876,0.5952985286712646
frame_000060.jpg,9,6,58.50621277093887,590.0709238052368,0.6482852101325989
frame_000060.jpg,9,7,82.30808639526367,606.1058702468872,0.5103497505187988
frame_000060.jpg,9,8,57.504028618335724,610.3651528954506,0.6580572128295898
frame_000060.jpg,9,9,90.57610565423965,608.8618766665459,0.5561734437942505
frame_000060.jpg,9,10,76.54552751779556,608.8618766665459,0.5851564407348633
frame_000060.jpg,9,11,70.03133052587509,615.6266196966171,0.39601442217826843
frame_000060.jpg,9,12,54.99856823682785,616.8793498873711,0.49259960651397705
frame_000060.jpg,9,13,96.83975660800934,619.6353563070297,0.591172456741333
frame_000060.jpg,9,14,73.7895210981369,621.639724612236,0.5479241013526917
frame_000060.jpg,9,15,87.06846112012863,647.1954205036163,0.5577030181884766
frame_000060.jpg,9,16,64.76986372470856,653.2085254192352,0.6423843502998352
frame_000060.jpg,10,0,48.399574279785156,546.6721532344818,0.6529072523117065
frame_000060.jpg,10,1,50.46250057220459,544.2654058933258,0.7122311592102051
frame_000060.jpg,10,2,45.99282693862915,543.9215848445892,0.6533339023590088
frame_000060.jpg,10,3,52.18160581588745,544.2654058933258,0.621057391166687
frame_000060.jpg,10,4,41.00742173194885,543.4058532714844,0.6812108755111694
frame_000060.jpg,10,5,52.35351634025574,552.6890215873718,0.6428221464157104
frame_000060.jpg,10,6,32.58380603790283,554.4081268310547,0.5887855291366577
frame_000060.jpg,10,7,56.479368925094604,567.3014161586761,0.5686291456222534
frame_000060.jpg,10,8,33.27144813537598,573.6621055603027,0.5231689214706421
frame_000060.jpg,10,9,55.104084730148315,574.1778371334076,0.490863561630249
frame_000060.jpg,10,10,47.8838427066803,577.2722265720367,0.4814375638961792
frame_000060.jpg,10,11,50.290590047836304,580.7104370594025,0.415696382522583
frame_000060.jpg,10,12,35.33437442779541,581.054258108139,0.4144027829170227
frame_000060.jpg,10,13,61.98050570487976,586.8992159366608,0.4082038402557373
frame_000060.jpg,10,14,47.8838427066803,590.6812474727631,0.36129775643348694
frame_000060.jpg,10,15,59.573758363723755,609.247584104538,0.37274783849716187
frame_000060.jpg,10,16,50.634411096572876,609.247584104538,0.2937098741531372
frame_000065.jpg,0,0,144.01912891864777,616.1434553861618,0.839341938495636
frame_000065.jpg,0,1,141.89183616638184,613.5907040834427,0.5520251989364624
frame_000065.jpg,0,2,146.57188022136688,614.0161626338959,0.7626109719276428
frame_000065.jpg,0,3,131.68083095550537,615.7179968357086,0.8176026344299316
frame_000065.jpg,0,4,146.57188022136688,617.4198310375214,0.9035873413085938
frame_000065.jpg,0,5,120.19345009326935,628.4817533493042,0.8211860656738281
frame_000065.jpg,0,6,154.23013412952423,637.4163829088211,0.8408347964286804
frame_000065.jpg,0,7,93.81501996517181,629.3326704502106,0.8280931711196899
frame_000065.jpg,0,8,163.16476368904114,662.5184373855591,0.8321359157562256
frame_000065.jpg,0,9,67.86204838752747,636.5654658079147,0.8289127945899963
frame_000065.jpg,0,10,163.16476368904114,641.670968413353,0.8191267251968384
frame_000065.jpg,0,11,123.59711849689484,677.8349452018738,0.6901959180831909
frame_000065.jpg,0,12,140.1900019645691,679.1113208532333,0.6928553581237793
frame_000065.jpg,0,13,155.5065097808838,697.4060385227203,0.8347551822662354
frame_000065.jpg,0,14,118.4916158914566,725.0608443021774,0.6879192590713501
frame_000065.jpg,0,15,152.1028413772583,740.8028106689453,0.8657059669494629
frame_000065.jpg,0,16,85.73130750656128,751.0138158798218,0.8636659383773804
frame_000065.jpg,1,0,593.481840968132,609.8556859493256,1.060973882675171
frame_000065.jpg,1,1,596.2102620601654,607.5170392990112,0.7046316862106323
frame_000065.jpg,1,2,595.8204876184464,608.2965881824493,0.7398662567138672
frame_000065.jpg,1,3,586.8556754589081,613.3636559247971,0.7507679462432861
frame_000065.jpg,1,4,600.108006477356,612.584107041359,0.860708475112915
frame_000065.jpg,1,5,579.060186624527,629.7341824769974,0.9433352947235107
frame_000065.jpg,1,6,602.4466531276703,632.0728291273117,0.9211121797561646
frame_000065.jpg,1,7,568.9260511398315,653.5104234218597,0.8813742399215698
frame_000065.jpg,1,8,598.5489087104797,651.1717767715454,0.8659619092941284
frame_000065.jpg,1,9,581.0090588331223,653.5104234218597,0.6257123947143555
frame_000065.jpg,1,10,611.0216908454895,672.9991455078125,0.8119572401046753
frame_000065.jpg,1,11,576.7215399742126,675.3377921581268,0.8408189415931702
frame_000065.jpg,1,12,593.8716154098511,675.3377921581268,0.8122385740280151
frame_000065.jpg,1,13,570.4851489067078,717.4334318637848,0.8342807292938232
frame_000065.jpg,1,14,613.3603374958038,699.5038075447083,0.9447216391563416
frame_000065.jpg,1,15,554.5043967962265,724.0595973730087,0.8718386888504028
frame_000065.jpg,1,16,616.8683074712753,739.6505750417709,0.9955658316612244
frame_000065.jpg,2,0,377.5545086860657,970.5351475477219,0.8592155575752258
frame_000065.jpg,2,1,376.70861975351966,965.4598137140274,0.7416123151779175
frame_000065.jpg,2,2,376.70861975351966,963.7680357694626,0.6541996002197266
frame_000065.jpg,2,3,380.93806441624963,968.843369603157,0.8338454365730286
frame_000065.jpg,2,4,413.0818438529968,962.0762578248978,0.7241173982620239
frame_000065.jpg,2,5,396.16406520207715,1011.9837071895599,0.7412041425704956
frame_000065.jpg,2,6,427.46195570627856,999.2953726053238,0.7385436296463013
frame_000065.jpg,2,7,341.1812845865885,1047.5110440254211,0.7339572906494141
frame_000065.jpg,2,8,379.2462865511576,1049.202821969986,0.40518462657928467
frame_000065.jpg,2,9,318.34228340784705,1053.432266831398,0.4400310516357422
frame_000065.jpg,2,10,380.0921754837036,1054.2781558036804,0.27263838052749634
frame_000065.jpg,2,11,409.698288122813,1135.4834971427917,0.6030396223068237
frame_000065.jpg,2,12,432.53728930155444,1131.2540522813797,0.5584628582000732
frame_000065.jpg,2,13,398.7017319997151,1229.3771730661392,0.6341232657432556
frame_000065.jpg,2,14,427.46195570627856,1223.4559502601624,0.582234263420105
frame_000065.jpg,2,15,445.22562328974414,1276.7469555139542,0.6558477878570557
frame_000065.jpg,2,16,436.7667339642842,1275.0551775693893,0.6030282974243164
frame_000065.jpg,3,0,278.83563899993896,1049.775393486023,0.7494317293167114
frame_000065.jpg,3,1,274.1465752919515,1047.7657948732376,0.5616852045059204
frame_000065.jpg,3,2,276.1561740239461,1047.7657948732376,0.4891331195831299
frame_000065.jpg,3,3,274.1465752919515,1047.0959286689758,0.695306658744812
frame_000065.jpg,3,4,308.9796199798584,1036.3780694007874,0.7967218160629272
frame_000065.jpg,3,5,285.5343014399211,1081.9289712905884,0.7000821828842163
frame_000065.jpg,3,6,332.4249385197958,1059.8233865499496,0.7635653018951416
frame_000065.jpg,3,7,228.59567070007324,1114.0825490951538,0.7858248353004456
frame_000065.jpg,3,8,305.6302887598673,1058.483654141426,0.41976678371429443
frame_000065.jpg,3,9,258.06978543599445,1083.9385699033737,0.44462060928344727
frame_000065.jpg,3,10,271.4671103159587,1073.890576839447,0.5495555400848389
frame_000065.jpg,3,11,328.4057410558065,1213.2227473258972,0.7054445743560791
frame_000065.jpg,3,12,366.58811696370446,1203.8446204662323,0.7360579967498779
frame_000065.jpg,3,13,295.5822950998942,1278.1997691392899,0.5693452954292297
frame_000065.jpg,3,14,362.5689194997152,1278.8696353435516,0.6508277654647827
frame_000065.jpg,3,15,424.8664801915487,1311.6930793523788,0.20238617062568665
frame_000065.jpg,3,16,365.248384475708,1260.1133816242218,0.2715907096862793
frame_000065.jpg,4,0,707.3704380989075,841.7929029464722,0.6643130779266357
frame_000065.jpg,4,1,707.3704380989075,840.3340640068054,0.582298219203949
frame_000065.jpg,4,2,704.452760219574,839.604644536972,0.5017788410186768
frame_000065.jpg,4,3,699.3468239307404,846.8988392353058,0.6783231496810913
frame_000065.jpg,4,4,706.6410186290741,843.9811613559723,0.5969313383102417
frame_000065.jpg,4,5,695.6997265815735,870.9696817398071,0.7268503904342651
frame_000065.jpg,4,6,700.0762434005737,870.2402622699738,0.5841329097747803
frame_000065.jpg,4,7,662.1464309692383,879.7227153778076,0.7662985324859619
frame_000065.jpg,4,8,662.8758504390717,881.1815543174744,0.5058218240737915
frame_000065.jpg,4,9,691.3232097625732,878.2638764381409,0.43193477392196655
frame_000065.jpg,4,10,697.1585655212402,876.0756180286407,0.3166349232196808
frame_000065.jpg,4,11,701.5350823402405,968.7118906974792,0.5183926224708557
frame_000065.jpg,4,12,710.288115978241,970.170729637146,0.5019447803497314
frame_000065.jpg,4,13,710.288115978241,1032.1713845729828,0.5341333746910095
frame_000065.jpg,4,14,714.6646327972412,1032.9008040428162,0.5067777633666992
frame_000065.jpg,4,15,714.6646327972412,1091.254361629486,0.5904312133789062
frame_000065.jpg,4,16,711.7469549179077,1091.9837810993195,0.5503370761871338
frame_000065.jpg,5,0,46.3405179977417,495.2027218937874,0.8588904142379761
frame_000065.jpg,5,1,45.78648030757904,492.4325334429741,0.6708207130432129
frame_000065.jpg,5,2,44.124367237091064,492.4325334429741,0.8505007028579712
frame_000065.jpg,5,3,36.09082072973251,492.7095522880554,0.588163435459137
frame_000065.jpg,5,4,38.30697149038315,493.5406088232994,0.8142601251602173
frame_000065.jpg,5,5,33.04361343383789,508.4996264576912,0.6774734258651733
frame_000065.jpg,5,6,33.04361343383789,509.05366414785385,0.7183585166931152
frame_000065.jpg,5,7,27.503236532211304,524.289700627327,0.5559009313583374
frame_000065.jpg,5,8,28.33429306745529,524.8437383174896,0.6010372042655945
frame_000065.jpg,5,9,28.33429306745529,538.1406428813934,0.45394688844680786
frame_000065.jpg,5,10,26.949198842048645,540.3567936420441,0.6008309721946716
frame_000065.jpg,5,11,28.88833075761795,540.3567936420441,0.6488913297653198
frame_000065.jpg,5,12,32.2125568985939,540.6338124871254,0.690640926361084
frame_000065.jpg,5,13,29.44236844778061,562.2412824034691,0.713403582572937
frame_000065.jpg,5,14,41.07715994119644,561.1332070231438,0.6606290936470032
frame_000065.jpg,5,15,24.17901039123535,584.1257711648941,0.730992317199707
frame_000065.jpg,5,16,28.88833075761795,582.7406769394875,0.6896187663078308
frame_000065.jpg,6,0,117.46027660369873,579.1869123578072,0.796107292175293
frame_000065.jpg,6,1,119.67125260829926,576.6600826382637,0.7593652009963989
frame_000065.jpg,6,2,115.09137374162674,576.6600826382637,0.7856559157371521
frame_000065.jpg,6,3,122.98771661520004,577.9234974980354,0.7644165754318237
frame_000065.jpg,6,4,110.98527544736862,577.9234974980354,0.8217273950576782
frame_000065.jpg,6,5,131.35784006118774,590.8734998106956,0.7591730356216431
frame_000065.jpg,6,6,104.03649371862411,591.1893535256386,0.7859714031219482
frame_000065.jpg,6,7,139.8858903646469,605.7186244130135,0.6914371252059937
frame_000065.jpg,6,8,99.77246856689453,609.5088689923286,0.8387662172317505
frame_000065.jpg,6,9,128.04137605428696,610.298503279686,0.4075254201889038
frame_000065.jpg,6,10,107.3529577255249,611.0881375670433,0.48207199573516846
frame_000065.jpg,6,11,126.9358880519867,617.7210655808449,0.6505974531173706
frame_000065.jpg,6,12,109.87978744506836,617.089358150959,0.6798893809318542
frame_000065.jpg,6,13,132.14747434854507,630.6710678935051,0.3170403838157654
frame_000065.jpg,6,14,106.08954286575317,630.6710678935051,0.40069907903671265
frame_000065.jpg,6,15,134.99015778303146,630.6710678935051,0.2760959267616272
frame_000065.jpg,6,16,106.08954286575317,630.6710678935051,0.3501731753349304
frame_000070.jpg,0,0,183.40548264980316,1064.5646666288376,0.7845697402954102
frame_000070.jpg,0,1,177.659494638443,1060.0955648422241,0.5922485589981079
frame_000070.jpg,0,2,180.85171020030975,1059.4571217298508,0.5215126276016235
frame_000070.jpg,0,3,178.9363808631897,1060.7340079545975,0.6898882389068604
frame_000070.jpg,0,4,213.4123089313507,1050.5189181566238,0.7949422597885132
frame_000070.jpg,0,5,191.0667999982834,1094.5714929103851,0.7157297730445862
frame_000070.jpg,0,6,236.39626097679138,1071.5875408649445,0.7514084577560425
frame_000070.jpg,0,7,130.41470432281494,1128.4089778661728,0.823043942451477
frame_000070.jpg,0,8,201.28188979625702,1102.8712533712387,0.4047824740409851
frame_000070.jpg,0,9,158.50620126724243,1103.509696483612,0.3668816089630127
frame_000070.jpg,0,10,173.82883596420288,1088.1870617866516,0.6046078205108643
frame_000070.jpg,0,11,233.84248852729797,1226.729217171669,0.7214959859848022
frame_000070.jpg,0,12,272.1490752696991,1215.2372411489487,0.7654200196266174
frame_000070.jpg,0,13,202.55877602100372,1278.4431092739105,0.5139611959457397
frame_000070.jpg,0,14,272.1490752696991,1281.6353248357773,0.5393370985984802
frame_000070.jpg,0,15,328.97051227092743,1309.7268217802048,0.2317485213279724
frame_000070.jpg,0,16,328.97051227092743,1261.20514523983,0.3027622401714325
frame_000070.jpg,1,0,281.97354253133136,983.0250769853592,0.8993001580238342
frame_000070.jpg,1,1,280.3384246826172,977.3021647930145,0.7644263505935669
frame_000070.jpg,1,2,281.1559836069743,977.3021647930145,0.6639795303344727
frame_000070.jpg,1,3,283.6086603800456,979.7548414468765,0.8817574381828308
frame_000070.jpg,1,4,317.9461352030436,972.3968114852905,0.7178735136985779
frame_000070.jpg,1,5,299.9598388671875,1023.0854623317719,0.7310627102851868
frame_000070.jpg,1,6,331.84463691711426,1009.1869612932205,0.7149673104286194
frame_000070.jpg,1,7,248.45362663269043,1058.2404943704605,0.7220522165298462
frame_000070.jpg,1,8,292.60180854797363,1058.2404943704605,0.39262738823890686
frame_000070.jpg,1,9,227.19709459940594,1067.2336421012878,0.44614964723587036
frame_000070.jpg,1,10,249.27118555704754,1064.7809654474258,0.26808828115463257
frame_000070.jpg,1,11,315.4934584299723,1147.3544127941132,0.6019905805587769
frame_000070.jpg,1,12,331.84463691711426,1144.0841772556305,0.5444991588592529
frame_000070.jpg,1,13,308.1354281107584,1241.3736845254898,0.6406914591789246
frame_000070.jpg,1,14,328.5744012196859,1237.2858901023865,0.5843886733055115
frame_000070.jpg,1,15,344.92557970682776,1278.1638343334198,0.5463058948516846
frame_000070.jpg,1,16,340.83778508504236,1276.5287165641785,0.5484402775764465
frame_000070.jpg,2,0,18.989310264587402,673.9787862896919,0.8825986385345459
frame_000070.jpg,2,1,18.081111272176116,670.8000899553299,0.5058286190032959
frame_000070.jpg,2,2,20.351608753204346,671.2541894316673,0.7451295852661133
frame_000070.jpg,2,3,-0.08286857604980469,674.4328857660294,0.7027604579925537
frame_000070.jpg,2,4,18.081111272176116,674.4328857660294,0.8061550855636597
frame_000070.jpg,2,5,2.641728401184082,689.4181684851646,0.7658945322036743
frame_000070.jpg,2,6,13.086016813913972,692.5968648195267,0.8345543146133423
frame_000070.jpg,2,7,2.1876289049784248,719.3887339234352,0.8112474679946899
frame_000070.jpg,2,8,1.2794299125671387,715.3018386363983,0.8882511854171753
frame_000070.jpg,2,9,15.810613791147858,733.0117182135582,0.7755163908004761
frame_000070.jpg,2,10,13.994215806325286,737.5527129769325,0.8782451748847961
frame_000070.jpg,2,11,1.733529408772796,744.364205121994,0.7285242080688477
frame_000070.jpg,2,12,4.458126386006683,744.8183045983315,0.7824379205703735
frame_000070.jpg,2,13,22.168006738026946,782.054461658001,0.49647772312164307
frame_000070.jpg,2,14,25.80080270767212,782.5085611343384,0.918642520904541
frame_000070.jpg,2,15,30.79589716593425,826.5562103390694,0.4331994652748108
frame_000070.jpg,2,16,32.612295150756836,827.0103098154068,0.926154375076294
frame_000070.jpg,3,0,159.48471641540527,605.1199073791504,0.9102473258972168
frame_000070.jpg,3,1,158.18236446380615,604.251672744751,0.602207601070404
frame_000070.jpg,3,2,162.52353763580322,604.251672744751,0.6903119087219238
frame_000070.jpg,3,3,152.53883934020996,604.6857900619507,0.8474582433700562
frame_000070.jpg,3,4,165.12824153900146,607.7246112823486,0.9300876259803772
frame_000070.jpg,3,5,135.6082639694214,618.5775442123413,0.8832881450653076
frame_000070.jpg,3,6,165.12824153900146,624.2210693359375,0.9251792430877686
frame_000070.jpg,3,7,113.03416347503662,623.3528347015381,0.8723849058151245
frame_000070.jpg,3,8,164.26000690460205,644.6245832443237,0.7741314768791199
frame_000070.jpg,3,9,116.07298469543457,613.3681364059448,0.8287750482559204
frame_000070.jpg,3,10,165.56235885620117,666.7645664215088,0.7944318056106567
frame_000070.jpg,3,11,136.4764986038208,666.7645664215088,0.8082579374313354
frame_000070.jpg,3,12,152.97295665740967,667.6328010559082,0.813022255897522
frame_000070.jpg,3,13,129.09650421142578,713.2151193618774,0.8239203691482544
frame_000070.jpg,3,14,169.90353202819824,697.1527786254883,0.8912147283554077
frame_000070.jpg,3,15,116.50710201263428,749.6809740066528,0.8744643926620483
frame_000070.jpg,3,16,150.36825275421143,707.5715942382812,0.8140636682510376
frame_000070.jpg,4,0,601.1425097783407,850.1879496574402,0.6130095720291138
frame_000070.jpg,4,1,597.5505224863688,848.7511546611786,0.5351632237434387
frame_000070.jpg,4,2,605.4528945287068,848.0327571630478,0.48534590005874634
frame_000070.jpg,4,3,596.1137275695801,852.3431421518326,0.7121500968933105
frame_000070.jpg,4,4,619.8208436965942,848.7511546611786,0.6381303071975708
frame_000070.jpg,4,5,599.7057148615519,878.2054520845413,0.6466467380523682
frame_000070.jpg,4,6,633.4703954060872,875.3318620920181,0.6802715063095093
frame_000070.jpg,4,7,563.0674444834391,887.5446195602417,0.6818461418151855
frame_000070.jpg,4,8,629.8784081141155,904.0677620172501,0.3809746503829956
frame_000070.jpg,4,9,577.4353936513265,880.3606445789337,0.45548197627067566
frame_000070.jpg,4,10,601.860907236735,876.0502595901489,0.3129154443740845
frame_000070.jpg,4,11,611.2000741958618,959.3843693733215,0.5363857746124268
frame_000070.jpg,4,12,635.6255877812703,955.0739843845367,0.540428876876831
frame_000070.jpg,4,13,615.510458946228,1026.9137341976166,0.6033036708831787
frame_000070.jpg,4,14,629.160010655721,1024.7585417032242,0.574999213218689
frame_000070.jpg,4,15,619.1024462382,1096.598291516304,0.6427472829818726
frame_000070.jpg,4,16,626.2864208221436,1087.9775215387344,0.5826252698898315
frame_000070.jpg,5,0,561.3239143689474,597.7801913619041,0.8823604583740234
frame_000070.jpg,5,1,561.7563785711924,594.3204779028893,0.671424150466919
frame_000070.jpg,5,2,562.1888427734375,594.3204779028893,0.8020679950714111
frame_000070.jpg,5,3,555.2694155375162,599.0775839090347,0.8236697316169739
frame_000070.jpg,5,4,566.0810205936432,598.212655544281,0.9435564279556274
frame_000070.jpg,5,5,546.6201314926147,617.6735437512398,0.8720852732658386
frame_000070.jpg,5,6,575.5952330430349,617.6735437512398,0.8590128421783447
frame_000070.jpg,5,7,532.3488128185272,634.9721110463142,0.8493829965591431
frame_000070.jpg,5,8,591.5964085261027,639.2967528700829,0.8342835903167725
frame_000070.jpg,5,9,529.7540276050568,654.0005350708961,0.8911967873573303
frame_000070.jpg,5,10,587.271766503652,628.4851483106613,0.7196531295776367
frame_000070.jpg,5,11,549.6473809083303,660.4874978065491,0.7809810638427734
frame_000070.jpg,5,12,564.783627986908,661.7848903536797,0.754004955291748
frame_000070.jpg,5,13,558.2966649532318,681.2457785606384,0.5317705869674683
frame_000070.jpg,5,14,557.4317365487417,703.7339160442352,0.7063597440719604
frame_000070.jpg,5,15,553.539558728536,710.653342962265,0.39883482456207275
frame_000070.jpg,5,16,547.91752409935,735.736265540123,0.7441891431808472
frame_000070.jpg,6,0,698.2274569272995,809.2529442310333,0.8773000240325928
frame_000070.jpg,6,1,697.0681048631668,806.3545640707016,0.7601056694984436
frame_000070.jpg,6,2,697.0681048631668,805.7748880386353,0.6906644105911255
frame_000070.jpg,6,3,699.3868089914322,807.5139161348343,0.8489530086517334
frame_000070.jpg,6,4,710.9803296327591,806.3545640707016,0.7604937553405762
frame_000070.jpg,6,5,694.7494007349014,823.1651690006256,0.7667033076286316
frame_000070.jpg,6,6,717.9364420175552,826.6432251930237,0.6542724370956421
frame_000070.jpg,6,7,664.0265710353851,827.8025772571564,0.8305059671401978
frame_000070.jpg,6,8,715.0380618572235,833.5993375778198,0.3555333614349365
frame_000070.jpg,6,9,686.6339362859726,821.4261409044266,0.651017427444458
frame_000070.jpg,6,10,694.7494007349014,828.9619293212891,0.29838070273399353
frame_000070.jpg,6,11,708.6616255044937,897.3637011051178,0.6184267997741699
frame_000070.jpg,6,12,713.2990337610245,897.3637011051178,0.5811517238616943
frame_000070.jpg,6,13,712.1396816968918,958.8093605041504,0.6645755767822266
frame_000070.jpg,6,14,713.2990337610245,956.490656375885,0.591970682144165
frame_000070.jpg,6,15,714.4583858251572,1005.7631191015244,0.6550408005714417
frame_000070.jpg,6,16,714.4583858251572,1004.6037670373917,0.625249981880188
frame_000070.jpg,7,0,16.497375786304474,590.8104200810194,0.7439393997192383
frame_000070.jpg,7,1,18.835588912169143,588.4722068756819,0.7499126195907593
frame_000070.jpg,7,2,14.013024340073272,588.6183452010155,0.7623794078826904
frame_000070.jpg,7,3,22.050631960233048,589.7874518036842,0.7220702171325684
frame_000070.jpg,7,4,10.06728969017665,590.3720051050186,0.8352069854736328
frame_000070.jpg,7,5,30.234377900759377,601.3323795050383,0.6219301223754883
frame_000070.jpg,7,6,2.9065119922161102,602.3553477823734,0.6860044002532959
frame_000070.jpg,7,7,41.194751928249985,614.4848287850618,0.6951322555541992
frame_000070.jpg,7,8,0.7144371867179871,620.6226384490728,0.6571383476257324
frame_000070.jpg,7,9,33.30328262845675,618.2844252437353,0.5132962465286255
frame_000070.jpg,7,10,2.1758203903834,623.2531283050776,0.49488162994384766
frame_000070.jpg,7,11,25.996366610129677,629.0986613184214,0.4959311783313751
frame_000070.jpg,7,12,9.775013049443558,630.4139062464237,0.5983301997184753
frame_000070.jpg,7,13,31.695761104424797,640.4974506944418,0.2517857551574707
frame_000070.jpg,7,14,5.244725118080773,640.4974506944418,0.31550896167755127
frame_000070.jpg,7,15,27.019334852695465,640.4974506944418,0.2580110430717468
frame_000070.jpg,7,16,14.013024340073272,640.4974506944418,0.26751652359962463
frame_000075.jpg,0,0,53.33316135406494,656.4072555303574,0.8192178606987
frame_000075.jpg,0,1,50.17524528503418,655.2230370044708,0.4316571056842804
frame_000075.jpg,0,2,55.70159840583801,654.0388184785843,0.6691167950630188
frame_000075.jpg,0,3,41.490976095199585,658.7756925821304,0.7050055265426636
frame_000075.jpg,0,4,57.67529594898224,657.9862135648727,0.7862546443939209
frame_000075.jpg,0,5,34.38566493988037,669.8283988237381,0.8266074061393738
frame_000075.jpg,0,6,68.33326268196106,674.5652729272842,0.8800392150878906
frame_000075.jpg,0,7,12.674991965293884,673.7757939100266,0.8432577252388
frame_000075.jpg,0,8,81.7544059753418,696.6706854104996,0.8888752460479736
frame_000075.jpg,0,9,2.806504249572754,698.6443829536438,0.8465954065322876
frame_000075.jpg,0,10,74.25435531139374,684.4337606430054,0.6811707019805908
frame_000075.jpg,0,11,38.72779953479767,717.5918793678284,0.7295478582382202
frame_000075.jpg,0,12,56.4910774230957,718.3813583850861,0.7364060878753662
frame_000075.jpg,0,13,71.09643924236298,738.5130733251572,0.8738918900489807
frame_000075.jpg,0,14,34.780404448509216,763.3816623687744,0.760941207408905
frame_000075.jpg,0,15,69.5174812078476,781.9344192743301,0.9060189723968506
frame_000075.jpg,0,16,2.4117647409439087,777.5922846794128,0.8467283248901367
frame_000075.jpg,1,0,205.0764126777649,994.8362140655518,0.9266476631164551
frame_000075.jpg,1,1,205.0764126777649,989.283421754837,0.7789612412452698
frame_000075.jpg,1,2,204.28315663337708,988.4901657104492,0.694445013999939
frame_000075.jpg,1,3,208.24943685531616,991.6631898880005,0.8700437545776367
frame_000075.jpg,1,4,240.77293467521667,982.1441173553467,0.7215182781219482
frame_000075.jpg,1,5,222.52804565429688,1033.7057602405548,0.7377985119819641
frame_000075.jpg,1,6,257.43131160736084,1017.8406393527985,0.737902045249939
frame_000075.jpg,1,7,170.96640276908875,1070.9887943267822,0.7584988474845886
frame_000075.jpg,1,8,241.5661907196045,1067.0225141048431,0.3912297487258911
frame_000075.jpg,1,9,152.72151374816895,1081.3011229038239,0.4545392096042633
frame_000075.jpg,1,10,216.18199729919434,1075.7483305931091,0.2534824311733246
frame_000075.jpg,1,11,237.5999104976654,1154.280678987503,0.6058170795440674
frame_000075.jpg,1,12,259.0178236961365,1149.5211427211761,0.5527072548866272
frame_000075.jpg,1,13,229.66735005378723,1251.0579164028168,0.5919841527938843
frame_000075.jpg,1,14,258.22456765174866,1246.2983801364899,0.5881972908973694
frame_000075.jpg,1,15,254.25828742980957,1274.0623416900635,0.5120006203651428
frame_000075.jpg,1,16,265.363872051239,1274.0623416900635,0.5832062363624573
frame_000075.jpg,2,0,103.87179374694824,1079.8175821304321,0.677182137966156
frame_000075.jpg,2,1,98.42328310012817,1073.7636814117432,0.5240719318389893
frame_000075.jpg,2,2,99.02867317199707,1074.369071483612,0.38883349299430847
frame_000075.jpg,2,3,99.63406324386597,1074.369071483612,0.6691842079162598
frame_000075.jpg,2,4,136.56285762786865,1063.472050189972,0.8002427220344543
frame_000075.jpg,2,5,112.95264482498169,1108.8763055801392,0.6862188577651978
frame_000075.jpg,2,6,160.7784605026245,1084.0553126335144,0.7414589524269104
frame_000075.jpg,2,7,53.624417781829834,1142.1727595329285,0.7901628017425537
frame_000075.jpg,2,8,131.11434698104858,1107.6655254364014,0.3442448079586029
frame_000075.jpg,2,9,86.31548166275024,1112.5086460113525,0.523119330406189
frame_000075.jpg,2,10,96.60711288452148,1101.0062346458435,0.49428194761276245
frame_000075.jpg,2,11,157.75151014328003,1243.2729015350342,0.6923747062683105
frame_000075.jpg,2,12,194.68030452728271,1234.7974405288696,0.7213296890258789
frame_000075.jpg,2,13,135.35207748413086,1274.147795200348,0.3649911880493164
frame_000075.jpg,2,14,200.12881517410278,1278.990915775299,0.4772661328315735
frame_000075.jpg,2,15,246.13846063613892,1271.7262349128723,0.21828705072402954
frame_000075.jpg,2,16,246.13846063613892,1269.3046746253967,0.26925772428512573
frame_000075.jpg,3,0,621.7056044340134,813.9920289516449,0.7628772854804993
frame_000075.jpg,3,1,618.0739113092422,811.5709002017975,0.6080843210220337
frame_000075.jpg,3,2,627.15314412117,812.1761823892593,0.5185758471488953
frame_000075.jpg,3,3,617.4686291217804,813.386746764183,0.8336058855056763
frame_000075.jpg,3,4,637.4429413080215,813.9920289516449,0.8252663612365723
frame_000075.jpg,3,5,613.8369359970093,829.7293658256531,0.7752746939659119
frame_000075.jpg,3,6,648.9433028697968,833.966341137886,0.7404848337173462
frame_000075.jpg,3,7,586.5992375612259,833.3610589504242,0.7437974214553833
frame_000075.jpg,3,8,660.443664431572,853.3353711366653,0.6079010963439941
frame_000075.jpg,3,9,608.9946784973145,822.4659795761108,0.5874106287956238
frame_000075.jpg,3,10,658.0225356817245,822.4659795761108,0.4441816508769989
frame_000075.jpg,3,11,628.3637084960938,902.9685105085373,0.594166100025177
frame_000075.jpg,3,12,649.5485850572586,899.3368173837662,0.581932783126831
frame_000075.jpg,3,13,629.5742728710175,964.7072936296463,0.5892217755317688
frame_000075.jpg,3,14,641.0746344327927,963.4967292547226,0.5724419355392456
frame_000075.jpg,3,15,664.0753575563431,1010.7087398767471,0.6694645881652832
frame_000075.jpg,3,16,638.0482234954834,1014.9457151889801,0.6026738882064819
frame_000075.jpg,4,0,16.8285442988078,890.0883883833885,0.9500673413276672
frame_000075.jpg,4,1,16.131802082061768,885.2111927270889,0.4745853543281555
frame_000075.jpg,4,2,21.008997599283873,885.2111927270889,0.8013482093811035
frame_000075.jpg,4,3,-8.25417550404866,889.3916461467743,0.7291148900985718
frame_000075.jpg,4,4,19.61551316579181,890.0883883833885,0.9010837078094482
frame_000075.jpg,4,5,-0.5900111198425293,919.3515623211861,0.5070599317550659
frame_000075.jpg,4,6,37.03406858444214,924.2287579774857,0.8284317255020142
frame_000075.jpg,4,7,62.81353060404459,956.2789008617401,0.27862268686294556
frame_000075.jpg,4,8,72.56792163848877,966.0332921743393,0.8990607261657715
frame_000075.jpg,4,9,73.26466385523477,940.9505716562271,0.21115274727344513
frame_000075.jpg,4,10,78.83860158920288,940.9505716562271,0.8575438261032104
frame_000075.jpg,4,11,14.04157543182373,1028.0433512330055,0.6028861403465271
frame_000075.jpg,4,12,14.04157543182373,1027.3466089963913,0.6147053241729736
frame_000075.jpg,4,13,41.911264101664244,1046.1586493849754,0.8774884939193726
frame_000075.jpg,4,14,2.8936999638875136,1097.7175748944283,0.5199588537216187
frame_000075.jpg,4,15,46.09171740214029,1122.1035531759262,0.8458516597747803
frame_000075.jpg,4,16,44.698232968648284,1123.4970376491547,0.43950462341308594
frame_000075.jpg,5,0,187.7007384300232,605.5216059684753,0.7732799053192139
frame_000075.jpg,5,1,188.45156145095825,604.0199599266052,0.5180343389511108
frame_000075.jpg,5,2,188.45156145095825,603.6445484161377,0.6895813941955566
frame_000075.jpg,5,3,176.43839311599731,600.6412563323975,0.6954648494720459
frame_000075.jpg,5,4,185.82368087768555,602.5183138847351,0.7983869314193726
frame_000075.jpg,5,5,157.29240608215332,613.4052476882935,0.8087750673294067
frame_000075.jpg,5,6,180.1925082206726,613.780659198761,0.749039888381958
frame_000075.jpg,5,7,147.53170680999756,638.9332304000854,0.7822571992874146
frame_000075.jpg,5,8,193.70732259750366,611.9036016464233,0.6464091539382935
frame_000075.jpg,5,9,145.6546492576599,660.3316864967346,0.7345964908599854
frame_000075.jpg,5,10,213.97954416275024,603.2691369056702,0.726075291633606
frame_000075.jpg,5,11,155.03993701934814,654.7005138397217,0.7018499970436096
frame_000075.jpg,5,12,170.80722045898438,655.4513368606567,0.7234443426132202
frame_000075.jpg,5,13,146.03006076812744,699.7498950958252,0.7161134481430054
frame_000075.jpg,5,14,183.19580030441284,691.8662533760071,0.7920159101486206
frame_000075.jpg,5,15,143.77759170532227,681.3547310829163,0.5221463441848755
frame_000075.jpg,5,16,173.05968952178955,727.9057583808899,0.8471851944923401
frame_000075.jpg,6,0,537.7203701734543,587.8918974399567,0.8085490465164185
frame_000075.jpg,6,1,536.9200550317764,585.891109585762,0.6027591824531555
frame_000075.jpg,6,2,539.32100045681,585.4909520149231,0.7219693660736084
frame_000075.jpg,6,3,528.9169036149979,589.8926852941513,0.857898473739624
frame_000075.jpg,6,4,540.9216307401657,589.0923701524734,0.8830287456512451
frame_000075.jpg,6,5,523.3146976232529,608.299933552742,0.8844915628433228
frame_000075.jpg,6,6,548.5246245861053,608.299933552742,0.8432518243789673
frame_000075.jpg,6,7,514.5112310647964,631.1089150905609,0.7856539487838745
frame_000075.jpg,6,8,556.5277760028839,630.308599948883,0.8352476358413696
frame_000075.jpg,6,9,519.3131219148636,626.3070242404938,0.5059856176376343
frame_000075.jpg,6,10,560.9295092821121,650.7166360616684,0.8013855814933777
frame_000075.jpg,6,11,530.1173763275146,650.7166360616684,0.7408657073974609
frame_000075.jpg,6,12,544.5230488777161,649.9163209199905,0.7238461375236511
frame_000075.jpg,6,13,536.1197398900986,687.1309750080109,0.7754138708114624
frame_000075.jpg,6,14,555.727460861206,681.1286114454269,0.756127119064331
frame_000075.jpg,6,15,539.32100045681,719.543738245964,0.8148337006568909
frame_000075.jpg,6,16,543.3225761651993,667.9234116077423,0.7006819248199463
frame_000075.jpg,7,0,681.4095106124878,795.5469399690628,0.6021327376365662
frame_000075.jpg,7,1,684.0775426626205,790.7444822788239,0.5003882050514221
frame_000075.jpg,7,2,681.4095106124878,790.7444822788239,0.5618573427200317
frame_000075.jpg,7,3,693.6824580430984,794.4797271490097,0.6189363598823547
frame_000075.jpg,7,4,679.8086913824081,795.0133335590363,0.5165990591049194
frame_000075.jpg,7,5,709.690650343895,817.9584091901779,0.6492135524749756
frame_000075.jpg,7,6,683.0103298425674,816.3575899600983,0.6144145727157593
frame_000075.jpg,7,7,716.6275336742401,851.5756130218506,0.4741756021976471
frame_000075.jpg,7,8,675.0062336921692,847.8403681516647,0.4316691756248474
frame_000075.jpg,7,9,704.3545862436295,843.5715168714523,0.3949698805809021
frame_000075.jpg,7,10,681.4095106124878,845.7059425115585,0.3438747525215149
frame_000075.jpg,7,11,704.888192653656,879.3231463432312,0.5230838656425476
frame_000075.jpg,7,12,689.413606762886,879.3231463432312,0.5246292948722839
frame_000075.jpg,7,13,703.8209798336029,923.0788719654083,0.6361896991729736
frame_000075.jpg,7,14,691.0144259929657,923.0788719654083,0.6424124240875244
frame_000075.jpg,7,15,703.2873734235764,968.4354168176651,0.6816703081130981
frame_000075.jpg,7,16,698.4849157333374,967.9018104076385,0.6512806415557861
frame_000075.jpg,8,0,529.5182511806488,855.7475190162659,0.5723915100097656
frame_000075.jpg,8,1,525.9393343925476,853.6001689434052,0.47874715924263
frame_000075.jpg,8,2,533.09716796875,853.6001689434052,0.4596613645553589
frame_000075.jpg,8,3,518.065717458725,859.3264358043671,0.6625946760177612
frame_000075.jpg,8,4,540.2550015449524,857.1790857315063,0.6061977744102478
frame_000075.jpg,8,5,517.3499341011047,883.6630699634552,0.6135671138763428
frame_000075.jpg,8,6,556.0022354125977,880.7999365329742,0.5923287272453308
frame_000075.jpg,8,7,486.57124972343445,894.3998203277588,0.6396113038063049
frame_000075.jpg,8,8,559.5811522006989,899.4103038311005,0.39427250623703003
frame_000075.jpg,8,9,509.4763171672821,882.2315032482147,0.44068610668182373
frame_000075.jpg,8,10,539.5392181873322,877.221019744873,0.322998583316803
frame_000075.jpg,8,11,530.9498178958893,968.1255061626434,0.49734610319137573
frame_000075.jpg,8,12,556.7180187702179,964.5465893745422,0.49125489592552185
frame_000075.jpg,8,13,538.8234348297119,1034.6933584213257,0.5314500331878662
frame_000075.jpg,8,14,550.2759685516357,1031.8302249908447,0.5238435864448547
frame_000075.jpg,8,15,543.8339183330536,1101.9769940376282,0.5928902626037598
frame_000075.jpg,8,16,550.991751909256,1092.671810388565,0.5794424414634705
frame_000075.jpg,9,0,659.0230110486349,786.7014844417572,0.8583110570907593
frame_000075.jpg,9,1,658.0169949531555,785.6954683065414,0.4448782205581665
frame_000075.jpg,9,2,656.0049627621969,786.1984763741493,0.5734661817550659
frame_000075.jpg,9,3,651.4778903325399,791.2285570502281,0.7214393615722656
frame_000075.jpg,9,4,668.5801639556885,788.7135167121887,0.716157078742981
frame_000075.jpg,9,5,656.5079708099365,813.8639200925827,0.7308132648468018
frame_000075.jpg,9,6,674.1132524808248,810.8458716869354,0.7235108613967896
frame_000075.jpg,9,7,658.0169949531555,847.5654606223106,0.6701164245605469
frame_000075.jpg,9,8,680.6523571014404,842.5353799462318,0.527179479598999
frame_000075.jpg,9,9,640.4117132822672,835.9962750673294,0.3888625502586365
frame_000075.jpg,9,10,649.4658581415812,835.9962750673294,0.2875632643699646
frame_000075.jpg,9,11,658.0169949531555,874.7278962731361,0.5888075232505798
frame_000075.jpg,9,12,669.5861800511678,874.2248882055283,0.5300521850585938
frame_000075.jpg,9,13,658.5200030008951,925.0287030339241,0.6436171531677246
frame_000075.jpg,9,14,664.0530915260315,924.5256949663162,0.6617668271064758
frame_000075.jpg,9,15,659.5260190963745,974.8265017271042,0.68738853931427
frame_000075.jpg,9,16,662.5440673828125,973.8204855918884,0.7234904766082764
frame_000075.jpg,10,0,688.6728047132492,764.2860075235367,0.658450722694397
frame_000075.jpg,10,1,691.1239748001099,760.8920797109604,0.6785476207733154
frame_000075.jpg,10,2,688.8613562583923,760.5149766206741,0.6050815582275391
frame_000075.jpg,10,3,697.9118304252625,763.9089044332504,0.5230669975280762
frame_000075.jpg,10,4,713.7501602172852,761.6462858915329,0.3851863145828247
frame_000075.jpg,10,5,710.7333354949951,782.7640589475632,0.43937578797340393
frame_000075.jpg,10,6,716.0127787590027,778.4273734092712,0.3523733615875244
frame_000075.jpg,10,7,690.1812170743942,801.0535588264465,0.28209513425827026
frame_000075.jpg,10,8,691.1239748001099,801.4306619167328,0.20528525114059448
frame_000075.jpg,10,9,689.6155624389648,790.6832238435745,0.19874973595142365
frame_000075.jpg,10,10,684.3361191749573,795.3970124721527,0.219676673412323
frame_000075.jpg,10,11,714.3158148527145,827.2622236013412,0.42063912749290466
frame_000075.jpg,10,12,713.561608672142,827.2622236013412,0.32361936569213867
frame_000075.jpg,10,13,681.1307429075241,827.2622236013412,0.3710542619228363
frame_000075.jpg,10,14,678.6795728206635,827.2622236013412,0.3419979512691498
frame_000075.jpg,10,15,690.5583201646805,827.2622236013412,0.2944364547729492
frame_000075.jpg,10,16,690.5583201646805,827.2622236013412,0.2810801863670349
frame_000080.jpg,0,0,558.4867273966471,821.0952535867691,0.7505799531936646
frame_000080.jpg,0,1,557.2609799702963,818.0308849215508,0.6329370737075806
frame_000080.jpg,0,2,565.8412119547526,818.0308849215508,0.48879048228263855
frame_000080.jpg,0,3,559.0996011098226,819.8695061206818,0.8471428155899048
frame_000080.jpg,0,4,579.3244336446127,819.8695061206818,0.8345060348510742
frame_000080.jpg,0,5,556.6481062571207,835.8042231798172,0.7611992359161377
frame_000080.jpg,0,6,589.1304130554199,839.4814655780792,0.7254602909088135
frame_000080.jpg,0,7,529.0687891642252,839.4814655780792,0.7352792024612427
frame_000080.jpg,0,8,601.3878873189291,861.5449199676514,0.5193834900856018
frame_000080.jpg,0,9,549.9064954121908,826.6111171841621,0.6070683002471924
frame_000080.jpg,0,10,597.7106450398763,826.6111171841621,0.3861110806465149
frame_000080.jpg,0,11,571.3570753733317,911.8005660772324,0.5699619054794312
frame_000080.jpg,0,12,592.1947816212972,908.736197412014,0.5528243780136108
frame_000080.jpg,0,13,565.8412119547526,970.0235707163811,0.6044449210166931
frame_000080.jpg,0,14,581.7759284973145,969.4106969833374,0.5682467222213745
frame_000080.jpg,0,15,605.0651295979818,1016.6019744277,0.6953626871109009
frame_000080.jpg,0,16,581.163054784139,1022.1178380250931,0.5884408950805664
frame_000080.jpg,1,0,468.1986974080404,863.5807070732117,0.5751026272773743
frame_000080.jpg,1,1,463.9391072591146,862.8707753419876,0.5034304857254028
frame_000080.jpg,1,2,471.03842417399096,860.7409801483154,0.5112820863723755
frame_000080.jpg,1,3,461.09938049316406,865.7105022668839,0.6641343832015991
frame_000080.jpg,1,4,482.39733123779297,862.8707753419876,0.6021429896354675
frame_000080.jpg,1,5,466.0689023335775,889.8481811285019,0.6460340023040771
frame_000080.jpg,1,6,496.59596506754565,888.4283176660538,0.6477906703948975
frame_000080.jpg,1,7,430.5723177591959,901.2070888280869,0.736828088760376
frame_000080.jpg,1,8,482.39733123779297,901.9170205593109,0.374536395072937
frame_000080.jpg,1,9,448.3206100463867,892.6879080533981,0.5029625296592712
frame_000080.jpg,1,10,464.6490389506022,891.26804459095,0.33621135354042053
frame_000080.jpg,1,11,479.5576044718425,975.7499206066132,0.5471281409263611
frame_000080.jpg,1,12,500.14562352498365,971.4903302192688,0.5358912944793701
frame_000080.jpg,1,13,484.52712631225586,1044.613298535347,0.6058065891265869
frame_000080.jpg,1,14,494.46616999308276,1041.0636398792267,0.5760722756385803
frame_000080.jpg,1,15,486.65692138671875,1110.6369495391846,0.6934503316879272
frame_000080.jpg,1,16,492.33637491861987,1102.82770049572,0.6183887124061584
frame_000080.jpg,2,0,520.6937934557596,578.8049702644348,0.8234339952468872
frame_000080.jpg,2,1,520.0019844373068,577.0754476189613,0.5760070085525513
frame_000080.jpg,2,2,522.7692205111185,577.0754476189613,0.6715850830078125
frame_000080.jpg,2,3,516.1970348358154,580.880397439003,0.7401226758956909
frame_000080.jpg,2,4,525.5364565849304,580.1885883808136,0.8587149381637573
frame_000080.jpg,2,5,509.97075366973877,597.4838148355484,0.8754057884216309
frame_000080.jpg,2,6,530.7250242233276,596.1001967191696,0.8357009887695312
frame_000080.jpg,2,7,501.6690454483032,619.2758001685143,0.8452403545379639
frame_000080.jpg,2,8,536.9513053894043,615.4708503484726,0.7587858438491821
frame_000080.jpg,2,9,514.1216077804565,622.3889409303665,0.6024671792984009
frame_000080.jpg,2,10,548.0202496846517,624.8102726340294,0.837497353553772
frame_000080.jpg,2,11,514.1216077804565,637.9546447396278,0.7158071398735046
frame_000080.jpg,2,12,527.9577881495157,637.2628356814384,0.720695972442627
frame_000080.jpg,2,13,515.5052258173624,671.5073840618134,0.6572883129119873
frame_000080.jpg,2,14,536.9513053894043,665.2811025381088,0.8037396669387817
frame_000080.jpg,2,15,510.66256268819177,654.903966665268,0.652657151222229
frame_000080.jpg,2,16,539.7185414632162,694.682987511158,0.8525429964065552
frame_000080.jpg,3,0,148.65201473236084,1007.6208491325378,0.8546814918518066
frame_000080.jpg,3,1,148.65201473236084,1001.4630312919617,0.7201985716819763
frame_000080.jpg,3,2,147.88228750228882,1001.4630312919617,0.6527426242828369
frame_000080.jpg,3,3,152.50065088272095,1003.0024857521057,0.811057448387146
frame_000080.jpg,3,4,184.82919454574585,993.7657589912415,0.6956068277359009
frame_000080.jpg,3,5,164.04655933380127,1044.5677561759949,0.7432992458343506
frame_000080.jpg,3,6,200.9934663772583,1026.8640298843384,0.7549951672554016
frame_000080.jpg,3,7,115.55374383926392,1079.9752087593079,0.7629279494285583
frame_000080.jpg,3,8,168.6649227142334,1060.7320280075073,0.4105047583580017
frame_000080.jpg,3,9,110.16565322875977,1084.59357213974,0.3682543635368347
frame_000080.jpg,3,10,152.50065088272095,1038.4099383354187,0.5281305313110352
frame_000080.jpg,3,11,179.4411039352417,1164.6452040672302,0.6207730770111084
frame_000080.jpg,3,12,202.53292083740234,1159.257113456726,0.5706800222396851
frame_000080.jpg,3,13,171.74383163452148,1256.2427444458008,0.6040439009666443
frame_000080.jpg,3,14,204.0723752975464,1252.3941082954407,0.6123403310775757
frame_000080.jpg,3,15,176.3621950149536,1277.0253796577454,0.44762396812438965
frame_000080.jpg,3,16,215.6182837486267,1275.4859251976013,0.5831667184829712
frame_000080.jpg,4,0,189.36260986328125,581.6760802268982,0.8079657554626465
frame_000080.jpg,4,1,185.35786199569702,580.5318665504456,0.691055178642273
frame_000080.jpg,4,2,192.79525089263916,581.1039733886719,0.7214047908782959
frame_000080.jpg,4,3,184.7857551574707,583.3924007415771,0.8899493217468262
frame_000080.jpg,4,4,193.9394645690918,583.3924007415771,0.8844084739685059
frame_000080.jpg,4,5,175.0599389076233,594.2624306678772,0.9065714478492737
frame_000080.jpg,4,6,202.52106714248657,598.8392853736877,0.9442293643951416
frame_000080.jpg,4,7,152.17566537857056,593.1182169914246,0.8132591247558594
frame_000080.jpg,4,8,217.39584493637085,617.1467041969299,0.8175715208053589
frame_000080.jpg,4,9,130.43560552597046,585.1087212562561,0.8218444585800171
frame_000080.jpg,4,10,219.1121654510498,618.8630247116089,0.7130864262580872
frame_000080.jpg,4,11,179.63679361343384,634.3099093437195,0.877586841583252
frame_000080.jpg,4,12,193.36735773086548,636.0262298583984,0.8922569751739502
frame_000080.jpg,4,13,196.7999987602234,667.492105960846,0.8333314657211304
frame_000080.jpg,4,14,184.7857551574707,674.3573880195618,0.861883282661438
frame_000080.jpg,4,15,205.38160133361816,697.2416615486145,0.9427499175071716
frame_000080.jpg,4,16,160.75726795196533,669.7805333137512,0.9263702630996704
frame_000080.jpg,5,0,619.9903469085693,800.8274326324463,0.6993825435638428
frame_000080.jpg,5,1,619.9903469085693,796.7051944732666,0.6316157579421997
frame_000080.jpg,5,2,619.4750671386719,796.7051944732666,0.47743064165115356
frame_000080.jpg,5,3,626.1737041473389,801.3427124023438,0.7005681395530701
frame_000080.jpg,5,4,643.6932163238525,797.7357540130615,0.5634499192237854
frame_000080.jpg,5,5,632.3570613861084,825.5608615875244,0.6129763126373291
frame_000080.jpg,5,6,658.6363296508789,821.9539031982422,0.5927256345748901
frame_000080.jpg,5,7,633.3876209259033,855.9623680114746,0.4137629270553589
frame_000080.jpg,5,8,674.6100025177002,851.8401298522949,0.4412713944911957
frame_000080.jpg,5,9,614.8375492095947,834.3206176757812,0.30786752700805664
frame_000080.jpg,5,10,666.8808059692383,841.5345344543457,0.19057562947273254
frame_000080.jpg,5,11,641.6320972442627,887.3944339752197,0.5040326714515686
frame_000080.jpg,5,12,656.5752105712891,885.8485946655273,0.43975451588630676
frame_000080.jpg,5,13,631.3265018463135,929.1320953369141,0.6409945487976074
frame_000080.jpg,5,14,655.5446510314941,927.5862560272217,0.5829793214797974
frame_000080.jpg,5,15,642.6626567840576,973.9614353179932,0.7077952027320862
frame_000080.jpg,5,16,663.273847579956,967.7780780792236,0.6321001052856445
frame_000080.jpg,6,0,96.4787335395813,642.2057039737701,0.9509071111679077
frame_000080.jpg,6,1,97.03458142280579,641.6498560905457,0.6556985378265381
frame_000080.jpg,6,2,98.70212507247925,641.6498560905457,0.8106069564819336
frame_000080.jpg,6,3,89.25271105766296,644.4290955066681,0.9380195140838623
frame_000080.jpg,6,4,100.36966872215271,642.7615518569946,0.9330557584762573
frame_000080.jpg,6,5,80.35914492607117,661.6603798866272,0.9719310402870178
frame_000080.jpg,6,6,107.03984332084656,662.2162277698517,0.8981120586395264
frame_000080.jpg,6,7,79.24744915962219,685.0059909820557,0.9012928009033203
frame_000080.jpg,6,8,109.819082736969,683.3384473323822,0.8420873284339905
frame_000080.jpg,6,9,91.47610259056091,686.6735346317291,0.6310299038887024
frame_000080.jpg,6,10,113.15417003631592,702.2372753620148,0.8358994126319885
frame_000080.jpg,6,11,86.47347164154053,706.6840584278107,0.8840368986129761
frame_000080.jpg,6,12,102.03721237182617,706.1282105445862,0.8177535533905029
frame_000080.jpg,6,13,84.80592799186707,747.2609539031982,0.8974921703338623
frame_000080.jpg,6,14,118.1568009853363,737.2556920051575,0.9054672718048096
frame_000080.jpg,6,15,78.13575339317322,788.3936972618103,0.8769248127937317
frame_000080.jpg,6,16,96.4787335395813,739.4790835380554,0.8032627105712891
frame_000080.jpg,7,0,703.8471806049347,753.9759292602539,0.6076312065124512
frame_000080.jpg,7,1,707.7191269397736,750.103982925415,0.5590671300888062
frame_000080.jpg,7,2,704.8151671886444,750.103982925415,0.5259380340576172
frame_000080.jpg,7,3,713.043053150177,750.5879762172699,0.6660299301147461
frame_000080.jpg,7,4,704.3311738967896,752.0399560928345,0.5973546504974365
frame_000080.jpg,7,5,715.4630196094513,772.8516676425934,0.6890037059783936
frame_000080.jpg,7,6,702.3952007293701,770.915694475174,0.5930274724960327
frame_000080.jpg,7,7,715.9470129013062,803.8272383213043,0.6327961683273315
frame_000080.jpg,7,8,695.6192946434021,799.4712986946106,0.4377683997154236
frame_000080.jpg,7,9,696.103287935257,805.2792181968689,0.5920652747154236
frame_000080.jpg,7,10,686.9074153900146,822.7029767036438,0.32807987928390503
frame_000080.jpg,7,11,714.0110397338867,828.994889497757,0.6277664303779602
frame_000080.jpg,7,12,699.9752342700958,828.994889497757,0.5788736939430237
frame_000080.jpg,7,13,712.5590598583221,876.9102253913879,0.6686042547225952
frame_000080.jpg,7,14,703.8471806049347,875.9422388076782,0.582626461982727
frame_000080.jpg,7,15,715.4630196094513,917.0816686153412,0.6962590217590332
frame_000080.jpg,7,16,712.5590598583221,916.1136820316315,0.5922753214836121
frame_000080.jpg,8,0,46.27356481552124,1085.1747436523438,0.5601713061332703
frame_000080.jpg,8,1,34.688281536102295,1080.5406303405762,0.3505852222442627
frame_000080.jpg,8,2,79.29162216186523,1075.9065170288086,0.26124680042266846
frame_000080.jpg,8,3,38.743130683898926,1089.2295928001404,0.7914499044418335
frame_000080.jpg,8,4,76.97456550598145,1075.9065170288086,0.7015187740325928
frame_000080.jpg,8,5,53.803998947143555,1124.5647068023682,0.6762659549713135
frame_000080.jpg,8,6,101.88292455673218,1097.3392910957336,0.6996411085128784
frame_000080.jpg,8,7,3.98728084564209,1152.9486508369446,0.6806759834289551
frame_000080.jpg,8,8,74.65750885009766,1089.2295928001404,0.364672988653183
frame_000080.jpg,8,9,26.578583240509033,1121.0891218185425,0.5468649864196777
frame_000080.jpg,8,10,64.81001806259155,1109.5038385391235,0.2878879904747009
frame_000080.jpg,8,11,97.82807540893555,1253.1613512039185,0.6137983798980713
frame_000080.jpg,8,12,137.21803855895996,1243.8931245803833,0.640038251876831
frame_000080.jpg,8,13,82.18794298171997,1270.5392761230469,0.3470192849636078
frame_000080.jpg,8,14,147.644793510437,1275.7526535987854,0.37343448400497437
frame_000080.jpg,8,15,194.56519079208374,1262.4295778274536,0.19088566303253174
frame_000080.jpg,8,16,135.48024606704712,1268.222219467163,0.23374252021312714
frame_000080.jpg,9,0,715.0255349477133,557.2355188131332,0.8381328582763672
frame_000080.jpg,9,1,714.3191763559977,555.8228017091751,0.706931471824646
frame_000080.jpg,9,2,715.3787142435709,555.4696224331856,0.6749329566955566
frame_000080.jpg,9,3,715.3787142435709,559.0014151930809,0.8913877010345459
frame_000080.jpg,9,4,721.0295829772949,558.2950566411018,0.7129229307174683
frame_000080.jpg,9,5,707.9619490305582,574.8944826126099,0.8075861930847168
frame_000080.jpg,9,6,718.204148610433,573.1285862326622,0.6285490989685059
frame_000080.jpg,9,7,704.4301560719808,595.3788806200027,0.8260612487792969
frame_000080.jpg,9,8,706.5492318471273,592.906625688076,0.5291000604629517
frame_000080.jpg,9,9,706.1960525512695,584.4303230643272,0.6121442317962646
frame_000080.jpg,9,10,709.727845509847,581.2517095804214,0.4441087245941162
frame_000080.jpg,9,11,715.3787142435709,610.5655894875526,0.6656589508056641
frame_000080.jpg,9,12,719.2636864980062,609.8592309355736,0.6291147470474243
frame_000080.jpg,9,13,717.8509693145752,634.9349595308304,0.7145201563835144
frame_000080.jpg,9,14,717.4977900187174,634.9349595308304,0.5851161479949951
frame_000080.jpg,9,15,718.5573279062907,670.2528871297836,0.65758216381073
frame_000080.jpg,9,16,718.5573279062907,671.6656042337418,0.5921163558959961
frame_000080.jpg,10,0,598.7288719415665,792.4856908321381,0.7254725694656372
frame_000080.jpg,10,1,592.57408618927,790.1184655427933,0.47596028447151184
frame_000080.jpg,10,2,597.7819818258286,790.5919106006622,0.5124871730804443
frame_000080.jpg,10,3,591.6271960735321,794.3794710636139,0.8210428953170776
frame_000080.jpg,10,4,610.5649983882904,793.9060260057449,0.7518036961555481
frame_000080.jpg,10,5,593.5209763050079,818.9986140727997,0.6448588371276855
frame_000080.jpg,10,6,612.9322236776352,817.5782788991928,0.6494204998016357
frame_000080.jpg,10,7,598.2554268836975,851.6663230657578,0.5840864777565002
frame_000080.jpg,10,8,618.1401193141937,848.825652718544,0.5003076791763306
frame_000080.jpg,10,9,584.0520751476288,872.4979056119919,0.319238543510437
frame_000080.jpg,10,10,614.826003909111,866.8165649175644,0.2795007824897766
frame_000080.jpg,10,11,593.9944213628769,881.0199166536331,0.5175207853317261
frame_000080.jpg,10,12,606.3039928674698,881.4933617115021,0.5457683801651001
frame_000080.jpg,10,13,598.7288719415665,929.3113125562668,0.5746562480926514
frame_000080.jpg,10,14,607.2508829832077,928.3644224405289,0.6386263370513916
frame_000080.jpg,10,15,599.6757620573044,978.0761535167694,0.5587269067764282
frame_000080.jpg,10,16,604.8836576938629,978.5495985746384,0.6559274196624756
frame_000080.jpg,11,0,131.20193004608154,834.5776809453964,0.8807369470596313
frame_000080.jpg,11,1,134.48807775974274,832.6059923171997,0.5948103070259094
frame_000080.jpg,11,2,133.8308482170105,833.9204514026642,0.6323474645614624
frame_000080.jpg,11,3,114.77119147777557,836.5493695735931,0.7876653671264648
frame_000080.jpg,11,4,143.68929135799408,838.5210582017899,0.7804861068725586
frame_000080.jpg,11,5,104.91274833679199,860.866862654686,0.8335609436035156
frame_000080.jpg,11,6,150.26158678531647,871.3825353384018,0.8198730945587158
frame_000080.jpg,11,7,107.54166650772095,892.4138807058334,0.45050835609436035
frame_000080.jpg,11,8,134.48807775974274,902.272323846817,0.7948107719421387
frame_000080.jpg,11,9,136.45976638793945,920.0175215005875,0.30433833599090576
frame_000080.jpg,11,10,133.8308482170105,945.6494736671448,0.7696976065635681
frame_000080.jpg,11,11,109.51335513591766,944.3350145816803,0.6663960218429565
frame_000080.jpg,11,12,143.03206181526184,946.9639327526093,0.626461386680603
frame_000080.jpg,11,13,89.13923931121826,1022.5453301668167,0.7222355604171753
frame_000080.jpg,11,14,166.69232535362244,969.3097372055054,0.49718916416168213
frame_000080.jpg,11,15,63.50728714466095,1071.8375458717346,0.6295391321182251
frame_000080.jpg,11,16,147.6326686143875,1028.4603960514069,0.5818599462509155
frame_000080.jpg,12,0,629.2802166938782,768.3503752946854,0.6372318267822266
frame_000080.jpg,12,1,629.9994215369225,764.754351079464,0.6701234579086304
frame_000080.jpg,12,2,629.759686589241,763.7954112887383,0.4654955565929413
frame_000080.jpg,12,3,636.472265124321,769.0695801377296,0.6035953760147095
frame_000080.jpg,12,4,652.0550367236137,766.432495713234,0.34537485241889954
frame_000080.jpg,12,5,648.4590125083923,789.9265205860138,0.41131964325904846
frame_000080.jpg,12,6,659.0073502063751,787.0497012138367,0.3913646936416626
frame_000080.jpg,12,7,626.1636623740196,816.0576298832893,0.30955395102500916
frame_000080.jpg,12,8,669.7954228520393,818.694714307785,0.3563656210899353
frame_000080.jpg,12,9,619.9305537343025,803.8311475515366,0.1800151765346527
frame_000080.jpg,12,10,629.9994215369225,806.2284970283508,0.13814027607440948
frame_000080.jpg,12,11,654.9318560957909,857.7715107798576,0.3089451193809509
frame_000080.jpg,12,12,667.8775432705879,857.7715107798576,0.335663378238678
frame_000080.jpg,12,13,618.2524091005325,857.7715107798576,0.2958142161369324
frame_000080.jpg,12,14,621.8484333157539,857.7715107798576,0.2345738261938095
frame_000080.jpg,12,15,619.9305537343025,857.7715107798576,0.34214359521865845
frame_000080.jpg,12,16,621.1292284727097,857.7715107798576,0.2908955216407776
frame_000080.jpg,13,0,655.6852279901505,763.3833613395691,0.6705743074417114
frame_000080.jpg,13,1,656.4189355373383,760.4485311508179,0.6603237390518188
frame_000080.jpg,13,2,655.6852279901505,760.4485311508179,0.4731016159057617
frame_000080.jpg,13,3,656.4189355373383,765.0953456163406,0.5918687582015991
frame_000080.jpg,13,4,672.8050707578659,765.0953456163406,0.5638525485992432
frame_000080.jpg,13,5,658.3754889965057,784.6608802080154,0.4406691789627075
frame_000080.jpg,13,6,675.7399009466171,783.4380342960358,0.5019221305847168
frame_000080.jpg,13,7,659.8429040908813,808.1395217180252,0.25806349515914917
frame_000080.jpg,13,8,679.897577047348,812.0526286363602,0.3442389965057373
frame_000080.jpg,13,9,681.8541305065155,839.4443770647049,0.3260718584060669
frame_000080.jpg,13,10,683.566114783287,838.2215311527252,0.3974660634994507
frame_000080.jpg,13,11,672.315932393074,836.7541160583496,0.3967354893684387
frame_000080.jpg,13,12,677.6964544057846,837.9769619703293,0.4567742347717285
frame_000080.jpg,13,13,658.3754889965057,859.9881883859634,0.31859806180000305
frame_000080.jpg,13,14,676.7181776762009,859.9881883859634,0.3008813261985779
frame_000080.jpg,13,15,661.065750002861,859.9881883859634,0.22338533401489258
frame_000080.jpg,13,16,680.3867154121399,859.9881883859634,0.21803337335586548
frame_000085.jpg,0,0,691.6037836074829,558.6361207962036,0.77738356590271
frame_000085.jpg,0,1,689.9836965799332,557.3400511741638,0.6530716419219971
frame_000085.jpg,0,2,694.5199402570724,556.6920163631439,0.7246806025505066
frame_000085.jpg,0,3,687.7155747413635,559.9321904182434,0.8668036460876465
frame_000085.jpg,0,4,698.4081491231918,559.6081730127335,0.8424131870269775
frame_000085.jpg,0,5,680.5871918201447,575.8090432882309,0.927412748336792
frame_000085.jpg,0,6,706.5085842609406,573.5409214496613,0.8584410548210144
frame_000085.jpg,0,7,674.7548785209656,592.9819657802582,0.8847413063049316
frame_000085.jpg,0,8,715.5810716152191,591.0378613471985,0.8784059882164001
frame_000085.jpg,0,9,677.0230003595352,586.1776002645493,0.6434394121170044
frame_000085.jpg,0,10,706.5085842609406,592.6579483747482,0.7501335740089417
frame_000085.jpg,0,11,691.9278010129929,612.0989927053452,0.8040705919265747
frame_000085.jpg,0,12,704.2404624223709,611.4509578943253,0.782463788986206
frame_000085.jpg,0,13,696.1400272846222,642.2326114177704,0.8104123473167419
frame_000085.jpg,0,14,711.3688453435898,639.3164547681808,0.7722648978233337
frame_000085.jpg,0,15,702.2963579893112,671.7181953191757,0.8024824857711792
frame_000085.jpg,0,16,702.9443928003311,635.4282459020615,0.7330656051635742
frame_000085.jpg,1,0,231.72224688529968,790.7251794338226,0.8634328842163086
frame_000085.jpg,1,1,237.31138038635254,786.9990904331207,0.6161662340164185
frame_000085.jpg,1,2,233.58529138565063,789.483149766922,0.762758195400238
frame_000085.jpg,1,3,219.30195021629333,793.2092387676239,0.7903575897216797
frame_000085.jpg,1,4,241.03746938705444,795.6932981014252,0.8906545639038086
frame_000085.jpg,1,5,205.01860904693604,821.1549062728882,0.8442046642303467
frame_000085.jpg,1,6,241.65848422050476,834.8172326087952,0.796042263507843
frame_000085.jpg,1,7,178.9359860420227,852.205647945404,0.8684243559837341
frame_000085.jpg,1,8,254.69979572296143,878.9092857837677,0.8230968713760376
frame_000085.jpg,1,9,184.52511954307556,887.6034934520721,0.7771965265274048
frame_000085.jpg,1,10,272.70922589302063,860.2788407802582,0.823299765586853
frame_000085.jpg,1,11,207.5026683807373,893.8136417865753,0.7164396047592163
frame_000085.jpg,1,12,229.2381875514984,895.055671453476,0.6924734115600586
frame_000085.jpg,1,13,214.9548463821411,950.3259916305542,0.6445370316505432
frame_000085.jpg,1,14,232.34326171875,956.5361399650574,0.7818243503570557
frame_000085.jpg,1,15,202.53454971313477,928.5904724597931,0.7111488580703735
frame_000085.jpg,1,16,209.98672771453857,1010.564430475235,0.8211854696273804
frame_000085.jpg,2,0,144.77801513671875,626.8790218830109,0.8805229663848877
frame_000085.jpg,2,1,147.0427794456482,624.9917182922363,0.5829107761383057
frame_000085.jpg,2,2,145.15547585487366,625.7466397285461,0.6755053997039795
frame_000085.jpg,2,3,138.73864364624023,628.7663254737854,0.7742369174957275
frame_000085.jpg,2,4,150.43992590904236,628.7663254737854,0.8556203842163086
frame_000085.jpg,2,5,130.43450784683228,644.6196756362915,0.8994302749633789
frame_000085.jpg,2,6,151.949768781662,647.6393613815308,0.8512892723083496
frame_000085.jpg,2,7,124.77259707450867,665.7574758529663,0.8305193185806274
frame_000085.jpg,2,8,149.30754375457764,668.7771615982056,0.8277298212051392
frame_000085.jpg,2,9,141.38086867332458,668.3997008800507,0.6255283355712891
frame_000085.jpg,2,10,163.6510510444641,675.5714545249939,0.7847001552581787
frame_000085.jpg,2,11,132.69927215576172,687.272736787796,0.7159691452980042
frame_000085.jpg,2,12,147.0427794456482,688.0276582241058,0.7051018476486206
frame_000085.jpg,2,13,130.05704712867737,728.7934157848358,0.7079250812530518
frame_000085.jpg,2,14,158.3666009902954,723.1315050125122,0.8047510981559753
frame_000085.jpg,2,15,120.62052917480469,706.5232334136963,0.7281090021133423
frame_000085.jpg,2,16,161.76374745368958,756.348048210144,0.8694392442703247
frame_000085.jpg,3,0,518.5346883138021,827.2580802440643,0.752833902835846
frame_000085.jpg,3,1,516.7171223958334,823.6229485273361,0.6276372671127319
frame_000085.jpg,3,2,523.9873860677084,824.2288038134575,0.48608487844467163
frame_000085.jpg,3,3,518.5346883138021,825.4405143857002,0.8331863880157471
frame_000085.jpg,3,4,538.5279134114584,826.0463696718216,0.8174203634262085
frame_000085.jpg,3,5,516.1112670898438,842.4044623970985,0.7697550654411316
frame_000085.jpg,3,6,548.2215983072917,846.0395941138268,0.7297380566596985
frame_000085.jpg,3,7,488.2419230143229,846.6454493999481,0.7562713027000427
frame_000085.jpg,3,8,560.3387044270833,865.4269632697105,0.5322625041007996
frame_000085.jpg,3,9,510.6585693359375,834.5283436775208,0.619455099105835
frame_000085.jpg,3,10,553.674296061198,834.5283436775208,0.39803987741470337
frame_000085.jpg,3,11,530.0459391276041,916.9246625900269,0.5794718861579895
frame_000085.jpg,3,12,551.2508748372395,913.2895308732986,0.5675650835037231
frame_000085.jpg,3,13,525.1990966796875,975.6926253437996,0.6025469899177551
frame_000085.jpg,3,14,539.7396240234375,975.0867700576782,0.5633258819580078
frame_000085.jpg,3,15,563.9738362630208,1022.343482375145,0.6853119730949402
frame_000085.jpg,3,16,539.7396240234375,1026.5844693779945,0.5730856657028198
frame_000085.jpg,4,0,510.91519832611084,569.416358590126,0.7678455710411072
frame_000085.jpg,4,1,509.4458872079849,567.6531852483749,0.5223217606544495
frame_000085.jpg,4,2,511.7967849969864,567.3593230247498,0.6338497400283813
frame_000085.jpg,4,3,503.56864273548126,572.0611186027527,0.7757353782653809
frame_000085.jpg,4,4,513.5599583387375,570.5918074846268,0.7641505002975464
frame_000085.jpg,4,5,499.7484338283539,587.6358164548874,0.786948025226593
frame_000085.jpg,4,6,521.4942383766174,585.2849186658859,0.8203277587890625
frame_000085.jpg,4,7,492.98960268497467,602.0350654125214,0.7518649101257324
frame_000085.jpg,4,8,534.1303139925003,601.7412031888962,0.7523667216300964
frame_000085.jpg,4,9,484.1737359762192,611.7325187921524,0.7911171913146973
frame_000085.jpg,4,10,528.2530695199966,597.0394076108932,0.5817817449569702
frame_000085.jpg,4,11,507.38885164260864,623.7808699607849,0.7118354439735413
frame_000085.jpg,4,12,518.8494783639908,622.6054210662842,0.7233209609985352
frame_000085.jpg,4,13,516.2047183513641,645.2328122854233,0.7232149839401245
frame_000085.jpg,4,14,518.5556161403656,646.408261179924,0.732380747795105
frame_000085.jpg,4,15,520.0249272584915,668.7417901754379,0.7292286157608032
frame_000085.jpg,4,16,506.8011271953583,656.105714559555,0.7048522233963013
frame_000085.jpg,5,0,656.5634887218475,760.7340700030327,0.6206897497177124
frame_000085.jpg,5,1,658.0910863876343,757.1696755886078,0.5370944142341614
frame_000085.jpg,5,2,660.12788327535,755.6420779824257,0.5782046914100647
frame_000085.jpg,5,3,663.6922778288523,758.6972731947899,0.690919816493988
frame_000085.jpg,5,4,664.2014770507812,757.1696755886078,0.6146193742752075
frame_000085.jpg,5,5,671.330266157786,780.0836396813393,0.7618721723556519
frame_000085.jpg,5,6,669.2934692700704,777.5376436710358,0.6515394449234009
frame_000085.jpg,5,7,673.8762622674307,811.6539902091026,0.7476587295532227
frame_000085.jpg,5,8,667.2566723823547,806.0527989864349,0.4904191493988037
frame_000085.jpg,5,9,650.9622972806295,811.1447910070419,0.6989095211029053
frame_000085.jpg,5,10,655.0358910560608,812.1631894111633,0.32954585552215576
frame_000085.jpg,5,11,672.3486646016439,836.0955519080162,0.641211211681366
frame_000085.jpg,5,12,660.6370824972788,836.0955519080162,0.5428127646446228
frame_000085.jpg,5,13,672.3486646016439,884.4694761037827,0.689860463142395
frame_000085.jpg,5,14,664.2014770507812,883.960276901722,0.6518535614013672
frame_000085.jpg,5,15,675.9130591551462,926.7330098748207,0.7480253577232361
frame_000085.jpg,5,16,672.8578638235728,924.6962130665779,0.6768631935119629
frame_000085.jpg,6,0,108.66097855567932,1012.8919701576233,0.8976414203643799
frame_000085.jpg,6,1,107.91994667053223,1007.7047469615936,0.7285943627357483
frame_000085.jpg,6,2,107.91994667053223,1006.9637150764465,0.6558066606521606
frame_000085.jpg,6,3,109.40201044082642,1010.668874502182,0.8888456225395203
frame_000085.jpg,6,4,144.97154092788696,1001.0354599952698,0.7852848768234253
frame_000085.jpg,6,5,124.9636800289154,1054.3897557258606,0.7122572660446167
frame_000085.jpg,6,6,160.53321051597595,1035.1229267120361,0.7332826852798462
frame_000085.jpg,6,7,75.31454372406006,1089.9592862129211,0.6842088103294373
frame_000085.jpg,6,8,118.29439306259155,1083.2899992465973,0.3174283504486084
frame_000085.jpg,6,9,56.047714710235596,1105.5209558010101,0.44299018383026123
frame_000085.jpg,6,10,121.99955248832703,1106.2619876861572,0.17616558074951172
frame_000085.jpg,6,11,139.0432858467102,1178.1420805454254,0.5596849918365479
frame_000085.jpg,6,12,165.72043371200562,1167.026602268219,0.49184396862983704
frame_000085.jpg,6,13,131.63296699523926,1262.6197154521942,0.5747733116149902
frame_000085.jpg,6,14,162.75630617141724,1260.396619796753,0.5899721384048462
frame_000085.jpg,6,15,130.89193511009216,1268.547970533371,0.2623118758201599
frame_000085.jpg,6,16,173.87178444862366,1272.2531299591064,0.44379329681396484
frame_000085.jpg,7,0,582.7798843383789,808.6440887451172,0.6831674575805664
frame_000085.jpg,7,1,581.2192535400391,805.0026168823242,0.5591809749603271
frame_000085.jpg,7,2,582.7798843383789,805.0026168823242,0.45876598358154297
frame_000085.jpg,7,3,584.860725402832,810.7249298095703,0.6861205101013184
frame_000085.jpg,7,4,602.5478744506836,806.0430374145508,0.6337162256240845
frame_000085.jpg,7,5,590.0628280639648,834.134391784668,0.6326296329498291
frame_000085.jpg,7,6,618.6743927001953,828.4120788574219,0.6354703307151794
frame_000085.jpg,7,7,591.1032485961914,864.8267974853516,0.4807916283607483
frame_000085.jpg,7,8,634.800910949707,857.5438537597656,0.48306718468666077
frame_000085.jpg,7,9,576.0171508789062,884.074577331543,0.3564428389072418
frame_000085.jpg,7,10,625.437126159668,849.7406997680664,0.2423354983329773
frame_000085.jpg,7,11,598.3861923217773,895.5192031860352,0.5127630233764648
frame_000085.jpg,7,12,617.1137619018555,893.9585723876953,0.4619746804237366
frame_000085.jpg,7,13,593.1840896606445,936.0956039428711,0.6702721118927002
frame_000085.jpg,7,14,613.9925003051758,933.4945526123047,0.5881446003913879
frame_000085.jpg,7,15,601.507453918457,981.8741073608398,0.75267493724823
frame_000085.jpg,7,16,623.3562850952148,973.0305328369141,0.6164788007736206
frame_000085.jpg,8,0,434.6669034957886,870.1752467155457,0.5770062208175659
frame_000085.jpg,8,1,436.81451416015625,865.8800251483917,0.5013316869735718
frame_000085.jpg,8,2,433.95103327433264,866.595895409584,0.5113199949264526
frame_000085.jpg,8,3,423.21297995249427,873.0387277603149,0.6000784039497375
frame_000085.jpg,8,4,437.53038438161207,870.1752467155457,0.5369176864624023
frame_000085.jpg,8,5,422.49710973103845,896.6624463796616,0.6027904748916626
frame_000085.jpg,8,6,458.290620803833,894.5148355960846,0.5818706750869751
frame_000085.jpg,8,7,390.2829497655233,908.832240819931,0.617782473564148
frame_000085.jpg,8,8,462.58584213256836,918.8544244766235,0.3874184191226959
frame_000085.jpg,8,9,415.3384075164795,898.0941869020462,0.4329794645309448
frame_000085.jpg,8,10,431.08755238850915,900.9576679468155,0.3153958022594452
frame_000085.jpg,8,11,436.0986439387003,983.9986182451248,0.48418208956718445
frame_000085.jpg,8,12,459.0064910252888,981.1351372003555,0.47626692056655884
frame_000085.jpg,8,13,443.2573461532593,1052.0062930583954,0.5483343601226807
frame_000085.jpg,8,14,451.13191858927416,1047.7110714912415,0.5167504549026489
frame_000085.jpg,8,15,446.12082703908277,1117.1504868268967,0.6239069700241089
frame_000085.jpg,8,16,454.7112696965535,1106.4124329090118,0.5923268795013428
frame_000085.jpg,9,0,214.892596244812,576.2338314056396,0.8121932744979858
frame_000085.jpg,9,1,215.61118030548096,574.4373712539673,0.5502651929855347
frame_000085.jpg,9,2,216.3297643661499,574.7966632843018,0.6223318576812744
frame_000085.jpg,9,3,207.3474636077881,576.5931234359741,0.8013092279434204
frame_000085.jpg,9,4,219.20410060882568,577.6709995269775,0.799617350101471
frame_000085.jpg,9,5,200.88020706176758,592.4019727706909,0.7891746759414673
frame_000085.jpg,9,6,220.2819766998291,594.5577249526978,0.7745035886764526
frame_000085.jpg,9,7,193.69436645507812,591.3240966796875,0.5466487407684326
frame_000085.jpg,9,8,217.7669324874878,611.0851583480835,0.7226793169975281
frame_000085.jpg,9,9,204.83241939544678,584.4975481033325,0.4345674514770508
frame_000085.jpg,9,10,228.90498542785645,627.6125917434692,0.718076229095459
frame_000085.jpg,9,11,206.62887954711914,631.205512046814,0.7392674684524536
frame_000085.jpg,9,12,220.64126873016357,630.1276359558105,0.71883624792099
frame_000085.jpg,9,13,201.59879112243652,667.1347150802612,0.6702638864517212
frame_000085.jpg,9,14,231.42002964019775,651.6851577758789,0.78412926197052
frame_000085.jpg,9,15,192.25719833374023,696.9559535980225,0.7869448661804199
frame_000085.jpg,9,16,224.59348106384277,675.7577238082886,0.8288224339485168
frame_000085.jpg,10,0,9.022240161895752,1104.725487947464,0.7410980463027954
frame_000085.jpg,10,1,-1.8131016492843628,1308.3158577680588,0.36067771911621094
frame_000085.jpg,10,2,24.9901123046875,1095.0307084321976,0.26785412430763245
frame_000085.jpg,10,3,0.4680229425430298,1101.8740822076797,0.525740385055542
frame_000085.jpg,10,4,35.825454115867615,1087.6170535087585,0.47875726222991943
frame_000085.jpg,10,5,13.014208197593689,1135.5206699371338,0.7899296283721924
frame_000085.jpg,10,6,60.91782462596893,1107.0066125392914,0.766669511795044
frame_000085.jpg,10,7,4.459990978240967,1147.4965740442276,0.3133033514022827
frame_000085.jpg,10,8,66.05035495758057,1089.327896952629,0.4246944785118103
frame_000085.jpg,10,9,3.8897098302841187,1119.552797794342,0.5044201612472534
frame_000085.jpg,10,10,41.528265595436096,1080.7736797332764,0.16392101347446442
frame_000085.jpg,10,11,57.496137738227844,1253.5688675642014,0.7248722314834595
frame_000085.jpg,10,12,101.40778613090515,1239.882120013237,0.7847481966018677
frame_000085.jpg,10,13,39.247141003608704,1275.2395511865616,0.3594214916229248
frame_000085.jpg,10,14,104.82947301864624,1278.6612380743027,0.2999860644340515
frame_000085.jpg,10,15,94.56441235542297,1308.3158577680588,0.17832797765731812
frame_000085.jpg,10,16,108.82144105434418,1276.9503946304321,0.3686094880104065
frame_000085.jpg,11,0,588.5001089572906,777.2704008817673,0.6892744302749634
frame_000085.jpg,11,1,589.6976008415222,774.0770891904831,0.6948733925819397
frame_000085.jpg,11,2,588.3005269765854,772.6800153255463,0.5283814668655396
frame_000085.jpg,11,3,594.2879863977432,776.0729089975357,0.6003096103668213
frame_000085.jpg,11,4,612.449946641922,772.480433344841,0.35993432998657227
frame_000085.jpg,11,5,606.4624872207642,796.4302710294724,0.3697194755077362
frame_000085.jpg,11,6,619.8344799280167,792.4386314153671,0.41280531883239746
frame_000085.jpg,11,7,582.3130675554276,812.995575428009,0.28197214007377625
frame_000085.jpg,11,8,627.4185951948166,822.7750924825668,0.28220802545547485
frame_000085.jpg,11,9,569.7394027709961,794.634033203125,0.23657745122909546
frame_000085.jpg,11,10,569.7394027709961,802.2181484699249,0.1192813366651535
frame_000085.jpg,11,11,617.6390781402588,845.5274382829666,0.3235299289226532
frame_000085.jpg,11,12,629.4144150018692,845.5274382829666,0.379398375749588
frame_000085.jpg,11,13,569.7394027709961,845.5274382829666,0.38879287242889404
frame_000085.jpg,11,14,569.7394027709961,845.5274382829666,0.29974424839019775
frame_000085.jpg,11,15,569.7394027709961,845.5274382829666,0.30107423663139343
frame_000085.jpg,11,16,569.7394027709961,845.5274382829666,0.3360995650291443
frame_000085.jpg,12,0,714.12069161733,728.7987959384918,0.6194277405738831
frame_000085.jpg,12,1,714.8669877052307,726.1867597699165,0.6631548404693604
frame_000085.jpg,12,2,713.7475435733795,726.5599077939987,0.5572785139083862
frame_000085.jpg,12,3,714.12069161733,727.3062038421631,0.6981427073478699
frame_000085.jpg,12,4,715.6132837931315,728.4256479144096,0.6095752716064453
frame_000085.jpg,12,5,713.3743955294291,742.9784208536148,0.6075186729431152
frame_000085.jpg,12,6,713.0012474854788,742.9784208536148,0.5437296628952026
frame_000085.jpg,12,7,695.4632894198099,739.9932366609573,0.6039960384368896
frame_000085.jpg,12,8,696.5827335516611,741.4858287572861,0.400037944316864
frame_000085.jpg,12,9,699.194769859314,738.1274965405464,0.4973076581954956
frame_000085.jpg,12,10,704.0456944306692,740.3663846850395,0.3180321753025055
frame_000085.jpg,12,11,714.4938396612803,795.2191442251205,0.5351550579071045
frame_000085.jpg,12,12,714.4938396612803,794.8459962010384,0.5070428252220154
frame_000085.jpg,12,13,715.2401357491811,836.2654268741608,0.5759838819503784
frame_000085.jpg,12,14,714.4938396612803,835.1459828019142,0.49520641565322876
frame_000085.jpg,12,15,714.8669877052307,882.1626338362694,0.47339463233947754
frame_000085.jpg,12,16,715.2401357491811,882.1626338362694,0.4557307958602905
frame_000085.jpg,13,0,718.3574819564819,860.0883712768555,0.7798358798027039
frame_000085.jpg,13,1,721.1230897903442,857.3227634429932,0.7086828947067261
frame_000085.jpg,13,2,717.8965473175049,856.4008941650391,0.7013204097747803
frame_000085.jpg,13,3,725.2715015411377,859.1665019989014,0.6944931149482727
frame_000085.jpg,13,4,716.5137434005737,858.2446327209473,0.8382390737533569
frame_000085.jpg,13,5,714.2090702056885,878.0648221969604,0.681311845779419
frame_000085.jpg,13,6,708.6778545379639,878.0648221969604,0.8843320608139038
frame_000085.jpg,13,7,698.5372924804688,903.4162273406982,0.6209502220153809
frame_000085.jpg,13,8,698.0763578414917,903.4162273406982,0.8318263292312622
frame_000085.jpg,13,9,690.2404689788818,927.3848285675049,0.5141507983207703
frame_000085.jpg,13,10,690.2404689788818,926.9238939285278,0.8026821613311768
frame_000085.jpg,13,11,720.6621551513672,937.064455986023,0.6696184873580933
frame_000085.jpg,13,12,714.6700048446655,937.064455986023,0.6963504552841187
frame_000085.jpg,13,13,720.6621551513672,976.7048349380493,0.6902962923049927
frame_000085.jpg,13,14,717.8965473175049,975.3220310211182,0.7209650278091431
frame_000085.jpg,13,15,717.4356126785278,1012.1968021392822,0.6998227834701538
frame_000085.jpg,13,16,718.3574819564819,1009.892128944397,0.6850677728652954
frame_000085.jpg,14,0,557.6323214769363,798.862095117569,0.8396832346916199
frame_000085.jpg,14,1,553.4131047725677,797.9244914054871,0.431797593832016
frame_000085.jpg,14,2,557.1635196208954,798.393293261528,0.5586144328117371
frame_000085.jpg,14,3,549.6626899242401,802.1437081098557,0.8088805675506592
frame_000085.jpg,14,4,567.9459623098373,800.7373025417328,0.7648802399635315
frame_000085.jpg,14,5,552.9443029165268,825.1149990558624,0.713897705078125
frame_000085.jpg,14,6,571.227575302124,823.7085934877396,0.720203161239624
frame_000085.jpg,14,7,559.0387270450592,860.275138258934,0.6548863649368286
frame_000085.jpg,14,8,579.1972068548203,857.4623271226883,0.5856109857559204
frame_000085.jpg,14,9,541.6930583715439,889.8096551895142,0.36594027280807495
frame_000085.jpg,14,10,576.8531975746155,890.7472589015961,0.3314354419708252
frame_000085.jpg,14,11,550.1314917802811,891.684862613678,0.5587084889411926
frame_000085.jpg,14,12,565.6019530296326,892.6224663257599,0.5891508460044861
frame_000085.jpg,14,13,552.9443029165268,940.4402556419373,0.5701065063476562
frame_000085.jpg,14,14,566.5395567417145,937.6274445056915,0.6511410474777222
frame_000085.jpg,14,15,558.1011233329773,998.1028839349747,0.4784447252750397
frame_000085.jpg,14,16,567.0083585977554,998.1028839349747,0.578345537185669
frame_000085.jpg,15,0,616.0440225601196,772.5912263393402,0.5305474996566772
frame_000085.jpg,15,1,616.7463929653168,770.7182385921478,0.5381572842597961
frame_000085.jpg,15,2,614.8734052181244,771.654732465744,0.44896185398101807
frame_000085.jpg,15,3,614.8734052181244,772.3571028709412,0.5433017015457153
frame_000085.jpg,15,4,632.9009122848511,772.1229794025421,0.5746138095855713
frame_000085.jpg,15,5,613.234540939331,795.769449710846,0.4003159701824188
frame_000085.jpg,15,6,636.4127643108368,792.7258446216583,0.4310946464538574
frame_000085.jpg,15,7,636.8810112476349,827.1419944763184,0.21737369894981384
frame_000085.jpg,15,8,640.1587398052216,825.503130197525,0.3272433876991272
frame_000085.jpg,15,9,640.8611102104187,846.5742423534393,0.2282474935054779
frame_000085.jpg,15,10,643.2023448944092,848.2131066322327,0.36563703417778015
frame_000085.jpg,15,11,624.2383439540863,846.5742423534393,0.3094151020050049
frame_000085.jpg,15,12,638.5198755264282,846.1059954166412,0.4211992025375366
frame_000085.jpg,15,13,621.8971092700958,860.6216504573822,0.25480303168296814
frame_000085.jpg,15,14,637.583381652832,860.6216504573822,0.2902613580226898
frame_000085.jpg,15,15,622.3653562068939,860.6216504573822,0.20635472238063812
frame_000085.jpg,15,16,637.8175051212311,860.6216504573822,0.2208930253982544
frame_000090.jpg,0,0,184.22705698013306,613.4250320196152,0.7797180414199829
frame_000090.jpg,0,1,182.86685864130658,612.0648337602615,0.5041218400001526
frame_000090.jpg,0,2,186.2673544883728,612.4048833251,0.5803074240684509
frame_000090.jpg,0,3,177.76611487070718,614.4451807141304,0.8229151964187622
frame_000090.jpg,0,4,189.66785033543903,614.105131149292,0.7644550800323486
frame_000090.jpg,0,5,171.64522234598795,628.3872128725052,0.8117316961288452
frame_000090.jpg,0,6,198.16908995310467,628.0471633076668,0.8353500366210938
frame_000090.jpg,0,7,156.00294144948325,641.9891954660416,0.741041898727417
frame_000090.jpg,0,8,208.3705774943034,646.7498893737793,0.8396949768066406
frame_000090.jpg,0,9,164.16413148244223,651.1705337166786,0.6909336447715759
frame_000090.jpg,0,10,196.80889161427814,639.6088485121727,0.6091499924659729
frame_000090.jpg,0,11,179.80641237894693,669.5332102179527,0.6877166032791138
frame_000090.jpg,0,12,192.72829659779865,669.1931606531143,0.6786500811576843
frame_000090.jpg,0,13,196.80889161427814,690.6162832379341,0.7321275472640991
frame_000090.jpg,0,14,182.52680905659992,699.1175223588943,0.6386276483535767
frame_000090.jpg,0,15,200.54943704605103,720.5406449437141,0.7904212474822998
frame_000090.jpg,0,16,164.50418106714883,714.0797032117844,0.7328522205352783
frame_000090.jpg,1,0,678.1060638427734,550.3162708282471,0.8080040216445923
frame_000090.jpg,1,1,675.1642646789551,548.551191329956,0.58112633228302
frame_000090.jpg,1,2,681.3420429229736,549.4337310791016,0.7007251977920532
frame_000090.jpg,1,3,672.2224655151367,550.6104507446289,0.8819057941436768
frame_000090.jpg,1,4,683.4013023376465,551.4929904937744,0.8668140769004822
frame_000090.jpg,1,5,664.573787689209,565.9078063964844,0.891196072101593
frame_000090.jpg,1,6,688.4023609161377,565.6136264801025,0.8538683652877808
frame_000090.jpg,1,7,657.5134696960449,583.2644214630127,0.8583076000213623
frame_000090.jpg,1,8,692.5208797454834,584.1469612121582,0.8057533502578735
frame_000090.jpg,1,9,665.4563274383545,576.2041034698486,0.6777540445327759
frame_000090.jpg,1,10,688.1081809997559,577.9691829681396,0.5456196069717407
frame_000090.jpg,1,11,673.6933650970459,598.2675971984863,0.756064772605896
frame_000090.jpg,1,12,685.7547416687012,597.6792373657227,0.7422219514846802
frame_000090.jpg,1,13,674.2817249298096,625.3321495056152,0.7887870073318481
frame_000090.jpg,1,14,688.1081809997559,624.1554298400879,0.86981201171875
frame_000090.jpg,1,15,673.6933650970459,640.9236850738525,0.7699227333068848
frame_000090.jpg,1,16,688.6965408325195,650.925802230835,0.9074908494949341
frame_000090.jpg,2,0,682.3251190185547,868.2783622741699,0.9600328207015991
frame_000090.jpg,2,1,687.4442329406738,864.5553703308105,0.9212162494659424
frame_000090.jpg,2,2,680.463623046875,863.6246223449707,0.936621367931366
frame_000090.jpg,2,3,699.5439567565918,867.3476142883301,0.8898627161979675
frame_000090.jpg,2,4,678.1367530822754,866.4168663024902,0.6721256375312805
frame_000090.jpg,2,5,705.5938186645508,892.4778099060059,0.8009873628616333
frame_000090.jpg,2,6,673.4830131530762,885.497200012207,0.7976493835449219
frame_000090.jpg,2,7,708.8514366149902,920.4002494812012,0.8171342611312866
frame_000090.jpg,2,8,664.1755332946777,909.696647644043,0.7609938383102417
frame_000090.jpg,2,9,705.1284446716309,944.1343231201172,0.7620776891708374
frame_000090.jpg,2,10,658.1256713867188,932.0345993041992,0.7002699971199036
frame_000090.jpg,2,11,692.097972869873,946.9265670776367,0.6862648725509644
frame_000090.jpg,2,12,674.413761138916,945.530445098877,0.6932146549224854
frame_000090.jpg,2,13,688.3749809265137,981.3642425537109,0.82578045129776
frame_000090.jpg,2,14,672.0868911743164,979.0373725891113,0.8133671283721924
frame_000090.jpg,2,15,685.1173629760742,1015.8019180297852,0.8584332466125488
frame_000090.jpg,2,16,679.9982490539551,996.2562103271484,0.7899178266525269
frame_000090.jpg,3,0,504.64414278666175,562.7019572854042,0.7562688589096069
frame_000090.jpg,3,1,503.62398521105445,561.001694560051,0.48654842376708984
frame_000090.jpg,3,2,506.34440541267395,559.981536924839,0.6903186440467834
frame_000090.jpg,3,3,499.20330238342285,564.7422725558281,0.7829692363739014
frame_000090.jpg,3,4,509.40487813949585,563.7221149206161,0.8513957858085632
frame_000090.jpg,3,5,494.78261955579126,580.3846896290779,0.8842676281929016
frame_000090.jpg,3,6,515.865876118342,579.364531993866,0.8437468409538269
frame_000090.jpg,3,7,488.66167410214746,598.4074745178223,0.8537988066673279
frame_000090.jpg,3,8,520.9666639963785,596.3671592473984,0.7687472105026245
frame_000090.jpg,3,9,498.18314480781555,593.6467388868332,0.5883491039276123
frame_000090.jpg,3,10,526.067451874415,611.3294712305069,0.7566401362419128
frame_000090.jpg,3,11,501.24361753463745,614.0498915910721,0.7283782958984375
frame_000090.jpg,3,12,514.16561349233,612.3496288657188,0.7054980993270874
frame_000090.jpg,3,13,503.28393268585205,642.6143053770065,0.7485376000404358
frame_000090.jpg,3,14,518.926348845164,627.651993393898,0.6538625359535217
frame_000090.jpg,3,15,504.64414278666175,670.158561527729,0.7465479373931885
frame_000090.jpg,3,16,516.8860336939493,644.3145681023598,0.6902469396591187
frame_000090.jpg,4,0,295.37197184562683,752.4063384532928,0.7703101634979248
frame_000090.jpg,4,1,292.1474630832672,748.1069934368134,0.4999677240848541
frame_000090.jpg,4,2,298.0590624809265,748.6444115638733,0.712674617767334
frame_000090.jpg,4,3,286.77328181266785,755.0934290885925,0.7968444228172302
frame_000090.jpg,4,4,308.2700068950653,754.0185928344727,0.8747677803039551
frame_000090.jpg,4,5,277.6371736526489,786.2636804580688,0.8454568982124329
frame_000090.jpg,4,6,323.85513257980347,779.8146629333496,0.8535561561584473
frame_000090.jpg,4,7,281.3991005420685,820.6584405899048,0.8393740653991699
frame_000090.jpg,4,8,342.1273488998413,813.6720049381256,0.825941801071167
frame_000090.jpg,4,9,270.1133198738098,843.767420053482,0.7961118221282959
frame_000090.jpg,4,10,348.0389482975006,830.8693850040436,0.8307677507400513
frame_000090.jpg,4,11,290.5352087020874,844.304838180542,0.7192173004150391
frame_000090.jpg,4,12,312.03193378448486,845.3796744346619,0.7287145853042603
frame_000090.jpg,4,13,303.9706618785858,894.2847239971161,0.7413277626037598
frame_000090.jpg,4,14,302.358407497406,903.420832157135,0.7049074172973633
frame_000090.jpg,4,15,313.6441881656647,935.6659197807312,0.9045604467391968
frame_000090.jpg,4,16,269.5759017467499,886.760870218277,0.8104541301727295
frame_000090.jpg,5,0,488.9649041891098,833.3077389001846,0.7335816621780396
frame_000090.jpg,5,1,487.16996455192566,830.3161728382111,0.6241142749786377
frame_000090.jpg,5,2,495.54634952545166,830.3161728382111,0.4583356976509094
frame_000090.jpg,5,3,488.9649041891098,831.5127992630005,0.8413916826248169
frame_000090.jpg,5,4,509.9058666229248,832.1111124753952,0.817084550857544
frame_000090.jpg,5,5,485.97333812713623,848.2655692100525,0.7589378356933594
frame_000090.jpg,5,6,519.4788780212402,852.4537616968155,0.7304425239562988
frame_000090.jpg,5,7,458.45093035697937,851.8554484844208,0.7550262212753296
frame_000090.jpg,5,8,530.2485158443451,865.6166523694992,0.5079236626625061
frame_000090.jpg,5,9,481.78514564037323,839.8891842365265,0.6166994571685791
frame_000090.jpg,5,10,525.4620101451874,838.0942445993423,0.4378736913204193
frame_000090.jpg,5,11,500.3328552246094,923.6530339717865,0.5686056613922119
frame_000090.jpg,5,12,521.2738176584244,920.6614679098129,0.5573186278343201
frame_000090.jpg,5,13,495.54634952545166,982.2877287864685,0.6014741659164429
frame_000090.jpg,5,14,509.9058666229248,981.0911023616791,0.5643159747123718
frame_000090.jpg,5,15,535.0350215435028,1028.3578461408615,0.6793028712272644
frame_000090.jpg,5,16,511.10249304771423,1033.1443518400192,0.5788860321044922
frame_000090.jpg,6,0,240.90475642681122,573.7589514255524,0.8600594997406006
frame_000090.jpg,6,1,240.90475642681122,572.7082532644272,0.5796090364456177
frame_000090.jpg,6,2,243.35638546943665,572.3580205440521,0.7249889373779297
frame_000090.jpg,6,3,237.05219650268555,575.5101150274277,0.7752524614334106
frame_000090.jpg,6,4,246.5084799528122,575.1598823070526,0.8410345911979675
frame_000090.jpg,6,5,227.24568033218384,590.9203547239304,0.8963010907173157
frame_000090.jpg,6,6,249.66057443618774,590.9203547239304,0.8699991703033447
frame_000090.jpg,6,7,223.0428876876831,611.934317946434,0.8998621702194214
frame_000090.jpg,6,8,256.66522884368896,608.7822234630585,0.8018831014633179
frame_000090.jpg,6,9,230.74800753593445,617.538041472435,0.6516005992889404
frame_000090.jpg,6,10,267.8726758956909,612.6347833871841,0.8263878226280212
frame_000090.jpg,6,11,230.74800753593445,626.2938594818115,0.7580685615539551
frame_000090.jpg,6,12,245.10754907131195,625.2431613206863,0.7650443315505981
frame_000090.jpg,6,13,233.54986929893494,659.2157351970673,0.5973701477050781
frame_000090.jpg,6,14,251.7619707584381,660.2664333581924,0.7859391570091248
frame_000090.jpg,6,15,232.49917113780975,650.8101499080658,0.7393889427185059
frame_000090.jpg,6,16,243.35638546943665,687.9348182678223,0.8539765477180481
frame_000090.jpg,7,0,623.3583014806112,766.3417568206787,0.668218731880188
frame_000090.jpg,7,1,625.3333574930826,761.8978809714317,0.6134421825408936
frame_000090.jpg,7,2,626.3208854993185,760.9103530049324,0.6052688360214233
frame_000090.jpg,7,3,629.2834695180258,762.8854089379311,0.7274689674377441
frame_000090.jpg,7,4,639.6525135835012,761.8978809714317,0.6387603282928467
frame_000090.jpg,7,5,640.6400415897369,787.0798441171646,0.7489799857139587
frame_000090.jpg,7,6,640.146277586619,782.142204284668,0.6291697025299072
frame_000090.jpg,7,7,643.6026256084442,817.6932110786438,0.733190655708313
frame_000090.jpg,7,8,637.6774575710297,810.2867513298988,0.4413023591041565
frame_000090.jpg,7,9,619.4081894556681,816.7056831121445,0.6955581307411194
frame_000090.jpg,7,10,623.3583014806112,818.6807390451431,0.33419138193130493
frame_000090.jpg,7,11,642.6150976022085,843.3689382076263,0.6181454062461853
frame_000090.jpg,7,12,631.7522895336151,842.381410241127,0.5021100044250488
frame_000090.jpg,7,13,641.6275695959727,889.7827526330948,0.6542705297470093
frame_000090.jpg,7,14,635.7024015585581,888.7952246665955,0.5817511677742004
frame_000090.jpg,7,15,647.0589736302694,932.2464551925659,0.7087903022766113
frame_000090.jpg,7,16,643.6026256084442,929.2838712930679,0.6374406218528748
frame_000090.jpg,8,0,404.5429117679596,876.0689704418182,0.4964970648288727
frame_000090.jpg,8,1,408.8270547389984,872.4988512992859,0.46539628505706787
frame_000090.jpg,8,2,402.4008402824402,872.4988512992859,0.4635315537452698
frame_000090.jpg,8,3,393.83255434036255,878.2110419273376,0.523155152797699
frame_000090.jpg,8,4,397.4026734828949,876.7829942703247,0.43869584798812866
frame_000090.jpg,8,5,395.2606019973755,902.4878520965576,0.5198562145233154
frame_000090.jpg,8,6,427.3916742801666,901.0598044395447,0.5080524682998657
frame_000090.jpg,8,7,360.2734344005585,915.3402810096741,0.5130352973937988
frame_000090.jpg,8,8,430.961793422699,917.4823524951935,0.34679269790649414
frame_000090.jpg,8,9,378.1240301132202,908.9140665531158,0.3079553246498108
frame_000090.jpg,8,10,392.4045066833496,911.0561380386353,0.25521087646484375
frame_000090.jpg,8,11,410.9691262245178,994.5969259738922,0.44508761167526245
frame_000090.jpg,8,12,428.81972193717957,992.4548544883728,0.413399338722229
frame_000090.jpg,8,13,415.25326919555664,1061.001142024994,0.5254815220832825
frame_000090.jpg,8,14,418.1093645095825,1057.4310228824615,0.46359390020370483
frame_000090.jpg,8,15,416.6813168525696,1123.8352389335632,0.5738179683685303
frame_000090.jpg,8,16,422.39350748062134,1113.8389053344727,0.5179474949836731
frame_000090.jpg,9,0,552.8609046936035,813.9385566711426,0.6505579948425293
frame_000090.jpg,9,1,551.3133058547974,809.8116264343262,0.5465863943099976
frame_000090.jpg,9,2,551.8291721343994,809.8116264343262,0.43433964252471924
frame_000090.jpg,9,3,555.9561023712158,816.5178880691528,0.6559921503067017
frame_000090.jpg,9,4,575.0431547164917,812.3909578323364,0.6193382143974304
frame_000090.jpg,9,5,560.5988988876343,840.7636032104492,0.612783670425415
frame_000090.jpg,9,6,591.0350093841553,835.6049404144287,0.6117244362831116
frame_000090.jpg,9,7,560.5988988876343,868.1045160293579,0.48084354400634766
frame_000090.jpg,9,8,605.4792652130127,864.4934520721436,0.4691290855407715
frame_000090.jpg,9,9,543.5753116607666,888.2233009338379,0.3169807493686676
frame_000090.jpg,9,10,592.5826082229614,854.1761264801025,0.23167118430137634
frame_000090.jpg,9,11,567.821026802063,902.1516904830933,0.48965024948120117
frame_000090.jpg,9,12,584.8446140289307,901.1199579238892,0.438109427690506
frame_000090.jpg,9,13,564.7258291244507,941.3575277328491,0.6339409351348877
frame_000090.jpg,9,14,583.2970151901245,939.809928894043,0.5429117679595947
frame_000090.jpg,9,15,571.4320907592773,986.7537603378296,0.6957187652587891
frame_000090.jpg,9,16,593.0984745025635,980.0474987030029,0.577137291431427
frame_000090.jpg,10,0,694.5099155108134,730.5842882990837,0.38169920444488525
frame_000090.jpg,10,1,691.6478505134583,728.0799815654755,0.4171321988105774
frame_000090.jpg,10,2,694.152157386144,728.4377396702766,0.42564964294433594
frame_000090.jpg,10,3,683.0616555213928,731.6575626134872,0.5285912156105042
frame_000090.jpg,10,4,695.2254317601522,730.9420464038849,0.4803698658943176
frame_000090.jpg,10,5,687.3547530174255,749.5454678535461,0.5107532739639282
frame_000090.jpg,10,6,693.7943992614746,750.6187421679497,0.4563472867012024
frame_000090.jpg,10,7,663.3849586645762,744.1790962815285,0.5173220038414001
frame_000090.jpg,10,8,691.6478505134583,774.2307770848274,0.24223989248275757
frame_000090.jpg,10,9,671.9711536566416,741.317031443119,0.2737848460674286
frame_000090.jpg,10,10,692.363366762797,743.4635800719261,0.18131007254123688
frame_000090.jpg,10,11,683.4194136460623,800.3471187353134,0.3693470358848572
frame_000090.jpg,10,12,686.9969948927561,799.6316025257111,0.34185993671417236
frame_000090.jpg,10,13,683.7771717707316,835.76517111063,0.39573514461517334
frame_000090.jpg,10,14,689.5013017654419,835.76517111063,0.3571235239505768
frame_000090.jpg,10,15,683.4194136460623,883.7047571539879,0.3502083122730255
frame_000090.jpg,10,16,688.0702692667643,883.7047571539879,0.34080398082733154
frame_000090.jpg,11,0,78.19713807106018,1024.390433549881,0.8546794056892395
frame_000090.jpg,11,1,76.75668692588806,1017.9084033966064,0.7133311033248901
frame_000090.jpg,11,2,76.75668692588806,1017.9084033966064,0.623763918876648
frame_000090.jpg,11,3,78.19713807106018,1020.0690801143646,0.8976101875305176
frame_000090.jpg,11,4,114.92864227294922,1012.146598815918,0.7375662326812744
frame_000090.jpg,11,5,94.76232624053955,1063.2826144695282,0.6932889223098755
frame_000090.jpg,11,6,132.21405601501465,1045.2769751548767,0.7350077629089355
frame_000090.jpg,11,7,44.34653615951538,1097.853441953659,0.6658601760864258
frame_000090.jpg,11,8,125.73202586174011,1094.2523140907288,0.33879074454307556
frame_000090.jpg,11,9,27.06112241744995,1112.9781789779663,0.41313084959983826
frame_000090.jpg,11,10,94.76232624053955,1113.6984045505524,0.19387617707252502
frame_000090.jpg,11,11,107.72638654708862,1190.0423152446747,0.5516896843910217
frame_000090.jpg,11,12,135.0949583053589,1184.2805106639862,0.5139153003692627
frame_000090.jpg,11,13,99.80390524864197,1264.9457747936249,0.562842071056366
frame_000090.jpg,11,14,131.4938304424286,1264.2255492210388,0.6018562912940979
frame_000090.jpg,11,15,97.64322853088379,1267.106451511383,0.25783106684684753
frame_000090.jpg,11,16,139.41631174087524,1271.4278049468994,0.3697340488433838
frame_000090.jpg,12,0,527.6244316101074,805.3483846187592,0.7677267789840698
frame_000090.jpg,12,1,522.6601634025574,803.8591041564941,0.4824506640434265
frame_000090.jpg,12,2,526.1351511478424,804.3555309772491,0.5336735844612122
frame_000090.jpg,12,3,520.6744561195374,807.8305187225342,0.7873764634132385
frame_000090.jpg,12,4,537.5529680252075,806.3412382602692,0.7598270177841187
frame_000090.jpg,12,5,524.6458706855774,831.6590061187744,0.665364682674408
frame_000090.jpg,12,6,542.0208094120026,830.1697256565094,0.69835364818573
frame_000090.jpg,12,7,526.1351511478424,862.4374690055847,0.5596074461936951
frame_000090.jpg,12,8,551.9493458271027,858.9624812602997,0.5669509172439575
frame_000090.jpg,12,9,510.24949288368225,876.8338468074799,0.3011971116065979
frame_000090.jpg,12,10,547.9779312610626,873.3588590621948,0.3101261556148529
frame_000090.jpg,12,11,524.1494438648224,894.208785533905,0.5368514060974121
frame_000090.jpg,12,12,536.5601143836975,894.208785533905,0.5626119375228882
frame_000090.jpg,12,13,526.1351511478424,942.3621871471405,0.5781104564666748
frame_000090.jpg,12,14,536.5601143836975,940.8729066848755,0.6276465058326721
frame_000090.jpg,12,15,528.6172852516174,991.508442401886,0.6003373265266418
frame_000090.jpg,12,16,537.0565412044525,990.515588760376,0.6764461994171143
frame_000090.jpg,13,0,557.3761900663376,785.0407624840736,0.6824895143508911
frame_000090.jpg,13,1,558.9205154180527,780.7938677668571,0.6884545087814331
frame_000090.jpg,13,2,557.569230735302,780.6008270978928,0.5462499856948853
frame_000090.jpg,13,3,565.097816824913,783.3033964633942,0.5985968112945557
frame_000090.jpg,13,4,582.4714770317078,780.7938677668571,0.3501613140106201
frame_000090.jpg,13,5,576.2941756248474,801.6422600150108,0.3601880967617035
frame_000090.jpg,13,6,589.4209411144257,799.3257719874382,0.36318325996398926
frame_000090.jpg,13,7,551.584969997406,816.1203101873398,0.28609931468963623
frame_000090.jpg,13,8,597.5286492109299,829.247075676918,0.23850174248218536
frame_000090.jpg,13,9,540.7746925354004,798.9396906495094,0.2631031274795532
frame_000090.jpg,13,10,540.7746925354004,814.1899034976959,0.18625694513320923
frame_000090.jpg,13,11,586.5253310799599,847.1998578906059,0.31177660822868347
frame_000090.jpg,13,12,596.3704051971436,847.1998578906059,0.34245604276657104
frame_000090.jpg,13,13,540.7746925354004,847.1998578906059,0.43119266629219055
frame_000090.jpg,13,14,540.7746925354004,847.1998578906059,0.3549431562423706
frame_000090.jpg,13,15,540.7746925354004,847.1998578906059,0.34629666805267334
frame_000090.jpg,13,16,540.7746925354004,847.1998578906059,0.34248489141464233
frame_000090.jpg,14,0,698.1904118855795,732.2342656254768,0.4576150178909302
frame_000090.jpg,14,1,698.5325183868408,728.8132004141808,0.4735887050628662
frame_000090.jpg,14,2,693.7430273691813,729.1553069353104,0.48145097494125366
frame_000090.jpg,14,3,686.2166843414307,732.918478667736,0.49449700117111206
frame_000090.jpg,14,4,688.269323348999,732.5763721466064,0.4602808952331543
frame_000090.jpg,14,5,690.3219623565674,750.0238047242165,0.4582347869873047
frame_000090.jpg,14,6,688.9535363515218,750.3659112453461,0.4362958073616028
frame_000090.jpg,14,7,664.6639747619629,744.2079938650131,0.37617236375808716
frame_000090.jpg,14,8,713.2430979410807,765.4185981750488,0.28477710485458374
frame_000090.jpg,14,9,690.6640688578287,740.786928653717,0.27163171768188477
frame_000090.jpg,14,10,695.7956663767496,740.786928653717,0.2761605381965637
frame_000090.jpg,14,11,687.2430038452148,796.5502915978432,0.32808244228363037
frame_000090.jpg,14,12,686.558790842692,796.5502915978432,0.3389222025871277
frame_000090.jpg,14,13,689.2956428527832,832.8135828375816,0.3983928859233856
frame_000090.jpg,14,14,694.4272403717041,832.8135828375816,0.3525925278663635
frame_000090.jpg,14,15,690.6640688578287,874.5505784153938,0.3553119897842407
frame_000090.jpg,14,16,690.6640688578287,874.5505784153938,0.3562003970146179
frame_000090.jpg,15,0,4.391035795211792,1093.8760211467743,0.38958799839019775
frame_000090.jpg,15,1,11.897324085235596,1081.5442618131638,0.2392571121454239
frame_000090.jpg,15,2,10.288833737373352,1093.3398576974869,0.3269912004470825
frame_000090.jpg,15,3,7.071853041648865,1104.5992901325226,0.44560322165489197
frame_000090.jpg,15,4,4.9271992444992065,1105.6716170310974,0.5864139795303345
frame_000090.jpg,15,5,3.8548723459243774,1139.986077785492,0.4892362952232361
frame_000090.jpg,15,6,30.663044810295105,1120.684193611145,0.5103343725204468
frame_000090.jpg,15,7,37.09700620174408,1096.5568383932114,0.14867006242275238
frame_000090.jpg,15,8,32.80769860744476,1103.5269632339478,0.4123680591583252
frame_000090.jpg,15,9,12.43348753452301,1108.888597726822,0.21100687980651855
frame_000090.jpg,15,10,10.288833737373352,1108.888597726822,0.2752830684185028
frame_000090.jpg,15,11,23.692919969558716,1266.5206518173218,0.4646422863006592
frame_000090.jpg,15,12,67.65832281112671,1259.014363527298,0.50672447681427
frame_000090.jpg,15,13,14.578141331672668,1260.0866904258728,0.14263172447681427
frame_000090.jpg,15,14,30.12688136100769,1190.9216054677963,0.09133060276508331
frame_000090.jpg,15,15,19.4036123752594,1259.014363527298,0.1368371546268463
frame_000090.jpg,15,16,24.22908341884613,1262.2313442230225,0.13037768006324768
frame_000090.jpg,16,0,585.8493363261223,781.3294099569321,0.49665167927742004
frame_000090.jpg,16,1,587.7488433718681,777.7678342461586,0.5049930214881897
frame_000090.jpg,16,2,584.1872676610947,778.9550261497498,0.4402271807193756
frame_000090.jpg,16,3,584.6621444225311,777.7678342461586,0.5119938850402832
frame_000090.jpg,16,4,602.4700229763985,777.7678342461586,0.530792236328125
frame_000090.jpg,16,5,585.1370211839676,797.9500966072083,0.344482958316803
frame_000090.jpg,16,6,605.3192835450172,796.5254663228989,0.41153523325920105
frame_000090.jpg,16,7,604.8444067835808,820.7441811561584,0.188827782869339
frame_000090.jpg,16,8,607.6936673521996,825.4929487705231,0.24204568564891815
frame_000090.jpg,16,9,584.1872676610947,849.4742252230644,0.16357320547103882
frame_000090.jpg,16,10,610.5429279208183,850.1865403652191,0.20435047149658203
frame_000090.jpg,16,11,594.8719947934151,850.1865403652191,0.3155484199523926
frame_000090.jpg,16,12,606.2690370678902,848.999348461628,0.37305185198783875
frame_000090.jpg,16,13,588.2237201333046,867.9944189190865,0.2881752550601959
frame_000090.jpg,16,14,606.0315986871719,867.9944189190865,0.2920496463775635
frame_000090.jpg,16,15,589.648350417614,867.9944189190865,0.2617194652557373
frame_000090.jpg,16,16,606.0315986871719,867.9944189190865,0.24170589447021484
frame_000095.jpg,0,0,665.4875797629356,551.0342343449593,0.7415931224822998
frame_000095.jpg,0,1,662.9877490401268,549.4718401432037,0.5973007082939148
frame_000095.jpg,0,2,667.0499739646912,549.1593613028526,0.7325832843780518
frame_000095.jpg,0,3,661.1128759980202,551.3467131853104,0.8366631269454956
frame_000095.jpg,0,4,671.4246777296066,551.6591920256615,0.8573130369186401
frame_000095.jpg,0,5,653.9258626699448,567.2831340432167,0.9003875255584717
frame_000095.jpg,0,6,677.3617756962776,566.6581763625145,0.8436459302902222
frame_000095.jpg,0,7,652.0509896278381,584.4694702625275,0.8251028656959534
frame_000095.jpg,0,8,687.0486197471619,581.6571606993675,0.8694396018981934
frame_000095.jpg,0,9,654.2383415102959,583.5320337414742,0.6051437854766846
frame_000095.jpg,0,10,676.7368180155754,581.6571606993675,0.7591907978057861
frame_000095.jpg,0,11,659.2380029559135,597.5935815572739,0.7693854570388794
frame_000095.jpg,0,12,671.4246777296066,597.906060397625,0.7361181378364563
frame_000095.jpg,0,13,660.487918317318,621.6544522643089,0.7127335071563721
frame_000095.jpg,0,14,670.7997200489044,629.4664232730865,0.8135865926742554
frame_000095.jpg,0,15,661.4253548383713,631.6537751555443,0.6900488138198853
frame_000095.jpg,0,16,667.9874104857445,653.2148151397705,0.8299056887626648
frame_000095.jpg,1,0,655.8513493537903,879.8148273527622,0.9219213724136353
frame_000095.jpg,1,1,661.0764182408651,876.0147773325443,0.9069674015045166
frame_000095.jpg,1,2,654.4263305664062,875.5397710800171,0.9249909520149231
frame_000095.jpg,1,3,671.0515497525533,878.3898085951805,0.8748471140861511
frame_000095.jpg,1,4,651.1012867291769,876.9647898375988,0.7038757801055908
frame_000095.jpg,1,5,678.1766436894735,901.1901087164879,0.7939317226409912
frame_000095.jpg,1,6,645.876217842102,897.39005869627,0.7979516983032227
frame_000095.jpg,1,7,681.0266812642416,929.2154776155949,0.8278928995132446
frame_000095.jpg,1,8,638.7511239051819,923.0403963327408,0.7905479073524475
frame_000095.jpg,1,9,678.6516499519348,953.440796494484,0.807839572429657
frame_000095.jpg,1,10,633.5260550181071,945.3656902015209,0.7426471710205078
frame_000095.jpg,1,11,666.3014871279398,955.8158277571201,0.6744850277900696
frame_000095.jpg,1,12,647.7762428919474,953.9158027470112,0.6873513460159302
frame_000095.jpg,1,13,664.8764683405558,990.4912841916084,0.7995544075965881
frame_000095.jpg,1,14,645.4012115796407,990.9662904441357,0.8339776992797852
frame_000095.jpg,1,15,662.9764432907104,1022.3167031109333,0.8352144956588745
frame_000095.jpg,1,16,641.1261552174886,1031.3418219089508,0.8687285780906677
frame_000095.jpg,2,0,380.1617588996887,723.577328145504,0.8210347890853882
frame_000095.jpg,2,1,378.5493266582489,721.9648958444595,0.5742316246032715
frame_000095.jpg,2,2,383.9241007963816,722.502373278141,0.6794772148132324
frame_000095.jpg,2,3,367.26230096817017,726.2647153139114,0.8543792963027954
frame_000095.jpg,2,4,386.07401045163476,727.8771476149559,0.8836825489997864
frame_000095.jpg,2,5,356.5127526919047,746.1513803601265,0.8318530321121216
frame_000095.jpg,2,6,386.07401045163476,754.2135418653488,0.8366712331771851
frame_000095.jpg,2,7,339.85095286369324,769.2629100084305,0.8175898790359497
frame_000095.jpg,2,8,371.02464286486304,778.4000263810158,0.7677402496337891
frame_000095.jpg,2,9,351.67545596758526,764.9630905389786,0.5918490290641785
frame_000095.jpg,2,10,386.611487865448,804.1989431977272,0.7620521783828735
frame_000095.jpg,2,11,358.66266234715783,806.8863303661346,0.7392457723617554
frame_000095.jpg,2,12,380.1617588996887,806.8863303661346,0.6994481682777405
frame_000095.jpg,2,13,349.52554631233215,854.1843445301056,0.7512326240539551
frame_000095.jpg,2,14,389.83635234832764,829.4603825807571,0.6115300059318542
frame_000095.jpg,2,15,327.488972345988,888.0454228520393,0.7648425102233887
frame_000095.jpg,2,16,384.9990556240082,872.9960547089577,0.6519637107849121
frame_000095.jpg,3,0,469.60221672058105,837.2790075540543,0.7542635202407837
frame_000095.jpg,3,1,467.193368434906,834.8701592683792,0.6211436986923218
frame_000095.jpg,3,2,475.6243374347687,834.8701592683792,0.44345635175704956
frame_000095.jpg,3,3,468.39779257774353,836.6767954826355,0.838790774345398
frame_000095.jpg,3,4,488.87300300598145,836.6767954826355,0.8217179775238037
frame_000095.jpg,3,5,465.3867322206497,852.3343093395233,0.7722229957580566
frame_000095.jpg,3,6,499.1106082201004,855.9475817680359,0.7429541349411011
frame_000095.jpg,3,7,437.68497693538666,856.5497938394547,0.7715518474578857
frame_000095.jpg,3,8,509.34821343421936,871.002883553505,0.5057618618011475
frame_000095.jpg,3,9,460.5690356492996,843.9033403396606,0.6470680236816406
frame_000095.jpg,3,10,504.53051686286926,841.4944920539856,0.4419028162956238
frame_000095.jpg,3,11,479.8398219347,927.6108182668686,0.5818173885345459
frame_000095.jpg,3,12,501.51945650577545,923.997545838356,0.5836352705955505
frame_000095.jpg,3,13,476.8287615776062,986.6276012659073,0.6010536551475525
frame_000095.jpg,3,14,490.67963922023773,985.4231771230698,0.5649158954620361
frame_000095.jpg,3,15,514.7681220769882,1032.997930765152,0.6942181587219238
frame_000095.jpg,3,16,490.07742714881897,1036.0089911222458,0.5730891823768616
frame_000095.jpg,4,0,384.91958459218347,882.4229946732521,0.4748937487602234
frame_000095.jpg,4,1,384.91958459218347,878.2088240981102,0.4443686604499817
frame_000095.jpg,4,2,381.40777587890625,878.9111858606339,0.44340837001800537
frame_000095.jpg,4,3,374.38415845235187,883.1253564357758,0.5173704028129578
frame_000095.jpg,4,4,382.11013762156165,880.3159093856812,0.42031586170196533
frame_000095.jpg,4,5,375.0865201950073,907.0056563615799,0.5260063409805298
frame_000095.jpg,4,6,405.99043687184655,904.8985710740089,0.5101652145385742
frame_000095.jpg,4,7,339.2660713195801,918.945806324482,0.5841144323348999
frame_000095.jpg,4,8,342.07551829020184,921.7552533745766,0.35149988532066345
frame_000095.jpg,4,9,368.7652645111084,909.8151034116745,0.3717508316040039
frame_000095.jpg,4,10,372.979434967041,914.0292739868164,0.2788700759410858
frame_000095.jpg,4,11,387.0266698201498,998.3126854896545,0.46741580963134766
frame_000095.jpg,4,12,408.79988384246826,996.2056002020836,0.43444329500198364
frame_000095.jpg,4,13,394.0502872467041,1066.4417764544487,0.5442932844161987
frame_000095.jpg,4,14,398.2644577026367,1062.9299676418304,0.5081648230552673
frame_000095.jpg,4,15,396.8597342173258,1128.9519733190536,0.6161222457885742
frame_000095.jpg,4,16,403.18098990122473,1119.8212704062462,0.5642789602279663
frame_000095.jpg,5,0,220.3452467918396,608.5363730192184,0.8155214786529541
frame_000095.jpg,5,1,218.93480889002484,607.1259351968765,0.5898813009262085
frame_000095.jpg,5,2,222.1082941691081,606.4207162857056,0.6672729253768921
frame_000095.jpg,5,3,216.11393308639526,610.2994202971458,0.8068737983703613
frame_000095.jpg,5,4,224.92916997273767,608.5363730192184,0.8510162234306335
frame_000095.jpg,5,5,209.76696252822876,627.5772836208344,0.890360951423645
frame_000095.jpg,5,6,233.39179738362628,622.9933606982231,0.8208390474319458
frame_000095.jpg,5,7,206.94608672459918,644.8551469445229,0.8524377346038818
frame_000095.jpg,5,8,239.3861584663391,640.9764429330826,0.6660594344139099
frame_000095.jpg,5,9,218.22958993911743,637.8029578328133,0.651240885257721
frame_000095.jpg,5,10,246.7909574508667,650.144288778305,0.5372345447540283
frame_000095.jpg,5,11,221.75568469365436,665.6591048240662,0.7447009086608887
frame_000095.jpg,5,12,234.44962580998737,664.2486670017242,0.7354097366333008
frame_000095.jpg,5,13,226.6922173500061,699.1570031046867,0.7527393102645874
frame_000095.jpg,5,14,246.0857384999593,688.2261099815369,0.7454158067703247
frame_000095.jpg,5,15,227.39743630091345,728.776197373867,0.83344566822052
frame_000095.jpg,5,16,232.68657843271893,684.3474059700966,0.7206255197525024
frame_000095.jpg,6,0,502.92386543750763,559.4605830907822,0.75477534532547
frame_000095.jpg,6,1,501.116952419281,557.95482224226,0.52604740858078
frame_000095.jpg,6,2,505.0319306254387,557.3525179028511,0.7059766054153442
frame_000095.jpg,6,3,498.10543072223663,561.2674961090088,0.7658247947692871
frame_000095.jpg,6,4,507.13999581336975,560.3640395998955,0.84586501121521
frame_000095.jpg,6,5,493.5881481766701,575.7228002548218,0.8525367975234985
frame_000095.jpg,6,6,511.95843052864075,574.8193437457085,0.8086025714874268
frame_000095.jpg,6,7,487.56510478258133,593.1896260976791,0.7316371202468872
frame_000095.jpg,6,8,522.498756468296,587.7688870429993,0.6322718858718872
frame_000095.jpg,6,9,492.3835394978523,599.2126694917679,0.5188075304031372
frame_000095.jpg,6,10,527.317191183567,591.9850174188614,0.6400973796844482
frame_000095.jpg,6,11,496.9008220434189,607.6449302434921,0.725943386554718
frame_000095.jpg,6,12,509.2480610013008,607.6449302434921,0.7317143678665161
frame_000095.jpg,6,13,497.8042785525322,635.9532341957092,0.6204049587249756
frame_000095.jpg,6,14,513.1630392074585,633.5440168380737,0.7959561944007874
frame_000095.jpg,6,15,498.10543072223663,623.9071474075317,0.6073235273361206
frame_000095.jpg,6,16,511.6572783589363,658.539646923542,0.8045957088470459
frame_000095.jpg,7,0,602.7880203723907,770.5413439273834,0.7030534148216248
frame_000095.jpg,7,1,603.7888753414154,766.5379240512848,0.6635808944702148
frame_000095.jpg,7,2,605.2901577949524,766.0374965667725,0.6301459074020386
frame_000095.jpg,7,3,607.792295217514,767.0383515357971,0.7532863020896912
frame_000095.jpg,7,4,620.8034098148346,766.0374965667725,0.6719589233398438
frame_000095.jpg,7,5,619.3021273612976,791.5592982769012,0.7296960353851318
frame_000095.jpg,7,6,621.3038372993469,787.5558784008026,0.6241459846496582
frame_000095.jpg,7,7,622.8051197528839,822.0853748321533,0.714159369468689
frame_000095.jpg,7,8,619.8025548458099,815.579817533493,0.4527522921562195
frame_000095.jpg,7,9,598.2841730117798,821.584947347641,0.6777453422546387
frame_000095.jpg,7,10,603.7888753414154,822.0853748321533,0.3577379882335663
frame_000095.jpg,7,11,620.3029823303223,847.6071765422821,0.5859037041664124
frame_000095.jpg,7,12,619.3021273612976,846.1058940887451,0.47069424390792847
frame_000095.jpg,7,13,619.3021273612976,893.146077632904,0.6148571968078613
frame_000095.jpg,7,14,621.8042647838593,892.1452226638794,0.524878740310669
frame_000095.jpg,7,15,624.3064022064209,936.1828413009644,0.6689438223838806
frame_000095.jpg,7,16,623.8059747219086,933.1802763938904,0.5924848914146423
frame_000095.jpg,8,0,260.64599150419235,569.1907899975777,0.854580283164978
frame_000095.jpg,8,1,258.8209324479103,568.2782604694366,0.609666645526886
frame_000095.jpg,8,2,261.8626975417137,567.0615544319153,0.5989627242088318
frame_000095.jpg,8,3,256.6916968822479,570.407496035099,0.8524183034896851
frame_000095.jpg,8,4,265.81699216365814,570.1033195257187,0.8000119924545288
frame_000095.jpg,8,5,252.7374022603035,582.5745564103127,0.809617817401886
frame_000095.jpg,8,6,274.94228744506836,582.5745564103127,0.8596929311752319
frame_000095.jpg,8,7,236.00769424438477,590.7873221635818,0.7161620855331421
frame_000095.jpg,8,8,282.8508766889572,602.0418530106544,0.7925127148628235
frame_000095.jpg,8,9,224.44898688793182,597.4792053699493,0.7168112993240356
frame_000095.jpg,8,10,279.8091115951538,615.1214429140091,0.7837305068969727
frame_000095.jpg,8,11,256.99587339162827,614.2089133858681,0.7658981084823608
frame_000095.jpg,8,12,271.5963458418846,614.8172664046288,0.752840518951416
frame_000095.jpg,8,13,263.9919331073761,646.1474468708038,0.7717512845993042
frame_000095.jpg,8,14,267.6420512199402,647.0599763989449,0.68999183177948
frame_000095.jpg,8,15,270.0754632949829,672.0024501681328,0.8500394821166992
frame_000095.jpg,8,16,251.82487273216248,638.5430341362953,0.7044956684112549
frame_000095.jpg,9,0,527.7683156728745,817.0299423933029,0.681211531162262
frame_000095.jpg,9,1,527.7683156728745,812.9473437070847,0.6158372759819031
frame_000095.jpg,9,2,527.2579908370972,813.4576685428619,0.42094582319259644
frame_000095.jpg,9,3,532.36123919487,818.0505920648575,0.6659764051437378
frame_000095.jpg,9,4,552.263907790184,814.4783182144165,0.5653044581413269
frame_000095.jpg,9,5,543.0780607461929,842.546184182167,0.6073089241981506
frame_000095.jpg,9,6,567.5736528635025,837.9532606601715,0.5807932019233704
frame_000095.jpg,9,7,540.0161117315292,874.6966488361359,0.4309682250022888
frame_000095.jpg,9,8,584.9246972799301,867.5521011352539,0.42534154653549194
frame_000095.jpg,9,9,523.6857169866562,893.5786677598953,0.3268352150917053
frame_000095.jpg,9,10,572.166576385498,862.9591776132584,0.18307556211948395
frame_000095.jpg,9,11,550.7329332828522,906.8471134901047,0.4429561495780945
frame_000095.jpg,9,12,571.1459267139435,904.8058141469955,0.37901830673217773
frame_000095.jpg,9,13,541.5470862388611,945.6318010091782,0.6217104196548462
frame_000095.jpg,9,14,563.4910541772842,944.1008265018463,0.5080093145370483
frame_000095.jpg,9,15,551.2432581186295,992.0713610649109,0.6944632530212402
frame_000095.jpg,9,16,571.6562515497208,984.4164885282516,0.5307646989822388
frame_000095.jpg,10,0,57.40405114491779,1028.2547127008438,0.8448604345321655
frame_000095.jpg,10,1,55.970168113708496,1021.8022394180298,0.7099907398223877
frame_000095.jpg,10,2,55.970168113708496,1021.8022394180298,0.6519421935081482
frame_000095.jpg,10,3,57.40405114491779,1025.386946797371,0.882638692855835
frame_000095.jpg,10,4,93.96806844075522,1016.7836490869522,0.7649707794189453
frame_000095.jpg,10,5,76.7614720662435,1066.969552397728,0.672478973865509
frame_000095.jpg,10,6,109.74078178405762,1048.3290740251541,0.7237591743469238
frame_000095.jpg,10,7,22.273916880289732,1103.5335676670074,0.614200234413147
frame_000095.jpg,10,8,104.72219117482504,1104.2505091428757,0.329976886510849
frame_000095.jpg,10,9,7.935086568196596,1119.3062801361084,0.4705924391746521
frame_000095.jpg,10,10,77.47841358184814,1126.4756948947906,0.20969612896442413
frame_000095.jpg,10,11,88.23253631591797,1193.8681936264038,0.5558266639709473
frame_000095.jpg,10,12,115.47631390889487,1185.9818373918533,0.49994394183158875
frame_000095.jpg,10,13,72.45982297261557,1268.4301071166992,0.579174816608429
frame_000095.jpg,10,14,109.74078178405762,1266.9962241649628,0.5727665424346924
frame_000095.jpg,10,15,74.61064751942953,1266.2792826890945,0.25884339213371277
frame_000095.jpg,10,16,115.47631390889487,1270.580931544304,0.3267529606819153
frame_000095.jpg,11,0,675.777349948883,735.4606895446777,0.4921211004257202
frame_000095.jpg,11,1,675.777349948883,732.7488617897034,0.496946781873703
frame_000095.jpg,11,2,673.452926158905,732.361457824707,0.4896538257598877
frame_000095.jpg,11,3,663.3804230690002,736.2354974746704,0.5546038746833801
frame_000095.jpg,11,4,667.2544627189636,734.2984776496887,0.5495253801345825
frame_000095.jpg,11,5,667.2544627189636,753.2812719345093,0.5947549343109131
frame_000095.jpg,11,6,673.8403301239014,752.5064640045166,0.5216571092605591
frame_000095.jpg,11,7,643.2354168891907,748.6324243545532,0.5991133451461792
frame_000095.jpg,11,8,670.3536944389343,775.3632979393005,0.27588555216789246
frame_000095.jpg,11,9,645.5598406791687,746.6954045295715,0.3636171519756317
frame_000095.jpg,11,10,656.7945556640625,747.8576164245605,0.2024393081665039
frame_000095.jpg,11,11,662.6056151390076,802.4815754890442,0.4706457257270813
frame_000095.jpg,11,12,667.2544627189636,802.0941715240479,0.40925905108451843
frame_000095.jpg,11,13,662.9930191040039,838.5101442337036,0.468624472618103
frame_000095.jpg,11,14,669.5788865089417,839.2849521636963,0.4102875590324402
frame_000095.jpg,11,15,664.1552309989929,871.052077293396,0.3868184983730316
frame_000095.jpg,11,16,671.9033102989197,870.6646733283997,0.3951461911201477
frame_000095.jpg,12,0,713.4680271148682,853.887819647789,0.8475509881973267
frame_000095.jpg,12,1,717.7003622055054,850.7135683298111,0.8245097398757935
frame_000095.jpg,12,2,712.9389852285385,850.1845264434814,0.8288486003875732
frame_000095.jpg,12,3,725.6359905004501,853.3587777614594,0.7255808115005493
frame_000095.jpg,12,4,710.8228176832199,852.8297358751297,0.7560086250305176
frame_000095.jpg,12,5,718.7584459781647,876.1075788736343,0.6543302536010742
frame_000095.jpg,12,6,709.235692024231,872.9333275556564,0.7818190455436707
frame_000095.jpg,12,7,712.9389852285385,911.0243433713913,0.5060140490531921
frame_000095.jpg,12,8,704.4743150472641,907.8500920534134,0.691588282585144
frame_000095.jpg,12,9,715.0551527738571,932.1860188245773,0.3361016511917114
frame_000095.jpg,12,10,697.067728638649,931.6569769382477,0.6498052477836609
frame_000095.jpg,12,11,717.7003622055054,942.7668565511703,0.5907994508743286
frame_000095.jpg,12,12,713.4680271148682,942.2378146648407,0.6310149431228638
frame_000095.jpg,12,13,715.5841946601868,989.3225425481796,0.6239665150642395
frame_000095.jpg,12,14,713.9970690011978,989.3225425481796,0.7280988693237305
frame_000095.jpg,12,15,718.229404091835,1032.703977227211,0.7168121337890625
frame_000095.jpg,12,16,716.6422784328461,1031.6458934545517,0.8222569227218628
frame_000095.jpg,13,0,509.0720647176107,810.4754551649094,0.6566327214241028
frame_000095.jpg,13,1,503.5267216364542,808.9630889296532,0.3940841555595398
frame_000095.jpg,13,2,510.08030891418457,809.9713330864906,0.4529225826263428
frame_000095.jpg,13,3,501.00611114501953,811.4836993217468,0.7324023246765137
frame_000095.jpg,13,4,517.6421403884888,811.4836993217468,0.6793872714042664
frame_000095.jpg,13,5,504.0308437347412,835.681559085846,0.6123940944671631
frame_000095.jpg,13,6,518.1462624867758,834.6733149290085,0.6214549541473389
frame_000095.jpg,13,7,505.54321002960205,866.9371279478073,0.517113208770752
frame_000095.jpg,13,8,527.7245823542277,865.4247617125511,0.48387598991394043
frame_000095.jpg,13,9,494.9566459655762,892.1432318687439,0.29198795557022095
frame_000095.jpg,13,10,524.699849764506,888.6143773198128,0.34844517707824707
frame_000095.jpg,13,11,508.06382052103675,899.2009409666061,0.5012512803077698
frame_000095.jpg,13,12,512.0967973073324,899.2009409666061,0.530937671661377
frame_000095.jpg,13,13,514.6174077987671,946.5884163379669,0.5809675455093384
frame_000095.jpg,13,14,514.6174077987671,946.5884163379669,0.6035373210906982
frame_000095.jpg,13,15,513.1050415039062,991.9594033956528,0.5716122388839722
frame_000095.jpg,13,16,516.6338961919149,991.9594033956528,0.6024607419967651
frame_000095.jpg,14,0,536.3604798316956,787.6779906153679,0.623375415802002
frame_000095.jpg,14,1,538.1354703903198,784.3498833179474,0.6241039037704468
frame_000095.jpg,14,2,537.6917227506638,783.6842618584633,0.45561903715133667
frame_000095.jpg,14,3,544.7916849851608,786.1248738765717,0.5677400827407837
frame_000095.jpg,14,4,562.3197167515755,784.7936309576035,0.32858806848526
frame_000095.jpg,14,5,557.6603665351868,805.6497700214386,0.4192523956298828
frame_000095.jpg,14,6,567.4228146076202,802.3216627240181,0.3946229815483093
frame_000095.jpg,14,7,533.2542463541031,826.2840352654457,0.3453032970428467
frame_000095.jpg,14,8,535.9167321920395,826.2840352654457,0.15980017185211182
frame_000095.jpg,14,9,532.1448772549629,803.4310318231583,0.2194327712059021
frame_000095.jpg,14,10,530.8136343359947,825.6184138059616,0.13798832893371582
frame_000095.jpg,14,11,565.4259502291679,864.8900799155235,0.35560742020606995
frame_000095.jpg,14,12,574.7446506619453,864.8900799155235,0.3585215210914612
frame_000095.jpg,14,13,525.71053647995,845.1433099508286,0.3841400444507599
frame_000095.jpg,14,14,528.1511484980583,845.8089314103127,0.36057668924331665
frame_000095.jpg,14,15,513.2856025695801,864.8900799155235,0.3498372435569763
frame_000095.jpg,14,16,513.2856025695801,864.8900799155235,0.32870957255363464
frame_000095.jpg,15,0,562.9929533004761,781.3442301750183,0.6621158123016357
frame_000095.jpg,15,1,564.6548607349396,778.2973998785019,0.7194502353668213
frame_000095.jpg,15,2,562.1619995832443,778.8513690233231,0.5811052322387695
frame_000095.jpg,15,3,567.1477218866348,780.7902610301971,0.6372490525245667
frame_000095.jpg,15,4,580.7199659347534,780.7902610301971,0.5757315158843994
frame_000095.jpg,15,5,568.5326447486877,801.8410885334015,0.44086629152297974
frame_000095.jpg,15,6,584.5977499485016,799.6252119541168,0.504416823387146
frame_000095.jpg,15,7,567.9786756038666,831.7554223537445,0.2358183115720749
frame_000095.jpg,15,8,587.3675956726074,831.4784377813339,0.2904471755027771
frame_000095.jpg,15,9,561.3310458660126,856.9610184431076,0.21793074905872345
frame_000095.jpg,15,10,590.6914105415344,856.1300647258759,0.2702922821044922
frame_000095.jpg,15,11,578.5040893554688,853.36021900177,0.4190269708633423
frame_000095.jpg,15,12,587.3675956726074,851.4213269948959,0.45528578758239746
frame_000095.jpg,15,13,574.0723361968994,890.7531362771988,0.3449305593967438
frame_000095.jpg,15,14,588.4755339622498,890.7531362771988,0.39076459407806396
frame_000095.jpg,15,15,589.0295031070709,890.7531362771988,0.2890162467956543
frame_000095.jpg,15,16,590.1374413967133,890.7531362771988,0.33020246028900146
frame_000095.jpg,16,0,677.4446824789047,734.6286317110062,0.43050652742385864
frame_000095.jpg,16,1,677.0764145851135,732.0507564544678,0.4487091302871704
frame_000095.jpg,16,2,672.6571998596191,731.6824885606766,0.45923951268196106
frame_000095.jpg,16,3,664.1870383024216,736.4699711799622,0.5117037296295166
frame_000095.jpg,16,4,670.447592496872,734.9968996047974,0.460046648979187
frame_000095.jpg,16,5,669.3427888154984,754.1468300819397,0.5123675465583801
frame_000095.jpg,16,6,677.0764145851135,753.7785621881485,0.44865232706069946
frame_000095.jpg,16,7,644.3005720376968,748.6228116750717,0.4576602280139923
frame_000095.jpg,16,8,689.5975229740143,771.455421090126,0.26482948660850525
frame_000095.jpg,16,9,647.6149830818176,746.4132043123245,0.27987465262413025
frame_000095.jpg,16,10,682.2321650981903,779.1890468597412,0.16978372633457184
frame_000095.jpg,16,11,666.76491355896,805.7043352127075,0.40407657623291016
frame_000095.jpg,16,12,668.606253027916,805.7043352127075,0.3524688482284546
frame_000095.jpg,16,13,669.3427888154984,844.7407319545746,0.48450469970703125
frame_000095.jpg,16,14,671.5523961782455,845.1089998483658,0.42650237679481506
frame_000095.jpg,16,15,674.8668072223663,880.8309855461121,0.4462270140647888
frame_000095.jpg,16,16,674.1302714347839,880.0944497585297,0.4032992720603943
frame_000095.jpg,17,0,536.9243130087852,788.2770656347275,0.5259525179862976
frame_000095.jpg,17,1,539.4253897666931,784.9422966241837,0.5509697198867798
frame_000095.jpg,17,2,537.4801078438759,783.5528095364571,0.42839229106903076
frame_000095.jpg,17,3,545.2612355351448,787.7212707996368,0.4531347155570984
frame_000095.jpg,17,4,560.267696082592,784.6643992066383,0.252525269985199
frame_000095.jpg,17,5,560.5455935001373,804.6730132699013,0.2829955816268921
frame_000095.jpg,17,6,582.2215920686722,800.5045520067215,0.26420825719833374
frame_000095.jpg,17,7,537.4801078438759,828.850088596344,0.21157342195510864
frame_000095.jpg,17,8,579.442617893219,829.9616782665253,0.1412966549396515
frame_000095.jpg,17,9,532.4779543280602,805.2288081049919,0.12709462642669678
frame_000095.jpg,17,10,533.3116465806961,828.850088596344,0.06467533111572266
frame_000095.jpg,17,11,577.2194385528564,853.0271639227867,0.33178725838661194
frame_000095.jpg,17,12,585.0005662441254,852.7492665052414,0.3379999101161957
frame_000095.jpg,17,13,566.381439268589,888.5980333685875,0.21748237311840057
frame_000095.jpg,17,14,568.3267211914062,888.5980333685875,0.22264133393764496
frame_000095.jpg,17,15,547.4844148755074,888.5980333685875,0.26367729902267456
frame_000095.jpg,17,16,588.0574378371239,888.5980333685875,0.21536487340927124
frame_000100.jpg,0,0,255.80285608768463,594.2592508792877,0.8829172849655151
frame_000100.jpg,0,1,255.80285608768463,593.055588722229,0.6256314516067505
frame_000100.jpg,0,2,256.1037716269493,593.055588722229,0.6292233467102051
frame_000100.jpg,0,3,251.8909540772438,595.7638285756111,0.6620823740959167
frame_000100.jpg,0,4,260.6175047159195,595.1619974970818,0.7814792394638062
frame_000100.jpg,0,5,247.6781365275383,609.3050278425217,0.9025353789329529
frame_000100.jpg,0,6,267.5385621190071,609.3050278425217,0.8433643579483032
frame_000100.jpg,0,7,243.16440343856812,626.4572135806084,0.8703933954238892
frame_000100.jpg,0,8,266.6358155012131,624.0498892664909,0.795538067817688
frame_000100.jpg,0,9,253.99736285209656,625.2535514235497,0.6779788732528687
frame_000100.jpg,0,10,277.4687749147415,629.4663689732552,0.770878791809082
frame_000100.jpg,0,11,253.09461623430252,644.5121459364891,0.7234269380569458
frame_000100.jpg,0,12,265.43215334415436,643.6093993186951,0.7134013772010803
frame_000100.jpg,0,13,254.59919393062592,678.8165174126625,0.6791021823883057
frame_000100.jpg,0,14,274.15870398283005,672.7982066273689,0.7809165716171265
frame_000100.jpg,0,15,244.9698966741562,665.275318145752,0.7299129962921143
frame_000100.jpg,0,16,279.87609922885895,697.7741963863373,0.8638394474983215
frame_000100.jpg,1,0,436.30748224258423,701.7692802548409,0.8676462173461914
frame_000100.jpg,1,1,436.7290471394857,697.5536314845085,0.6471558809280396
frame_000100.jpg,1,2,440.52313121159875,698.396761238575,0.7179031372070312
frame_000100.jpg,1,3,425.3467949231466,702.1908451318741,0.8490872383117676
frame_000100.jpg,1,4,444.3172152837118,703.0339748859406,0.8842673301696777
frame_000100.jpg,1,5,413.542977809906,722.8475241065025,0.8161048889160156
frame_000100.jpg,1,6,449.79755894343054,734.2297757863998,0.7891502380371094
frame_000100.jpg,1,7,391.2000382741292,744.7688977122307,0.8887958526611328
frame_000100.jpg,1,8,458.2288568814596,765.8471415638924,0.8537369966506958
frame_000100.jpg,1,9,394.5725574493408,768.3765308260918,0.8584840297698975
frame_000100.jpg,1,10,469.1895442008972,763.7393171787262,0.8858441114425659
frame_000100.jpg,1,11,417.75862677892053,783.5528663992882,0.7063431143760681
frame_000100.jpg,1,12,435.0427875518799,783.5528663992882,0.6928574442863464
frame_000100.jpg,1,13,424.50366512934363,815.5917970538139,0.5443282127380371
frame_000100.jpg,1,14,429.14087899525964,829.0818731188774,0.7451481819152832
frame_000100.jpg,1,15,414.38610760370887,813.0624077916145,0.4114025831222534
frame_000100.jpg,1,16,421.97427574793494,862.8070632815361,0.6682021617889404
frame_000100.jpg,2,0,284.94064182043076,556.846764922142,0.7918747663497925
frame_000100.jpg,2,1,284.3838992714882,555.1765372753143,0.5310628414154053
frame_000100.jpg,2,2,286.33249819278717,555.1765372753143,0.597737729549408
frame_000100.jpg,2,3,281.0434439778328,557.9602500200272,0.7702176570892334
frame_000100.jpg,2,4,290.22969603538513,557.1251361966133,0.7951520681381226
frame_000100.jpg,2,5,274.6409046649933,571.3220711946487,0.8163151741027832
frame_000100.jpg,2,6,292.1782949566841,568.8167297244072,0.7809832096099854
frame_000100.jpg,2,7,268.79510790109634,586.0757487416267,0.811540961265564
frame_000100.jpg,2,8,296.35386407375336,579.6732094287872,0.6600959300994873
frame_000100.jpg,2,9,278.53810250759125,581.9001796245575,0.5995056629180908
frame_000100.jpg,2,10,306.6536012291908,591.6431742310524,0.7445145845413208
frame_000100.jpg,2,11,280.20833015441895,601.107797563076,0.6879104971885681
frame_000100.jpg,2,12,292.7350375056267,600.2726837396622,0.6698043346405029
frame_000100.jpg,2,13,274.6409046649933,625.8828409910202,0.6274669766426086
frame_000100.jpg,2,14,297.4673491716385,622.2640144228935,0.771345853805542
frame_000100.jpg,2,15,269.3518504500389,648.7092854976654,0.5569565296173096
frame_000100.jpg,2,16,298.30246299505234,648.1525429487228,0.8399981260299683
frame_000100.jpg,3,0,695.5848218202591,865.4231388568878,0.9342249631881714
frame_000100.jpg,3,1,701.2013257741928,862.614886879921,0.8732922077178955
frame_000100.jpg,3,2,695.5848218202591,861.4915860891342,0.9213162660598755
frame_000100.jpg,3,3,712.9959840774536,867.6697404384613,0.8973568081855774
frame_000100.jpg,3,4,693.899870634079,864.2998380661011,0.6220865249633789
frame_000100.jpg,3,5,720.8590896129608,892.3823578357697,0.7574784755706787
frame_000100.jpg,3,6,688.2833666801453,886.2042034864426,0.7962788343429565
frame_000100.jpg,3,7,723.1056911945343,924.9580807685852,0.5923858284950256
frame_000100.jpg,3,8,678.1736595630646,920.4648776054382,0.7506381273269653
frame_000100.jpg,3,9,719.1741384267807,943.4925438165665,0.5060051083564758
frame_000100.jpg,3,10,668.6256028413773,945.73914539814,0.6688240766525269
frame_000100.jpg,3,11,710.1877321004868,959.2187548875809,0.680586576461792
frame_000100.jpg,3,12,693.3382202386856,956.9721533060074,0.6781538724899292
frame_000100.jpg,3,13,701.2013257741928,1003.5891361236572,0.7553948163986206
frame_000100.jpg,3,14,695.0231714248657,1000.7808841466904,0.706937849521637
frame_000100.jpg,3,15,696.7081226110458,1055.2609724998474,0.825695812702179
frame_000100.jpg,3,16,702.8862769603729,1035.6032086610794,0.6774587035179138
frame_000100.jpg,4,0,634.0106098651886,887.1249414384365,0.9283459186553955
frame_000100.jpg,4,1,638.6797651449839,883.3896172940731,0.8809274435043335
frame_000100.jpg,4,2,631.2091166973114,883.3896172940731,0.9407944679260254
frame_000100.jpg,4,3,646.1504135926565,886.6580259203911,0.8534669876098633
frame_000100.jpg,4,4,626.0730458895365,885.7241948843002,0.7935014963150024
frame_000100.jpg,4,5,652.6872309843699,908.1361397504807,0.7992324233055115
frame_000100.jpg,4,6,620.9369750817617,904.4008156061172,0.7962896823883057
frame_000100.jpg,4,7,657.3563862641653,936.1510708332062,0.8084408640861511
frame_000100.jpg,4,8,614.4001576900482,931.0150001347065,0.802203357219696
frame_000100.jpg,4,9,656.4225552082062,960.8975932896137,0.749683678150177
frame_000100.jpg,4,10,610.1979179382324,952.9600294828415,0.7564584612846375
frame_000100.jpg,4,11,642.8820048967997,961.3645088076591,0.6479260921478271
frame_000100.jpg,4,12,621.8708061377207,959.029931217432,0.682286262512207
frame_000100.jpg,4,13,642.4150893688202,1001.0523278415203,0.7405909299850464
frame_000100.jpg,4,14,623.2715527216593,1000.5854123234749,0.8213050961494446
frame_000100.jpg,4,15,645.2165825366974,1020.1958640813828,0.8181400299072266
frame_000100.jpg,4,16,622.8046371936798,1038.8724848031998,0.8709882497787476
frame_000100.jpg,5,0,459.1440095901489,839.3101687431335,0.7322806119918823
frame_000100.jpg,5,1,457.94022703170776,836.3007123470306,0.6201690435409546
frame_000100.jpg,5,2,468.7742700576782,837.5044949054718,0.439113587141037
frame_000100.jpg,5,3,459.1440095901489,839.9120600223541,0.839417576789856
frame_000100.jpg,5,4,479.6083130836487,839.9120600223541,0.7936215400695801
frame_000100.jpg,5,5,453.1250967979431,855.5612332820892,0.7705097198486328
frame_000100.jpg,5,6,486.2291171550751,858.5706896781921,0.7311536073684692
frame_000100.jpg,5,7,421.2248589992523,858.5706896781921,0.7498376369476318
frame_000100.jpg,5,8,488.6366822719574,848.9404292106628,0.40173572301864624
frame_000100.jpg,5,9,447.1061840057373,838.708277463913,0.5940739512443542
frame_000100.jpg,5,10,463.357248544693,838.1063861846924,0.31259778141975403
frame_000100.jpg,5,11,467.57048749923706,930.7976431846619,0.5776650905609131
frame_000100.jpg,5,12,491.0442473888397,925.9825129508972,0.5872042775154114
frame_000100.jpg,5,13,466.9685962200165,989.1810972690582,0.6330054998397827
frame_000100.jpg,5,14,483.21966075897217,985.5697495937347,0.579350471496582
frame_000100.jpg,5,15,501.2763991355896,1036.1286170482635,0.7045028805732727
frame_000100.jpg,5,16,476.5988566875458,1037.3323996067047,0.5629259943962097
frame_000100.jpg,6,0,42.48570537567139,1031.3355934619904,0.8091479539871216
frame_000100.jpg,6,1,40.36846613883972,1025.6896221637726,0.7208724021911621
frame_000100.jpg,6,2,40.36846613883972,1025.6896221637726,0.6255009174346924
frame_000100.jpg,6,3,42.48570537567139,1029.924100637436,0.8594727516174316
frame_000100.jpg,6,4,79.18451881408691,1019.3379044532776,0.745025634765625
frame_000100.jpg,6,5,59.42361927032471,1072.2688853740692,0.6575168371200562
frame_000100.jpg,6,6,92.59370064735413,1054.6252250671387,0.6836670637130737
frame_000100.jpg,6,7,5.786891937255859,1108.9676988124847,0.6107968091964722
frame_000100.jpg,6,8,94.00519347190857,1108.2619524002075,0.3202453851699829
frame_000100.jpg,6,9,5.786891937255859,1108.2619524002075,0.31896910071372986
frame_000100.jpg,6,10,62.952351331710815,1128.728598356247,0.18077713251113892
frame_000100.jpg,6,11,74.95004034042358,1201.4204788208008,0.5639123916625977
frame_000100.jpg,6,12,95.41668629646301,1196.4802539348602,0.5021699666976929
frame_000100.jpg,6,13,62.952351331710815,1271.2893736362457,0.5651745796203613
frame_000100.jpg,6,14,94.00519347190857,1270.5836272239685,0.5626136660575867
frame_000100.jpg,6,15,62.246604919433594,1266.3491487503052,0.2334374636411667
frame_000100.jpg,6,16,98.2396719455719,1272.7008664608002,0.2897099554538727
frame_000100.jpg,7,0,653.4897202253342,543.5795658826828,0.8481095433235168
frame_000100.jpg,7,1,652.367714047432,542.177058160305,0.5412951111793518
frame_000100.jpg,7,2,654.892227947712,542.177058160305,0.7364548444747925
frame_000100.jpg,7,3,648.4406924247742,544.701572060585,0.8339946866035461
frame_000100.jpg,7,4,658.2582464814186,544.9820736050606,0.8788124322891235
frame_000100.jpg,7,5,643.6721661686897,559.0071508288383,0.8535996675491333
frame_000100.jpg,7,6,664.7097820043564,558.7266492843628,0.8190228939056396
frame_000100.jpg,7,7,642.269658446312,572.1907234191895,0.7475103139877319
frame_000100.jpg,7,8,671.4418190717697,573.5932311415672,0.8315513134002686
frame_000100.jpg,7,9,638.0621352791786,575.2762404084206,0.6354999542236328
frame_000100.jpg,7,10,663.026772737503,571.9102218747139,0.6005116701126099
frame_000100.jpg,7,11,649.2821970582008,586.4963021874428,0.73993319272995
frame_000100.jpg,7,12,660.502258837223,585.6547975540161,0.7473859786987305
frame_000100.jpg,7,13,650.4042032361031,614.2659550905228,0.7777568697929382
frame_000100.jpg,7,14,662.7462711930275,614.8269581794739,0.6840501427650452
frame_000100.jpg,7,15,653.4897202253342,639.7915956377983,0.8251239061355591
frame_000100.jpg,7,16,661.3437634706497,615.387961268425,0.5806043148040771
frame_000100.jpg,8,0,494.32245421409607,549.4860327839851,0.8073664307594299
frame_000100.jpg,8,1,493.803719162941,547.6704601049423,0.5521150231361389
frame_000100.jpg,8,2,495.87865936756134,547.4110925793648,0.6487699747085571
frame_000100.jpg,8,3,490.4319413304329,550.5235028862953,0.7752802968025208
frame_000100.jpg,8,4,499.509804725647,550.0047678351402,0.7991704940795898
frame_000100.jpg,8,5,488.8757361769676,563.4918791651726,0.7857297658920288
frame_000100.jpg,8,6,506.5127279162407,561.9356740117073,0.806332528591156
frame_000100.jpg,8,7,486.28206092119217,575.6821528673172,0.7148542404174805
frame_000100.jpg,8,8,515.8499588370323,576.9789904952049,0.7826882004737854
frame_000100.jpg,8,9,477.46356505155563,581.3882384300232,0.7473090887069702
frame_000100.jpg,8,10,506.5127279162407,578.5351956486702,0.5149382948875427
frame_000100.jpg,8,11,494.32245421409607,589.9473667740822,0.7290835976600647
frame_000100.jpg,8,12,505.9939928650856,588.909896671772,0.7368171215057373
frame_000100.jpg,8,13,497.17549699544907,615.1060167551041,0.7243752479553223
frame_000100.jpg,8,14,506.77209544181824,616.6622219085693,0.7139354944229126
frame_000100.jpg,8,15,500.8066423535347,635.5960512757301,0.7233142256736755
frame_000100.jpg,8,16,503.40031760931015,614.3279141783714,0.6296929121017456
frame_000100.jpg,9,0,512.6700973510742,822.2010034322739,0.6857609748840332
frame_000100.jpg,9,1,512.1614903211594,818.132147192955,0.624244213104248
frame_000100.jpg,9,2,512.6700973510742,817.6235401630402,0.43092483282089233
frame_000100.jpg,9,3,517.7561676502228,822.7096104621887,0.7074568867683411
frame_000100.jpg,9,4,539.1176629066467,818.132147192955,0.5501301288604736
frame_000100.jpg,9,5,527.9283082485199,847.1227478981018,0.6187351942062378
frame_000100.jpg,9,6,556.4103019237518,842.5452846288681,0.56950843334198
frame_000100.jpg,9,7,528.4369152784348,877.6391696929932,0.42898398637771606
frame_000100.jpg,9,8,571.6685128211975,871.0272783041,0.4640597105026245
frame_000100.jpg,9,9,514.7045254707336,893.4059876203537,0.2922923266887665
frame_000100.jpg,9,10,563.022193312645,869.5014572143555,0.21071040630340576
frame_000100.jpg,9,11,541.1520910263062,909.1728055477142,0.45692211389541626
frame_000100.jpg,9,12,565.0566214323044,905.6125563383102,0.4128188490867615
frame_000100.jpg,9,13,532.5057715177536,948.844153881073,0.6302235722541809
frame_000100.jpg,9,14,554.8844808340073,945.283904671669,0.5327149033546448
frame_000100.jpg,9,15,536.0660207271576,993.0929654836655,0.6900210380554199
frame_000100.jpg,9,16,558.4447300434113,984.9552530050278,0.5808897018432617
frame_000100.jpg,10,0,588.1260375976562,774.2889577150345,0.5408444404602051
frame_000100.jpg,10,1,590.0861612955729,769.878679215908,0.5334540009498596
frame_000100.jpg,10,2,590.5761922200521,769.3886482715607,0.5217699408531189
frame_000100.jpg,10,3,593.5163777669271,769.878679215908,0.6384753584861755
frame_000100.jpg,10,4,602.3369344075521,768.8986173272133,0.5551185011863708
frame_000100.jpg,10,5,606.2571818033854,794.3802264332771,0.5871498584747314
frame_000100.jpg,10,6,603.8070271809896,788.0098241567612,0.4886325001716614
frame_000100.jpg,10,7,607.2372436523438,825.2521759271622,0.5871603488922119
frame_000100.jpg,10,8,601.8469034830729,817.9017117619514,0.3396618366241455
frame_000100.jpg,10,9,583.2257283528646,824.2721140384674,0.5464086532592773
frame_000100.jpg,10,10,586.6559448242188,826.2322378158569,0.26970115303993225
frame_000100.jpg,10,11,607.2372436523438,849.2636922001839,0.45715439319610596
frame_000100.jpg,10,12,594.0064086914062,848.2836303114891,0.39623892307281494
frame_000100.jpg,10,13,608.2173055013021,893.8565081357956,0.47639429569244385
frame_000100.jpg,10,14,593.5163777669271,893.3664771914482,0.44637539982795715
frame_000100.jpg,10,15,610.6674601236979,934.5290765166283,0.5000324845314026
frame_000100.jpg,10,16,607.2372436523438,932.0789217948914,0.46628206968307495
frame_000100.jpg,11,0,371.24623958269757,883.3968880772591,0.5505024790763855
frame_000100.jpg,11,1,373.3831760088603,879.1230151057243,0.509994626045227
frame_000100.jpg,11,2,366.97236673037213,879.8353272676468,0.5014002323150635
frame_000100.jpg,11,3,363.4108060201009,885.5338245630264,0.537810206413269
frame_000100.jpg,11,4,364.12311816215515,884.821512401104,0.4981200098991394
frame_000100.jpg,11,5,355.5753724575043,909.7524380683899,0.551611065864563
frame_000100.jpg,11,6,392.6156038443247,908.327813744545,0.5263450145721436
frame_000100.jpg,11,7,326.37057463328046,923.2863691449165,0.45356065034866333
frame_000100.jpg,11,8,403.3002859751383,926.1356177926064,0.35255447030067444
frame_000100.jpg,11,9,354.1507481733958,914.0263110399246,0.32963305711746216
frame_000100.jpg,11,10,358.42462102572125,915.4509353637695,0.29562950134277344
frame_000100.jpg,11,11,370.5339274406433,998.0791461467743,0.41392868757247925
frame_000100.jpg,11,12,394.75254027048743,995.9422096610069,0.43144720792770386
frame_000100.jpg,11,13,381.9309217135111,1066.46111369133,0.5007284879684448
frame_000100.jpg,11,14,384.78017028172815,1064.3241772055626,0.4954862594604492
frame_000100.jpg,11,15,382.6432338555654,1129.8568961024284,0.5359876751899719
frame_000100.jpg,11,16,386.91710670789087,1124.8707109689713,0.5031613111495972
frame_000100.jpg,12,0,520.9670460224152,790.0477635860443,0.6989870071411133
frame_000100.jpg,12,1,522.1861064434052,786.3905823230743,0.7173702716827393
frame_000100.jpg,12,2,521.3733994960785,785.374698638916,0.5367804765701294
frame_000100.jpg,12,3,529.2972922325134,788.8287031650543,0.6470605134963989
frame_000100.jpg,12,4,546.7704916000366,786.1874055862427,0.3668917119503021
frame_000100.jpg,12,5,541.2847197055817,808.5368466377258,0.4340677261352539
frame_000100.jpg,12,6,552.8657937049866,805.0828421115875,0.42655766010284424
frame_000100.jpg,12,7,517.1066880226135,826.010046005249,0.36249303817749023
frame_000100.jpg,12,8,560.1801562309265,832.9180550575256,0.23070327937602997
frame_000100.jpg,12,9,515.2780973911285,808.9432001113892,0.20778310298919678
frame_000100.jpg,12,10,502.0716094970703,826.4163994789124,0.12474486231803894
frame_000100.jpg,12,11,548.3959054946899,859.9405610561371,0.35039040446281433
frame_000100.jpg,12,12,560.5865097045898,859.9405610561371,0.380561888217926
frame_000100.jpg,12,13,511.0113859176636,859.9405610561371,0.40212368965148926
frame_000100.jpg,12,14,513.4495067596436,859.9405610561371,0.3559705913066864
frame_000100.jpg,12,15,502.0716094970703,859.9405610561371,0.33328884840011597
frame_000100.jpg,12,16,502.0716094970703,859.9405610561371,0.33239150047302246
frame_000100.jpg,13,0,649.5756007830302,737.8079762458801,0.4977078139781952
frame_000100.jpg,13,1,649.185188293457,735.4655011892319,0.5185389518737793
frame_000100.jpg,13,2,652.6989006996155,735.4655011892319,0.48391687870025635
frame_000100.jpg,13,3,649.5756007830302,738.9792137742043,0.6406244039535522
frame_000100.jpg,13,4,658.1646755536398,737.8079762458801,0.5380480885505676
frame_000100.jpg,13,5,653.0893131891886,756.5477766990662,0.6056655645370483
frame_000100.jpg,13,6,663.2400379180908,756.1573641896248,0.5405517220497131
frame_000100.jpg,13,7,627.7125013669332,751.8628265857697,0.5902834534645081
frame_000100.jpg,13,8,654.2605506579081,777.2396396994591,0.30959227681159973
frame_000100.jpg,13,9,629.664563814799,749.5203515291214,0.4661462903022766
frame_000100.jpg,13,10,637.0824011166891,785.0478898882866,0.20867323875427246
frame_000100.jpg,13,11,649.5756007830302,810.424703001976,0.49261724948883057
frame_000100.jpg,13,12,656.2126131057739,809.6438779830933,0.4220976233482361
frame_000100.jpg,13,13,652.3084882100424,852.1988415122032,0.575821042060852
frame_000100.jpg,13,14,657.3838505744934,852.1988415122032,0.5067432522773743
frame_000100.jpg,13,15,659.3359130223593,893.582567512989,0.5549394488334656
frame_000100.jpg,13,16,659.7263255119324,892.0209174752235,0.4837411642074585
frame_000100.jpg,14,0,659.5916349887848,736.1800441741943,0.46213728189468384
frame_000100.jpg,14,1,657.6919068098068,733.5204247236252,0.46334657073020935
frame_000100.jpg,14,2,658.0718524456024,733.9003703594208,0.4858097732067108
frame_000100.jpg,14,3,645.9135921001434,738.8396636247635,0.6142246127128601
frame_000100.jpg,14,4,655.0322873592377,737.3198810815811,0.5498071312904358
frame_000100.jpg,14,5,650.092994093895,756.3171628713608,0.5700210332870483
frame_000100.jpg,14,6,657.3119611740112,755.9372172355652,0.5222947597503662
frame_000100.jpg,14,7,626.5363646745682,752.1377608776093,0.49361076951026917
frame_000100.jpg,14,8,649.7130484580994,774.9344990253448,0.2693985104560852
frame_000100.jpg,14,9,628.8160384893417,750.6179783344269,0.35291576385498047
frame_000100.jpg,14,10,631.0957123041153,766.1957494020462,0.18534520268440247
frame_000100.jpg,14,11,646.293537735939,810.269443154335,0.45291954278945923
frame_000100.jpg,14,12,653.1325591802597,810.269443154335,0.4069211483001709
frame_000100.jpg,14,13,648.5732115507126,851.6835174560547,0.5120438933372498
frame_000100.jpg,14,14,655.0322873592377,852.4434087276459,0.4844709038734436
frame_000100.jpg,14,15,656.55206990242,888.9181897640228,0.39848482608795166
frame_000100.jpg,14,16,658.0718524456024,888.9181897640228,0.4353511333465576
frame_000100.jpg,15,0,495.8338871002197,815.9217569231987,0.6793628931045532
frame_000100.jpg,15,1,491.7261041005453,814.8948112130165,0.42732536792755127
frame_000100.jpg,15,2,493.77999560038245,814.8948112130165,0.4717967212200165
frame_000100.jpg,15,3,488.6452668507894,816.9487026333809,0.7053790092468262
frame_000100.jpg,15,4,503.02250734965,815.4082840681076,0.6452751755714417
frame_000100.jpg,15,5,503.5359802246094,840.0549811124802,0.5601248741149902
frame_000100.jpg,15,6,507.1302903493246,839.5415082573891,0.5759115219116211
frame_000100.jpg,15,7,508.15723609924316,868.8094609975815,0.4920133352279663
frame_000100.jpg,15,8,517.3997478485107,869.3229338526726,0.47534799575805664
frame_000100.jpg,15,9,509.6976547241211,894.4831037521362,0.3183063864707947
frame_000100.jpg,15,10,512.2650190989176,899.1043594479561,0.3570653200149536
frame_000100.jpg,15,11,500.96861584981286,906.8064522743225,0.5247619152069092
frame_000100.jpg,15,12,500.4551429748535,907.8333979845047,0.5489025115966797
frame_000100.jpg,15,13,501.99556159973145,950.9651178121567,0.6296285390853882
frame_000100.jpg,15,14,503.5359802246094,950.9651178121567,0.6589112281799316
frame_000100.jpg,15,15,501.99556159973145,999.7450390458107,0.6042472124099731
frame_000100.jpg,15,16,509.18418184916175,999.2315661907196,0.6377182602882385
frame_000100.jpg,16,0,548.1109285354614,790.2790713310242,0.5207171440124512
frame_000100.jpg,16,1,549.5243167877197,785.5677771568298,0.5450630187988281
frame_000100.jpg,16,2,547.1686697006226,786.7456007003784,0.424996554851532
frame_000100.jpg,16,3,548.3464932441711,785.0966477394104,0.5048954486846924
frame_000100.jpg,16,4,565.7782816886902,784.8610830307007,0.5062094926834106
frame_000100.jpg,16,5,547.4042344093323,805.8263421058655,0.35239776968955994
frame_000100.jpg,16,6,568.6050581932068,803.9418244361877,0.4319072961807251
frame_000100.jpg,16,7,546.6975402832031,827.9694247245789,0.21650424599647522
frame_000100.jpg,16,8,571.1962699890137,829.1472482681274,0.2399912178516388
frame_000100.jpg,16,9,546.6975402832031,855.294930934906,0.15745684504508972
frame_000100.jpg,16,10,573.3163523674011,856.2371897697449,0.16132093966007233
frame_000100.jpg,16,11,559.4180345535278,858.1217074394226,0.3380078077316284
frame_000100.jpg,16,12,570.4895758628845,856.943883895874,0.4115138053894043
frame_000100.jpg,16,13,553.5289168357849,874.6112370491028,0.2815750241279602
frame_000100.jpg,16,14,568.8406229019165,874.6112370491028,0.2865787148475647
frame_000100.jpg,16,15,552.3510932922363,874.6112370491028,0.26770561933517456
frame_000100.jpg,16,16,561.5381169319153,874.6112370491028,0.23146621882915497
frame_000105.jpg,0,0,683.5388793945312,872.1163468360901,0.9837856292724609
frame_000105.jpg,0,1,689.3015649318695,868.6587355136871,0.944664716720581
frame_000105.jpg,0,2,682.3863422870636,867.5061984062195,0.981192946434021
frame_000105.jpg,0,3,700.826936006546,872.1163468360901,0.9379031658172607
frame_000105.jpg,0,4,681.233805179596,869.8112726211548,0.7414941787719727
frame_000105.jpg,0,5,713.5048441886902,900.3535059690475,0.7891086339950562
frame_000105.jpg,0,6,672.5897768735886,892.8620147705078,0.8143235445022583
frame_000105.jpg,0,7,718.6912611722946,933.7770820856094,0.6285656690597534
frame_000105.jpg,0,8,662.7932114601135,926.8618594408035,0.7585670948028564
frame_000105.jpg,0,9,713.5048441886902,947.0312588214874,0.49624383449554443
frame_000105.jpg,0,10,655.3017202615738,953.3702129125595,0.6958402395248413
frame_000105.jpg,0,11,697.9455932378769,967.2006582021713,0.6826950311660767
frame_000105.jpg,0,12,677.1999253034592,964.3193154335022,0.6781175136566162
frame_000105.jpg,0,13,689.8778334856033,1014.454679608345,0.7862445116043091
frame_000105.jpg,0,14,673.1660454273224,1003.5055770874023,0.7488824725151062
frame_000105.jpg,0,15,684.6914165019989,1062.2849695682526,0.8442408442497253
frame_000105.jpg,0,16,686.4202221632004,1031.7427362203598,0.7151185274124146
frame_000105.jpg,1,0,616.7038069566091,892.8164418637753,0.943145751953125
frame_000105.jpg,1,1,621.4874448776245,889.4678953886032,0.9103493690490723
frame_000105.jpg,1,2,613.8336242039999,888.9895316064358,0.9305403828620911
frame_000105.jpg,1,3,629.6196293433508,892.3380780816078,0.8794620037078857
frame_000105.jpg,1,4,609.528350075086,891.381350517273,0.8454238176345825
frame_000105.jpg,1,5,636.3167224327723,914.3428120613098,0.799643874168396
frame_000105.jpg,1,6,602.3528931935629,911.4726293683052,0.8033884763717651
frame_000105.jpg,1,7,641.1003603537878,942.5662752091885,0.7931447625160217
frame_000105.jpg,1,8,594.2207087278366,938.739364951849,0.776628851890564
frame_000105.jpg,1,9,639.1869051853815,966.0061005353928,0.7852973937988281
frame_000105.jpg,1,10,589.4370708068212,960.744098931551,0.7313108444213867
frame_000105.jpg,1,11,625.3143552144369,969.3546470105648,0.652161717414856
frame_000105.jpg,1,12,606.6581673224767,967.4411918818951,0.6711040735244751
frame_000105.jpg,1,13,621.009081085523,1009.5372047126293,0.7998284101486206
frame_000105.jpg,1,14,609.0499862829844,1007.1453858017921,0.8164326548576355
frame_000105.jpg,1,15,619.0956259171168,1045.414488375187,0.8271127939224243
frame_000105.jpg,1,16,611.4418052434921,1042.0659419000149,0.814211368560791
frame_000105.jpg,2,0,477.85319995880127,674.603892147541,0.6236460208892822
frame_000105.jpg,2,1,469.7112227678299,670.8460565209389,0.4308120012283325
frame_000105.jpg,2,2,485.3688712120056,670.5329035520554,0.5505887269973755
frame_000105.jpg,2,3,469.08491683006287,676.1696569919586,0.7098771333694458
frame_000105.jpg,2,4,486.30833011865616,675.8565040230751,0.7659088373184204
frame_000105.jpg,2,5,462.50870448350906,698.0903648138046,0.7357613444328308
frame_000105.jpg,2,6,497.5818369984627,698.4035177826881,0.7260212898254395
frame_000105.jpg,2,7,466.89284604787827,720.9505315423012,0.7271608710289001
frame_000105.jpg,2,8,513.2394854426384,723.4557552933693,0.7421841025352478
frame_000105.jpg,2,9,450.92204463481903,738.8002507686615,0.751300036907196
frame_000105.jpg,2,10,520.1288507580757,724.0820612311363,0.7433074712753296
frame_000105.jpg,2,11,469.7112227678299,749.1342987418175,0.6638181209564209
frame_000105.jpg,2,12,485.3688712120056,750.073757648468,0.6839698553085327
frame_000105.jpg,2,13,486.30833011865616,787.9652668833733,0.5439122915267944
frame_000105.jpg,2,14,480.04527074098587,794.8546321988106,0.6775126457214355
frame_000105.jpg,2,15,486.6214830875397,802.3703034520149,0.3728463351726532
frame_000105.jpg,2,16,458.12456291913986,776.6917600035667,0.7391560673713684
frame_000105.jpg,3,0,354.9214226404826,885.837898015976,0.5661194324493408
frame_000105.jpg,3,1,350.5962216059367,884.3961644172668,0.4766712188720703
frame_000105.jpg,3,2,358.5257568359375,882.9544308185577,0.47817325592041016
frame_000105.jpg,3,3,344.10842005411786,889.4422320127487,0.6621850728988647
frame_000105.jpg,3,4,365.01355838775635,885.837898015976,0.608801007270813
frame_000105.jpg,3,5,345.5501537322998,911.7891027927399,0.6522828936576843
frame_000105.jpg,3,6,380.87262884775794,910.3473691940308,0.6110556721687317
frame_000105.jpg,3,7,313.11114597320557,923.3229715824127,0.6896559596061707
frame_000105.jpg,3,8,388.08129723866784,933.4151067733765,0.38729894161224365
frame_000105.jpg,3,9,336.178884824117,915.3934367895126,0.5131779909133911
frame_000105.jpg,3,10,352.75882212320965,919.71863758564,0.3266271948814392
frame_000105.jpg,3,11,358.5257568359375,1000.4557191133499,0.5269700288772583
frame_000105.jpg,3,12,381.593495686849,996.8513851165771,0.5165606737136841
frame_000105.jpg,3,13,367.1761589050293,1067.4963314533234,0.5889801979064941
frame_000105.jpg,3,14,375.10569413503015,1063.8919974565506,0.5672697424888611
frame_000105.jpg,3,15,370.0596262613932,1132.3743433952332,0.6431542634963989
frame_000105.jpg,3,16,377.98916149139404,1123.7239418029785,0.6342208385467529
frame_000105.jpg,4,0,284.12074714899063,581.8172516226768,0.7688095569610596
frame_000105.jpg,4,1,282.853367626667,580.8667169809341,0.5270556211471558
frame_000105.jpg,4,2,285.38812667131424,580.5498721003532,0.6253474950790405
frame_000105.jpg,4,3,279.684918820858,583.4014760255814,0.7777959108352661
frame_000105.jpg,4,4,289.19026523828506,582.4509413838387,0.836024284362793
frame_000105.jpg,4,5,275.2490904927254,597.342650771141,0.8461500406265259
frame_000105.jpg,4,6,296.7945423722267,595.4415814876556,0.8170896768569946
frame_000105.jpg,4,7,269.86272752285004,613.5017396807671,0.6748837232589722
frame_000105.jpg,4,8,304.39881950616837,611.6006703972816,0.7612934112548828
frame_000105.jpg,4,9,274.29855585098267,616.3533436059952,0.5956725478172302
frame_000105.jpg,4,10,302.49775022268295,618.8881026506424,0.5345311164855957
frame_000105.jpg,4,11,282.5365227460861,630.6113632321358,0.7260966897010803
frame_000105.jpg,4,12,293.9429384469986,630.6113632321358,0.7267003655433655
frame_000105.jpg,4,13,292.675558924675,650.5725907087326,0.611280620098114
frame_000105.jpg,4,14,290.7744896411896,655.0084190368652,0.5755606293678284
frame_000105.jpg,4,15,292.675558924675,670.8506630659103,0.6755794286727905
frame_000105.jpg,4,16,282.2196778655052,681.3065441250801,0.6455992460250854
frame_000105.jpg,5,0,644.6864442825317,539.0089864730835,0.8296076655387878
frame_000105.jpg,5,1,642.6476417779922,537.552698969841,0.5412013530731201
frame_000105.jpg,5,2,645.5602167844772,538.4264714717865,0.6698269844055176
frame_000105.jpg,5,3,639.7350667715073,539.5915014743805,0.8618980646133423
frame_000105.jpg,5,4,649.3465642929077,540.1740164756775,0.8312809467315674
frame_000105.jpg,5,5,633.9099167585373,553.2806040048599,0.8456743955612183
frame_000105.jpg,5,6,654.5891993045807,553.2806040048599,0.8264570832252502
frame_000105.jpg,5,7,628.0847667455673,569.0085090398788,0.8372382521629333
frame_000105.jpg,5,8,658.6668043136597,566.6784490346909,0.8035556077957153
frame_000105.jpg,5,9,635.6574617624283,564.0571315288544,0.6228880882263184
frame_000105.jpg,5,10,652.5503968000412,567.8434790372849,0.6150003671646118
frame_000105.jpg,5,11,641.4826117753983,580.9500665664673,0.7237891554832458
frame_000105.jpg,5,12,652.2591392993927,579.7850365638733,0.7143360376358032
frame_000105.jpg,5,13,642.6476417779922,608.6195291280746,0.7722243070602417
frame_000105.jpg,5,14,652.5503968000412,601.6293491125107,0.7772599458694458
frame_000105.jpg,5,15,643.8126717805862,635.706476688385,0.7660074830055237
frame_000105.jpg,5,16,649.6378217935562,621.1436016559601,0.7987275123596191
frame_000105.jpg,6,0,467.48519933223724,843.1619443893433,0.6627219915390015
frame_000105.jpg,6,1,458.4703574180603,841.3589760065079,0.5401779413223267
frame_000105.jpg,6,2,473.49509394168854,844.9649127721786,0.3851890563964844
frame_000105.jpg,6,3,456.6673890352249,843.7629338502884,0.8673559427261353
frame_000105.jpg,6,4,478.9039990901947,846.1668916940689,0.7516313195228577
frame_000105.jpg,6,5,444.6475998163223,858.7876703739166,0.774200975894928
frame_000105.jpg,6,6,483.1109253168106,859.9896492958069,0.6893389821052551
frame_000105.jpg,6,7,410.9921900033951,856.3837125301361,0.7911432981491089
frame_000105.jpg,6,8,484.31290423870087,845.5659022331238,0.44961974024772644
frame_000105.jpg,6,9,440.4406735897064,843.1619443893433,0.5826718211174011
frame_000105.jpg,6,10,476.5000412464142,835.3490813970566,0.4293210506439209
frame_000105.jpg,6,11,454.8644206523895,935.1133319139481,0.563910186290741
frame_000105.jpg,6,12,480.10597801208496,929.1034373044968,0.5633867383003235
frame_000105.jpg,6,13,459.07134687900543,992.8083201646805,0.6211225986480713
frame_000105.jpg,6,14,469.88915717601776,988.0004044771194,0.4674711227416992
frame_000105.jpg,6,15,484.31290423870087,1043.2914348840714,0.6865520477294922
frame_000105.jpg,6,16,466.8842098712921,1039.0845086574554,0.47719335556030273
frame_000105.jpg,7,0,492.49222791194916,541.1432563662529,0.762853741645813
frame_000105.jpg,7,1,489.9188838005066,539.0845810770988,0.48242563009262085
frame_000105.jpg,7,2,494.29356878995895,539.3419154882431,0.6668616533279419
frame_000105.jpg,7,3,488.1175429224968,542.6872628331184,0.7897281050682068
frame_000105.jpg,7,4,496.8669129014015,541.6579251885414,0.8317931294441223
frame_000105.jpg,7,5,483.74285793304443,556.325986623764,0.8519431352615356
frame_000105.jpg,7,6,502.01360112428665,555.0393145680428,0.8179613947868347
frame_000105.jpg,7,7,479.6255073547363,572.0233857035637,0.825507402420044
frame_000105.jpg,7,8,506.9029549360275,568.6780383586884,0.7441577911376953
frame_000105.jpg,7,9,486.316202044487,567.9060351252556,0.5750454664230347
frame_000105.jpg,7,10,511.2776399254799,579.2287492156029,0.7573131322860718
frame_000105.jpg,7,11,489.4042149782181,582.8314309716225,0.7338931560516357
frame_000105.jpg,7,12,500.4695946574211,581.8020933270454,0.7071689367294312
frame_000105.jpg,7,13,492.2348935008049,606.7635312080383,0.7454960346221924
frame_000105.jpg,7,14,501.7562667131424,596.7274891734123,0.63255774974823
frame_000105.jpg,7,15,493.5215655565262,629.1516249775887,0.7206010818481445
frame_000105.jpg,7,16,503.0429387688637,611.395550608635,0.6942479610443115
frame_000105.jpg,8,0,308.7035741209984,552.7386956214905,0.8271026611328125
frame_000105.jpg,8,1,308.11765390634537,550.9809349775314,0.5752554535865784
frame_000105.jpg,8,2,310.4613347649574,551.2738950848579,0.6733585596084595
frame_000105.jpg,8,3,303.13733208179474,553.3246158361435,0.8040560483932495
frame_000105.jpg,8,4,311.92613530158997,553.61757594347,0.865466833114624
frame_000105.jpg,8,5,296.10628950595856,567.3867009878159,0.8479040861129761
frame_000105.jpg,8,6,317.7853374481201,568.2655813097954,0.7863754630088806
frame_000105.jpg,8,7,293.46964854002,583.2065467834473,0.6912983655929565
frame_000105.jpg,8,8,323.9374997019768,582.6206265687943,0.763228178024292
frame_000105.jpg,8,9,292.883728325367,595.5108712911606,0.3610284924507141
frame_000105.jpg,8,10,331.26150238513947,584.6713473200798,0.7234164476394653
frame_000105.jpg,8,11,301.0866113305092,598.4404723644257,0.6815829277038574
frame_000105.jpg,8,12,313.3909358382225,598.4404723644257,0.7142096757888794
frame_000105.jpg,8,13,300.7936512231827,624.2209618091583,0.6172207593917847
frame_000105.jpg,8,14,316.3205369114876,625.0998421311378,0.7603525519371033
frame_000105.jpg,8,15,292.29780811071396,647.9507305026054,0.5310817956924438
frame_000105.jpg,8,16,311.63317519426346,650.2944113612175,0.8256018161773682
frame_000105.jpg,9,0,576.066295782725,776.407025039196,0.5087867975234985
frame_000105.jpg,9,1,578.698077360789,772.0207222104073,0.49720412492752075
frame_000105.jpg,9,2,579.5753378868103,770.7048313617706,0.5067902207374573
frame_000105.jpg,9,3,584.4002707799276,772.897982776165,0.6233434677124023
frame_000105.jpg,9,4,583.0843799908956,770.2662010788918,0.5129407644271851
frame_000105.jpg,9,5,594.4887668291727,796.5840180516243,0.628933846950531
frame_000105.jpg,9,6,587.0320523579916,789.1273032426834,0.4859311282634735
frame_000105.jpg,9,7,596.6819181442261,826.4108772873878,0.6265102624893188
frame_000105.jpg,9,8,585.2775313059489,817.6382716298103,0.3468814790248871
frame_000105.jpg,9,9,574.3117747306824,825.0949864387512,0.6263789534568787
frame_000105.jpg,9,10,572.118623415629,825.5336167216301,0.2953532338142395
frame_000105.jpg,9,11,593.1728760401407,849.6582822799683,0.4769998788833618
frame_000105.jpg,9,12,578.698077360789,848.3423914313316,0.40644073486328125
frame_000105.jpg,9,13,593.6115063031515,890.4508985877037,0.5025063753128052
frame_000105.jpg,9,14,580.4525984128317,890.0122683048248,0.4667454957962036
frame_000105.jpg,9,15,592.7342457771301,928.173102915287,0.46856531500816345
frame_000105.jpg,9,16,582.2071194648743,925.9799515008926,0.4398195147514343
frame_000105.jpg,10,0,31.44876766204834,1033.0495262145996,0.7308164238929749
frame_000105.jpg,10,1,27.93726134300232,1026.7288148403168,0.680194616317749
frame_000105.jpg,10,2,27.93726134300232,1026.7288148403168,0.554084300994873
frame_000105.jpg,10,3,30.746466398239136,1032.3472249507904,0.8210375308990479
frame_000105.jpg,10,4,67.26613211631775,1022.5150072574615,0.778644323348999
frame_000105.jpg,10,5,46.197094202041626,1075.889903306961,0.6412884593009949
frame_000105.jpg,10,6,82.01445865631104,1055.5231666564941,0.6814737319946289
frame_000105.jpg,10,7,1.2498133182525635,1109.6003639698029,0.6052753925323486
frame_000105.jpg,10,8,72.88454222679138,1113.814171552658,0.31718936562538147
frame_000105.jpg,10,9,10.379729747772217,1096.256639957428,0.2891461253166199
frame_000105.jpg,10,10,57.43391442298889,1162.2729587554932,0.1757914423942566
frame_000105.jpg,10,11,62.35002326965332,1203.006432056427,0.540794849395752
frame_000105.jpg,10,12,84.12136244773865,1197.3880219459534,0.5032550692558289
frame_000105.jpg,10,13,55.32701063156128,1271.831955909729,0.5324307680130005
frame_000105.jpg,10,14,84.12136244773865,1271.1296546459198,0.5609375238418579
frame_000105.jpg,10,15,47.601696729660034,1267.6181483268738,0.2502739727497101
frame_000105.jpg,10,16,92.5489776134491,1271.831955909729,0.27071213722229004
frame_000105.jpg,11,0,502.8396620750427,821.4185410141945,0.546943724155426
frame_000105.jpg,11,1,502.8396620750427,817.2215037941933,0.48410141468048096
frame_000105.jpg,11,2,502.8396620750427,816.6968741416931,0.4025753140449524
frame_000105.jpg,11,3,509.13521814346313,822.4678003191948,0.5666341185569763
frame_000105.jpg,11,4,525.3987379868826,819.3200224041939,0.4964092969894409
frame_000105.jpg,11,5,514.3815148671468,847.6500236392021,0.518316924571991
frame_000105.jpg,11,6,538.5144797960917,842.9283567667007,0.49033474922180176
frame_000105.jpg,11,7,513.33225552241,878.078543484211,0.31156155467033386
frame_000105.jpg,11,8,557.9257776737213,869.6844690442085,0.29424190521240234
frame_000105.jpg,11,9,498.1179950237274,881.2263213992119,0.22799614071846008
frame_000105.jpg,11,10,530.1204050381979,835.0589119791985,0.14490458369255066
frame_000105.jpg,11,11,519.6278115908304,910.6055819392204,0.4114173650741577
frame_000105.jpg,11,12,542.7115171750387,909.03169298172,0.33191221952438354
frame_000105.jpg,11,13,518.0539225737253,952.0513244867325,0.5114843845367432
frame_000105.jpg,11,14,530.6450347105662,948.9035465717316,0.37878403067588806
frame_000105.jpg,11,15,524.3494786421458,995.5955856442451,0.5837734341621399
frame_000105.jpg,11,16,547.4331842263539,988.250770509243,0.4199271500110626
frame_000105.jpg,12,0,648.0165430307388,739.0970222949982,0.5758655071258545
frame_000105.jpg,12,1,649.3253662586212,735.6068270206451,0.5468493700027466
frame_000105.jpg,12,2,645.3988965749741,735.6068270206451,0.5755383968353271
frame_000105.jpg,12,3,645.3988965749741,739.0970222949982,0.6306614875793457
frame_000105.jpg,12,4,641.4724268913269,738.2244734764099,0.5854215025901794
frame_000105.jpg,12,5,641.908701300621,757.4205474853516,0.5801056623458862
frame_000105.jpg,12,6,645.8351709842682,757.4205474853516,0.5353848934173584
frame_000105.jpg,12,7,616.6047855615616,754.8029010295868,0.36560386419296265
frame_000105.jpg,12,8,641.908701300621,778.7979935407639,0.33443742990493774
frame_000105.jpg,12,9,618.3498831987381,753.0578033924103,0.2827416956424713
frame_000105.jpg,12,10,631.438115477562,794.0675978660583,0.24247586727142334
frame_000105.jpg,12,11,642.7812501192093,809.3372021913528,0.5103232860565186
frame_000105.jpg,12,12,637.9822316169739,808.4646533727646,0.45349717140197754
frame_000105.jpg,12,13,641.0361524820328,851.2195454835892,0.6211251020431519
frame_000105.jpg,12,14,639.2910548448563,850.783271074295,0.5627195835113525
frame_000105.jpg,12,15,647.5802686214447,891.7930655479431,0.6167141199111938
frame_000105.jpg,12,16,644.5263477563858,889.6116935014725,0.5411776900291443
frame_000105.jpg,13,0,511.2857586145401,792.5778905749321,0.7152844667434692
frame_000105.jpg,13,1,513.1829753518105,789.0544880628586,0.6877111196517944
frame_000105.jpg,13,2,511.0147276520729,788.7834571003914,0.5650947093963623
frame_000105.jpg,13,3,517.7905017137527,790.9517048001289,0.5909830331802368
frame_000105.jpg,13,4,533.51029753685,790.1386119127274,0.31938087940216064
frame_000105.jpg,13,5,529.7158640623093,809.6528412103653,0.4663275480270386
frame_000105.jpg,13,6,541.6412264108658,806.400469660759,0.3819127082824707
frame_000105.jpg,13,7,507.2202941775322,832.1484110951424,0.33745574951171875
frame_000105.jpg,13,8,554.1086506843567,830.251194357872,0.16745209693908691
frame_000105.jpg,13,9,500.44452011585236,811.5500579476357,0.17516914010047913
frame_000105.jpg,13,10,513.4540063142776,829.1670705080032,0.08694096654653549
frame_000105.jpg,13,11,546.7908146977425,862.503878891468,0.3918779194355011
frame_000105.jpg,13,12,556.5479293465614,862.503878891468,0.3907619118690491
frame_000105.jpg,13,13,522.1269971132278,893.4014086127281,0.2038154900074005
frame_000105.jpg,13,14,529.7158640623093,893.4014086127281,0.17487052083015442
frame_000105.jpg,13,15,518.6035946011543,893.4014086127281,0.29940658807754517
frame_000105.jpg,13,16,518.8746255636215,893.4014086127281,0.27290621399879456
frame_000105.jpg,14,0,537.5960603952408,785.2122752070427,0.5763233304023743
frame_000105.jpg,14,1,538.377260029316,781.5666769146919,0.5850496292114258
frame_000105.jpg,14,2,537.3356605172157,781.5666769146919,0.5092115998268127
frame_000105.jpg,14,3,536.8148607611656,785.2122752070427,0.5721579790115356
frame_000105.jpg,14,4,555.0428522229195,785.7330749630928,0.5416338443756104
frame_000105.jpg,14,5,557.386451125145,806.5650652050972,0.4155263900756836
frame_000105.jpg,14,6,557.9072508811951,806.0442654490471,0.4742971658706665
frame_000105.jpg,14,7,559.7300500273705,834.4278521537781,0.3356921374797821
frame_000105.jpg,14,8,561.2924492955208,834.167452275753,0.35002684593200684
frame_000105.jpg,14,9,563.8964480757713,860.2074400782585,0.4582238793373108
frame_000105.jpg,14,10,564.4172478318214,860.2074400782585,0.4715462625026703
frame_000105.jpg,14,11,557.64685100317,860.4678399562836,0.3896661400794983
frame_000105.jpg,14,12,558.6884505152702,860.7282398343086,0.43490344285964966
frame_000105.jpg,14,13,539.6792594194412,886.247427880764,0.285253643989563
frame_000105.jpg,14,14,560.5112496614456,886.247427880764,0.3199664056301117
frame_000105.jpg,14,15,542.2832581996918,886.247427880764,0.2510828673839569
frame_000105.jpg,14,16,562.073648929596,886.247427880764,0.2704083323478699
frame_000105.jpg,15,0,636.7889507611593,739.0344013571739,0.5250629186630249
frame_000105.jpg,15,1,639.608889579773,736.2144623994827,0.5431391000747681
frame_000105.jpg,15,2,641.6231315930685,736.2144623994827,0.45063987374305725
frame_000105.jpg,15,3,642.4288283983866,739.8400982022285,0.6238508224487305
frame_000105.jpg,15,4,641.6231315930685,739.4372497797012,0.5352022647857666
frame_000105.jpg,15,5,641.6231315930685,758.371125638485,0.6681246757507324
frame_000105.jpg,15,6,639.608889579773,757.5654287934303,0.5585914850234985
frame_000105.jpg,15,7,616.2436822255453,751.9255508780479,0.6506459712982178
frame_000105.jpg,15,8,619.8693178494772,761.9967614412308,0.32507723569869995
frame_000105.jpg,15,9,623.0921050707499,747.0913698077202,0.46225452423095703
frame_000105.jpg,15,10,623.8978018760681,749.9113087654114,0.29119017720222473
frame_000105.jpg,15,11,638.4003443717957,812.3528142571449,0.531528115272522
frame_000105.jpg,15,12,637.9974959691366,811.5471174120903,0.4644129276275635
frame_000105.jpg,15,13,640.8174347877502,852.2348080873489,0.6227276921272278
frame_000105.jpg,15,14,640.8174347877502,852.2348080873489,0.5410946607589722
frame_000105.jpg,15,15,647.2630092302958,890.908256649971,0.6634476780891418
frame_000105.jpg,15,16,646.4573124249777,889.2968629598618,0.5752126574516296
frame_000105.jpg,16,0,504.8422635396322,818.6218641400337,0.41745656728744507
frame_000105.jpg,16,1,508.00269063313806,816.5149126648903,0.31937330961227417
frame_000105.jpg,16,2,503.26204999287927,813.881223320961,0.27143341302871704
frame_000105.jpg,16,3,501.68183644612634,819.6753398776054,0.5107945203781128
frame_000105.jpg,16,4,508.00269063313806,817.0416505336761,0.37894898653030396
frame_000105.jpg,16,5,506.94921493530273,841.7983303666115,0.4422692060470581
frame_000105.jpg,16,6,498.5214093526205,840.7448546290398,0.4268793761730194
frame_000105.jpg,16,7,514.8502826690674,873.9293403625488,0.37837815284729004
frame_000105.jpg,16,8,479.0321089426676,865.5015344619751,0.25018006563186646
frame_000105.jpg,16,9,501.68183644612634,846.0122333168983,0.2161002904176712
frame_000105.jpg,16,10,453.74869219462073,829.6833593845367,0.2115175426006317
frame_000105.jpg,16,11,505.3690013885498,910.274253308773,0.3437846601009369
frame_000105.jpg,16,12,497.46793365478516,911.3277290463448,0.32783380150794983
frame_000105.jpg,16,13,516.4304962158203,951.35980707407,0.4180179238319397
frame_000105.jpg,16,14,504.3155256907145,950.8330692052841,0.3821561932563782
frame_000105.jpg,16,15,523.8048261006674,997.7127395272255,0.4338359236717224
frame_000105.jpg,16,16,496.41445795694983,997.7127395272255,0.3878958225250244
frame_000105.jpg,17,0,501.7850023905436,822.5062146782875,0.5364677906036377
frame_000105.jpg,17,1,504.4466938972473,818.2475081086159,0.48817968368530273
frame_000105.jpg,17,2,501.2526640892029,816.1181548237801,0.33636659383773804
frame_000105.jpg,17,3,510.8347535133362,823.0385529994965,0.5154599547386169
frame_000105.jpg,17,4,526.2725642522176,817.7151697874069,0.4069468080997467
frame_000105.jpg,17,5,519.8845046361288,848.0584540963173,0.5222727656364441
frame_000105.jpg,17,6,533.7253004709879,840.6057175993919,0.4795492887496948
frame_000105.jpg,17,7,516.1581365267435,876.2723851203918,0.3528480529785156
frame_000105.jpg,17,8,556.083509127299,868.8196486234665,0.28062406182289124
frame_000105.jpg,17,9,499.65564918518066,866.6902953386307,0.22174851596355438
frame_000105.jpg,17,10,542.7750515937805,854.9788522720337,0.13461631536483765
frame_000105.jpg,17,11,535.3223153750101,902.8893011808395,0.3023499846458435
frame_000105.jpg,17,12,553.954155921936,901.2922862172127,0.30623412132263184
frame_000105.jpg,17,13,518.2874897321066,947.6057201623917,0.5189484357833862
frame_000105.jpg,17,14,535.3223153750101,946.5410435199738,0.400787889957428
frame_000105.jpg,17,15,525.2078876495361,992.8544774651527,0.5466407537460327
frame_000105.jpg,17,16,548.0984346071879,985.4017409682274,0.45928993821144104
frame_000110.jpg,0,0,670.0071170330048,874.7734351158142,0.901402473449707
frame_000110.jpg,0,1,675.1211122274399,871.3641049861908,0.9238721132278442
frame_000110.jpg,0,2,669.4388953447342,870.7958832979202,0.9374644756317139
frame_000110.jpg,0,3,687.6219893693924,875.3416568040848,0.9163050651550293
frame_000110.jpg,0,4,668.8706736564636,873.6369917392731,0.7104172706604004
frame_000110.jpg,0,5,701.259309887886,904.3209629058838,0.7990974187850952
frame_000110.jpg,0,6,659.210904955864,896.3658592700958,0.8003183603286743
frame_000110.jpg,0,7,712.6237436532974,935.0049340724945,0.7573068141937256
frame_000110.jpg,0,8,651.255801320076,931.5956039428711,0.7478288412094116
frame_000110.jpg,0,9,701.259309887886,954.3244714736938,0.6662486791610718
frame_000110.jpg,0,10,648.4146928787231,958.8702449798584,0.6959916949272156
frame_000110.jpg,0,11,683.6444375514984,971.3711221218109,0.6688233017921448
frame_000110.jpg,0,12,662.0520133972168,969.6664570569992,0.7087303400039673
frame_000110.jpg,0,13,679.6668857336044,1017.9653005599976,0.7760316133499146
frame_000110.jpg,0,14,656.3697965145111,1015.1241921186447,0.7955591678619385
frame_000110.jpg,0,15,674.5528905391693,1061.1501488685608,0.8761969804763794
frame_000110.jpg,0,16,660.9155700206757,1054.8997102975845,0.814143180847168
frame_000110.jpg,1,0,602.7368624210358,902.1704901456833,0.9207693338394165
frame_000110.jpg,1,1,608.110988775889,898.7505916953087,0.9087294340133667
frame_000110.jpg,1,2,600.2940777142843,897.7734778523445,0.8988344073295593
frame_000110.jpg,1,3,616.4164567788442,902.6590470671654,0.8774377107620239
frame_000110.jpg,1,4,595.8970652421316,899.7277055382729,0.780664324760437
frame_000110.jpg,1,5,622.7676970163981,925.6212223768234,0.8069280982017517
frame_000110.jpg,1,6,589.0572680632273,921.2242100834846,0.7864636182785034
frame_000110.jpg,1,7,626.1875956058502,953.4689669013023,0.8121835589408875
frame_000110.jpg,1,8,580.2632431189219,946.6291700005531,0.7633296251296997
frame_000110.jpg,1,9,621.7905831336975,976.9196991324425,0.7696570158004761
frame_000110.jpg,1,10,574.4005598227183,971.0570160746574,0.7241618037223816
frame_000110.jpg,1,11,610.0652165412903,981.3167114257812,0.630786657333374
frame_000110.jpg,1,12,592.9657235940298,980.8281545042992,0.6532117128372192
frame_000110.jpg,1,13,605.1796471277872,1019.9127082228661,0.7628507614135742
frame_000110.jpg,1,14,596.8741791248322,1018.4470374584198,0.7401100397109985
frame_000110.jpg,1,15,601.2711915969849,1062.4171603918076,0.8104252815246582
frame_000110.jpg,1,16,601.2711915969849,1044.8291112184525,0.7295669317245483
frame_000110.jpg,2,0,527.137465596199,662.3446270227432,0.6257171630859375
frame_000110.jpg,2,1,526.8282018303871,658.0149343013763,0.432873010635376
frame_000110.jpg,2,2,531.157894551754,659.251989364624,0.5954240560531616
frame_000110.jpg,2,3,515.0761787295341,662.6538907885551,0.7781029939651489
frame_000110.jpg,2,4,531.157894551754,663.5816820859909,0.784251868724823
frame_000110.jpg,2,5,504.25194692611694,681.8282442688942,0.7516477704048157
frame_000110.jpg,2,6,534.5597959756851,683.0652993321419,0.7893520593643188
frame_000110.jpg,2,7,491.2628687620163,706.2600817680359,0.758475661277771
frame_000110.jpg,2,8,531.157894551754,708.1156643629074,0.7269771099090576
frame_000110.jpg,2,9,496.82961654663086,710.5897744894028,0.6644140481948853
frame_000110.jpg,2,10,540.7450712919235,729.4548642039299,0.722373366355896
frame_000110.jpg,2,11,514.1483874320984,732.5475018620491,0.6795847415924072
frame_000110.jpg,2,12,531.157894551754,731.9289743304253,0.6688992977142334
frame_000110.jpg,2,13,511.0557497739792,768.7313624620438,0.6539292335510254
frame_000110.jpg,2,14,536.1061148047447,747.0828988552094,0.6410584449768066
frame_000110.jpg,2,15,509.8186947107315,787.5964521765709,0.4399074912071228
frame_000110.jpg,2,16,529.9208394885063,778.0092754364014,0.5968334674835205
frame_000110.jpg,3,0,301.6550929546356,579.6101800203323,0.7119883298873901
frame_000110.jpg,3,1,298.70195400714874,578.7242383360863,0.5669212341308594
frame_000110.jpg,3,2,306.08480137586594,577.2476688623428,0.6620208024978638
frame_000110.jpg,3,3,297.8160123229027,580.7914355993271,0.8400564193725586
frame_000110.jpg,3,4,307.2660569548607,579.3148661255836,0.8564962148666382
frame_000110.jpg,3,5,293.68161779642105,594.9665025472641,0.8272347450256348
frame_000110.jpg,3,6,316.1254737973213,590.5367941260338,0.8063057661056519
frame_000110.jpg,3,7,286.59408432245255,612.094708442688,0.8492376804351807
frame_000110.jpg,3,8,327.34740179777145,605.0071749687195,0.7687093019485474
frame_000110.jpg,3,9,292.2050483226776,602.3493499159813,0.6461811065673828
frame_000110.jpg,3,10,323.8036350607872,613.2759640216827,0.5570068955421448
frame_000110.jpg,3,11,306.970743060112,627.4510309696198,0.7060614824295044
frame_000110.jpg,3,12,317.0114154815674,625.6791476011276,0.6964508295059204
frame_000110.jpg,3,13,314.3535904288292,652.8480259180069,0.7766541242599487
frame_000110.jpg,3,14,324.3942628502846,652.5527120232582,0.7198616862297058
frame_000110.jpg,3,15,319.6692405343056,675.8825097084045,0.809146523475647
frame_000110.jpg,3,16,317.0114154815674,640.444842338562,0.601642370223999
frame_000110.jpg,4,0,347.2564597129822,886.4704613685608,0.514190673828125
frame_000110.jpg,4,1,344.40203555425006,883.6160373687744,0.4538291096687317
frame_000110.jpg,4,2,348.6836717923482,882.9024313688278,0.459027498960495
frame_000110.jpg,4,3,335.1251570383708,890.0384913682938,0.6126473546028137
frame_000110.jpg,4,4,352.9653080304464,886.4704613685608,0.5237952470779419
frame_000110.jpg,4,5,336.5523691177368,912.1602773666382,0.6261726021766663
frame_000110.jpg,4,6,371.51906506220496,912.1602773666382,0.5622602105140686
frame_000110.jpg,4,7,304.44009733200073,923.5779733657837,0.6550947427749634
frame_000110.jpg,4,8,380.79594357808435,931.4276393651962,0.35880112648010254
frame_000110.jpg,4,9,325.84827852249146,915.0147013664246,0.47122687101364136
frame_000110.jpg,4,10,344.40203555425006,920.7235493659973,0.3001722991466522
frame_000110.jpg,4,11,350.11088387171424,1002.0746333599091,0.5209155082702637
frame_000110.jpg,4,12,372.23267110188806,999.2202093601227,0.5065959095954895
frame_000110.jpg,4,13,357.96055030822754,1069.153597354889,0.5906920433044434
frame_000110.jpg,4,14,365.09661070505774,1066.2991733551025,0.5576353073120117
frame_000110.jpg,4,15,360.1013684272766,1132.6645313501358,0.6463257074356079
frame_000110.jpg,4,16,368.6646409034729,1123.38765335083,0.63306725025177
frame_000110.jpg,5,0,464.41732907295227,847.2896587848663,0.5994808673858643
frame_000110.jpg,5,1,455.3826298713684,843.6757791042328,0.5518003106117249
frame_000110.jpg,5,2,473.45202827453613,849.0965986251831,0.48651665449142456
frame_000110.jpg,5,3,453.57569003105164,846.6873455047607,0.870537281036377
frame_000110.jpg,5,4,475.2589681148529,851.5058517456055,0.7708388566970825
frame_000110.jpg,5,5,439.72248458862305,859.3359243869781,0.7639418244361877
frame_000110.jpg,5,6,481.2821009159088,860.5405509471893,0.7458742260932922
frame_000110.jpg,5,7,406.59525418281555,853.3127915859222,0.8633038997650146
frame_000110.jpg,5,8,491.52142667770386,841.2665259838104,0.7772701978683472
frame_000110.jpg,5,9,430.6877853870392,852.1081650257111,0.5455672740936279
frame_000110.jpg,5,10,488.5098602771759,817.7763080596924,0.8414338827133179
frame_000110.jpg,5,11,450.5641236305237,936.4320242404938,0.5666109919548035
frame_000110.jpg,5,12,474.6566548347473,930.4088914394379,0.5736942291259766
frame_000110.jpg,5,13,456.5872564315796,993.6517858505249,0.6582303047180176
frame_000110.jpg,5,14,465.62195563316345,990.0379061698914,0.4677813649177551
frame_000110.jpg,5,15,478.87284779548645,1048.4622943401337,0.7440423965454102
frame_000110.jpg,5,16,454.7803165912628,1041.2345349788666,0.5063837170600891
frame_000110.jpg,6,0,488.36426734924316,537.2529850006104,0.7192103862762451
frame_000110.jpg,6,1,485.5294942855835,536.2221584320068,0.5265965461730957
frame_000110.jpg,6,2,490.4259204864502,535.1913318634033,0.7068914175033569
frame_000110.jpg,6,3,483.2101345062256,538.7992248535156,0.7896327376365662
frame_000110.jpg,6,4,491.97216033935547,537.7683982849121,0.8517628312110901
frame_000110.jpg,6,5,479.3445348739624,551.4268503189087,0.8132648468017578
frame_000110.jpg,6,6,497.3839998245239,550.653730392456,0.7986496686935425
frame_000110.jpg,6,7,474.1904020309448,566.8892488479614,0.7826766967773438
frame_000110.jpg,6,8,508.4653854370117,562.7659425735474,0.71407151222229
frame_000110.jpg,6,9,479.0868282318115,574.6204481124878,0.6342768669128418
frame_000110.jpg,6,10,507.6922655105591,562.2505292892456,0.5292630195617676
frame_000110.jpg,6,11,482.9524278640747,578.486047744751,0.7196371555328369
frame_000110.jpg,6,12,493.7761068344116,579.0014610290527,0.7184010744094849
frame_000110.jpg,6,13,482.43701457977295,601.1642322540283,0.6660960912704468
frame_000110.jpg,6,14,494.54922676086426,601.4219388961792,0.7710845470428467
frame_000110.jpg,6,15,484.75637435913086,592.1444997787476,0.5991160869598389
frame_000110.jpg,6,16,493.7761068344116,622.5538835525513,0.7726016640663147
frame_000110.jpg,7,0,638.1488666534424,538.1374015808105,0.884005069732666
frame_000110.jpg,7,1,637.6797542572021,536.7300643920898,0.5981753468513489
frame_000110.jpg,7,2,638.1488666534424,537.4337329864502,0.7249948978424072
frame_000110.jpg,7,3,633.9268550872803,539.075626373291,0.8238735198974609
frame_000110.jpg,7,4,642.6054344177246,540.0138511657715,0.8706210851669312
frame_000110.jpg,7,5,626.8901691436768,551.5071048736572,0.8095088601112366
frame_000110.jpg,7,6,647.5311145782471,553.148998260498,0.7630463242530823
frame_000110.jpg,7,7,622.4336013793945,565.111364364624,0.7847843170166016
frame_000110.jpg,7,8,655.506025314331,565.5804767608643,0.7698380351066589
frame_000110.jpg,7,9,626.1865005493164,570.0370445251465,0.6180707812309265
frame_000110.jpg,7,10,652.4567947387695,568.8642635345459,0.6346275806427002
frame_000110.jpg,7,11,631.8158493041992,578.0119552612305,0.7609142065048218
frame_000110.jpg,7,12,642.1363220214844,578.4810676574707,0.7462267875671387
frame_000110.jpg,7,13,629.470287322998,603.5785808563232,0.7151974439620972
frame_000110.jpg,7,14,643.0745468139648,603.109468460083,0.8452731370925903
frame_000110.jpg,7,15,629.9393997192383,604.5168056488037,0.6295745372772217
frame_000110.jpg,7,16,642.3708782196045,626.5650882720947,0.9180376529693604
frame_000110.jpg,8,0,319.86566615104675,543.0357974171638,0.7228726148605347
frame_000110.jpg,8,1,318.1743286252022,541.3444598913193,0.49615007638931274
frame_000110.jpg,8,2,320.3489054441452,541.10284024477,0.5577560067176819
frame_000110.jpg,8,3,316.72461074590683,543.5190367102623,0.704089879989624
frame_000110.jpg,8,4,325.66453766822815,543.0357974171638,0.7141247987747192
frame_000110.jpg,8,5,313.82517498731613,554.3919208049774,0.7012410163879395
frame_000110.jpg,8,6,332.1882681250572,554.8751600980759,0.6873320937156677
frame_000110.jpg,8,7,302.7106712460518,561.6405102014542,0.666273832321167
frame_000110.jpg,8,8,339.43685752153397,569.8555781841278,0.6749841570854187
frame_000110.jpg,8,9,293.0458853840828,567.1977620720863,0.731615424156189
frame_000110.jpg,8,10,332.1882681250572,570.5804371237755,0.5122449994087219
frame_000110.jpg,8,11,319.6240465044975,582.903039097786,0.5990868806838989
frame_000110.jpg,8,12,330.2553109526634,582.903039097786,0.5988227128982544
frame_000110.jpg,8,13,320.3489054441452,609.2395805716515,0.5408257246017456
frame_000110.jpg,8,14,328.8055930733681,608.756341278553,0.632535457611084
frame_000110.jpg,8,15,325.66453766822815,629.2940112352371,0.45925605297088623
frame_000110.jpg,8,16,328.0807341337204,630.260489821434,0.6777090430259705
frame_000110.jpg,9,0,633.9920828342438,740.2393583059311,0.4847126603126526
frame_000110.jpg,9,1,636.1794570684433,736.302084684372,0.5023019313812256
frame_000110.jpg,9,2,633.9920828342438,735.864609837532,0.49227556586265564
frame_000110.jpg,9,3,628.7423846721649,740.2393583059311,0.6063292026519775
frame_000110.jpg,9,4,630.9297589063644,739.3644086122513,0.5723223090171814
frame_000110.jpg,9,5,630.4922840595245,758.6133018732071,0.6399364471435547
frame_000110.jpg,9,6,634.4295576810837,758.6133018732071,0.5765418410301208
frame_000110.jpg,9,7,606.4311674833298,752.4886540174484,0.6183404922485352
frame_000110.jpg,9,8,633.117133140564,783.9868429899216,0.33700284361839294
frame_000110.jpg,9,9,611.2433907985687,751.1762294769287,0.4138886332511902
frame_000110.jpg,9,10,617.8055135011673,771.3000724315643,0.2620552182197571
frame_000110.jpg,9,11,626.1175355911255,811.1102834939957,0.5390439033508301
frame_000110.jpg,9,12,627.4299601316452,810.2353338003159,0.4673340320587158
frame_000110.jpg,9,13,628.7423846721649,852.2329190969467,0.6043963432312012
frame_000110.jpg,9,14,632.2421834468842,851.7954442501068,0.541357159614563
frame_000110.jpg,9,15,636.6169319152832,889.8557559251785,0.6134518980979919
frame_000110.jpg,9,16,637.491881608963,888.5433313846588,0.5854623913764954
frame_000110.jpg,10,0,566.0041116078695,774.2306036353111,0.7048829793930054
frame_000110.jpg,10,1,568.141985575358,770.3824303150177,0.6668985486030579
frame_000110.jpg,10,2,568.141985575358,769.9548555016518,0.6484380960464478
frame_000110.jpg,10,3,573.2728830973307,772.5203043818474,0.7800202965736389
frame_000110.jpg,10,4,582.2519537607828,769.9548555016518,0.6098281145095825
frame_000110.jpg,10,5,583.9622529347738,797.7472183704376,0.7240139245986938
frame_000110.jpg,10,6,576.2659066518148,792.1887457966805,0.5916719436645508
frame_000110.jpg,10,7,586.9552764892578,826.3947308659554,0.7463629841804504
frame_000110.jpg,10,8,577.9762058258057,817.8432345986366,0.42783069610595703
frame_000110.jpg,10,9,564.2938124338785,825.5395812392235,0.7411880493164062
frame_000110.jpg,10,10,562.5835132598877,823.8292819857597,0.2968332767486572
frame_000110.jpg,10,11,583.1071033477783,848.628621160984,0.5678863525390625
frame_000110.jpg,10,12,571.9901587168375,846.0631722807884,0.46525144577026367
frame_000110.jpg,10,13,581.3968041737875,890.5309528708458,0.5641523599624634
frame_000110.jpg,10,14,574.9831822713217,889.6758032441139,0.5073522329330444
frame_000110.jpg,10,15,583.1071033477783,926.8748120069504,0.5128594040870667
frame_000110.jpg,10,16,577.9762058258057,923.4542135000229,0.5018467903137207
frame_000110.jpg,11,0,20.811311721801758,1036.158215522766,0.5935070514678955
frame_000110.jpg,11,1,15.92835283279419,1029.182559967041,0.5836006999015808
frame_000110.jpg,11,2,16.6259183883667,1029.8801255226135,0.4290323853492737
frame_000110.jpg,11,3,20.811311721801758,1034.0655188560486,0.7795815467834473
frame_000110.jpg,11,4,57.782286167144775,1023.6020355224609,0.7840587496757507
frame_000110.jpg,11,5,36.85531949996948,1078.0121488571167,0.6314759850502014
frame_000110.jpg,11,6,72.43116283416748,1054.2949199676514,0.6812942028045654
frame_000110.jpg,11,7,1.2794761657714844,1105.914771080017,0.5767135620117188
frame_000110.jpg,11,8,64.75794172286987,1109.4025988578796,0.32243943214416504
frame_000110.jpg,11,9,13.13809061050415,1093.358591079712,0.2987891435623169
frame_000110.jpg,11,10,48.01636838912964,1162.4175810813904,0.1678619086742401
frame_000110.jpg,11,11,51.50419616699219,1204.271514415741,0.5387500524520874
frame_000110.jpg,11,12,72.43116283416748,1200.7836866378784,0.5059596300125122
frame_000110.jpg,11,13,46.62123727798462,1271.237807750702,0.5199302434921265
frame_000110.jpg,11,14,72.43116283416748,1270.5402421951294,0.5688582062721252
frame_000110.jpg,11,15,40.34314727783203,1267.7499799728394,0.29148975014686584
frame_000110.jpg,11,16,79.40681838989258,1270.5402421951294,0.2844078242778778
frame_000110.jpg,12,0,496.1917985677719,824.6492429971695,0.5786627531051636
frame_000110.jpg,12,1,497.7499349117279,821.0135915279388,0.5136624574661255
frame_000110.jpg,12,2,499.3080712556839,817.8973188400269,0.395394504070282
frame_000110.jpg,12,3,503.9824802875519,828.8042732477188,0.5852408409118652
frame_000110.jpg,12,4,522.1607376337051,823.0911066532135,0.47739505767822266
frame_000110.jpg,12,5,507.61813175678253,848.0212881565094,0.5923177003860474
frame_000110.jpg,12,6,529.9514193534851,844.9050154685974,0.5311739444732666
frame_000110.jpg,12,7,498.78869247436523,875.5483635663986,0.3845244348049164
frame_000110.jpg,12,8,547.090919137001,872.9514696598053,0.36274296045303345
frame_000110.jpg,12,9,492.0367683172226,883.3390452861786,0.29229503870010376
frame_000110.jpg,12,10,541.8971313238144,871.912712097168,0.1791800856590271
frame_000110.jpg,12,11,512.8119195699692,911.3854994773865,0.43610286712646484
frame_000110.jpg,12,12,525.2770103216171,909.8273631334305,0.3474085032939911
frame_000110.jpg,12,13,507.09875297546387,951.8970444202423,0.5690881013870239
frame_000110.jpg,12,14,518.5250861644745,949.8195292949677,0.4740440249443054
frame_000110.jpg,12,15,515.4088134765625,996.5636196136475,0.6512054204940796
frame_000110.jpg,12,16,515.9281922578812,991.8892105817795,0.48598986864089966
frame_000110.jpg,13,0,528.4589989185333,787.6457188129425,0.5659844875335693
frame_000110.jpg,13,1,529.9572379589081,785.3983602523804,0.5698890089988708
frame_000110.jpg,13,2,527.2104663848877,785.6480667591095,0.46222662925720215
frame_000110.jpg,13,3,527.2104663848877,786.646892786026,0.48962461948394775
frame_000110.jpg,13,4,545.1893348693848,785.8977732658386,0.461177796125412
frame_000110.jpg,13,5,545.4390413761139,805.8742938041687,0.383716881275177
frame_000110.jpg,13,6,546.9372804164886,804.376054763794,0.433704674243927
frame_000110.jpg,13,7,546.9372804164886,829.8461184501648,0.24184460937976837
frame_000110.jpg,13,8,549.4343454837799,830.5952379703522,0.23562777042388916
frame_000110.jpg,13,9,552.1811170578003,859.0617797374725,0.31509214639663696
frame_000110.jpg,13,10,553.4296495914459,858.8120732307434,0.23827879130840302
frame_000110.jpg,13,11,546.6875739097595,856.8144211769104,0.3619476556777954
frame_000110.jpg,13,12,550.1834650039673,857.0641276836395,0.4036813974380493
frame_000110.jpg,13,13,529.9572379589081,882.0347783565521,0.26923951506614685
frame_000110.jpg,13,14,549.684051990509,882.0347783565521,0.28846174478530884
frame_000110.jpg,13,15,530.9560639858246,882.0347783565521,0.22996917366981506
frame_000110.jpg,13,16,551.1822910308838,882.0347783565521,0.21315935254096985
frame_000110.jpg,14,0,501.33390390872955,793.7902066707611,0.5778013467788696
frame_000110.jpg,14,1,503.22299206256866,790.2481663823128,0.5729778409004211
frame_000110.jpg,14,2,502.0423119664192,789.5397583246231,0.4405279755592346
frame_000110.jpg,14,3,507.94571244716644,791.4288464784622,0.486483633518219
frame_000110.jpg,14,4,524.7113698124886,790.2481663823128,0.33243075013160706
frame_000110.jpg,14,5,517.6272892355919,810.3197280168533,0.3866553008556366
frame_000110.jpg,14,6,529.6702262163162,806.5415517091751,0.3586469292640686
frame_000110.jpg,14,7,498.0279996395111,825.1962972283363,0.3429553806781769
frame_000110.jpg,14,8,539.5879390239716,833.2249218821526,0.1846030354499817
frame_000110.jpg,14,9,476.3034858703613,806.5415517091751,0.24029523134231567
frame_000110.jpg,14,10,502.9868560433388,824.4878891706467,0.1002405434846878
frame_000110.jpg,14,11,527.3088660240173,856.6023877859116,0.3071776032447815
frame_000110.jpg,14,12,536.7543067932129,857.3107958436012,0.3119676113128662
frame_000110.jpg,14,13,489.763238966465,853.2964835166931,0.3203887641429901
frame_000110.jpg,14,14,492.1245991587639,877.6184934973717,0.2741352319717407
frame_000110.jpg,14,15,476.3034858703613,877.6184934973717,0.3682039976119995
frame_000110.jpg,14,16,476.3034858703613,877.6184934973717,0.3222433030605316
frame_000110.jpg,15,0,638.0119785467783,740.5854736566544,0.49766629934310913
frame_000110.jpg,15,1,637.5980132420858,736.859786093235,0.4814745783805847
frame_000110.jpg,15,2,635.1142214139303,736.859786093235,0.4722920060157776
frame_000110.jpg,15,3,628.4907765388489,740.17150837183,0.5518954396247864
frame_000110.jpg,15,4,633.0443948904673,739.3435778021812,0.49265217781066895
frame_000110.jpg,15,5,631.388533671697,757.1440850496292,0.5630137920379639
frame_000110.jpg,15,6,641.3237009843191,756.7301197648048,0.4884442687034607
frame_000110.jpg,15,7,606.1366500854492,752.5904669165611,0.5147745013237
frame_000110.jpg,15,8,643.8074928124746,777.4283840060234,0.2977386713027954
frame_000110.jpg,15,9,613.1740602652231,750.5206404924393,0.3456348180770874
frame_000110.jpg,15,10,640.0818050702413,790.2613078355789,0.21179062128067017
frame_000110.jpg,15,11,628.0768112341563,810.5456067919731,0.46938425302505493
frame_000110.jpg,15,12,628.0768112341563,810.1316415071487,0.39925748109817505
frame_000110.jpg,15,13,628.4907765388489,851.5281699895859,0.5651402473449707
frame_000110.jpg,15,14,637.1840479373932,851.1142047047615,0.483193576335907
frame_000110.jpg,15,15,636.7700826327006,891.2688373327255,0.5643086433410645
frame_000110.jpg,15,16,638.0119785467783,888.7850456237793,0.48426663875579834
frame_000115.jpg,0,0,656.5760239362717,884.8709222078323,0.9030953645706177
frame_000115.jpg,0,1,661.8237218856812,881.9555344581604,0.9186768531799316
frame_000115.jpg,0,2,655.4098688364029,881.372456908226,0.9318616390228271
frame_000115.jpg,0,3,673.4852728843689,886.0370773077011,0.9169659614562988
frame_000115.jpg,0,4,653.0775586366653,884.287844657898,0.73885577917099
frame_000115.jpg,0,5,686.3129789829254,912.8586446046829,0.7659435272216797
frame_000115.jpg,0,6,644.3313953876495,908.1940242052078,0.764785647392273
frame_000115.jpg,0,7,699.7237626314163,942.0125221014023,0.738014817237854
frame_000115.jpg,0,8,637.3344647884369,941.4294445514679,0.6946990489959717
frame_000115.jpg,0,9,685.1468238830566,965.3356240987778,0.6670121550559998
frame_000115.jpg,0,10,636.1683096885681,968.8340893983841,0.6340113282203674
frame_000115.jpg,0,11,671.7360402345657,978.7464077472687,0.6409182548522949
frame_000115.jpg,0,12,648.9960157871246,978.1633301973343,0.6652253270149231
frame_000115.jpg,0,13,669.4037300348282,1024.2264566421509,0.7282530665397644
frame_000115.jpg,0,14,646.0806280374527,1024.8095341920853,0.7372105121612549
frame_000115.jpg,0,15,666.4883422851562,1063.8757300376892,0.8006621599197388
frame_000115.jpg,0,16,641.4160076379776,1074.9542034864426,0.8162599802017212
frame_000115.jpg,1,0,560.3703070282936,649.371330499649,0.5853308439254761
frame_000115.jpg,1,1,555.4564190506935,646.300150513649,0.3819512128829956
frame_000115.jpg,1,2,566.5126670002937,646.914386510849,0.5641374588012695
frame_000115.jpg,1,3,552.0781210660934,649.9855664968491,0.7505967617034912
frame_000115.jpg,1,4,567.4340209960938,650.2926844954491,0.8138424754142761
frame_000115.jpg,1,5,541.9432271122932,668.1055284142494,0.7951940298080444
frame_000115.jpg,1,6,571.4265549778938,670.8695904016495,0.7761015892028809
frame_000115.jpg,1,7,528.122917175293,690.8322603106499,0.7968313694000244
frame_000115.jpg,1,8,573.5763809680939,692.0607323050499,0.7732323408126831
frame_000115.jpg,1,9,531.194097161293,700.04580026865,0.7052722573280334
frame_000115.jpg,1,10,596.6102308630943,698.20309227705,0.8070363998413086
frame_000115.jpg,1,11,546.5499970912933,714.4803462028503,0.7076138257980347
frame_000115.jpg,1,12,564.0557230114937,714.4803462028503,0.689014196395874
frame_000115.jpg,1,13,536.4151031374931,751.3345060348511,0.5846759080886841
frame_000115.jpg,1,14,567.1269029974937,740.8924940824509,0.7543424367904663
frame_000115.jpg,1,15,538.5649291276932,736.5928421020508,0.6992731094360352
frame_000115.jpg,1,16,568.9696109890938,775.5968279242516,0.5260970592498779
frame_000115.jpg,2,0,27.45694065093994,591.7248392105103,0.6480701565742493
frame_000115.jpg,2,1,21.57099151611328,589.5563316345215,0.5166812539100647
frame_000115.jpg,2,2,27.147153854370117,589.5563316345215,0.617867648601532
frame_000115.jpg,2,3,17.543763160705566,592.9639863967896,0.7766580581665039
frame_000115.jpg,2,4,27.45694065093994,592.6541996002197,0.716812014579773
frame_000115.jpg,2,5,11.657814025878906,607.2141790390015,0.7666884660720825
frame_000115.jpg,2,6,34.5820369720459,609.6924734115601,0.7481706738471985
frame_000115.jpg,2,7,1.7446365356445312,619.2958641052246,0.6833544969558716
frame_000115.jpg,2,8,39.538625717163086,628.8992547988892,0.71750807762146
frame_000115.jpg,2,9,5.462078094482422,624.8720264434814,0.4637417197227478
frame_000115.jpg,2,10,36.13097095489502,626.1111736297607,0.508589506149292
frame_000115.jpg,2,11,15.685042381286621,643.1494474411011,0.6460502743721008
frame_000115.jpg,2,12,26.837367057800293,644.0788078308105,0.6651591658592224
frame_000115.jpg,2,13,27.147153854370117,668.5519647598267,0.7333157658576965
frame_000115.jpg,2,14,19.712270736694336,669.791111946106,0.7255053520202637
frame_000115.jpg,2,15,33.03310298919678,694.5740556716919,0.7963435649871826
frame_000115.jpg,2,16,2.983783721923828,668.8617515563965,0.625452995300293
frame_000115.jpg,3,0,591.7308510144552,904.1536087691784,0.8843027353286743
frame_000115.jpg,3,1,596.670551776886,900.6958183050156,0.8709852695465088
frame_000115.jpg,3,2,589.2610006332397,899.7078781723976,0.8648574352264404
frame_000115.jpg,3,3,605.5620131492615,904.1536087691784,0.8536278009414673
frame_000115.jpg,3,4,584.815269947052,902.6716985702515,0.762818455696106
frame_000115.jpg,3,5,611.9836241404215,928.3581420183182,0.7741636037826538
frame_000115.jpg,3,6,577.8996888796488,923.4184413552284,0.7511858940124512
frame_000115.jpg,3,7,615.4414146741232,956.5144357979298,0.7686277627944946
frame_000115.jpg,3,8,569.9961676597595,947.6229746043682,0.6883890628814697
frame_000115.jpg,3,9,607.5378934542338,980.2249989807606,0.7422484159469604
frame_000115.jpg,3,10,562.0926464398702,971.827507853508,0.6645031571388245
frame_000115.jpg,3,11,598.1524620056152,985.6586697101593,0.6475038528442383
frame_000115.jpg,3,12,578.393658955892,983.6827894449234,0.6552722454071045
frame_000115.jpg,3,13,596.1765817006429,1022.7064246833324,0.7606267929077148
frame_000115.jpg,3,14,576.9117487271627,1021.2245144844055,0.7670794725418091
frame_000115.jpg,3,15,593.7067313194275,1062.7180000543594,0.8105142116546631
frame_000115.jpg,3,16,586.7911502520243,1043.4531674683094,0.7663437128067017
frame_000115.jpg,4,0,626.4587184786797,526.0072823762894,0.8048489093780518
frame_000115.jpg,4,1,625.1562839746475,524.4443609714508,0.5404709577560425
frame_000115.jpg,4,2,626.9796922802925,524.7048478722572,0.7039352655410767
frame_000115.jpg,4,3,622.5514149665833,526.5282561779022,0.7935260534286499
frame_000115.jpg,4,4,630.8869957923889,527.0492299795151,0.8465175032615662
frame_000115.jpg,4,5,618.9045983552933,538.5106536149979,0.7738205790519714
frame_000115.jpg,4,6,634.7942993044853,539.2921143174171,0.778258204460144
frame_000115.jpg,4,7,618.123137652874,550.4930510520935,0.7228876352310181
frame_000115.jpg,4,8,641.5669587254524,551.5349986553192,0.7947394251823425
frame_000115.jpg,4,9,614.476321041584,553.8793807625771,0.519426703453064
frame_000115.jpg,4,10,633.4918648004532,547.10672134161,0.510604739189148
frame_000115.jpg,4,11,621.5094673633575,564.819830596447,0.7081516981124878
frame_000115.jpg,4,12,631.6684564948082,564.819830596447,0.7120716571807861
frame_000115.jpg,4,13,621.769954264164,589.0451123714447,0.7899783849716187
frame_000115.jpg,4,14,633.2313778996468,587.7426778674126,0.7438753843307495
frame_000115.jpg,4,15,625.416770875454,612.2284465432167,0.8040273189544678
frame_000115.jpg,4,16,634.2733255028725,608.3211430311203,0.7537092566490173
frame_000115.jpg,5,0,12.040247917175293,1037.8531756401062,0.6631118059158325
frame_000115.jpg,5,1,7.1514555613199775,1030.1707872152328,0.615976870059967
frame_000115.jpg,5,2,11.341849009195954,1030.8691861629486,0.5023887753486633
frame_000115.jpg,5,3,13.437045733133942,1034.3611809015274,0.8043473958969116
frame_000115.jpg,5,4,49.75378894805908,1023.885196685791,0.7970762252807617
frame_000115.jpg,5,5,30.19861952463785,1076.9635167121887,0.6505065560340881
frame_000115.jpg,5,6,65.11856492360431,1054.6147503852844,0.7125184535980225
frame_000115.jpg,5,7,-0.5309324264526367,1103.5026767253876,0.5613213777542114
frame_000115.jpg,5,8,57.436176935831725,1111.185065150261,0.336814820766449
frame_000115.jpg,5,9,9.246652285257966,1099.312283039093,0.29157382249832153
frame_000115.jpg,5,10,42.76979986826578,1157.279395699501,0.20178374648094177
frame_000115.jpg,5,11,45.563395500183105,1199.1833325624466,0.5278650522232056
frame_000115.jpg,5,12,69.30895837148029,1191.5009441375732,0.4940657615661621
frame_000115.jpg,5,13,38.5794064203898,1272.5152220726013,0.5309338569641113
frame_000115.jpg,5,14,67.91216055552167,1272.5152220726013,0.5789505243301392
frame_000115.jpg,5,15,32.992215156555176,1271.1184241771698,0.2905459702014923
frame_000115.jpg,5,16,76.99134635925293,1275.3088178634644,0.33286595344543457
frame_000115.jpg,6,0,318.78751277923584,560.8179783821106,0.8463647365570068
frame_000115.jpg,6,1,318.78751277923584,559.2744994163513,0.5674217939376831
frame_000115.jpg,6,2,320.3309917449951,559.2744994163513,0.6282364130020142
frame_000115.jpg,6,3,314.4143223762512,561.5897178649902,0.7233173847198486
frame_000115.jpg,6,4,322.64621019363403,561.0752248764038,0.7889968752861023
frame_000115.jpg,6,5,311.07011795043945,575.4810285568237,0.8810424208641052
frame_000115.jpg,6,6,327.27664709091187,571.8795776367188,0.8319224119186401
frame_000115.jpg,6,7,313.38533639907837,589.115092754364,0.6245543360710144
frame_000115.jpg,6,8,329.07737255096436,583.7129163742065,0.7660746574401855
frame_000115.jpg,6,9,323.16070318222046,589.3723392486572,0.4540237784385681
frame_000115.jpg,6,10,337.5665068626404,590.4013252258301,0.7817301750183105
frame_000115.jpg,6,11,318.2730197906494,604.2926359176636,0.7693167924880981
frame_000115.jpg,6,12,329.07737255096436,603.7781429290771,0.74056476354599
frame_000115.jpg,6,13,320.3309917449951,628.4738063812256,0.6949131488800049
frame_000115.jpg,6,14,332.93606996536255,626.1585879325867,0.8047460317611694
frame_000115.jpg,6,15,313.6425828933716,634.9049687385559,0.7177687883377075
frame_000115.jpg,6,16,336.0230278968811,648.7962794303894,0.832801342010498
frame_000115.jpg,7,0,337.4841416676839,884.125085234642,0.4782072901725769
frame_000115.jpg,7,1,335.3394864400228,883.4102001190186,0.44508644938468933
frame_000115.jpg,7,2,337.4841416676839,881.9804298877716,0.4541721045970917
frame_000115.jpg,7,3,329.6204058329264,887.6995108127594,0.5501012206077576
frame_000115.jpg,7,4,343.9181073506673,884.125085234642,0.48086845874786377
frame_000115.jpg,7,5,331.7650610605875,911.290719628334,0.605837881565094
frame_000115.jpg,7,6,361.79023424784344,909.1460642814636,0.5618446469306946
frame_000115.jpg,7,7,296.73569234212243,923.4437665939331,0.6453295946121216
frame_000115.jpg,7,8,347.49253273010254,927.0181921720505,0.34947195649147034
frame_000115.jpg,7,9,313.8929341634115,916.2949154376984,0.4240986704826355
frame_000115.jpg,7,10,328.19063568115234,919.1544559001923,0.30218666791915894
frame_000115.jpg,7,11,343.9181073506673,1003.5108995437622,0.5249325037002563
frame_000115.jpg,7,12,364.6497745513916,1000.6513590812683,0.4968193769454956
frame_000115.jpg,7,13,350.3520730336507,1069.9952152967453,0.6070621013641357
frame_000115.jpg,7,14,358.2158088684082,1067.8505599498749,0.5620031952857971
frame_000115.jpg,7,15,353.2116133371989,1132.905105471611,0.667517900466919
frame_000115.jpg,7,16,360.36046409606934,1125.0413691997528,0.6199496984481812
frame_000115.jpg,8,0,464.19859409332275,846.2578973770142,0.6807965040206909
frame_000115.jpg,8,1,453.74508142471313,843.7982473373413,0.5040744543075562
frame_000115.jpg,8,2,470.3477191925049,846.8728098869324,0.5150437951087952
frame_000115.jpg,8,3,451.9003438949585,846.8728098869324,0.8435106873512268
frame_000115.jpg,8,4,474.6521067619324,848.717547416687,0.8175731301307678
frame_000115.jpg,8,5,436.5275311470032,862.2456226348877,0.7631949186325073
frame_000115.jpg,8,6,481.4161443710327,866.5500102043152,0.7976840734481812
frame_000115.jpg,8,7,405.78190565109253,855.4815850257874,0.8303139209747314
frame_000115.jpg,8,8,515.2363324165344,865.935097694397,0.7631053924560547
frame_000115.jpg,8,9,427.9187560081482,854.8666725158691,0.6015821695327759
frame_000115.jpg,8,10,496.1740446090698,853.6368474960327,0.5866571068763733
frame_000115.jpg,8,11,448.2108688354492,937.2649488449097,0.6055185794830322
frame_000115.jpg,8,12,471.5775442123413,934.1903862953186,0.6140342354774475
frame_000115.jpg,8,13,457.4345564842224,996.2965497970581,0.6667913794517517
frame_000115.jpg,8,14,459.89420652389526,989.5325121879578,0.5375064611434937
frame_000115.jpg,8,15,477.1117568016052,1051.6386756896973,0.7006362676620483
frame_000115.jpg,8,16,448.2108688354492,1039.9553380012512,0.6646265983581543
frame_000115.jpg,9,0,476.43183994293213,526.6229553222656,0.7447818517684937
frame_000115.jpg,9,1,475.59926319122314,525.1659460067749,0.5924814939498901
frame_000115.jpg,9,2,476.43183994293213,525.1659460067749,0.5949845910072327
frame_000115.jpg,9,3,474.9748306274414,527.4555320739746,0.768646240234375
frame_000115.jpg,9,4,483.092453956604,526.8310995101929,0.7335218191146851
frame_000115.jpg,9,5,472.89338874816895,538.9034624099731,0.7428474426269531
frame_000115.jpg,9,6,486.6309051513672,537.4464530944824,0.7368673086166382
frame_000115.jpg,9,7,472.2689561843872,550.1432485580444,0.6608009934425354
frame_000115.jpg,9,8,493.9159517288208,550.1432485580444,0.6591890454292297
frame_000115.jpg,9,9,463.94318866729736,553.8898439407349,0.6692730784416199
frame_000115.jpg,9,10,486.6309051513672,552.2246904373169,0.3466034531593323
frame_000115.jpg,9,11,477.05627250671387,562.0074672698975,0.6631765365600586
frame_000115.jpg,9,12,486.2146167755127,561.1748905181885,0.6743901968002319
frame_000115.jpg,9,13,477.88884925842285,582.8218860626221,0.739762544631958
frame_000115.jpg,9,14,489.3367795944214,578.6590023040771,0.6254467964172363
frame_000115.jpg,9,15,479.76214694976807,601.7630071640015,0.7419991493225098
frame_000115.jpg,9,16,488.9204912185669,585.1114721298218,0.5609515905380249
frame_000115.jpg,10,0,557.7559295892715,774.7976145744324,0.6233621835708618
frame_000115.jpg,10,1,559.9606189727783,770.3882358074188,0.6070857644081116
frame_000115.jpg,10,2,559.9606189727783,770.3882358074188,0.6085798740386963
frame_000115.jpg,10,3,565.6928113698959,772.5929251909256,0.6765751838684082
frame_000115.jpg,10,4,573.188755273819,770.3882358074188,0.5418120622634888
frame_000115.jpg,10,5,575.8343825340271,798.6082599163055,0.6591329574584961
frame_000115.jpg,10,6,571.8659416437149,791.9941917657852,0.533225417137146
frame_000115.jpg,10,7,579.8028234243393,827.710159778595,0.6612070798873901
frame_000115.jpg,10,8,570.1021901369095,818.4504643678665,0.3791086673736572
frame_000115.jpg,10,9,556.8740538358688,824.1826567649841,0.6544613838195801
frame_000115.jpg,10,10,555.5512402057648,823.3007810115814,0.295101523399353
frame_000115.jpg,10,11,575.3934446573257,852.4026808738708,0.5220348834991455
frame_000115.jpg,10,12,562.6062462329865,849.3161157369614,0.4458712041378021
frame_000115.jpg,10,13,573.188755273819,894.2917791604996,0.5166903734207153
frame_000115.jpg,10,14,563.9290598630905,892.9689655303955,0.46720898151397705
frame_000115.jpg,10,15,572.3068795204163,933.9761880636215,0.4675476551055908
frame_000115.jpg,10,16,564.8109356164932,929.566809296608,0.45245563983917236
frame_000115.jpg,11,0,333.15186274051666,536.6918950676918,0.7814931869506836
frame_000115.jpg,11,1,331.26912128925323,535.0444962978363,0.550342857837677
frame_000115.jpg,11,2,334.79926151037216,534.8091536164284,0.6385923624038696
frame_000115.jpg,11,3,329.3863798379898,537.8686084747314,0.8011631369590759
frame_000115.jpg,11,4,337.3880310058594,536.4565523862839,0.814254879951477
frame_000115.jpg,11,5,325.62089693546295,550.8124559521675,0.7959455251693726
frame_000115.jpg,11,6,342.80091267824173,547.7530010938644,0.7944334745407104
frame_000115.jpg,11,7,323.03212743997574,565.8743875622749,0.5505063533782959
frame_000115.jpg,11,8,347.7431089878082,560.4615058898926,0.7141156196594238
frame_000115.jpg,11,9,324.2088408470154,571.2872692346573,0.28262919187545776
frame_000115.jpg,11,10,354.56804674863815,565.639044880867,0.7464652061462402
frame_000115.jpg,11,11,334.0932334661484,575.9941228628159,0.668660044670105
frame_000115.jpg,11,12,344.44831144809723,575.5234375,0.69801926612854
frame_000115.jpg,11,13,331.0337786078453,600.4697617292404,0.5706503391265869
frame_000115.jpg,11,14,343.5069407224655,595.292222738266,0.6969218850135803
frame_000115.jpg,11,15,329.85706520080566,620.7092323303223,0.512687087059021
frame_000115.jpg,11,16,343.9776260852814,612.0015531182289,0.7584304213523865
frame_000115.jpg,12,0,484.817097902298,821.1485939621925,0.6013131141662598
frame_000115.jpg,12,1,485.8675528367361,816.9467740654945,0.5150233507156372
frame_000115.jpg,12,2,484.291870435079,815.3710916042328,0.39009547233581543
frame_000115.jpg,12,3,488.4936901728312,821.1485939621925,0.5708116292953491
frame_000115.jpg,12,4,505.82619659105933,815.3710916042328,0.45521897077560425
frame_000115.jpg,12,5,498.9982395172119,847.9351958036423,0.5506972074508667
frame_000115.jpg,12,6,521.0577931404114,840.5820109844208,0.5083045959472656
frame_000115.jpg,12,7,495.8468747138977,877.3479350805283,0.3311844766139984
frame_000115.jpg,12,8,542.0668918291727,867.8938403129578,0.361041784286499
frame_000115.jpg,12,9,482.7161880334219,898.8822620511055,0.2570730149745941
frame_000115.jpg,12,10,537.8650720914205,858.4397455453873,0.16873721778392792
frame_000115.jpg,12,11,502.6748317877451,908.336356818676,0.3802362084388733
frame_000115.jpg,12,12,532.0875699520111,905.1849918961525,0.316536009311676
frame_000115.jpg,12,13,497.4225571155548,949.3041008114815,0.5673890709877014
frame_000115.jpg,12,14,507.40187899271643,949.3041008114815,0.46997779607772827
frame_000115.jpg,12,15,506.87665152549744,994.473664700985,0.6202089786529541
frame_000115.jpg,12,16,527.3605227470398,990.271844804287,0.47376537322998047
frame_000115.jpg,13,0,624.320330619812,740.7103915214539,0.5080713629722595
frame_000115.jpg,13,1,626.4921391010284,736.8011362552643,0.5176788568496704
frame_000115.jpg,13,2,624.7546923160553,736.8011362552643,0.4899356961250305
frame_000115.jpg,13,3,623.0172455310822,740.7103915214539,0.5917173027992249
frame_000115.jpg,13,4,623.4516072273254,738.9729447364807,0.566246747970581
frame_000115.jpg,13,5,622.5828838348389,757.650497674942,0.6338611245155334
frame_000115.jpg,13,6,629.5326709747314,757.2161359786987,0.5579013824462891
frame_000115.jpg,13,7,598.2586288452148,752.8725190162659,0.5943526029586792
frame_000115.jpg,13,8,626.9265007972717,781.974752664566,0.3218449354171753
frame_000115.jpg,13,9,604.7740542888641,753.7412424087524,0.39719176292419434
frame_000115.jpg,13,10,608.6833095550537,769.812625169754,0.25393038988113403
frame_000115.jpg,13,11,619.1079902648926,810.2082629203796,0.5382071733474731
frame_000115.jpg,13,12,621.7141604423523,809.3395395278931,0.4451029300689697
frame_000115.jpg,13,13,620.8454370498657,851.9069857597351,0.6135358214378357
frame_000115.jpg,13,14,626.0577774047852,851.0382623672485,0.5312148332595825
frame_000115.jpg,13,15,628.2295858860016,889.696453332901,0.6120911240577698
frame_000115.jpg,13,16,630.401394367218,888.3933682441711,0.5828888416290283
frame_000115.jpg,14,0,717.9635486602783,674.5139610767365,0.7218947410583496
frame_000115.jpg,14,1,720.1971641778946,673.1737917661667,0.712620735168457
frame_000115.jpg,14,2,717.9635486602783,673.1737917661667,0.6777877807617188
frame_000115.jpg,14,3,719.7504410743713,677.6410228013992,0.6594061851501465
frame_000115.jpg,14,4,717.0701024532318,677.194299697876,0.6842819452285767
frame_000115.jpg,14,5,714.8364869356155,693.7230545282364,0.6818331480026245
frame_000115.jpg,14,6,713.943040728569,693.2763314247131,0.7520231008529663
frame_000115.jpg,14,7,696.5208396911621,697.2968393564224,0.4649876356124878
frame_000115.jpg,14,8,696.5208396911621,696.4033931493759,0.5201394557952881
frame_000115.jpg,14,9,713.943040728569,691.9361621141434,0.3807157576084137
frame_000115.jpg,14,10,708.58236348629,692.3828852176666,0.4057236909866333
frame_000115.jpg,14,11,716.1766562461853,750.4568886756897,0.5802536010742188
frame_000115.jpg,14,12,713.4963176250458,750.4568886756897,0.5701150894165039
frame_000115.jpg,14,13,715.2832100391388,790.6619679927826,0.7323366403579712
frame_000115.jpg,14,14,714.3897638320923,790.6619679927826,0.7030345797538757
frame_000115.jpg,14,15,718.4102717638016,832.2072166204453,0.7888665199279785
frame_000115.jpg,14,16,718.4102717638016,831.3137704133987,0.7437503337860107
frame_000115.jpg,15,0,520.1256826519966,790.0587331652641,0.5480601191520691
frame_000115.jpg,15,1,521.0233870148659,785.3457852602005,0.5506957173347473
frame_000115.jpg,15,2,519.2279782891273,788.0388983488083,0.40799427032470703
frame_000115.jpg,15,3,520.3501087427139,785.7946374416351,0.5849106311798096
frame_000115.jpg,15,4,537.4064916372299,785.5702113509178,0.5746467113494873
frame_000115.jpg,15,5,520.7989609241486,807.5639682412148,0.40073269605636597
frame_000115.jpg,15,6,540.997309088707,804.6464290618896,0.41845884919166565
frame_000115.jpg,15,7,520.3501087427139,837.1882122159004,0.21787291765213013
frame_000115.jpg,15,8,544.1392743587494,836.0660817623138,0.2692975699901581
frame_000115.jpg,15,9,519.9012565612793,869.0567170977592,0.20181992650032043
frame_000115.jpg,15,10,546.8323874473572,859.8552473783493,0.27094656229019165
frame_000115.jpg,15,11,531.1225610971451,856.4888560175896,0.3519577085971832
frame_000115.jpg,15,12,542.7927178144455,856.9377081990242,0.4247046709060669
frame_000115.jpg,15,13,523.940926194191,869.0567170977592,0.27333298325538635
frame_000115.jpg,15,14,540.7728829979897,869.0567170977592,0.26623740792274475
frame_000115.jpg,15,15,526.6340392827988,869.0567170977592,0.23643231391906738
frame_000115.jpg,15,16,537.8553438186646,869.0567170977592,0.22308628261089325
frame_000115.jpg,16,0,492.80837446451187,791.9551027417183,0.5816960334777832
frame_000115.jpg,16,1,493.9401191473007,787.4281240105629,0.5927665829658508
frame_000115.jpg,16,2,493.4874212741852,786.7490772008896,0.4445089101791382
frame_000115.jpg,16,3,501.18328511714935,789.4652644395828,0.5211018323898315
frame_000115.jpg,16,4,516.1223149299622,788.333519756794,0.3334788680076599
frame_000115.jpg,16,5,512.9534298181534,809.3839708566666,0.3789447844028473
frame_000115.jpg,16,6,522.0073872804642,806.4414346814156,0.33314964175224304
frame_000115.jpg,16,7,487.82869786024094,831.1134687662125,0.3364231586456299
frame_000115.jpg,16,8,491.676629781723,831.3398177027702,0.17148980498313904
frame_000115.jpg,16,9,484.2071148753166,807.7995283007622,0.2014426589012146
frame_000115.jpg,16,10,488.2813957333565,821.6068134307861,0.1526484489440918
frame_000115.jpg,16,11,526.7607149481773,872.0826262831688,0.3504124581813812
frame_000115.jpg,16,12,533.7775319814682,872.0826262831688,0.36580079793930054
frame_000115.jpg,16,13,484.2071148753166,849.9004305005074,0.3084719479084015
frame_000115.jpg,16,14,485.791557431221,872.0826262831688,0.2784344255924225
frame_000115.jpg,16,15,470.8525276184082,872.0826262831688,0.3085379898548126
frame_000115.jpg,16,16,487.3759999871254,872.0826262831688,0.2784028947353363
frame_000115.jpg,17,0,621.4852019151052,740.5457556843758,0.5258641839027405
frame_000115.jpg,17,1,619.1097751458486,736.9826153516769,0.5099632143974304
frame_000115.jpg,17,2,626.2360554536184,737.3785198330879,0.4638115167617798
frame_000115.jpg,17,3,620.2974885304769,739.7539467215538,0.6495819687843323
frame_000115.jpg,17,4,629.4032911459605,738.9621377587318,0.5621892809867859
frame_000115.jpg,17,5,622.2770108381907,756.381934940815,0.6553956270217896
frame_000115.jpg,17,6,633.7582402229309,756.777839422226,0.5607818365097046
frame_000115.jpg,17,7,598.9186476071676,752.4228901267052,0.65397047996521
frame_000115.jpg,17,8,624.2565331459045,777.7607769370079,0.3173713684082031
frame_000115.jpg,17,9,602.4817877610525,750.8392722010612,0.4566447138786316
frame_000115.jpg,17,10,613.1712082227072,786.8665800094604,0.23002174496650696
frame_000115.jpg,17,11,619.9015840689341,811.4126578569412,0.5570907592773438
frame_000115.jpg,17,12,629.7991956075033,810.2249444127083,0.47451141476631165
frame_000115.jpg,17,13,620.6933929920197,852.1908194422722,0.6387864351272583
frame_000115.jpg,17,14,629.4032911459605,851.7949149608612,0.5611442923545837
frame_000115.jpg,17,15,628.611482222875,892.1771720647812,0.6191555261611938
frame_000115.jpg,17,16,631.3828134536743,889.8017451763153,0.5622360706329346
frame_000115.jpg,18,0,374.9407291809718,937.043078571558,0.439205139875412
frame_000115.jpg,18,1,374.4677107334137,935.1510048210621,0.4027141332626343
frame_000115.jpg,18,2,374.9407291809718,934.2049679458141,0.36609596014022827
frame_000115.jpg,18,3,382.0360058943431,935.1510048210621,0.5128560066223145
frame_000115.jpg,18,4,383.9280796845754,942.2462813854218,0.43690767884254456
frame_000115.jpg,18,5,386.7661903699239,958.801926702261,0.46587204933166504
frame_000115.jpg,18,6,389.1312826077143,958.801926702261,0.46102747321128845
frame_000115.jpg,18,7,390.55033795038855,980.08775639534,0.3567308783531189
frame_000115.jpg,18,8,390.0773195028305,979.141719520092,0.357056200504303
frame_000115.jpg,18,9,371.6296000480652,930.8938388824463,0.28257685899734497
frame_000115.jpg,18,10,372.1026184956233,933.7319495081902,0.26500093936920166
frame_000115.jpg,18,11,383.45506123701733,1018.4022498428822,0.4918883442878723
frame_000115.jpg,18,12,384.4010981321335,1017.4562129676342,0.43036431074142456
frame_000115.jpg,18,13,384.4010981321335,1061.4469276666641,0.6564357280731201
frame_000115.jpg,18,14,382.5090243419011,1060.9739092290401,0.49372604489326477
frame_000115.jpg,18,15,386.7661903699239,1101.1804764270782,0.7354344129562378
frame_000115.jpg,18,16,382.98204278945923,1100.2344395518303,0.528440535068512
frame_000115.jpg,19,0,467.92347264289856,815.714916229248,0.1877838671207428
frame_000115.jpg,19,1,457.26152044534683,814.1436811685562,0.2901698648929596
frame_000115.jpg,19,2,479.3710423707962,813.470294713974,0.25907832384109497
frame_000115.jpg,19,3,457.71044474840164,817.622844517231,0.4508815407752991
frame_000115.jpg,19,4,479.4832734465599,817.2861512899399,0.4161030948162079
frame_000115.jpg,19,5,445.9261817932129,839.1712110638618,0.3193274736404419
frame_000115.jpg,19,6,488.9106838107109,838.9467489123344,0.32618165016174316
frame_000115.jpg,19,7,445.9261817932129,851.5166293978691,0.32456696033477783
frame_000115.jpg,19,8,488.9106838107109,851.5166293978691,0.3149520456790924
frame_000115.jpg,19,9,488.9106838107109,851.5166293978691,0.1573837548494339
frame_000115.jpg,19,10,488.9106838107109,851.5166293978691,0.18327559530735016
frame_000115.jpg,19,11,488.9106838107109,851.5166293978691,0.1694663017988205
frame_000115.jpg,19,12,488.9106838107109,851.5166293978691,0.2294253706932068
frame_000115.jpg,19,13,459.3939108848572,851.5166293978691,0.2190328985452652
frame_000115.jpg,19,14,488.9106838107109,851.5166293978691,0.2158696949481964
frame_000115.jpg,19,15,461.0773770213127,851.5166293978691,0.19871172308921814
frame_000115.jpg,19,16,488.9106838107109,851.5166293978691,0.18748661875724792
frame_000120.jpg,0,0,639.2613332271576,888.9433951377869,0.9196664690971375
frame_000120.jpg,0,1,644.6407008171082,885.3571500778198,0.9030190706253052
frame_000120.jpg,0,2,638.0659182071686,884.7594425678253,0.9586312770843506
frame_000120.jpg,0,3,657.7902660369873,890.1388101577759,0.9711977243423462
frame_000120.jpg,0,4,637.4682106971741,888.9433951377869,0.7105928659439087
frame_000120.jpg,0,5,671.537538766861,918.8287706375122,0.7647607326507568
frame_000120.jpg,0,6,630.29572057724,914.0471105575562,0.7636672258377075
frame_000120.jpg,0,7,685.2848114967346,949.311853647232,0.6975204348564148
frame_000120.jpg,0,8,623.7209379673004,948.116438627243,0.6237843036651611
frame_000120.jpg,0,9,667.9512937068939,971.4270315170288,0.6281269788742065
frame_000120.jpg,0,10,621.9278154373169,973.2201540470123,0.5176095962524414
frame_000120.jpg,0,11,654.2040209770203,988.7605493068695,0.6385590434074402
frame_000120.jpg,0,12,632.686550617218,987.5651342868805,0.6738935708999634
frame_000120.jpg,0,13,653.6063134670258,1032.3931975364685,0.6525202989578247
frame_000120.jpg,0,14,633.2842581272125,1037.772565126419,0.7535459399223328
frame_000120.jpg,0,15,661.9742186069489,1055.7037904262543,0.7608250379562378
frame_000120.jpg,0,16,636.8705031871796,1086.1868734359741,0.8359843492507935
frame_000120.jpg,1,0,579.184179464976,912.442163169384,0.9296854734420776
frame_000120.jpg,1,1,584.2299065589905,908.9101543426514,0.9196995496749878
frame_000120.jpg,1,2,576.6613159179688,907.9010089635849,0.948999285697937
frame_000120.jpg,1,3,593.3122153282166,911.9375904798508,0.8906086683273315
frame_000120.jpg,1,4,572.6247342427572,909.4147270321846,0.7813282608985901
frame_000120.jpg,1,5,600.3762332598368,936.157079577446,0.785280704498291
frame_000120.jpg,1,6,566.5698617299398,931.1113526821136,0.7798718214035034
frame_000120.jpg,1,7,604.4128149350485,965.9268682599068,0.8025163412094116
frame_000120.jpg,1,8,559.5058437983195,957.853705227375,0.7747179269790649
frame_000120.jpg,1,9,596.8442242940267,990.146357357502,0.7863955497741699
frame_000120.jpg,1,10,552.9463985761007,981.0640489459038,0.7432632446289062
frame_000120.jpg,1,11,589.275633653005,994.1829388737679,0.667250394821167
frame_000120.jpg,1,12,567.0744344393412,991.1555027365685,0.6783806085586548
frame_000120.jpg,1,13,588.266488234202,1031.016745209694,0.7789238095283508
frame_000120.jpg,1,14,565.5607163111368,1031.5213178992271,0.8036671876907349
frame_000120.jpg,1,15,586.7527701059977,1064.3185427188873,0.8362963199615479
frame_000120.jpg,1,16,561.5241346359253,1074.409996509552,0.8459913730621338
frame_000120.jpg,2,0,576.473461151123,623.6865713596344,0.7071746587753296
frame_000120.jpg,2,1,571.2070152759552,621.9310894012451,0.442851185798645
frame_000120.jpg,2,2,576.8245575428009,621.9310894012451,0.5877834558486938
frame_000120.jpg,2,3,571.2070152759552,625.7931497097015,0.7927011847496033
frame_000120.jpg,2,4,584.1975817680359,624.739860534668,0.7911039590835571
frame_000120.jpg,2,5,569.1004369258881,641.5924873352051,0.8285744190216064
frame_000120.jpg,2,6,596.134859085083,640.5391981601715,0.8101507425308228
frame_000120.jpg,2,7,566.9938585758209,657.3918249607086,0.7538613677024841
frame_000120.jpg,2,8,612.2852931022644,656.338535785675,0.7644250988960266
frame_000120.jpg,2,9,551.1945209503174,672.1378734111786,0.8199326992034912
frame_000120.jpg,2,10,610.1787147521973,652.8275718688965,0.6432077884674072
frame_000120.jpg,2,11,571.9092080593109,683.0218615531921,0.6728988885879517
frame_000120.jpg,2,12,586.6552565097809,685.1284399032593,0.639241099357605
frame_000120.jpg,2,13,575.4201719760895,692.8525605201721,0.3344411849975586
frame_000120.jpg,2,14,583.1442925930023,715.3227295875549,0.644722580909729
frame_000120.jpg,2,15,579.2822322845459,723.3979465961456,0.2887340188026428
frame_000120.jpg,2,16,575.4201719760895,742.3571517467499,0.7102739810943604
frame_000120.jpg,3,0,61.9110769033432,586.0549842119217,0.6586804986000061
frame_000120.jpg,3,1,53.88338923454285,584.4494466781616,0.44703856110572815
frame_000120.jpg,3,2,64.47993695735931,583.4861241579056,0.6322730779647827
frame_000120.jpg,3,3,51.95674419403076,586.3760917186737,0.8399090766906738
frame_000120.jpg,3,4,63.837721943855286,586.6971992254257,0.812396764755249
frame_000120.jpg,3,5,45.85570156574249,601.1470370292664,0.8333562612533569
frame_000120.jpg,3,6,66.72768950462341,602.4314670562744,0.8291693925857544
frame_000120.jpg,3,7,37.18579888343811,618.8079499006271,0.8321099877357483
frame_000120.jpg,3,8,68.6543345451355,619.1290574073792,0.7152811288833618
frame_000120.jpg,3,9,49.70899164676666,617.5235198736191,0.7059038877487183
frame_000120.jpg,3,10,69.93876457214355,623.6245625019073,0.5759222507476807
frame_000120.jpg,3,11,51.31452918052673,637.753292798996,0.7674820423126221
frame_000120.jpg,3,12,63.837721943855286,637.111077785492,0.7351369261741638
frame_000120.jpg,3,13,50.672314167022705,665.3685383796692,0.7963696718215942
frame_000120.jpg,3,14,71.22319459915161,652.8453456163406,0.7865171432495117
frame_000120.jpg,3,15,48.424561619758606,689.4516013860703,0.8148147463798523
frame_000120.jpg,3,16,63.51661443710327,659.2674957513809,0.7816740274429321
frame_000120.jpg,4,0,463.39494816462195,847.9608861207962,0.6727888584136963
frame_000120.jpg,4,1,457.37566900253296,843.1454626321793,0.5523905754089355
frame_000120.jpg,4,2,469.41422732671106,846.757030248642,0.5096354484558105
frame_000120.jpg,4,3,452.5602456728617,846.1551023125648,0.8574507832527161
frame_000120.jpg,4,4,476.0354344050089,849.7666699290276,0.7739834785461426
frame_000120.jpg,4,5,438.113975683848,863.6110124588013,0.7737993597984314
frame_000120.jpg,4,6,483.25856939951575,873.2418594360352,0.8002076148986816
frame_000120.jpg,4,7,408.6195077896118,855.1840213537216,0.8606419563293457
frame_000120.jpg,4,8,492.2874881426493,913.5710311532021,0.6803135871887207
frame_000120.jpg,4,9,438.715903600057,844.3493185043335,0.637473464012146
frame_000120.jpg,4,10,495.8990556399027,944.8712838292122,0.6662173271179199
frame_000120.jpg,4,11,451.35638984044397,938.852004468441,0.5982686877250671
frame_000120.jpg,4,12,474.2296506563822,936.4442927241325,0.6172724962234497
frame_000120.jpg,4,13,459.18145275115967,998.4428701400757,0.6897716522216797
frame_000120.jpg,4,14,458.5795248349508,992.4235907793045,0.5562868118286133
frame_000120.jpg,4,15,474.2296506563822,1053.8202402591705,0.7188799381256104
frame_000120.jpg,4,16,442.9293990135193,1038.7720418572426,0.6896630525588989
frame_000120.jpg,5,0,471.79560792446136,519.1800010204315,0.8014568090438843
frame_000120.jpg,5,1,469.0022785663605,518.164244890213,0.518324613571167
frame_000120.jpg,5,2,474.33499825000763,517.6563668251038,0.6567853093147278
frame_000120.jpg,5,3,467.4786443710327,520.19575715065,0.8287986516952515
frame_000120.jpg,5,4,476.11257147789,519.6878790855408,0.8871407508850098
frame_000120.jpg,5,5,464.17743694782257,530.8611965179443,0.8648090362548828
frame_000120.jpg,5,6,480.42953503131866,530.8611965179443,0.8274571895599365
frame_000120.jpg,5,7,459.8604733943939,546.0975384712219,0.8232216835021973
frame_000120.jpg,5,8,484.23862051963806,543.8120871782303,0.7687220573425293
frame_000120.jpg,5,9,463.4156198501587,542.2884529829025,0.5454429388046265
frame_000120.jpg,5,10,487.2858889102936,552.9538923501968,0.7492073774337769
frame_000120.jpg,5,11,469.5101566314697,556.0011607408524,0.7550926208496094
frame_000120.jpg,5,12,478.6519618034363,555.4932826757431,0.7589789628982544
frame_000120.jpg,5,13,470.2719737291336,578.3477956056595,0.7477810978889465
frame_000120.jpg,5,14,478.144083738327,568.444173336029,0.606008768081665
frame_000120.jpg,5,15,474.33499825000763,598.9168572425842,0.7446767091751099
frame_000120.jpg,5,16,480.6834740638733,580.6332468986511,0.6479018926620483
frame_000120.jpg,6,0,615.0535954236984,526.9911820292473,0.847737193107605
frame_000120.jpg,6,1,614.8089103102684,525.5230713486671,0.552369236946106
frame_000120.jpg,6,2,615.7876507639885,525.7677564620972,0.7089411020278931
frame_000120.jpg,6,3,611.8726889491081,527.9699224829674,0.8174474835395813
frame_000120.jpg,6,4,619.4579274654388,528.2146075963974,0.8194867372512817
frame_000120.jpg,6,5,606.7343015670776,539.7148079276085,0.7950773239135742
frame_000120.jpg,6,6,623.1282041668892,539.9594930410385,0.7475241422653198
frame_000120.jpg,6,7,602.3299695253372,550.4809529185295,0.5334700345993042
frame_000120.jpg,6,8,631.69218313694,551.9490635991096,0.7735967636108398
frame_000120.jpg,6,9,608.2024122476578,543.6297697424889,0.42674875259399414
frame_000120.jpg,6,10,626.3091106414795,557.8215063214302,0.6476598978042603
frame_000120.jpg,6,11,612.6067442893982,565.1620597243309,0.7161355018615723
frame_000120.jpg,6,12,621.660093486309,564.1833192706108,0.7029744386672974
frame_000120.jpg,6,13,614.5642251968384,590.3646264076233,0.7105882167816162
frame_000120.jpg,6,14,625.3303701877594,584.2474985718727,0.6150259375572205
frame_000120.jpg,6,15,618.2345018982887,613.1203419566154,0.7636173367500305
frame_000120.jpg,6,16,623.6175743937492,587.183719933033,0.547954797744751
frame_000120.jpg,7,0,330.1006752649943,884.1140530109406,0.5474995970726013
frame_000120.jpg,7,1,325.0945014953613,884.1140530109406,0.49039387702941895
frame_000120.jpg,7,2,332.96134599049884,881.9685500860214,0.47079989314079285
frame_000120.jpg,7,3,321.51866308848065,888.4050588607788,0.6408233642578125
frame_000120.jpg,7,4,340.82819048563636,884.1140530109406,0.561318576335907
frame_000120.jpg,7,5,325.0945014953613,912.0055910348892,0.6281200647354126
frame_000120.jpg,7,6,357.9922148386637,907.714585185051,0.6068154573440552
frame_000120.jpg,7,7,290.76645278930664,923.4482733011246,0.6870898604393005
frame_000120.jpg,7,8,349.41020266215,926.3089438676834,0.377631276845932
frame_000120.jpg,7,9,305.78497409820557,916.2965968847275,0.4926561117172241
frame_000120.jpg,7,10,324.37933381398517,918.4420998096466,0.34334510564804077
frame_000120.jpg,7,11,338.68268744150794,1002.8318815231323,0.5370131731033325
frame_000120.jpg,7,12,360.1377178827921,998.5408756732941,0.5177352428436279
frame_000120.jpg,7,13,343.688861211141,1069.3424721956253,0.6243770122528076
frame_000120.jpg,7,14,353.70120875040686,1065.051466345787,0.5796647071838379
frame_000120.jpg,7,15,347.2646996180216,1132.2772246599197,0.6996660232543945
frame_000120.jpg,7,16,356.5618794759115,1122.9800453186035,0.671866774559021
frame_000120.jpg,8,0,334.75991278886795,557.9106952548027,0.7467941045761108
frame_000120.jpg,8,1,333.37532818317413,556.2491937279701,0.5575519800186157
frame_000120.jpg,8,2,336.6983312368393,555.9722768068314,0.6467423439025879
frame_000120.jpg,8,3,331.159992814064,557.9106952548027,0.781949520111084
frame_000120.jpg,8,4,339.46750044822693,557.6337783336639,0.8102179765701294
frame_000120.jpg,8,5,324.5139867067337,570.9257905483246,0.8718538880348206
frame_000120.jpg,8,6,344.72892194986343,570.6488736271858,0.8550088405609131
frame_000120.jpg,8,7,323.6832359433174,586.7100550532341,0.7507880926132202
frame_000120.jpg,8,8,350.2672603726387,586.4331381320953,0.7611132860183716
frame_000120.jpg,8,9,320.0833159685135,586.4331381320953,0.592849612236023
frame_000120.jpg,8,10,347.77500808238983,585.0485535264015,0.4700584411621094
frame_000120.jpg,8,11,328.9446574449539,602.2174026370049,0.7363766431808472
frame_000120.jpg,8,12,339.46750044822693,603.3250703215599,0.7298386096954346
frame_000120.jpg,8,13,329.2215743660927,616.063248693943,0.5946081876754761
frame_000120.jpg,8,14,339.46750044822693,626.3091747760773,0.7345274686813354
frame_000120.jpg,8,15,328.1139066815376,624.9245901703835,0.6319980621337891
frame_000120.jpg,8,16,335.59066355228424,649.8471130728722,0.7995573282241821
frame_000120.jpg,9,0,4.13625971476236,1035.788041472435,0.6404601335525513
frame_000120.jpg,9,1,-0.7573591868082588,1028.0980684757233,0.6407086849212646
frame_000120.jpg,9,2,3.437171300252288,1028.0980684757233,0.45536041259765625
frame_000120.jpg,9,3,6.932613372802734,1033.6907761096954,0.8364338874816895
frame_000120.jpg,9,4,43.984299341837556,1023.9035377502441,0.8014165163040161
frame_000120.jpg,9,5,23.01164690653482,1076.3351718187332,0.6579097509384155
frame_000120.jpg,9,6,59.36424446105957,1054.663429737091,0.7106608152389526
frame_000120.jpg,9,7,2.038994471232087,1100.104179263115,0.48962023854255676
frame_000120.jpg,9,8,51.67427190144855,1110.5905060768127,0.3341364860534668
frame_000120.jpg,9,9,9.029878616333008,1095.2105600833893,0.27096986770629883
frame_000120.jpg,9,10,32.798884709676116,1157.4294325113297,0.18108049035072327
frame_000120.jpg,9,11,37.692503611246735,1197.2774744033813,0.5045905709266663
frame_000120.jpg,9,12,63.55877494812012,1188.1893244981766,0.4720587134361267
frame_000120.jpg,9,13,34.89614995320639,1271.3808505535126,0.5212912559509277
frame_000120.jpg,9,14,60.76242129007977,1271.3808505535126,0.5647811889648438
frame_000120.jpg,9,15,27.206177393595368,1269.9826736450195,0.33098292350769043
frame_000120.jpg,9,16,67.05421702067059,1273.4781159162521,0.35707879066467285
frame_000120.jpg,10,0,348.74140751361847,532.6434729099274,0.7898650169372559
frame_000120.jpg,10,1,347.98094671964645,530.8690643906593,0.5743707418441772
frame_000120.jpg,10,2,349.7553552389145,531.1225513219833,0.6396471261978149
frame_000120.jpg,10,3,344.1786427497864,533.4039337038994,0.7573694586753845
frame_000120.jpg,10,4,351.78325068950653,533.1504467725754,0.8145501613616943
frame_000120.jpg,10,5,339.1089041233063,546.0782802700996,0.7933713793754578
frame_000120.jpg,10,6,356.3460154533386,545.8247933387756,0.773452639579773
frame_000120.jpg,10,7,335.8135740160942,559.7665745615959,0.6409662961959839
frame_000120.jpg,10,8,361.92272794246674,559.0061137676239,0.684046745300293
frame_000120.jpg,10,9,339.3623910546303,571.1734864711761,0.36290428042411804
frame_000120.jpg,10,10,365.2180580496788,560.5270353555679,0.683570146560669
frame_000120.jpg,10,11,343.16469502449036,572.6944080591202,0.6331933736801147
frame_000120.jpg,10,12,354.5716069340706,572.6944080591202,0.6879584789276123
frame_000120.jpg,10,13,342.91120809316635,596.0152057409286,0.5861315727233887
frame_000120.jpg,10,14,357.61345010995865,594.2407972216606,0.6825567483901978
frame_000120.jpg,10,15,334.7996262907982,617.3081079721451,0.5689195394515991
frame_000120.jpg,10,16,354.8250938653946,617.8150818347931,0.7703501582145691
frame_000120.jpg,11,0,552.6801126003265,775.1195962429047,0.6963317394256592
frame_000120.jpg,11,1,554.8706250190735,770.3004689216614,0.6834554672241211
frame_000120.jpg,11,2,554.8706250190735,770.3004689216614,0.6631872653961182
frame_000120.jpg,11,3,559.6897523403168,772.0528788566589,0.7506394386291504
frame_000120.jpg,11,4,567.1374945640564,770.3004689216614,0.600602924823761
frame_000120.jpg,11,5,569.7661094665527,797.9009253978729,0.7091080546379089
frame_000120.jpg,11,6,565.3850846290588,791.3293881416321,0.5821338891983032
frame_000120.jpg,11,7,572.8328268527985,825.9394843578339,0.726109504699707
frame_000120.jpg,11,8,566.699392080307,817.6155371665955,0.41776126623153687
frame_000120.jpg,11,9,550.0514976978302,824.1870744228363,0.6968257427215576
frame_000120.jpg,11,10,550.4896001815796,822.4346644878387,0.29071617126464844
frame_000120.jpg,11,11,569.3280069828033,849.1589159965515,0.5528019666671753
frame_000120.jpg,11,12,560.5659573078156,846.0921986103058,0.44893378019332886
frame_000120.jpg,11,13,566.699392080307,889.9024469852448,0.5256966948509216
frame_000120.jpg,11,14,562.7564697265625,889.026242017746,0.47784239053726196
frame_000120.jpg,11,15,565.8231871128082,927.5792605876923,0.5036267042160034
frame_000120.jpg,11,16,564.5088796615601,924.5125432014465,0.4924095869064331
frame_000120.jpg,12,0,710.7118743658066,676.6319886445999,0.7715007066726685
frame_000120.jpg,12,1,712.9735100269318,673.9180258512497,0.7437784671783447
frame_000120.jpg,12,2,711.1642014980316,674.3703529834747,0.6966143846511841
frame_000120.jpg,12,3,715.687472820282,676.6319886445999,0.724605917930603
frame_000120.jpg,12,4,712.9735100269318,677.53664290905,0.7123751640319824
frame_000120.jpg,12,5,714.3304914236069,694.7250739336014,0.6816598176956177
frame_000120.jpg,12,6,711.6165286302567,693.3680925369263,0.7768459320068359
frame_000120.jpg,12,7,695.3327518701553,694.7250739336014,0.43230652809143066
frame_000120.jpg,12,8,694.8804247379303,692.9157654047012,0.5781481862068176
frame_000120.jpg,12,9,716.139799952507,687.9401669502258,0.3910418152809143
frame_000120.jpg,12,10,706.1886030435562,688.3924940824509,0.4531209170818329
frame_000120.jpg,12,11,713.8781642913818,751.718292593956,0.6490297317504883
frame_000120.jpg,12,12,709.3548929691315,751.718292593956,0.6271899938583374
frame_000120.jpg,12,13,711.1642014980316,789.7137717008591,0.7437365651130676
frame_000120.jpg,12,14,710.2595472335815,789.7137717008591,0.6842643618583679
frame_000120.jpg,12,15,715.687472820282,830.8755407333374,0.8236852884292603
frame_000120.jpg,12,16,714.7828185558319,829.5185593366623,0.7519010305404663
frame_000120.jpg,13,0,487.11830604076385,792.3398313522339,0.6284439563751221
frame_000120.jpg,13,1,488.57165414094925,788.3950293660164,0.6476462483406067
frame_000120.jpg,13,2,487.53354835510254,787.564544737339,0.48814529180526733
frame_000120.jpg,13,3,495.6307734847069,788.6026505231857,0.5708758234977722
frame_000120.jpg,13,4,511.20236027240753,786.941681265831,0.3364197015762329
frame_000120.jpg,13,5,505.38896787166595,809.7800085544586,0.410283625125885
frame_000120.jpg,13,6,519.0919642448425,806.4580700397491,0.38870370388031006
frame_000120.jpg,13,7,484.21160984039307,827.4278069138527,0.4017123878002167
frame_000120.jpg,13,8,526.7739470601082,833.656441628933,0.20089048147201538
frame_000120.jpg,13,9,485.04209446907043,803.343752682209,0.23063385486602783
frame_000120.jpg,13,10,467.6019172668457,827.635428071022,0.1315464824438095
frame_000120.jpg,13,11,514.1090564727783,861.8929190039635,0.33592185378074646
frame_000120.jpg,13,12,525.5282201170921,861.8929190039635,0.36181914806365967
frame_000120.jpg,13,13,467.6019172668457,861.8929190039635,0.34352827072143555
frame_000120.jpg,13,14,479.64394438266754,861.8929190039635,0.31137409806251526
frame_000120.jpg,13,15,467.6019172668457,861.8929190039635,0.3240290582180023
frame_000120.jpg,13,16,467.6019172668457,861.8929190039635,0.3161802589893341
frame_000120.jpg,14,0,616.5542891025543,740.7473633289337,0.5538087487220764
frame_000120.jpg,14,1,615.6584193706512,736.2680146694183,0.5587212443351746
frame_000120.jpg,14,2,619.6898331642151,736.7159495353699,0.4903744161128998
frame_000120.jpg,14,3,614.7625496387482,740.2994284629822,0.6954564452171326
frame_000120.jpg,14,4,621.4815726280212,739.8514935970306,0.6217052936553955
frame_000120.jpg,14,5,616.1063542366028,757.3209533691406,0.6706523895263672
frame_000120.jpg,14,6,626.4088561534882,757.7688882350922,0.609606146812439
frame_000120.jpg,14,7,592.8137412071228,751.9457349777222,0.6498297452926636
frame_000120.jpg,14,8,621.9295074939728,781.9573709964752,0.34200942516326904
frame_000120.jpg,14,9,588.782327413559,749.7060606479645,0.45050978660583496
frame_000120.jpg,14,10,606.251787185669,753.2895395755768,0.25324493646621704
frame_000120.jpg,14,11,613.4187450408936,811.9690070152283,0.5863466262817383
frame_000120.jpg,14,12,621.4815726280212,811.5210721492767,0.505620002746582
frame_000120.jpg,14,13,615.2104845046997,853.1790146827698,0.6899311542510986
frame_000120.jpg,14,14,621.9295074939728,852.2831449508667,0.6104899644851685
frame_000120.jpg,14,15,622.8253772258759,891.2534782886505,0.6621156930923462
frame_000120.jpg,14,16,625.0650515556335,889.0138039588928,0.6515839099884033
frame_000120.jpg,15,0,478.5096387863159,822.747406065464,0.6121480464935303
frame_000120.jpg,15,1,481.074514468511,817.6176545023918,0.5687460899353027
frame_000120.jpg,15,2,479.0226139227549,816.0787290334702,0.4133668541908264
frame_000120.jpg,15,3,487.23021610577905,823.7733563780785,0.5654071569442749
frame_000120.jpg,15,4,501.59351992607117,816.0787290334702,0.44025176763534546
frame_000120.jpg,15,5,496.46376856168115,846.3442632555962,0.5366692543029785
frame_000120.jpg,15,6,509.8011221090952,839.6755862236023,0.4833650290966034
frame_000120.jpg,15,7,494.92484315236413,881.2265738844872,0.3743813633918762
frame_000120.jpg,15,8,529.8071524302164,861.7335179448128,0.27852070331573486
frame_000120.jpg,15,9,470.81501173973083,863.7854185700417,0.1796416938304901
frame_000120.jpg,15,10,480.5615393320719,855.0648409128189,0.16605079174041748
frame_000120.jpg,15,11,527.2422767480215,894.5639279484749,0.4141814410686493
frame_000120.jpg,15,12,533.3979783852895,893.0250024795532,0.38166046142578125
frame_000120.jpg,15,13,504.15839560826623,943.809542953968,0.50447678565979
frame_000120.jpg,15,14,519.0346745649973,941.244667172432,0.4083760380744934
frame_000120.jpg,15,15,501.59351992607117,992.542182803154,0.5470798015594482
frame_000120.jpg,15,16,525.7033513387045,986.3864809274673,0.42355942726135254
frame_000120.jpg,16,0,514.838471531868,782.4473249912262,0.5879283547401428
frame_000120.jpg,16,1,515.0882656574249,779.9493837356567,0.5846912264823914
frame_000120.jpg,16,2,513.0899126529694,779.9493837356567,0.40979206562042236
frame_000120.jpg,16,3,514.588677406311,783.6962956190109,0.5822936296463013
frame_000120.jpg,16,4,531.3248838186264,784.6954721212387,0.5999811887741089
frame_000120.jpg,16,5,516.8368245363235,805.1785904169083,0.4250298738479614
frame_000120.jpg,16,6,534.8220015764236,803.1802374124527,0.46709340810775757
frame_000120.jpg,16,7,519.0849716663361,829.9082088470459,0.22013002634048462
frame_000120.jpg,16,8,538.0693252086639,831.4069736003876,0.2871995270252228
frame_000120.jpg,16,9,539.0685017108917,859.6337097883224,0.2431814968585968
frame_000120.jpg,16,10,540.3174723386765,858.6345332860947,0.2716464400291443
frame_000120.jpg,16,11,532.3240603208542,856.6361802816391,0.3823971152305603
frame_000120.jpg,16,12,537.3199428319931,857.135768532753,0.4625470042228699
frame_000120.jpg,16,13,520.3339422941208,881.6155928373337,0.3052467107772827
frame_000120.jpg,16,14,537.0701487064362,881.6155928373337,0.33976465463638306
frame_000120.jpg,16,15,519.8343540430069,881.6155928373337,0.23879922926425934
frame_000120.jpg,16,16,536.8203545808792,881.6155928373337,0.24457882344722748
frame_000120.jpg,17,0,371.1823183298111,938.4337982237339,0.48793137073516846
frame_000120.jpg,17,1,372.6324586868286,936.500277787447,0.45128047466278076
frame_000120.jpg,17,2,375.0493592818578,935.5335175693035,0.40404731035232544
frame_000120.jpg,17,3,376.98287975788116,939.8839385509491,0.5432507991790771
frame_000120.jpg,17,4,387.1338622570038,940.8506987690926,0.4855651557445526
frame_000120.jpg,17,5,381.8166809479396,960.6692832410336,0.4774249196052551
frame_000120.jpg,17,6,387.1338622570038,960.1859031319618,0.4956640303134918
frame_000120.jpg,17,7,379.8831604719162,984.3549085855484,0.3293725252151489
frame_000120.jpg,17,8,384.71696166197455,982.4213881492615,0.36476123332977295
frame_000120.jpg,17,9,364.89837678273517,987.7385693490505,0.2686973810195923
frame_000120.jpg,17,10,367.7986574967702,977.5875870585442,0.2793988287448883
frame_000120.jpg,17,11,377.9496399958928,1018.6748963296413,0.47789525985717773
frame_000120.jpg,17,12,379.8831604719162,1017.7081361114979,0.45808133482933044
frame_000120.jpg,17,13,378.91640023390454,1061.2123459279537,0.6026390790939331
frame_000120.jpg,17,14,378.91640023390454,1060.728965818882,0.5288755893707275
frame_000120.jpg,17,15,381.3333008289337,1101.3328949809074,0.7046491503715515
frame_000120.jpg,17,16,380.36654059092206,1100.366134762764,0.573793351650238
frame_000120.jpg,18,0,611.7171900272369,740.4235543012619,0.5206913352012634
frame_000120.jpg,18,1,612.0970447858175,737.0048616528511,0.514549970626831
frame_000120.jpg,18,2,618.1747209231058,737.7645711302757,0.4218979775905609
frame_000120.jpg,18,3,613.6164638201395,740.0436995625496,0.6706234216690063
frame_000120.jpg,18,4,625.0121065775553,738.9041353464127,0.5451928377151489
frame_000120.jpg,18,5,616.2754471302032,756.377453327179,0.6409646272659302
frame_000120.jpg,18,6,628.43079940478,757.1371628046036,0.5432669520378113
frame_000120.jpg,18,7,593.1043068567911,752.1990512013435,0.6801204681396484
frame_000120.jpg,18,8,628.8106541633606,775.7500450015068,0.2813834547996521
frame_000120.jpg,18,9,596.5229996840159,750.6796322464943,0.45307040214538574
frame_000120.jpg,18,10,616.6553018887838,757.5170175433159,0.22035843133926392
frame_000120.jpg,18,11,613.6164638201395,810.6966809630394,0.5430479049682617
frame_000120.jpg,18,12,623.4926875432333,809.5571167469025,0.4388973116874695
frame_000120.jpg,18,13,614.7560280958811,850.2015737891197,0.6260644197463989
frame_000120.jpg,18,14,621.9732685089111,849.8217190504074,0.5254250764846802
frame_000120.jpg,18,15,622.3531232674917,890.0863213539124,0.5583146810531616
frame_000120.jpg,18,16,626.911380370458,886.2877739667892,0.5067538619041443
frame_000120.jpg,19,0,464.54914859930676,815.3404947519302,0.38590502738952637
frame_000120.jpg,19,1,468.2572232882182,813.5747448503971,0.35624366998672485
frame_000120.jpg,19,2,476.20309762159985,813.9278948307037,0.32544445991516113
frame_000120.jpg,19,3,453.42492453257245,819.2251445353031,0.5442140102386475
frame_000120.jpg,19,4,474.26077278455097,817.8125446140766,0.5490620136260986
frame_000120.jpg,19,5,443.3601503769557,846.9474179893732,0.3789680600166321
frame_000120.jpg,19,6,488.563346584638,844.6519431173801,0.33648014068603516
frame_000120.jpg,19,7,434.0016761620839,873.0805165320635,0.29992300271987915
frame_000120.jpg,19,8,488.563346584638,873.0805165320635,0.3229634165763855
frame_000120.jpg,19,9,448.3042499621709,850.4789177924395,0.22874391078948975
frame_000120.jpg,19,10,488.563346584638,850.3023428022861,0.18196122348308563
frame_000120.jpg,19,11,443.3601503769557,873.0805165320635,0.26659372448921204
frame_000120.jpg,19,12,488.563346584638,873.0805165320635,0.2672657370567322
frame_000120.jpg,19,13,447.0682250658671,873.0805165320635,0.22940146923065186
frame_000120.jpg,19,14,488.563346584638,873.0805165320635,0.20315362513065338
frame_000120.jpg,19,15,450.423149784406,873.0805165320635,0.18442599475383759
frame_000120.jpg,19,16,453.9546494881312,873.0805165320635,0.1787688434123993
frame_000120.jpg,20,0,350.0329705476761,532.4887350797653,0.43803054094314575
frame_000120.jpg,20,1,346.9716765880585,530.8189383745193,0.41391804814338684
frame_000120.jpg,20,2,352.2593661546707,531.6538367271423,0.4422145187854767
frame_000120.jpg,20,3,342.79718482494354,532.7670345306396,0.5583249926567078
frame_000120.jpg,20,4,351.70276725292206,532.4887350797653,0.4933764338493347
frame_000120.jpg,20,5,339.17929196357727,544.4556114673615,0.5404144525527954
frame_000120.jpg,20,6,356.1555584669113,545.8471087217331,0.5868297815322876
frame_000120.jpg,20,7,335.28309965133667,557.2573862075806,0.4293193519115448
frame_000120.jpg,20,8,361.16494858264923,558.9271829128265,0.5004715919494629
frame_000120.jpg,20,9,338.3443936109543,584.2524329423904,0.3212013244628906
frame_000120.jpg,20,10,364.7828414440155,560.0403807163239,0.5529556274414062
frame_000120.jpg,20,11,345.3018798828125,572.842155456543,0.4959208369255066
frame_000120.jpg,20,12,355.32066011428833,572.5638560056686,0.46642589569091797
frame_000120.jpg,20,13,345.3018798828125,593.158015370369,0.37357771396636963
frame_000120.jpg,20,14,356.43385791778564,593.4363148212433,0.5110609531402588
frame_000120.jpg,20,15,329.43881118297577,616.5351692438126,0.3705834150314331
frame_000120.jpg,20,16,354.48576176166534,617.3700675964355,0.48502272367477417
frame_000125.jpg,0,0,622.61070728302,890.2852861881256,0.8847156763076782
frame_000125.jpg,0,1,627.3673543930054,887.3123817443848,0.8722336292266846
frame_000125.jpg,0,2,623.2052881717682,887.3123817443848,0.8314760327339172
frame_000125.jpg,0,3,639.8535530567169,893.8527715206146,0.9238065481185913
frame_000125.jpg,0,4,628.5565161705017,892.6636097431183,0.5715000629425049
frame_000125.jpg,0,5,655.9072370529175,920.6089115142822,0.7257928848266602
frame_000125.jpg,0,6,620.2323837280273,918.2305879592896,0.7417222261428833
frame_000125.jpg,0,7,675.528406381607,952.7162795066833,0.7395086884498596
frame_000125.jpg,0,8,611.908251285553,952.1216986179352,0.6783472895622253
frame_000125.jpg,0,9,653.5289134979248,976.4995150566101,0.6611999869346619
frame_000125.jpg,0,10,601.8003761768341,979.472419500351,0.6320549249649048
frame_000125.jpg,0,11,641.0427148342133,987.2019710540771,0.587452232837677
frame_000125.jpg,0,12,624.3944499492645,985.4182283878326,0.5715893507003784
frame_000125.jpg,0,13,630.9348397254944,1037.7413465976715,0.6820268630981445
frame_000125.jpg,0,14,622.0161263942719,1035.3630230426788,0.6372456550598145
frame_000125.jpg,0,15,632.7185823917389,1089.4698839187622,0.6993522644042969
frame_000125.jpg,0,16,644.0156192779541,1079.9565896987915,0.698879599571228
frame_000125.jpg,1,0,556.7241287231445,913.543821811676,0.8584383130073547
frame_000125.jpg,1,1,561.3400645256042,909.953649520874,0.8516016006469727
frame_000125.jpg,1,2,557.2370104789734,909.4407677650452,0.8796127438545227
frame_000125.jpg,1,3,574.1621084213257,915.0824670791626,0.836781919002533
frame_000125.jpg,1,4,558.2627739906311,913.0309400558472,0.5846386551856995
frame_000125.jpg,1,5,584.9326252937317,941.2394366264343,0.7996565103530884
frame_000125.jpg,1,6,553.1339564323425,936.1106190681458,0.7742729783058167
frame_000125.jpg,1,7,591.087206363678,971.4994602203369,0.7964828014373779
frame_000125.jpg,1,8,546.4664936065674,963.806233882904,0.7513561248779297
frame_000125.jpg,1,9,585.9583888053894,996.1177845001221,0.8032028675079346
frame_000125.jpg,1,10,542.3634395599365,988.4245581626892,0.7004462480545044
frame_000125.jpg,1,11,574.6749901771545,998.1693115234375,0.6713083982467651
frame_000125.jpg,1,12,554.6726016998291,996.6306662559509,0.6895481944084167
frame_000125.jpg,1,13,573.136344909668,1035.609679698944,0.7506873607635498
frame_000125.jpg,1,14,555.185483455658,1038.6869702339172,0.8100731372833252
frame_000125.jpg,1,15,579.8038077354431,1059.2022404670715,0.7824525833129883
frame_000125.jpg,1,16,555.6983652114868,1080.2303924560547,0.8505685925483704
frame_000125.jpg,2,0,-0.522132396697998,1037.4430208206177,0.6555129289627075
frame_000125.jpg,2,1,-4.025017499923706,1029.7366735935211,0.6664862632751465
frame_000125.jpg,2,2,-0.522132396697998,1031.1378276348114,0.4249887764453888
frame_000125.jpg,2,3,4.381906747817993,1033.940135717392,0.8900768756866455
frame_000125.jpg,2,4,41.5124888420105,1024.8326344490051,0.7713609933853149
frame_000125.jpg,2,5,18.393447160720825,1075.2741799354553,0.6638381481170654
frame_000125.jpg,2,6,55.52402925491333,1054.256869316101,0.7011083364486694
frame_000125.jpg,2,7,2.98075270652771,1102.5966837406158,0.4544292688369751
frame_000125.jpg,2,8,48.518259048461914,1111.0036079883575,0.3273138999938965
frame_000125.jpg,2,9,7.884791851043701,1073.873025894165,0.2702874541282654
frame_000125.jpg,2,10,21.896332263946533,1162.846307516098,0.16767287254333496
frame_000125.jpg,2,11,29.60267949104309,1200.6774666309357,0.5046387910842896
frame_000125.jpg,2,12,58.3263373374939,1191.5699653625488,0.4577580690383911
frame_000125.jpg,2,13,32.40498757362366,1270.7351686954498,0.5116568207740784
frame_000125.jpg,2,14,56.22460627555847,1271.435745716095,0.566942572593689
frame_000125.jpg,2,15,26.099794387817383,1270.0345916748047,0.3297603130340576
frame_000125.jpg,2,16,61.12864542007446,1273.5374767780304,0.3636159300804138
frame_000125.jpg,3,0,597.3960556387901,618.3865478038788,0.6213932633399963
frame_000125.jpg,3,1,594.4901691675186,617.4179189801216,0.5500856637954712
frame_000125.jpg,3,2,604.1764574050903,616.4492901563644,0.5679948925971985
frame_000125.jpg,3,3,591.9071589708328,620.0009291768074,0.8655865788459778
frame_000125.jpg,3,4,606.1137150526047,620.3238054513931,0.8073192834854126
frame_000125.jpg,3,5,587.3868911266327,637.4362480044365,0.8226126432418823
frame_000125.jpg,3,6,615.154250741005,637.1133717298508,0.8046258687973022
frame_000125.jpg,3,7,584.1581283807755,657.1317007541656,0.8254836797714233
frame_000125.jpg,3,8,626.1320440769196,656.8088244795799,0.806118905544281
frame_000125.jpg,3,9,567.0456858277321,663.5892262458801,0.8431503772735596
frame_000125.jpg,3,10,633.8810746669769,668.432370364666,0.8401090502738953
frame_000125.jpg,3,11,596.1045505404472,677.4729060530663,0.6879138946533203
frame_000125.jpg,3,12,609.0196015238762,677.4729060530663,0.7026776075363159
frame_000125.jpg,3,13,601.5934472084045,707.8232758641243,0.7378796935081482
frame_000125.jpg,3,14,619.0287660360336,712.0206674337387,0.7738216519355774
frame_000125.jpg,3,15,605.1450862288475,739.4651507735252,0.7352114915847778
frame_000125.jpg,3,16,605.790838778019,699.4284927248955,0.6985143423080444
frame_000125.jpg,4,0,91.36863946914673,576.7399792671204,0.6492201089859009
frame_000125.jpg,4,1,89.68270301818848,574.7730534076691,0.5238426923751831
frame_000125.jpg,4,2,93.33556532859802,574.492063999176,0.6106330156326294
frame_000125.jpg,4,3,84.06291484832764,577.5829474925995,0.6979503631591797
frame_000125.jpg,4,4,93.8975441455841,577.0209686756134,0.7881476879119873
frame_000125.jpg,4,5,79.00510549545288,592.4753861427307,0.8529931902885437
frame_000125.jpg,4,6,96.70743823051453,592.1943967342377,0.8151825666427612
frame_000125.jpg,4,7,74.79026436805725,609.6157400608063,0.8049061298370361
frame_000125.jpg,4,8,98.67436408996582,607.0868353843689,0.780417263507843
frame_000125.jpg,4,9,84.34390425682068,609.8967294692993,0.5315717458724976
frame_000125.jpg,4,10,109.63295102119446,610.4587082862854,0.8046102523803711
frame_000125.jpg,4,11,83.7819254398346,625.0701575279236,0.7151403427124023
frame_000125.jpg,4,12,96.14545941352844,625.0701575279236,0.7051632404327393
frame_000125.jpg,4,13,79.848073720932,649.7972254753113,0.7266831398010254
frame_000125.jpg,4,14,101.76524758338928,647.83029961586,0.804777979850769
frame_000125.jpg,4,15,73.94729614257812,640.5245749950409,0.712527871131897
frame_000125.jpg,4,16,105.13712048530579,671.4334099292755,0.8207088708877563
frame_000125.jpg,5,0,472.5375542640686,847.2510770559311,0.645078182220459
frame_000125.jpg,5,1,463.9935213724772,842.3687723875046,0.5240408778190613
frame_000125.jpg,5,2,481.08158715566003,847.2510770559311,0.47361186146736145
frame_000125.jpg,5,3,459.11121686299646,846.0305008888245,0.8479883074760437
frame_000125.jpg,5,4,484.7433155377706,850.912805557251,0.7700908184051514
frame_000125.jpg,5,5,443.8540152708689,865.5597195625305,0.7452607154846191
frame_000125.jpg,5,6,490.8461961746216,875.9346169829369,0.7536016702651978
frame_000125.jpg,5,7,413.339612086614,857.6259744763374,0.8308568596839905
frame_000125.jpg,5,8,485.3536036014557,917.4342066645622,0.6117247343063354
frame_000125.jpg,5,9,440.8025749524435,839.9276200532913,0.6433308124542236
frame_000125.jpg,5,10,475.58899458249414,951.6103393435478,0.5472829341888428
frame_000125.jpg,5,11,451.1774720350901,943.0663061738014,0.5575602054595947
frame_000125.jpg,5,12,471.92726620038354,941.8457300066948,0.5353949069976807
frame_000125.jpg,5,13,461.5523691177368,999.8230979442596,0.6636466979980469
frame_000125.jpg,5,14,457.8906407356262,995.5510813593864,0.5961391925811768
frame_000125.jpg,5,15,472.5375542640686,1055.9696016311646,0.7184004187583923
frame_000125.jpg,5,16,438.361422697703,1039.491823375225,0.7176837921142578
frame_000125.jpg,6,0,607.7467041015625,515.2239014804363,0.8178166151046753
frame_000125.jpg,6,1,607.9528615872065,513.5746415555477,0.5706263184547424
frame_000125.jpg,6,2,608.9836490154266,514.8115864992142,0.6636236310005188
frame_000125.jpg,6,3,603.623554388682,516.0485314428806,0.792136013507843
frame_000125.jpg,6,4,611.6636963287989,516.8731614053249,0.8011184930801392
frame_000125.jpg,6,5,597.8511447906494,528.4179808795452,0.714532732963562
frame_000125.jpg,6,6,615.5806885560354,528.6241383701563,0.7091614603996277
frame_000125.jpg,6,7,593.315680106481,540.5812728255987,0.6647107601165771
frame_000125.jpg,6,8,618.8792083263397,541.8182177692652,0.6720873713493347
frame_000125.jpg,6,9,596.2018849054972,536.045808032155,0.41610783338546753
frame_000125.jpg,6,10,617.2299484411875,546.765997543931,0.50240159034729
frame_000125.jpg,6,11,603.417396903038,551.7137773185968,0.6579251885414124
frame_000125.jpg,6,12,612.282168785731,551.7137773185968,0.6583797931671143
frame_000125.jpg,6,13,603.417396903038,572.7418413609266,0.7120193839073181
frame_000125.jpg,6,14,611.0452238718668,572.3295263797045,0.7303327322006226
frame_000125.jpg,6,15,608.3651765584946,589.0282831192017,0.6844863891601562
frame_000125.jpg,6,16,611.0452238718668,588.2036531567574,0.6524093151092529
frame_000125.jpg,7,0,325.07760763168335,883.9908487200737,0.5345774292945862
frame_000125.jpg,7,1,322.2328006426493,883.2796469926834,0.49745243787765503
frame_000125.jpg,7,2,327.21121287345886,881.8572435379028,0.4922446012496948
frame_000125.jpg,7,3,319.38799365361535,886.8356556296349,0.6306173205375671
frame_000125.jpg,7,4,337.8792390823364,882.5684452652931,0.5549079775810242
frame_000125.jpg,7,5,322.2328006426493,911.0165143609047,0.6400517225265503
frame_000125.jpg,7,6,353.5256775220235,908.8829091787338,0.6088510751724243
frame_000125.jpg,7,7,286.6727132797241,922.3957419991493,0.698368489742279
frame_000125.jpg,7,8,342.85765131314594,926.6629523634911,0.38019898533821106
frame_000125.jpg,7,9,305.87516045570374,914.5725229978561,0.4929125905036926
frame_000125.jpg,7,10,320.8103971481323,915.9949264526367,0.34912538528442383
frame_000125.jpg,7,11,336.4568355878194,1002.761537194252,0.5486891269683838
frame_000125.jpg,7,12,355.659282763799,999.9167302846909,0.5269711017608643
frame_000125.jpg,7,13,341.43524781862897,1069.6144995689392,0.6239925622940063
frame_000125.jpg,7,14,349.2584670384725,1066.0584909319878,0.577845573425293
frame_000125.jpg,7,15,343.5688530604045,1131.4890498518944,0.698658287525177
frame_000125.jpg,7,16,350.6808705329895,1123.6658308506012,0.6370397210121155
frame_000125.jpg,8,0,340.6123326420784,546.0039648413658,0.7826199531555176
frame_000125.jpg,8,1,339.37923324108124,545.0174853205681,0.5423187613487244
frame_000125.jpg,8,2,341.10557240247726,544.7708654403687,0.5810408592224121
frame_000125.jpg,8,3,337.15965431928635,547.4836841225624,0.7882615923881531
frame_000125.jpg,8,4,345.54473024606705,546.0039648413658,0.753792405128479
frame_000125.jpg,8,5,332.967116355896,559.5680582523346,0.8192996978759766
frame_000125.jpg,8,6,351.9568471312523,557.3484793305397,0.76546311378479
frame_000125.jpg,8,7,327.7880988717079,573.1321516633034,0.7156744003295898
frame_000125.jpg,8,8,358.1223441362381,570.9125727415085,0.6598426699638367
frame_000125.jpg,8,9,329.2678181529045,569.4328534603119,0.47759896516799927
frame_000125.jpg,8,10,358.36896401643753,581.5172275900841,0.4663330316543579
frame_000125.jpg,8,11,341.10557240247726,586.2030053138733,0.674663782119751
frame_000125.jpg,8,12,350.7237477302551,585.463145673275,0.6521893739700317
frame_000125.jpg,8,13,343.32515132427216,609.8785138130188,0.6304631233215332
frame_000125.jpg,8,14,346.7778296470642,602.4799174070358,0.4616093039512634
frame_000125.jpg,8,15,349.24402844905853,628.8682445883751,0.6849119663238525
frame_000125.jpg,8,16,347.5176892876625,608.3987945318222,0.41893911361694336
frame_000125.jpg,9,0,548.4524475733439,771.7339084148407,0.6667749881744385
frame_000125.jpg,9,1,551.1293924649557,767.9097012281418,0.6725813150405884
frame_000125.jpg,9,2,550.7469717661539,768.2921219468117,0.6484933495521545
frame_000125.jpg,9,3,555.7184408505758,770.2042255401611,0.7395344972610474
frame_000125.jpg,9,4,563.749275525411,769.0569633841515,0.6149507761001587
frame_000125.jpg,9,5,565.6613790194193,795.443992972374,0.659986138343811
frame_000125.jpg,9,6,565.6613790194193,787.7955785989761,0.5296911597251892
frame_000125.jpg,9,7,569.4855860074362,823.7431261539459,0.6856039762496948
frame_000125.jpg,9,8,564.5141169230143,816.477132499218,0.3451966643333435
frame_000125.jpg,9,9,546.9227647781372,824.1255468726158,0.6535549759864807
frame_000125.jpg,9,10,546.1579233805338,820.6837604045868,0.21388745307922363
frame_000125.jpg,9,11,564.896537621816,845.5411071181297,0.5056363344192505
frame_000125.jpg,9,12,558.0129650433859,843.2465828061104,0.3744520843029022
frame_000125.jpg,9,13,561.8371720314026,881.8710753917694,0.4971107840538025
frame_000125.jpg,9,14,558.0129650433859,882.2534961104393,0.42109569907188416
frame_000125.jpg,9,15,562.9844341278076,928.908823788166,0.42559391260147095
frame_000125.jpg,9,16,561.454751332601,913.2295743227005,0.40427395701408386
frame_000125.jpg,10,0,706.3318036397299,675.5270800590515,0.7960535883903503
frame_000125.jpg,10,1,709.1119187672933,672.283612549305,0.7662110328674316
frame_000125.jpg,10,2,707.258508682251,672.7469650506973,0.696853756904602
frame_000125.jpg,10,3,714.2087965011597,675.5270800590515,0.7550413608551025
frame_000125.jpg,10,4,711.8920338948568,675.9904325604439,0.6362341642379761
frame_000125.jpg,10,5,716.062206586202,694.5245326161385,0.6951521039009094
frame_000125.jpg,10,6,710.9653288523356,692.671122610569,0.7545692920684814
frame_000125.jpg,10,7,716.062206586202,726.0325027108192,0.42989373207092285
frame_000125.jpg,10,8,703.5516885121664,691.7444176077843,0.6081700325012207
frame_000125.jpg,10,9,716.9889116287231,754.2970052957535,0.45583462715148926
frame_000125.jpg,10,10,696.1380481719971,689.8910076022148,0.5882410407066345
frame_000125.jpg,10,11,711.4286813735962,754.7603577971458,0.6438207626342773
frame_000125.jpg,10,12,707.7218612035116,754.7603577971458,0.6227661371231079
frame_000125.jpg,10,13,709.1119187672933,789.9751479029655,0.6694221496582031
frame_000125.jpg,10,14,707.258508682251,789.5117954015732,0.6261528730392456
frame_000125.jpg,10,15,714.2087965011597,829.8234630227089,0.8032681941986084
frame_000125.jpg,10,16,712.3553864161173,827.9700530171394,0.7230070233345032
frame_000125.jpg,11,0,465.422625541687,515.2179866433144,0.8187339901924133
frame_000125.jpg,11,1,463.32251250743866,514.5879527330399,0.497484415769577
frame_000125.jpg,11,2,467.1027159690857,515.0079753398895,0.5959667563438416
frame_000125.jpg,11,3,461.64242208004,516.6880657672882,0.7682180404663086
frame_000125.jpg,11,4,469.6228516101837,516.4780544638634,0.8180277347564697
frame_000125.jpg,11,5,458.2822412252426,526.5585970282555,0.8163343667984009
frame_000125.jpg,11,6,472.77302116155624,526.5585970282555,0.791966438293457
frame_000125.jpg,11,7,456.3921394944191,538.9492639303207,0.6331419944763184
frame_000125.jpg,11,8,480.9634619951248,538.9492639303207,0.6875068545341492
frame_000125.jpg,11,9,463.32251250743866,538.9492639303207,0.3440524935722351
frame_000125.jpg,11,10,482.43354111909866,541.8894221782684,0.5702084898948669
frame_000125.jpg,11,11,460.17234295606613,549.2398177981377,0.7702471017837524
frame_000125.jpg,11,12,469.6228516101837,549.8698517084122,0.7306827902793884
frame_000125.jpg,11,13,458.2822412252426,568.3508464097977,0.7194361686706543
frame_000125.jpg,11,14,469.83286291360855,570.6609707474709,0.77851402759552
frame_000125.jpg,11,15,459.9623316526413,571.5010159611702,0.5232730507850647
frame_000125.jpg,11,16,468.9928176999092,590.1920219659805,0.7935225367546082
frame_000125.jpg,12,0,353.4400750398636,520.4439715147018,0.607050359249115
frame_000125.jpg,12,1,350.4902274608612,518.8822875022888,0.461697518825531
frame_000125.jpg,12,2,359.513290643692,518.7087670564651,0.41801053285598755
frame_000125.jpg,12,3,350.83726835250854,520.4439715147018,0.7405962944030762
frame_000125.jpg,12,4,359.86033153533936,520.4439715147018,0.7123324871063232
frame_000125.jpg,12,5,349.2755843400955,533.1109640598297,0.6353816390037537
frame_000125.jpg,12,6,364.89242446422577,532.2433618307114,0.6657576560974121
frame_000125.jpg,12,7,349.10206389427185,547.8602019548416,0.4825301468372345
frame_000125.jpg,12,8,370.09803783893585,545.2573952674866,0.6404111981391907
frame_000125.jpg,12,9,347.36685943603516,558.6184695959091,0.23755186796188354
frame_000125.jpg,12,10,364.37186312675476,543.5221908092499,0.375249445438385
frame_000125.jpg,12,11,354.30767726898193,555.4951015710831,0.5738257169723511
frame_000125.jpg,12,12,362.9836995601654,555.3215811252594,0.6280605792999268
frame_000125.jpg,12,13,354.4811977148056,577.0116368532181,0.5063914060592651
frame_000125.jpg,12,14,363.1572200059891,576.3175550699234,0.6560690999031067
frame_000125.jpg,12,15,355.86936128139496,590.199190735817,0.3845887780189514
frame_000125.jpg,12,16,358.12512707710266,590.199190735817,0.5325876474380493
frame_000125.jpg,13,0,607.4025198618571,742.1118337512016,0.657718300819397
frame_000125.jpg,13,1,607.8393018245697,737.3072323799133,0.6023197174072266
frame_000125.jpg,13,2,609.1496477127075,737.3072323799133,0.5199388265609741
frame_000125.jpg,13,3,610.896775563558,739.9279240369797,0.6881706714630127
frame_000125.jpg,13,4,618.3220689296722,739.4911420941353,0.6063082218170166
frame_000125.jpg,13,5,611.7703394889832,757.3992017507553,0.68799889087677
frame_000125.jpg,13,6,622.6898885567983,757.3992017507553,0.6280313730239868
frame_000125.jpg,13,7,589.9312413533529,749.9739087224007,0.6763395667076111
frame_000125.jpg,13,8,621.3795426686605,784.0429002642632,0.36646556854248047
frame_000125.jpg,13,9,601.7243543465933,745.1693073511124,0.45594918727874756
frame_000125.jpg,13,10,605.6553920110067,792.778539121151,0.2792741358280182
frame_000125.jpg,13,11,609.1496477127075,810.2498168349266,0.581491231918335
frame_000125.jpg,13,12,617.4485050042471,809.8130348920822,0.5087242722511292
frame_000125.jpg,13,13,609.5864296754202,850.870537519455,0.6683962345123291
frame_000125.jpg,13,14,618.7588508923849,850.4337555766106,0.5996190309524536
frame_000125.jpg,13,15,615.7013771533966,889.3073484897614,0.6467455625534058
frame_000125.jpg,13,16,620.0691967805227,887.9970026612282,0.6363013386726379
frame_000125.jpg,14,0,461.29715061187744,819.4576017856598,0.30448028445243835
frame_000125.jpg,14,1,469.2563376426697,816.7514781951904,0.34875860810279846
frame_000125.jpg,14,2,458.11347579956055,816.7514781951904,0.3056347072124481
frame_000125.jpg,14,3,452.06449365615845,820.0943367481232,0.4345022439956665
frame_000125.jpg,14,4,471.32572627067566,818.6616830825806,0.3834436237812042
frame_000125.jpg,14,5,443.6277554035187,840.1514880657196,0.2601940929889679
frame_000125.jpg,14,6,480.87675070762634,837.9229156970978,0.2219945192337036
frame_000125.jpg,14,7,419.9093780517578,868.8045613765717,0.27106577157974243
frame_000125.jpg,14,8,480.87675070762634,868.8045613765717,0.20967242121696472
frame_000125.jpg,14,9,459.0685782432556,852.4086360931396,0.1769619882106781
frame_000125.jpg,14,10,458.5910270214081,836.8086295127869,0.2002231925725937
frame_000125.jpg,14,11,448.08490014076233,868.8045613765717,0.25464630126953125
frame_000125.jpg,14,12,453.3379635810852,868.8045613765717,0.2364739179611206
frame_000125.jpg,14,13,419.9093780517578,868.8045613765717,0.18146377801895142
frame_000125.jpg,14,14,447.9257164001465,868.8045613765717,0.1574837863445282
frame_000125.jpg,14,15,419.9093780517578,868.8045613765717,0.2180243730545044
frame_000125.jpg,14,16,419.9093780517578,868.8045613765717,0.20303815603256226
frame_000125.jpg,15,0,509.4874051809311,782.9059036374092,0.6704200506210327
frame_000125.jpg,15,1,511.0126254558563,779.8554630875587,0.6846280097961426
frame_000125.jpg,15,2,508.9789984226227,780.109666466713,0.5093236565589905
frame_000125.jpg,15,3,512.5378457307816,783.1601070165634,0.5531072020530701
frame_000125.jpg,15,4,527.5358451008797,783.1601070165634,0.5480402708053589
frame_000125.jpg,15,5,519.1471335887909,803.4963773488998,0.48763203620910645
frame_000125.jpg,15,6,530.5862856507301,799.937530040741,0.49587133526802063
frame_000125.jpg,15,7,514.5714727640152,827.8999017477036,0.3158666491508484
frame_000125.jpg,15,8,530.8404890298843,828.9167152643204,0.2606504559516907
frame_000125.jpg,15,9,508.7247950434685,856.879086971283,0.18979784846305847
frame_000125.jpg,15,10,526.5190315842628,853.3202396631241,0.12651270627975464
frame_000125.jpg,15,11,526.5190315842628,854.3370531797409,0.45887166261672974
frame_000125.jpg,15,12,533.3825228214264,854.0828498005867,0.4736553430557251
frame_000125.jpg,15,13,519.6555403470993,883.0620350241661,0.34163591265678406
frame_000125.jpg,15,14,532.6199126839638,883.0620350241661,0.3584531843662262
frame_000125.jpg,15,15,515.3340829014778,883.0620350241661,0.281301349401474
frame_000125.jpg,15,16,534.3993363380432,883.0620350241661,0.2956276834011078
frame_000125.jpg,16,0,481.56274700164795,790.3409814834595,0.8145111799240112
frame_000125.jpg,16,1,484.37275791168213,786.3601326942444,0.7897390127182007
frame_000125.jpg,16,2,482.2652497291565,786.1259651184082,0.6589235067367554
frame_000125.jpg,16,3,496.3153042793274,788.46764087677,0.7094797492027283
frame_000125.jpg,16,4,497.95447731018066,787.2968029975891,0.34345901012420654
frame_000125.jpg,16,5,504.9795045852661,808.6060523986816,0.4212864339351654
frame_000125.jpg,16,6,513.877872467041,804.8593711853027,0.3685055673122406
frame_000125.jpg,16,7,480.8602442741394,834.832820892334,0.31889379024505615
frame_000125.jpg,16,8,483.2019200325012,833.1936478614807,0.1899917721748352
frame_000125.jpg,16,9,474.5377197265625,831.3203072547913,0.20485223829746246
frame_000125.jpg,16,10,459.5509948730469,832.256977558136,0.12496914714574814
frame_000125.jpg,16,11,513.1753697395325,873.9388060569763,0.3587072491645813
frame_000125.jpg,16,12,515.9853806495667,873.9388060569763,0.3352118730545044
frame_000125.jpg,16,13,483.6702551841736,849.5853781700134,0.2893354296684265
frame_000125.jpg,16,14,459.5509948730469,873.9388060569763,0.30693620443344116
frame_000125.jpg,16,15,476.64522790908813,873.9388060569763,0.29567745327949524
frame_000125.jpg,16,16,476.64522790908813,873.9388060569763,0.2826727628707886
frame_000125.jpg,17,0,478.55636501312256,820.8672953248024,0.4724230170249939
frame_000125.jpg,17,1,481.8774924278259,818.099689245224,0.4678351879119873
frame_000125.jpg,17,2,479.1098862489065,805.922222495079,0.3681103587150574
frame_000125.jpg,17,3,492.39439590771997,820.8672953248024,0.4686143398284912
frame_000125.jpg,17,4,505.1253843307495,804.261658847332,0.4013175368309021
frame_000125.jpg,17,5,495.71552332242334,846.8827924728394,0.46783244609832764
frame_000125.jpg,17,6,515.6422878106436,839.6870166659355,0.420473575592041
frame_000125.jpg,17,7,499.5901719729105,878.9870229959488,0.3088679313659668
frame_000125.jpg,17,8,529.4803187052408,845.775750041008,0.2730775773525238
frame_000125.jpg,17,9,492.9479171435038,869.5771623253822,0.20020195841789246
frame_000125.jpg,17,10,523.945106347402,865.1489925980568,0.17264997959136963
frame_000125.jpg,17,11,523.391585111618,891.1644897460938,0.31186604499816895
frame_000125.jpg,17,12,533.3549673557281,888.950404882431,0.3375169336795807
frame_000125.jpg,17,13,495.71552332242334,938.2137930989265,0.37706172466278076
frame_000125.jpg,17,14,524.4986275831858,936.5532294511795,0.3584703207015991
frame_000125.jpg,17,15,500.6972144444784,985.816617667675,0.4007847011089325
frame_000125.jpg,17,16,523.945106347402,981.3884479403496,0.39097121357917786
frame_000125.jpg,18,0,607.8676401774088,740.1919866800308,0.49033212661743164
frame_000125.jpg,18,1,608.2488282521566,735.6177295446396,0.4323421120643616
frame_000125.jpg,18,2,614.7290255228678,736.3801057338715,0.3645460903644562
frame_000125.jpg,18,3,609.3923924763998,739.429610490799,0.625070333480835
frame_000125.jpg,18,4,621.9715989430746,738.2860462069511,0.4885004162788391
frame_000125.jpg,18,5,612.4418970743815,757.345450937748,0.6138327121734619
frame_000125.jpg,18,6,626.5458558400472,758.8702033162117,0.5155551433563232
frame_000125.jpg,18,7,589.951800664266,750.865253329277,0.654484748840332
frame_000125.jpg,18,8,642.9369430541992,776.7860437631607,0.31660008430480957
frame_000125.jpg,18,9,602.9121952056885,747.0533723831177,0.4286195635795593
frame_000125.jpg,18,10,623.4963512420654,788.2216866016388,0.17161482572555542
frame_000125.jpg,18,11,609.3923924763998,810.711784183979,0.5023243427276611
frame_000125.jpg,18,12,621.2092227935791,809.5682199001312,0.4167487323284149
frame_000125.jpg,18,13,610.1547686258951,847.6870293617249,0.5524320602416992
frame_000125.jpg,18,14,618.1597181955973,846.924653172493,0.45742321014404297
frame_000125.jpg,18,15,616.6349658966064,886.1870269179344,0.5139333009719849
frame_000125.jpg,18,16,620.8280347188314,882.375145971775,0.44511181116104126
frame_000125.jpg,19,0,475.9010497728983,823.6211126446724,0.5633916854858398
frame_000125.jpg,19,1,477.9211287498474,818.5709154009819,0.5538874864578247
frame_000125.jpg,19,2,476.9110892613729,816.5508365035057,0.4404977560043335
frame_000125.jpg,19,3,487.01148414611816,825.1361718177795,0.5358469486236572
frame_000125.jpg,19,4,496.6068592866262,818.0658956766129,0.4330188035964966
frame_000125.jpg,19,5,495.0918000539144,847.8620594143867,0.5232784748077393
frame_000125.jpg,19,6,510.74741212526953,841.8018227219582,0.4751143753528595
frame_000125.jpg,19,7,493.07172107696533,877.6582231521606,0.2951490581035614
frame_000125.jpg,19,8,524.3829452196757,867.5578286647797,0.27411168813705444
frame_000125.jpg,19,9,459.7404179573059,854.4273158311844,0.1979905664920807
frame_000125.jpg,19,10,471.35587207476294,853.4172763824463,0.1480821669101715
frame_000125.jpg,19,11,506.20223442713416,900.8891304731369,0.32257139682769775
frame_000125.jpg,19,12,521.8578464984894,896.3439529538155,0.3107055425643921
frame_000125.jpg,19,13,495.5968197981516,946.8459253907204,0.44356831908226013
frame_000125.jpg,19,14,502.6670962174734,944.8258464932442,0.3504534959793091
frame_000125.jpg,19,15,497.6168987751007,993.3077400326729,0.5130426287651062
frame_000125.jpg,19,16,499.1319580078125,988.7625625133514,0.4112372398376465
frame_000125.jpg,20,0,368.1104907989502,932.8035900592804,0.48666179180145264
frame_000125.jpg,20,1,367.60899233818054,929.7945992946625,0.46503371000289917
frame_000125.jpg,20,2,370.1164846420288,928.7916023731232,0.4016210734844208
frame_000125.jpg,20,3,373.12547540664673,930.2960977554321,0.5412874221801758
frame_000125.jpg,20,4,383.1554446220398,935.8125808238983,0.465575248003006
frame_000125.jpg,20,5,376.6359646320343,954.3680238723755,0.4612569212913513
frame_000125.jpg,20,6,384.1584415435791,956.3740177154541,0.4842321276664734
frame_000125.jpg,20,7,377.6389615535736,981.4489407539368,0.3476966619491577
frame_000125.jpg,20,8,383.1554446220398,980.4459438323975,0.40604859590530396
frame_000125.jpg,20,9,358.5820200443268,983.956433057785,0.27957114577293396
frame_000125.jpg,20,10,365.1015000343323,986.4639253616333,0.29378148913383484
frame_000125.jpg,20,11,374.12847232818604,1015.5508360862732,0.5060095191001892
frame_000125.jpg,20,12,375.632967710495,1014.0463407039642,0.5015697479248047
frame_000125.jpg,20,13,375.13146924972534,1059.181202173233,0.6314343810081482
frame_000125.jpg,20,14,375.632967710495,1058.6797037124634,0.5693530440330505
frame_000125.jpg,20,15,377.6389615535736,1099.802577495575,0.7268199324607849
frame_000125.jpg,20,16,377.13746309280396,1098.7995805740356,0.6114766597747803
frame_000130.jpg,0,0,474.3417762120565,846.8537709712982,0.6998844742774963
frame_000130.jpg,0,1,466.47009770075476,842.0096609592438,0.57395339012146
frame_000130.jpg,0,2,481.00242726008094,844.431715965271,0.5063643455505371
frame_000130.jpg,0,3,464.653556505839,846.8537709712982,0.8084864616394043
frame_000130.jpg,0,4,487.0575645764669,851.0923672318459,0.767067551612854
frame_000130.jpg,0,5,450.1212269465128,868.6522660255432,0.7722785472869873
frame_000130.jpg,0,6,496.7457842826843,875.3129172921181,0.7837363481521606
frame_000130.jpg,0,7,415.0014305114746,864.4136697649956,0.8420023918151855
frame_000130.jpg,0,8,498.5623254776001,917.6988798975945,0.6800155639648438
frame_000130.jpg,0,9,418.0289991696676,846.2482572197914,0.7213738560676575
frame_000130.jpg,0,10,494.92924308776855,955.2407324910164,0.6195629835128784
frame_000130.jpg,0,11,462.8370153109232,946.7635399699211,0.6181842088699341
frame_000130.jpg,0,12,482.8189684549967,946.7635399699211,0.6158159971237183
frame_000130.jpg,0,13,465.8645839691162,1001.8652913570404,0.7027344703674316
frame_000130.jpg,0,14,456.78187799453735,994.5991263389587,0.6797974109649658
frame_000130.jpg,0,15,471.3142075538635,1057.5725564956665,0.7492047548294067
frame_000130.jpg,0,16,439.82749350865686,1036.3795751929283,0.7244825959205627
frame_000130.jpg,1,0,611.1133607228597,899.0587035417557,0.8779144287109375
frame_000130.jpg,1,1,614.8494256337484,895.945316016674,0.8422845602035522
frame_000130.jpg,1,2,612.3587156931559,895.945316016674,0.817973256111145
frame_000130.jpg,1,3,625.4349428812662,900.9267360568047,0.8195255994796753
frame_000130.jpg,1,4,616.7174580891927,899.681381046772,0.6170318722724915
frame_000130.jpg,1,5,640.3792025248209,927.7018687725067,0.7523918747901917
frame_000130.jpg,1,6,613.6040706634521,925.8338362574577,0.7416180372238159
frame_000130.jpg,1,7,659.6822045644125,963.1944865584373,0.798255443572998
frame_000130.jpg,1,8,607.3772958119711,961.3264540433884,0.6236233711242676
frame_000130.jpg,1,9,633.5297501881918,986.2335542440414,0.7239930629730225
frame_000130.jpg,1,10,598.0371335347494,983.7428442239761,0.5834859609603882
frame_000130.jpg,1,11,629.1710077921549,997.4417493343353,0.5879048705101013
frame_000130.jpg,1,12,612.9813931783041,993.7056843042374,0.558281421661377
frame_000130.jpg,1,13,623.5669104258219,1055.97343480587,0.688910186290741
frame_000130.jpg,1,14,621.6988779703776,1049.1239822506905,0.5798273086547852
frame_000130.jpg,1,15,616.7174580891927,1112.0144102573395,0.7656254172325134
frame_000130.jpg,1,16,631.6617177327474,1090.220697581768,0.6765545606613159
frame_000130.jpg,2,0,543.2919273376465,917.6126575469971,0.8402023315429688
frame_000130.jpg,2,1,546.8487310409546,914.5639686584473,0.8475133180618286
frame_000130.jpg,2,2,544.3081569671631,913.5477390289307,0.8256374001502991
frame_000130.jpg,2,3,557.5191421508789,920.1532316207886,0.8951895833015442
frame_000130.jpg,2,4,550.913649559021,918.1207723617554,0.5907925367355347
frame_000130.jpg,2,5,572.7625865936279,947.5914316177368,0.7681347131729126
frame_000130.jpg,2,6,542.2756977081299,938.9534797668457,0.7905001640319824
frame_000130.jpg,2,7,580.3843088150024,976.55397605896,0.798430323600769
frame_000130.jpg,2,8,535.670205116272,969.4403686523438,0.7231849431991577
frame_000130.jpg,2,9,575.3031606674194,1000.4353723526001,0.7734504342079163
frame_000130.jpg,2,10,530.0809421539307,995.3542242050171,0.7131724953651428
frame_000130.jpg,2,11,560.5678310394287,1002.9759464263916,0.6409412026405334
frame_000130.jpg,2,12,544.3081569671631,1001.959716796875,0.6534080505371094
frame_000130.jpg,2,13,557.5191421508789,1043.6251316070557,0.7617100477218628
frame_000130.jpg,2,14,548.3730754852295,1043.1170167922974,0.775734543800354
frame_000130.jpg,2,15,558.5353717803955,1086.8148908615112,0.819465160369873
frame_000130.jpg,2,16,553.4542236328125,1083.2580871582031,0.8001434803009033
frame_000130.jpg,3,0,622.8361942768097,601.4911036491394,0.6565960049629211
frame_000130.jpg,3,1,617.8580322265625,598.1723289489746,0.4380335807800293
frame_000130.jpg,3,2,626.8187239170074,599.4998388290405,0.6046496629714966
frame_000130.jpg,3,3,614.2073800563812,601.8229811191559,0.790851354598999
frame_000130.jpg,3,4,626.486846446991,602.8186135292053,0.8314489722251892
frame_000130.jpg,3,5,605.5785658359528,618.0849771499634,0.8705304861068726
frame_000130.jpg,3,6,629.1418662071228,618.7487320899963,0.8461199998855591
frame_000130.jpg,3,7,595.6222417354584,637.9976253509521,0.869051456451416
frame_000130.jpg,3,8,626.486846446991,636.6701154708862,0.8289968967437744
frame_000130.jpg,3,9,608.5654630661011,635.6744830608368,0.7281575202941895
frame_000130.jpg,3,10,637.4388029575348,649.2814593315125,0.7556023597717285
frame_000130.jpg,3,11,613.2117476463318,656.2508862018585,0.7056883573532104
frame_000130.jpg,3,12,627.4824788570404,655.919008731842,0.6919909715652466
frame_000130.jpg,3,13,611.2204828262329,684.1285936832428,0.7385172843933105
frame_000130.jpg,3,14,627.1506013870239,678.8185541629791,0.7862505912780762
frame_000130.jpg,3,15,608.8973405361176,711.3425462245941,0.8154714703559875
frame_000130.jpg,3,16,627.8143563270569,708.3556489944458,0.8227623105049133
frame_000130.jpg,4,0,113.8395443558693,562.7557807564735,0.7056761980056763
frame_000130.jpg,4,1,110.9742984175682,560.4635840058327,0.5643107295036316
frame_000130.jpg,4,2,116.70479029417038,560.7501085996628,0.6217039823532104
frame_000130.jpg,4,3,108.10905247926712,563.6153545379639,0.8032576441764832
frame_000130.jpg,4,4,118.13741326332092,563.901879131794,0.8274987936019897
frame_000130.jpg,4,5,102.37856060266495,577.082010447979,0.7995100021362305
frame_000130.jpg,4,6,123.29485595226288,578.5146334171295,0.7971122860908508
frame_000130.jpg,4,7,95.78849494457245,590.5486663579941,0.7803823947906494
frame_000130.jpg,4,8,128.73882323503494,596.2791582345963,0.7968606352806091
frame_000130.jpg,4,9,103.23813438415527,597.9983057975769,0.6647598743438721
frame_000130.jpg,4,10,121.57570838928223,590.262141764164,0.5968025922775269
frame_000130.jpg,4,11,108.39557707309723,609.4592895507812,0.6904793977737427
frame_000130.jpg,4,12,117.85088866949081,609.7458141446114,0.6996866464614868
frame_000130.jpg,4,13,114.69911813735962,627.7968635559082,0.6288366317749023
frame_000130.jpg,4,14,116.41826570034027,632.66778165102,0.6883416175842285
frame_000130.jpg,4,15,113.26649516820908,650.4323064684868,0.5767574310302734
frame_000130.jpg,4,16,111.26082301139832,655.3032245635986,0.7132920622825623
frame_000130.jpg,5,0,-6.34423319498697,1033.4258034229279,0.7544316649436951
frame_000130.jpg,5,1,-4.945762634277344,1027.1326855421066,0.7868691682815552
frame_000130.jpg,5,2,-5.644997914632171,1026.4334502220154,0.5748487114906311
frame_000130.jpg,5,3,12.535119374593108,1031.3280974626541,0.8697042465209961
frame_000130.jpg,5,4,33.51217778523764,1025.7342149019241,0.5921530723571777
frame_000130.jpg,5,5,18.828236897786468,1072.5829813480377,0.663176953792572
frame_000130.jpg,5,6,50.99305979410809,1055.8013336658478,0.6906431913375854
frame_000130.jpg,5,7,2.7458254496256416,1098.4546881914139,0.46950778365135193
frame_000130.jpg,5,8,43.30147171020508,1116.6348065137863,0.3515635132789612
frame_000130.jpg,5,9,6.242001851399749,1071.1845107078552,0.275851845741272
frame_000130.jpg,5,10,19.527472178141267,1163.4835729599,0.18938004970550537
frame_000130.jpg,5,11,27.21906026204428,1199.8438096046448,0.5135781764984131
frame_000130.jpg,5,12,53.090765635172545,1190.7537504434586,0.452321857213974
frame_000130.jpg,5,13,34.21141306559244,1271.165812253952,0.5041530132293701
frame_000130.jpg,5,14,52.39153035481769,1271.8650475740433,0.5733489990234375
frame_000130.jpg,5,15,23.023648579915374,1271.165812253952,0.3244169354438782
frame_000130.jpg,5,16,54.48923619588214,1276.0604594945908,0.34058576822280884
frame_000130.jpg,6,0,325.0580345789591,883.0302805900574,0.49607300758361816
frame_000130.jpg,6,1,322.2036250432333,882.3166781663895,0.44601157307624817
frame_000130.jpg,6,2,326.4852393468221,881.6030757427216,0.4721214175224304
frame_000130.jpg,6,3,316.4948059717814,885.884690284729,0.592185378074646
frame_000130.jpg,6,4,334.33486557006836,883.0302805900574,0.5289807915687561
frame_000130.jpg,6,5,318.6356131235758,910.1471726894379,0.5959084630012512
frame_000130.jpg,6,6,351.4613227844238,907.2927629947662,0.5762258768081665
frame_000130.jpg,6,7,283.66909631093347,921.5648114681244,0.6561567783355713
frame_000130.jpg,6,8,344.32529894510907,935.1232575178146,0.3610064685344696
frame_000130.jpg,6,9,300.79555352528894,912.2879799604416,0.43713411688804626
frame_000130.jpg,6,10,317.9220107396444,913.7151848077774,0.3129235506057739
frame_000130.jpg,6,11,332.1940584182739,1000.7746804952621,0.516512393951416
frame_000130.jpg,6,12,352.8885275522868,998.6338732242584,0.5038829445838928
frame_000130.jpg,6,13,337.90287748972577,1068.5669107437134,0.5698336362838745
frame_000130.jpg,6,14,346.4661060969035,1065.7125010490417,0.546329140663147
frame_000130.jpg,6,15,341.4708894093831,1131.3639240264893,0.6523649096488953
frame_000130.jpg,6,16,348.60691324869794,1124.2278997898102,0.6031895875930786
frame_000130.jpg,7,0,345.9823291897774,537.8510271906853,0.7955610752105713
frame_000130.jpg,7,1,345.491182744503,537.1143075227737,0.5486627817153931
frame_000130.jpg,7,2,346.9646220803261,536.8687343001366,0.6530640125274658
frame_000130.jpg,7,3,341.8075844049454,538.5877468585968,0.7631829977035522
frame_000130.jpg,7,4,349.665927529335,538.0966004133224,0.800187349319458
frame_000130.jpg,7,5,337.87841284275055,550.6208347678185,0.8381054997444153
frame_000130.jpg,7,6,355.0685384273529,549.1473954319954,0.8077548742294312
frame_000130.jpg,7,7,335.91382706165314,564.1273620128632,0.7957326173782349
frame_000130.jpg,7,8,361.69901543855667,560.9349101185799,0.7523380517959595
frame_000130.jpg,7,9,343.7721701860428,562.1627762317657,0.5932209491729736
frame_000130.jpg,7,10,359.2432832121849,564.1273620128632,0.5145219564437866
frame_000130.jpg,7,11,345.491182744503,577.1427428126335,0.7127096652984619
frame_000130.jpg,7,12,355.0685384273529,576.406023144722,0.7077848315238953
frame_000130.jpg,7,13,347.9469149708748,599.7354792952538,0.7552251815795898
frame_000130.jpg,7,14,355.80525809526443,592.8594290614128,0.6236687302589417
frame_000130.jpg,7,15,348.9292078614235,622.0826425552368,0.7675415873527527
frame_000130.jpg,7,16,356.54197776317596,609.3128349781036,0.6998909711837769
frame_000130.jpg,8,0,454.5264022350311,505.54538594186306,0.7143367528915405
frame_000130.jpg,8,1,452.8618263403575,504.2969539910555,0.5096189379692078
frame_000130.jpg,8,2,455.9829061428706,504.2969539910555,0.5471531748771667
frame_000130.jpg,8,3,452.02953839302063,506.16960191726685,0.7612301111221313
frame_000130.jpg,8,4,459.5201299190521,505.9615299254656,0.7528005838394165
frame_000130.jpg,8,5,449.94881852467853,515.7409135401249,0.7487635016441345
frame_000130.jpg,8,6,462.22506574789685,515.3247695565224,0.7348319888114929
frame_000130.jpg,8,7,449.53267455101013,526.144513130188,0.6634953618049622
frame_000130.jpg,8,8,468.8833693265915,527.6010170727968,0.7128410339355469
frame_000130.jpg,8,9,444.53894686698914,528.2252330482006,0.47340643405914307
frame_000130.jpg,8,10,463.4734976689021,526.3525851219893,0.3891363739967346
frame_000130.jpg,8,11,453.06989832719165,536.3400407284498,0.6935663223266602
frame_000130.jpg,8,12,461.18470581372577,536.3400407284498,0.6975541114807129
frame_000130.jpg,8,13,451.1972504456838,555.2745919823647,0.7399464845657349
frame_000130.jpg,8,14,462.8492817083995,556.1068799495697,0.7179115414619446
frame_000130.jpg,8,15,452.65375435352325,572.9607112854719,0.7464168071746826
frame_000130.jpg,8,16,464.0977136294047,571.9203513264656,0.6651294231414795
frame_000130.jpg,9,0,597.9591784477234,514.7817361950874,0.8322523832321167
frame_000130.jpg,9,1,597.0063946247101,513.5907564163208,0.5361384749412537
frame_000130.jpg,9,2,597.9591784477234,514.3053442835808,0.6743698716163635
frame_000130.jpg,9,3,594.6244350671768,516.2109119296074,0.7606926560401917
frame_000130.jpg,9,4,601.7703137397766,516.687303841114,0.8627684116363525
frame_000130.jpg,9,5,591.7660835981369,526.9297299385071,0.7523880004882812
frame_000130.jpg,9,6,605.3432530760765,528.1207097172737,0.7571786642074585
frame_000130.jpg,9,7,588.6695361733437,540.2687034606934,0.6894305348396301
frame_000130.jpg,9,8,613.6801115274429,541.45968323946,0.7102004289627075
frame_000130.jpg,9,9,583.9056170582771,546.2236023545265,0.5337448716163635
frame_000130.jpg,9,10,615.5856791734695,554.7986567616463,0.41237807273864746
frame_000130.jpg,9,11,592.7188674211502,550.5111295580864,0.7091428637504578
frame_000130.jpg,9,12,601.29392182827,550.987521469593,0.721871018409729
frame_000130.jpg,9,13,588.4313402175903,571.7105696201324,0.7887117266654968
frame_000130.jpg,9,14,600.57933396101,576.9508806467056,0.7964935302734375
frame_000130.jpg,9,15,595.1008269786835,580.2856240272522,0.6764225363731384
frame_000130.jpg,9,16,601.0557258725166,597.9121247529984,0.8170075416564941
frame_000130.jpg,10,0,546.2612298329672,771.040092587471,0.47744178771972656
frame_000130.jpg,10,1,549.22860399882,767.3308746814728,0.5120688676834106
frame_000130.jpg,10,2,551.083212852478,766.959952890873,0.4759421646595001
frame_000130.jpg,10,3,551.083212852478,769.9273272156715,0.61201012134552
frame_000130.jpg,10,4,559.2434918085734,768.4436400532722,0.5374943614006042
frame_000130.jpg,10,5,561.469022432963,794.03724360466,0.5875020027160645
frame_000130.jpg,10,6,562.9527095158895,787.731573164463,0.47672945261001587
frame_000130.jpg,10,7,566.6619272232056,822.2272996902466,0.599622368812561
frame_000130.jpg,10,8,561.0981006622314,815.17978566885,0.309328556060791
frame_000130.jpg,10,9,544.4066209793091,822.9691432714462,0.5779058337211609
frame_000130.jpg,10,10,541.4392468134562,821.8563778996468,0.18927058577537537
frame_000130.jpg,10,11,561.0981006622314,845.9662942886353,0.41843611001968384
frame_000130.jpg,10,12,551.083212852478,844.1116853356361,0.3307332396507263
frame_000130.jpg,10,13,559.614413579305,881.2038643956184,0.42821937799453735
frame_000130.jpg,10,14,551.8250563939413,881.5747861862183,0.3677043318748474
frame_000130.jpg,10,15,558.8725700378418,922.7471049427986,0.39849480986595154
frame_000130.jpg,10,16,553.6796652475992,922.7471049427986,0.3893240690231323
frame_000130.jpg,11,0,706.551435470581,675.8764190673828,0.8641409873962402
frame_000130.jpg,11,1,708.4360008239746,673.0495710372925,0.751078724861145
frame_000130.jpg,11,2,706.551435470581,673.5207123756409,0.7082926034927368
frame_000130.jpg,11,3,712.2051315307617,675.4052777290344,0.8046741485595703
frame_000130.jpg,11,4,713.6185555458069,674.934136390686,0.6209635734558105
frame_000130.jpg,11,5,716.4454035758972,696.6066379547119,0.8140943050384521
frame_000130.jpg,11,6,710.3205661773682,692.3663659095764,0.7884372472763062
frame_000130.jpg,11,7,716.9165449142456,727.2308249473572,0.7554001808166504
frame_000130.jpg,11,8,704.1957287788391,692.3663659095764,0.5095980763435364
frame_000130.jpg,11,9,713.6185555458069,753.1435985565186,0.7256965637207031
frame_000130.jpg,11,10,696.1863260269165,688.5972352027893,0.4827766418457031
frame_000130.jpg,11,11,711.7339901924133,755.0281639099121,0.7036698460578918
frame_000130.jpg,11,12,705.6091527938843,755.0281639099121,0.6788889765739441
frame_000130.jpg,11,13,709.8494248390198,791.306046962738,0.7640469074249268
frame_000130.jpg,11,14,707.0225768089294,790.3637642860413,0.6676889061927795
frame_000130.jpg,11,15,712.2051315307617,828.5262126922607,0.8642076253890991
frame_000130.jpg,11,16,711.2628488540649,826.6416473388672,0.7359966039657593
frame_000130.jpg,12,0,360.07115733623505,517.9650531411171,0.8265770673751831
frame_000130.jpg,12,1,357.9823951125145,516.5725449919701,0.5387390851974487
frame_000130.jpg,12,2,361.4636654853821,516.8046296834946,0.6656440496444702
frame_000130.jpg,12,3,355.66154819726944,518.6613072156906,0.8500903844833374
frame_000130.jpg,12,4,363.78451240062714,518.4292225241661,0.8489081859588623
frame_000130.jpg,12,5,352.18027782440186,531.1938805580139,0.8200571537017822
frame_000130.jpg,12,6,368.89037561416626,529.5692877173424,0.8003252744674683
frame_000130.jpg,12,7,351.94819313287735,545.3510467410088,0.611199140548706
frame_000130.jpg,12,8,373.29998475313187,542.3339457511902,0.6799880862236023
frame_000130.jpg,12,9,357.286141037941,544.4227079749107,0.3370659351348877
frame_000130.jpg,12,10,375.8529163599014,544.8868773579597,0.515101432800293
frame_000130.jpg,12,11,359.37490326166153,555.3306884765625,0.6758973002433777
frame_000130.jpg,12,12,369.12246030569077,554.4023497104645,0.7266509532928467
frame_000130.jpg,12,13,360.99949610233307,579.0033270120621,0.6569768190383911
frame_000130.jpg,12,14,370.0507990717888,574.361633181572,0.658886194229126
frame_000130.jpg,12,15,362.8561736345291,598.266356408596,0.7140188813209534
frame_000130.jpg,12,16,368.19412153959274,582.2525126934052,0.6356419920921326
frame_000130.jpg,13,0,606.1567802429199,739.200366973877,0.5719183087348938
frame_000130.jpg,13,1,606.5828247070312,735.365966796875,0.555472731590271
frame_000130.jpg,13,2,612.1214027404785,735.7920112609863,0.4552767872810364
frame_000130.jpg,13,3,606.1567802429199,738.7743225097656,0.6660408973693848
frame_000130.jpg,13,4,617.2339363098145,738.3482780456543,0.5754824876785278
frame_000130.jpg,13,5,609.1390914916992,755.3900566101074,0.6639333963394165
frame_000130.jpg,13,6,618.9381141662598,755.3900566101074,0.5870469808578491
frame_000130.jpg,13,7,586.1326904296875,750.7035675048828,0.6703972816467285
frame_000130.jpg,13,8,613.8255805969238,781.3787689208984,0.3405763804912567
frame_000130.jpg,13,9,592.5233573913574,749.8514785766602,0.40191346406936646
frame_000130.jpg,13,10,595.931713104248,785.6392135620117,0.2252328097820282
frame_000130.jpg,13,11,605.7307357788086,810.7758369445801,0.5490220189094543
frame_000130.jpg,13,12,614.2516250610352,809.9237480163574,0.4756943881511688
frame_000130.jpg,13,13,607.4349136352539,852.1021499633789,0.6117238998413086
frame_000130.jpg,13,14,613.8255805969238,851.6761054992676,0.5420539379119873
frame_000130.jpg,13,15,614.6776695251465,891.2982406616211,0.5526195764541626
frame_000130.jpg,13,16,618.5120697021484,887.8898849487305,0.5489510297775269
frame_000130.jpg,14,0,506.6103925704956,783.831221818924,0.6766126155853271
frame_000130.jpg,14,1,506.8592485189438,781.093806385994,0.6843992471694946
frame_000130.jpg,14,2,505.3661128282547,780.0983825922012,0.503421425819397
frame_000130.jpg,14,3,505.86382472515106,784.3289337158203,0.6198269128799438
frame_000130.jpg,14,4,525.025732755661,783.0846539735794,0.6036664247512817
frame_000130.jpg,14,5,515.5692067146301,803.2419857978821,0.4602687358856201
frame_000130.jpg,14,6,527.2654362916946,798.2648668289185,0.4901551604270935
frame_000130.jpg,14,7,514.076071023941,828.8741484880447,0.27257564663887024
frame_000130.jpg,14,8,529.0074279308319,828.8741484880447,0.2749261260032654
frame_000130.jpg,14,9,505.6149687767029,856.4971587657928,0.2022678107023239
frame_000130.jpg,14,10,531.9936993122101,853.2620314359665,0.17632171511650085
frame_000130.jpg,14,11,523.5325970649719,852.2666076421738,0.4287954568862915
frame_000130.jpg,14,12,529.5051398277283,853.0131754875183,0.45167768001556396
frame_000130.jpg,14,13,518.0577661991119,879.6407619714737,0.3364190459251404
frame_000130.jpg,14,14,528.2608600854874,879.6407619714737,0.36043331027030945
frame_000130.jpg,14,15,515.0714948177338,879.6407619714737,0.2697862684726715
frame_000130.jpg,14,16,528.0120041370392,879.6407619714737,0.2813798189163208
frame_000130.jpg,15,0,482.3033607006073,791.290874183178,0.7193944454193115
frame_000130.jpg,15,1,486.4358776807785,787.6175257563591,0.7399729490280151
frame_000130.jpg,15,2,480.69627076387405,787.3879414796829,0.6953168511390686
frame_000130.jpg,15,3,500.67010283470154,786.0104358196259,0.6535967588424683
frame_000130.jpg,15,4,503.1955298781395,784.862514436245,0.3121906518936157
frame_000130.jpg,15,5,501.3588556647301,805.9842678904533,0.3795388340950012
frame_000130.jpg,15,6,511.2309795618057,803.2292565703392,0.32818058133125305
frame_000130.jpg,15,7,473.34957391023636,803.4588408470154,0.4448877274990082
frame_000130.jpg,15,8,521.1031034588814,831.4681226015091,0.17937949299812317
frame_000130.jpg,15,9,484.1400349140167,805.9842678904533,0.15182913839817047
frame_000130.jpg,15,10,489.650057554245,829.6314483880997,0.09085775166749954
frame_000130.jpg,15,11,512.838069498539,871.1862024664879,0.34834355115890503
frame_000130.jpg,15,12,520.4143506288528,871.1862024664879,0.34082260727882385
frame_000130.jpg,15,13,457.5082588195801,871.1862024664879,0.2605105936527252
frame_000130.jpg,15,14,457.5082588195801,871.1862024664879,0.240470752120018
frame_000130.jpg,15,15,476.793338060379,871.1862024664879,0.23902320861816406
frame_000130.jpg,15,16,474.7270795702934,871.1862024664879,0.24439221620559692
frame_000130.jpg,16,0,476.51483500003815,820.3109862804413,0.485776424407959
frame_000130.jpg,16,1,478.70411121845245,815.3851147890091,0.4597354233264923
frame_000130.jpg,16,2,475.420196890831,805.5333718061447,0.373020201921463
frame_000130.jpg,16,3,489.650492310524,818.6690291166306,0.5021032691001892
frame_000130.jpg,16,4,494.5763638019562,808.2699670791626,0.35338276624679565
frame_000130.jpg,16,5,495.67100191116333,846.0349818468094,0.49600493907928467
frame_000130.jpg,16,6,513.7325307130814,838.9198341369629,0.4314599633216858
frame_000130.jpg,16,7,496.2183209657669,878.874125123024,0.29409679770469666
frame_000130.jpg,16,8,526.8681880235672,865.1911487579346,0.25595512986183167
frame_000130.jpg,16,9,477.0621540546417,872.8536155223846,0.18010231852531433
frame_000130.jpg,16,10,522.4896355867386,855.3394057750702,0.13116410374641418
frame_000130.jpg,16,11,519.7530403137207,893.104420542717,0.32158413529396057
frame_000130.jpg,16,12,527.9628261327744,891.4624633789062,0.3331138491630554
frame_000130.jpg,16,13,507.16470205783844,940.7211782932281,0.36175793409347534
frame_000130.jpg,16,14,521.3949974775314,938.5319020748138,0.35603708028793335
frame_000130.jpg,16,15,496.7656400203705,986.6959788799286,0.399212121963501
frame_000130.jpg,16,16,517.5637640953064,981.7701073884964,0.382179319858551
frame_000130.jpg,17,0,604.6876680056254,740.8098608851433,0.5615865588188171
frame_000130.jpg,17,1,605.0651433467865,736.6576323509216,0.5542088747024536
frame_000130.jpg,17,2,608.4624214172363,737.4125829935074,0.3979078531265259
frame_000130.jpg,17,3,607.329995393753,739.6774349212646,0.6803927421569824
frame_000130.jpg,17,4,620.9191076755524,739.6774349212646,0.5401170253753662
frame_000130.jpg,17,5,609.5948474407196,757.4187750220299,0.6371676921844482
frame_000130.jpg,17,6,623.9389104048411,759.3061516284943,0.5289455056190491
frame_000130.jpg,17,7,586.9463269710541,750.6242192387581,0.6361006498336792
frame_000130.jpg,17,8,642.8126774628957,778.9348683357239,0.41420459747314453
frame_000130.jpg,17,9,591.8535064061483,749.8692685961723,0.3811202049255371
frame_000130.jpg,17,10,623.9389104048411,795.1663071513176,0.20615312457084656
frame_000130.jpg,17,11,605.8200940291086,813.6625978946686,0.534893274307251
frame_000130.jpg,17,12,615.6344528992971,813.2851225733757,0.4361850619316101
frame_000130.jpg,17,13,608.0849460760752,853.6749819517136,0.5635811686515808
frame_000130.jpg,17,14,613.7470761934916,851.4101300239563,0.4513453543186188
frame_000130.jpg,17,15,615.256977558136,896.3296932578087,0.4670855402946472
frame_000130.jpg,17,16,619.031730969747,896.3296932578087,0.4153836965560913
frame_000130.jpg,18,0,451.84240436553955,824.2137668132782,0.257242888212204
frame_000130.jpg,18,1,450.5394194126129,820.449588060379,0.32881712913513184
frame_000130.jpg,18,2,471.8215069770813,819.2913792133331,0.312612920999527
frame_000130.jpg,18,3,450.9737477302551,824.2137668132782,0.41705870628356934
frame_000130.jpg,18,4,469.9394176006317,822.1869013309479,0.37368708848953247
frame_000130.jpg,18,5,440.54986810684204,846.364511013031,0.21965211629867554
frame_000130.jpg,18,6,470.51852202415466,847.9570481777191,0.1920488178730011
frame_000130.jpg,18,7,424.62449645996094,869.0943596363068,0.2932133972644806
frame_000130.jpg,18,8,448.65733003616333,869.0943596363068,0.24254527688026428
frame_000130.jpg,18,9,449.52598667144775,846.364511013031,0.1343059241771698
frame_000130.jpg,18,10,451.6976282596588,869.0943596363068,0.14484724402427673
frame_000130.jpg,18,11,449.2364344596863,869.0943596363068,0.23004303872585297
frame_000130.jpg,18,12,454.59315037727356,869.0943596363068,0.20303815603256226
frame_000130.jpg,18,13,424.62449645996094,869.0943596363068,0.23609423637390137
frame_000130.jpg,18,14,449.09165835380554,869.0943596363068,0.17847369611263275
frame_000130.jpg,18,15,424.62449645996094,869.0943596363068,0.21220308542251587
frame_000130.jpg,18,16,424.62449645996094,869.0943596363068,0.19529210031032562
frame_000130.jpg,19,0,1.0849472284317017,574.2373962402344,0.4268702268600464
frame_000130.jpg,19,1,0.4196038246154785,574.2373962402344,0.37324026226997375
frame_000130.jpg,19,2,0.1978226900100708,574.2373962402344,0.36456120014190674
frame_000130.jpg,19,3,4.633445382118225,574.2373962402344,0.43251633644104004
frame_000130.jpg,19,4,0.4196038246154785,574.2373962402344,0.5031371116638184
frame_000130.jpg,19,5,3.968101978302002,586.2135775089264,0.6048747301101685
frame_000130.jpg,19,6,3.5245397090911865,586.2135775089264,0.7100696563720703
frame_000130.jpg,19,7,13.061128497123718,602.1818192005157,0.5964405536651611
frame_000130.jpg,19,8,13.726471900939941,602.6253814697266,0.6641175746917725
frame_000130.jpg,19,9,15.278939843177795,602.847162604332,0.5192400217056274
frame_000130.jpg,19,10,15.500720977783203,603.2907248735428,0.62483149766922
frame_000130.jpg,19,11,0.6413849592208862,614.823343873024,0.4880704879760742
frame_000130.jpg,19,12,-0.023958444595336914,615.0451250076294,0.5488418340682983
frame_000130.jpg,19,13,-0.24573957920074463,641.6588611602783,0.6072622537612915
frame_000130.jpg,19,14,-0.24573957920074463,639.4410498142242,0.5242310762405396
frame_000130.jpg,19,15,6.185913324356079,664.0587557554245,0.6732733845710754
frame_000130.jpg,19,16,7.294818997383118,663.6151934862137,0.5422218441963196
frame_000130.jpg,20,0,472.85556960105896,822.9105776548386,0.47921842336654663
frame_000130.jpg,20,1,474.172611117363,815.0083285570145,0.4306989312171936
frame_000130.jpg,20,2,472.19704884290695,814.5693147182465,0.4192045032978058
frame_000130.jpg,20,3,477.465214908123,819.6179738640785,0.42485207319259644
frame_000130.jpg,20,4,492.3916854262352,820.9350153803825,0.26154625415802
frame_000130.jpg,20,5,495.02576845884323,848.3733803033829,0.2078760266304016
frame_000130.jpg,20,6,513.0253358483315,846.3978180289268,0.19328013062477112
frame_000130.jpg,20,7,473.07507652044296,872.9581552743912,0.2374674677848816
frame_000130.jpg,20,8,521.8056126236916,867.0314684510231,0.18995004892349243
frame_000130.jpg,20,9,482.0748602151871,855.397601723671,0.09518016874790192
frame_000130.jpg,20,10,501.3914691209793,860.885274708271,0.05084340646862984
frame_000130.jpg,20,11,503.80604523420334,894.2503264546394,0.24935299158096313
frame_000130.jpg,20,12,525.9762440919876,894.2503264546394,0.2694903016090393
frame_000130.jpg,20,13,486.68450552225113,894.2503264546394,0.21905755996704102
frame_000130.jpg,20,14,500.7329483628273,894.2503264546394,0.20880161225795746
frame_000130.jpg,20,15,488.00154703855515,894.2503264546394,0.2532447278499603
frame_000130.jpg,20,16,496.56231689453125,894.2503264546394,0.22832053899765015
frame_000135.jpg,0,0,488.0310500462849,847.9214911460876,0.7266630530357361
frame_000135.jpg,0,1,482.54484613736463,843.0448656082153,0.49634116888046265
frame_000135.jpg,0,2,494.1268321673076,846.7023347616196,0.5189039707183838
frame_000135.jpg,0,3,474.6203293800354,847.9214911460876,0.7948818802833557
frame_000135.jpg,0,4,497.78430143992114,850.3598039150238,0.7510676383972168
frame_000135.jpg,0,5,456.94256122907007,872.3046188354492,0.7564088106155396
frame_000135.jpg,0,6,505.0992399851482,874.7429316043854,0.8004642724990845
frame_000135.jpg,0,7,422.1966031392416,869.8663060665131,0.8115226626396179
frame_000135.jpg,0,8,515.4620695908864,913.1463577151299,0.664979875087738
frame_000135.jpg,0,9,419.1487120787302,854.017273068428,0.7177338004112244
frame_000135.jpg,0,10,522.1674299240112,945.4540019035339,0.5649607181549072
frame_000135.jpg,0,11,472.18201653162635,945.4540019035339,0.632370114326477
frame_000135.jpg,0,12,500.2226142883301,942.4061109423637,0.6246129870414734
frame_000135.jpg,0,13,472.18201653162635,1000.3160392045975,0.6594618558883667
frame_000135.jpg,0,14,499.0034578641255,982.6382716298103,0.38625600934028625
frame_000135.jpg,0,15,471.57243831952417,1057.0068110823631,0.7337583303451538
frame_000135.jpg,0,16,500.2226142883301,991.7819445133209,0.42964619398117065
frame_000135.jpg,1,0,603.8524208068848,905.5854830741882,0.8697229623794556
frame_000135.jpg,1,1,607.0454869270325,902.3924169540405,0.8179541230201721
frame_000135.jpg,1,2,605.1296472549438,903.6696434020996,0.8117047548294067
frame_000135.jpg,1,3,615.3474588394165,905.5854830741882,0.8366075158119202
frame_000135.jpg,1,4,609.5999398231506,906.8627095222473,0.661669135093689
frame_000135.jpg,1,5,631.9514026641846,933.684464931488,0.7654407024383545
frame_000135.jpg,1,6,605.7682604789734,931.1300120353699,0.7786542177200317
frame_000135.jpg,1,7,647.9167332649231,972.0012583732605,0.7923272848129272
frame_000135.jpg,1,8,601.2979679107666,964.337899684906,0.6576200723648071
frame_000135.jpg,1,9,619.1791381835938,991.7982683181763,0.7174512147903442
frame_000135.jpg,1,10,593.6346092224121,981.5804567337036,0.6828262805938721
frame_000135.jpg,1,11,623.010817527771,1002.6546931266785,0.598012387752533
frame_000135.jpg,1,12,604.4910340309143,998.1844005584717,0.5772464275360107
frame_000135.jpg,1,13,619.8177514076233,1060.1298832893372,0.6684204339981079
frame_000135.jpg,1,14,592.357382774353,1043.525939464569,0.612499475479126
frame_000135.jpg,1,15,615.986072063446,1117.6050734519958,0.740839958190918
frame_000135.jpg,1,16,620.4563646316528,1072.2635345458984,0.5836761593818665
frame_000135.jpg,2,0,633.9874928792318,594.0832251310349,0.7279860973358154
frame_000135.jpg,2,1,631.9593833287557,593.0691704154015,0.47649601101875305
frame_000135.jpg,2,2,638.3817302385966,593.0691704154015,0.6213223934173584
frame_000135.jpg,2,3,627.9031642278036,595.7733163237572,0.8191760778427124
frame_000135.jpg,2,4,640.07182153066,595.7733163237572,0.822881817817688
frame_000135.jpg,2,5,619.7907260258993,611.9981917738914,0.8856854438781738
frame_000135.jpg,2,6,647.1702049573263,613.0122464895248,0.8817468881607056
frame_000135.jpg,2,7,616.0725251833597,630.2511766552925,0.8674725294113159
frame_000135.jpg,2,8,657.3107527097067,632.2792860865593,0.8098946809768677
frame_000135.jpg,2,9,612.692342599233,641.4057785272598,0.8064800500869751
frame_000135.jpg,2,10,668.8033734957377,641.7437967658043,0.7718759179115295
frame_000135.jpg,2,11,627.9031642278036,650.5322709679604,0.7588979005813599
frame_000135.jpg,2,12,642.0999310811361,651.2083074450493,0.7929815053939819
frame_000135.jpg,2,13,623.170908610026,671.4894017577171,0.6418492794036865
frame_000135.jpg,2,14,638.7197484970093,679.6018394827843,0.8318265676498413
frame_000135.jpg,2,15,623.8469451268514,675.5456206202507,0.757741391658783
frame_000135.jpg,2,16,635.0015476544698,709.3474444746971,0.8495699167251587
frame_000135.jpg,3,0,534.5106983184814,927.5578790307045,0.8407710790634155
frame_000135.jpg,3,1,538.8715674082438,924.287227332592,0.852735698223114
frame_000135.jpg,3,2,535.600915590922,923.1970100998878,0.8134294748306274
frame_000135.jpg,3,3,550.8639574050903,931.3736393451691,0.846204400062561
frame_000135.jpg,3,4,550.31884876887,930.2834221124649,0.6188750267028809
frame_000135.jpg,3,5,566.1269992192586,958.083961546421,0.7803385853767395
frame_000135.jpg,3,6,535.0558069547018,950.4524409174919,0.7868365049362183
frame_000135.jpg,3,7,571.0329769452412,987.5198268294334,0.8078505992889404
frame_000135.jpg,3,8,527.9693946838379,979.3431975841522,0.7002233266830444
frame_000135.jpg,3,9,562.3112387657166,1010.9594973325729,0.7700424790382385
frame_000135.jpg,3,10,522.5183083216349,1003.3279767036438,0.599031925201416
frame_000135.jpg,3,11,552.4992833137512,1013.6850404143333,0.6465405225753784
frame_000135.jpg,3,12,534.5106983184814,1011.504605948925,0.6339442729949951
frame_000135.jpg,3,13,546.503088315328,1055.1132952570915,0.7188267707824707
frame_000135.jpg,3,14,540.5068933169047,1046.3915573954582,0.5002216696739197
frame_000135.jpg,3,15,542.1422192255656,1101.4475276470184,0.7371982336044312
frame_000135.jpg,3,16,550.31884876887,1075.2823140621185,0.601335883140564
frame_000135.jpg,4,0,321.37351989746094,882.7786246538162,0.5916370153427124
frame_000135.jpg,4,1,321.37351989746094,880.636283159256,0.5484843254089355
frame_000135.jpg,4,2,321.37351989746094,880.636283159256,0.5524193644523621
frame_000135.jpg,4,3,316.37472279866535,884.2068523168564,0.6492902040481567
frame_000135.jpg,4,4,332.0852279663086,882.0645108222961,0.578355073928833
frame_000135.jpg,4,5,317.8029505411784,909.2008364200592,0.6591196060180664
frame_000135.jpg,4,6,349.9380747477213,907.058494925499,0.6396044492721558
frame_000135.jpg,4,7,281.3831431070964,921.3407715559006,0.6826144456863403
frame_000135.jpg,4,8,342.79693603515625,936.3371620178223,0.3763783276081085
frame_000135.jpg,4,9,299.2359898885091,913.4855194091797,0.4625857472419739
frame_000135.jpg,4,10,314.94649505615234,915.6278609037399,0.3279680013656616
frame_000135.jpg,4,11,335.6557973225912,999.8932930231094,0.5457195043563843
frame_000135.jpg,4,12,352.79453023274743,997.0368376970291,0.5323097705841064
frame_000135.jpg,4,13,339.22636667887366,1066.305879354477,0.628532886505127
frame_000135.jpg,4,14,344.9392776489258,1063.4494240283966,0.5814182758331299
frame_000135.jpg,4,15,339.94048055013025,1129.147896528244,0.6881418228149414
frame_000135.jpg,4,16,349.22396087646484,1122.0067582130432,0.6567217707633972
frame_000135.jpg,5,0,586.2738485733668,505.9355402290821,0.8031043410301208
frame_000135.jpg,5,1,584.2875072161356,504.8320172280073,0.5196033716201782
frame_000135.jpg,5,2,587.1566669543585,505.27342642843723,0.658321738243103
frame_000135.jpg,5,3,582.9632796446482,506.597654029727,0.7816373109817505
frame_000135.jpg,5,4,590.467235883077,507.0390632301569,0.8310656547546387
frame_000135.jpg,5,5,579.6527107159296,516.97077023983,0.7884649038314819
frame_000135.jpg,5,6,594.2192140022913,517.6328840404749,0.7774617671966553
frame_000135.jpg,5,7,580.0941199064255,528.0060002505779,0.7310120463371277
frame_000135.jpg,5,8,599.2954196929932,529.7716370522976,0.8090206384658813
frame_000135.jpg,5,9,575.4593234062195,529.5509324520826,0.5505938529968262
frame_000135.jpg,5,10,592.0121680498123,527.343886449933,0.5706685781478882
frame_000135.jpg,5,11,582.9632796446482,542.1310946643353,0.7044860124588013
frame_000135.jpg,5,12,591.7914634545645,541.6896854639053,0.7267905473709106
frame_000135.jpg,5,13,581.8597566684087,564.2015546858311,0.7882376909255981
frame_000135.jpg,5,14,593.7778048117956,561.3323948830366,0.6736108064651489
frame_000135.jpg,5,15,580.976938287417,584.0649687051773,0.8418244123458862
frame_000135.jpg,5,16,595.9848507642746,572.5883294939995,0.5785714983940125
frame_000135.jpg,6,0,353.4983308315277,533.3285248279572,0.7727744579315186
frame_000135.jpg,6,1,353.26061648130417,532.1399530768394,0.6089701056480408
frame_000135.jpg,6,2,355.6377599835396,531.9022387266159,0.6842308640480042
frame_000135.jpg,6,3,348.2686151266098,534.0416678786278,0.7699652910232544
frame_000135.jpg,6,4,356.3509030342102,533.8039535284042,0.8273404836654663
frame_000135.jpg,6,5,343.0388994216919,544.9765279889107,0.8404012322425842
frame_000135.jpg,6,6,359.9166182875633,544.5010992884636,0.8292117118835449
frame_000135.jpg,6,7,337.809183716774,558.0508172512054,0.7888526320457458
frame_000135.jpg,6,8,367.7611918449402,557.3376742005348,0.7427312135696411
frame_000135.jpg,6,9,345.17832857370377,559.0016746520996,0.6853138208389282
frame_000135.jpg,6,10,361.34290438890457,559.9525320529938,0.5530818700790405
frame_000135.jpg,6,11,347.7931864261627,571.1251065135002,0.7363595962524414
frame_000135.jpg,6,12,356.8263317346573,571.6005352139473,0.7305086851119995
frame_000135.jpg,6,13,348.03090077638626,593.7079697847366,0.5707945227622986
frame_000135.jpg,6,14,358.014903485775,594.4211128354073,0.8091181516647339
frame_000135.jpg,6,15,347.31775772571564,588.9536827802658,0.6572757959365845
frame_000135.jpg,6,16,356.58861738443375,614.6268326044083,0.8487987518310547
frame_000135.jpg,7,0,40.57889211177826,567.8335009813309,0.6845390796661377
frame_000135.jpg,7,1,38.78235924243927,566.6358124017715,0.4810146689414978
frame_000135.jpg,7,2,41.17773640155792,565.4381238222122,0.7097780108451843
frame_000135.jpg,7,3,29.500272750854492,568.4323452711105,0.8120929002761841
frame_000135.jpg,7,4,39.38120353221893,568.4323452711105,0.8198747634887695
frame_000135.jpg,7,5,22.314141273498535,581.906341791153,0.8437091708183289
frame_000135.jpg,7,6,43.872535705566406,581.906341791153,0.8058160543441772
frame_000135.jpg,7,7,16.625120520591736,598.0751376152039,0.812553882598877
frame_000135.jpg,7,8,47.16617929935455,598.0751376152039,0.7800503969192505
frame_000135.jpg,7,9,24.110674142837524,593.5838054418564,0.5848926305770874
frame_000135.jpg,7,10,53.154622197151184,609.7526012659073,0.6577136516571045
frame_000135.jpg,7,11,29.20085060596466,613.6450891494751,0.7288245558738708
frame_000135.jpg,7,12,41.17773640155792,613.0462448596954,0.7115079760551453
frame_000135.jpg,7,13,29.799694895744324,639.9942378997803,0.7735374569892883
frame_000135.jpg,7,14,48.96271216869354,630.1133071184158,0.7673484086990356
frame_000135.jpg,7,15,26.506051301956177,665.445120215416,0.7925442457199097
frame_000135.jpg,7,16,40.57889211177826,646.2821029424667,0.7581896781921387
frame_000135.jpg,8,0,446.5998002886772,502.90199983119965,0.7101289629936218
frame_000135.jpg,8,1,444.61248457431793,501.57712268829346,0.5149301290512085
frame_000135.jpg,8,2,449.02874171733856,501.57712268829346,0.613396942615509
frame_000135.jpg,8,3,443.5084202885628,503.56443840265274,0.7847092151641846
frame_000135.jpg,8,4,451.2368702888489,503.56443840265274,0.8422818183898926
frame_000135.jpg,8,5,440.63785314559937,513.2802041172981,0.7799510955810547
frame_000135.jpg,8,6,454.54906314611435,513.0593912601471,0.759101390838623
frame_000135.jpg,8,7,437.5464731454849,526.52897554636,0.620754063129425
frame_000135.jpg,8,8,460.73182314634323,524.9832855463028,0.7038087844848633
frame_000135.jpg,8,9,440.41704028844833,529.6203555464745,0.3781301975250244
frame_000135.jpg,8,10,460.5110102891922,533.374174118042,0.7065513134002686
frame_000135.jpg,8,11,444.3916717171669,537.1279926896095,0.684187650680542
frame_000135.jpg,8,12,452.7825602889061,536.9071798324585,0.6747002005577087
frame_000135.jpg,8,13,446.3789874315262,556.5595241189003,0.6874374151229858
frame_000135.jpg,8,14,453.22418600320816,551.4808284044266,0.5575789213180542
frame_000135.jpg,8,15,450.1328060030937,574.6661784052849,0.6974645853042603
frame_000135.jpg,8,16,452.56174743175507,555.0138341188431,0.4339296519756317
frame_000135.jpg,9,0,544.3414061864218,770.853583574295,0.7538842558860779
frame_000135.jpg,9,1,546.3732585906982,766.7898789644241,0.7193408012390137
frame_000135.jpg,9,2,546.3732585906982,766.7898789644241,0.6956274509429932
frame_000135.jpg,9,3,550.8433338801066,768.4153608083725,0.8105999231338501
frame_000135.jpg,9,4,557.7516320546468,766.7898789644241,0.6412620544433594
frame_000135.jpg,9,5,561.4089663823446,792.3912180066109,0.718295693397522
frame_000135.jpg,9,6,556.1261501312256,787.9211429357529,0.6027482748031616
frame_000135.jpg,9,7,564.659930229187,822.8690025806427,0.7292015552520752
frame_000135.jpg,9,8,556.9388910929362,815.147963821888,0.4359654188156128
frame_000135.jpg,9,9,542.7159242630005,822.8690025806427,0.7345293164253235
frame_000135.jpg,9,10,541.9031833012899,820.0244093537331,0.31229329109191895
frame_000135.jpg,9,11,561.0025959014893,845.2193779349327,0.5921491980552673
frame_000135.jpg,9,12,551.2497043609619,842.3747847080231,0.4744787812232971
frame_000135.jpg,9,13,561.0025959014893,885.0436831116676,0.607288658618927
frame_000135.jpg,9,14,554.0942977269491,883.8245717287064,0.5328078269958496
frame_000135.jpg,9,15,563.4408187866211,923.6488769054413,0.5111083984375
frame_000135.jpg,9,16,556.5325206120809,919.1788018345833,0.49658334255218506
frame_000135.jpg,10,0,132.908975481987,560.9423813223839,0.7764747142791748
frame_000135.jpg,10,1,131.2825894355774,559.044930934906,0.5503056049346924
frame_000135.jpg,10,2,133.99323284626007,558.2317379117012,0.614909291267395
frame_000135.jpg,10,3,127.48768866062164,562.026638686657,0.8045613765716553
frame_000135.jpg,10,4,135.61961889266968,561.7555743455887,0.7706483602523804
frame_000135.jpg,10,5,121.52427315711975,575.3087913990021,0.7961677312850952
frame_000135.jpg,10,6,141.3119700551033,575.8509200811386,0.789729118347168
frame_000135.jpg,10,7,108.24212044477463,586.1513650417328,0.7498476505279541
frame_000135.jpg,10,8,147.00432121753693,591.5726518630981,0.740608274936676
frame_000135.jpg,10,9,115.83192199468613,591.8437162041664,0.7182276844978333
frame_000135.jpg,10,10,145.37793517112732,588.0488154292107,0.5449303388595581
frame_000135.jpg,10,11,129.38513904809952,607.565447986126,0.689064085483551
frame_000135.jpg,10,12,138.8723909854889,607.0233193039894,0.7148193120956421
frame_000135.jpg,10,13,137.51706928014755,630.6059169769287,0.7974873781204224
frame_000135.jpg,10,14,145.10687083005905,627.895273566246,0.7915921211242676
frame_000135.jpg,10,15,144.56474214792252,651.7489355802536,0.8294811248779297
frame_000135.jpg,10,16,133.7221685051918,620.8476006984711,0.734784722328186
frame_000135.jpg,11,0,703.0504828691483,674.6770117282867,0.8567312359809875
frame_000135.jpg,11,1,704.4479370117188,671.4162853956223,0.7908679246902466
frame_000135.jpg,11,2,703.9821189641953,671.8821034431458,0.6982823610305786
frame_000135.jpg,11,3,707.7086633443832,673.2795575857162,0.8683440685272217
frame_000135.jpg,11,4,716.5592062473297,672.3479214906693,0.6343679428100586
frame_000135.jpg,11,5,715.1617521047592,695.6388238668442,0.808475136756897
frame_000135.jpg,11,6,710.9693896770477,691.4464614391327,0.7519823312759399
frame_000135.jpg,11,7,715.1617521047592,724.5195428133011,0.7739051580429077
frame_000135.jpg,11,8,701.6530287265778,691.9122794866562,0.6263800859451294
frame_000135.jpg,11,9,710.5035716295242,750.605353474617,0.7219361066818237
frame_000135.jpg,11,10,690.0075775384903,689.5831892490387,0.7130395174026489
frame_000135.jpg,11,11,710.5035716295242,755.263533949852,0.6877046227455139
frame_000135.jpg,11,12,707.2428452968597,754.7977159023285,0.6528965830802917
frame_000135.jpg,11,13,708.1744813919067,791.5973416566849,0.7478917241096497
frame_000135.jpg,11,14,708.6402994394302,790.1998875141144,0.6523575186729431
frame_000135.jpg,11,15,710.0377535820007,828.3969674110413,0.8166331052780151
frame_000135.jpg,11,16,710.5035716295242,826.0678771734238,0.6765961647033691
frame_000135.jpg,12,0,-10.322842439015716,1036.527667760849,0.7188262343406677
frame_000135.jpg,12,1,-6.135352929433196,1030.2464331388474,0.7930604815483093
frame_000135.jpg,12,2,-8.92701260248819,1028.850603222847,0.5645167827606201
frame_000135.jpg,12,3,16.197924455006927,1033.038092970848,0.871688723564148
frame_000135.jpg,12,4,25.2708183924357,1028.1526882648468,0.578628420829773
frame_000135.jpg,12,5,21.08332888285318,1074.215075492859,0.6489435434341431
frame_000135.jpg,12,6,48.99992561340332,1056.7672015428543,0.6510510444641113
frame_000135.jpg,12,7,3.635455926259368,1097.944184064865,0.4038242697715759
frame_000135.jpg,12,8,43.416606267293275,1118.8816328048706,0.3389832377433777
frame_000135.jpg,12,9,7.822945435841888,1074.215075492859,0.21573171019554138
frame_000135.jpg,12,10,16.89583937327066,1169.829424738884,0.18530401587486267
frame_000135.jpg,12,11,24.572903474171966,1206.1210025548935,0.5099164247512817
frame_000135.jpg,12,12,48.302010695139586,1199.8397679328918,0.46156561374664307
frame_000135.jpg,12,13,29.45830790201822,1269.6312637329102,0.46907633543014526
frame_000135.jpg,12,14,49.697840531667055,1270.3291786909103,0.54524165391922
frame_000135.jpg,12,15,23.17707363764444,1268.93334877491,0.30940237641334534
frame_000135.jpg,12,16,53.18741512298584,1272.422923564911,0.32726502418518066
frame_000135.jpg,13,0,365.1663751602173,513.1416897773743,0.774570107460022
frame_000135.jpg,13,1,363.20593786239624,511.61690521240234,0.5619649291038513
frame_000135.jpg,13,2,366.90898609161377,511.61690521240234,0.6674960255622864
frame_000135.jpg,13,3,360.8098478317261,513.795168876648,0.8134732246398926
frame_000135.jpg,13,4,368.8694233894348,512.9238634109497,0.8182723522186279
frame_000135.jpg,13,5,357.9781050682068,525.9934453964233,0.8030434846878052
frame_000135.jpg,13,6,374.09725618362427,523.5973553657532,0.7747223377227783
frame_000135.jpg,13,7,356.2354941368103,539.063027381897,0.6173997521400452
frame_000135.jpg,13,8,379.10726261138916,534.0530209541321,0.644183337688446
frame_000135.jpg,13,9,360.5920214653015,549.7365193367004,0.3393029570579529
frame_000135.jpg,13,10,383.2459635734558,533.8351945877075,0.557656466960907
frame_000135.jpg,13,11,363.8594169616699,547.7760820388794,0.6712027788162231
frame_000135.jpg,13,12,373.66160345077515,547.3404293060303,0.7197635173797607
frame_000135.jpg,13,13,362.11680603027344,568.9052395820618,0.6247247457504272
frame_000135.jpg,13,14,375.40421438217163,569.1230659484863,0.7840073704719543
frame_000135.jpg,13,15,358.4137578010559,585.8956961631775,0.6205282211303711
frame_000135.jpg,13,16,376.0576934814453,589.8165707588196,0.8623044490814209
frame_000135.jpg,14,0,603.591356754303,739.4486948847771,0.5031998753547668
frame_000135.jpg,14,1,604.4341694513956,735.6560379266739,0.5186681151390076
frame_000135.jpg,14,2,607.8054202397665,736.077444255352,0.39176690578460693
frame_000135.jpg,14,3,607.3840138912201,738.1844758987427,0.5966781377792358
frame_000135.jpg,14,4,614.1265154679617,737.3416632413864,0.47812384366989136
frame_000135.jpg,14,5,607.8054202397665,755.462135374546,0.5976442694664001
frame_000135.jpg,14,6,615.3907345136007,756.3049480319023,0.5197473168373108
frame_000135.jpg,14,7,585.0494774182638,749.5624467730522,0.5940761566162109
frame_000135.jpg,14,8,612.8622964223226,782.8535467386246,0.2938859164714813
frame_000135.jpg,14,9,593.4776043891907,748.719634115696,0.3564462661743164
frame_000135.jpg,14,10,595.5846361319224,750.8266657590866,0.2371113896369934
frame_000135.jpg,14,11,605.6983884970347,811.0877707600594,0.48853638768196106
frame_000135.jpg,14,12,612.4408900737762,810.6663644313812,0.42947447299957275
frame_000135.jpg,14,13,607.3840138912201,852.3855909705162,0.5577079057693481
frame_000135.jpg,14,14,613.2837027708689,851.5427783131599,0.5011577010154724
frame_000135.jpg,14,15,613.7051091194153,889.8907542228699,0.4879496097564697
frame_000135.jpg,14,16,616.6549535592397,887.3623162508011,0.49398568272590637
frame_000135.jpg,15,0,476.3429869413376,791.9772493839264,0.4902571737766266
frame_000135.jpg,15,1,480.28567683696747,786.0632145404816,0.47264447808265686
frame_000135.jpg,15,2,473.63238763809204,787.2953051328659,0.4040681719779968
frame_000135.jpg,15,3,481.5177674293518,822.533096075058,0.33523982763290405
frame_000135.jpg,15,4,452.93326568603516,817.8511518239975,0.19886234402656555
frame_000135.jpg,15,5,502.46330749988556,805.0374096632004,0.16039246320724487
frame_000135.jpg,15,6,510.5951054096222,847.6677441596985,0.1790974885225296
frame_000135.jpg,15,7,470.1825339794159,871.0774654150009,0.15653708577156067
frame_000135.jpg,15,8,525.873028755188,868.3668661117554,0.16500216722488403
frame_000135.jpg,15,9,452.93326568603516,842.0001274347305,0.12898527085781097
frame_000135.jpg,15,10,452.93326568603516,869.5989567041397,0.06920874118804932
frame_000135.jpg,15,11,511.0879416465759,901.6333121061325,0.27511751651763916
frame_000135.jpg,15,12,525.1337743997574,901.6333121061325,0.28949567675590515
frame_000135.jpg,15,13,452.93326568603516,901.6333121061325,0.254946768283844
frame_000135.jpg,15,14,505.66674304008484,901.6333121061325,0.22298309206962585
frame_000135.jpg,15,15,485.4604573249817,901.6333121061325,0.2797016203403473
frame_000135.jpg,15,16,452.93326568603516,901.6333121061325,0.2486637383699417
frame_000135.jpg,16,0,504.7310471534729,781.8556532859802,0.7877250909805298
frame_000135.jpg,16,1,504.9921989440918,778.7218317985535,0.767866849899292
frame_000135.jpg,16,2,503.9475917816162,778.1995282173157,0.6059278249740601
frame_000135.jpg,16,3,504.7310471534729,782.377956867218,0.650907039642334
frame_000135.jpg,16,4,523.2728242874146,781.5945014953613,0.6337924003601074
frame_000135.jpg,16,5,513.6102080345154,802.486644744873,0.5497767329216003
frame_000135.jpg,16,6,525.6231904029846,798.0470643043518,0.5486782193183899
frame_000135.jpg,16,7,509.95408296585083,827.0349130630493,0.33744800090789795
frame_000135.jpg,16,8,527.190101146698,829.1241273880005,0.3220675587654114
frame_000135.jpg,16,9,503.4252882003784,856.8062171936035,0.2220660150051117
frame_000135.jpg,16,10,529.801619052887,854.4558510780334,0.21156896650791168
frame_000135.jpg,16,11,522.7505207061768,853.150092124939,0.4755295515060425
frame_000135.jpg,16,12,529.2793154716492,852.8889403343201,0.5059747695922852
frame_000135.jpg,16,13,515.1771187782288,883.7048516273499,0.3395981192588806
frame_000135.jpg,16,14,527.190101146698,883.7048516273499,0.3801092505455017
frame_000135.jpg,16,15,531.1073780059814,883.7048516273499,0.28448498249053955
frame_000135.jpg,16,16,528.4958600997925,883.7048516273499,0.3115967810153961
frame_000135.jpg,17,0,603.7669995625814,738.5537523031235,0.5603642463684082
frame_000135.jpg,17,1,603.3721923828125,735.0004878640175,0.5345358848571777
frame_000135.jpg,17,2,609.2943000793457,735.7901021838188,0.44364792108535767
frame_000135.jpg,17,3,603.7669995625814,737.3693308234215,0.677098274230957
frame_000135.jpg,17,4,617.5852508544922,737.3693308234215,0.5707120895385742
frame_000135.jpg,17,5,607.7150713602701,754.3460386991501,0.6461473703384399
frame_000135.jpg,17,6,621.533322652181,756.3200744986534,0.5667657256126404
frame_000135.jpg,17,7,584.8162549336752,749.6083527803421,0.5702669024467468
frame_000135.jpg,17,8,641.273681640625,776.850046813488,0.47557947039604187
frame_000135.jpg,17,9,590.3435554504395,748.4239313006401,0.3702314496040344
frame_000135.jpg,17,10,627.850237528483,792.6423332095146,0.2676273286342621
frame_000135.jpg,17,11,604.9514211018881,809.6190410852432,0.5294239521026611
frame_000135.jpg,17,12,615.2164077758789,809.2242339253426,0.4601634740829468
frame_000135.jpg,17,13,606.5306498209635,848.7049499154091,0.5782715678215027
frame_000135.jpg,17,14,614.0319862365723,847.5205284357071,0.5019042491912842
frame_000135.jpg,17,15,612.0579503377279,885.8168229460716,0.5154972672462463
frame_000135.jpg,17,16,617.5852508544922,883.053172826767,0.48326224088668823
frame_000135.jpg,18,0,447.88522148132324,833.5806400179863,0.5402896404266357
frame_000135.jpg,18,1,447.74999552965164,829.3886355161667,0.5765926241874695
frame_000135.jpg,18,2,447.47954362630844,826.5488905310631,0.3569815754890442
frame_000135.jpg,18,3,450.31928861141205,831.1465728878975,0.5628554224967957
frame_000135.jpg,18,4,471.4145370721817,825.6023088693619,0.5259474515914917
frame_000135.jpg,18,5,453.69993740320206,855.352018237114,0.48968636989593506
frame_000135.jpg,18,6,477.3644789457321,848.9963985085487,0.4506605565547943
frame_000135.jpg,18,7,448.29089933633804,869.0098393559456,0.28799349069595337
frame_000135.jpg,18,8,452.48290383815765,869.0098393559456,0.25568220019340515
frame_000135.jpg,18,9,434.9035301208496,869.0098393559456,0.23300811648368835
frame_000135.jpg,18,10,434.9035301208496,869.0098393559456,0.23293685913085938
frame_000135.jpg,18,11,459.24420142173767,869.0098393559456,0.1822555810213089
frame_000135.jpg,18,12,465.7350471019745,869.0098393559456,0.18346022069454193
frame_000135.jpg,18,13,456.26923048496246,869.0098393559456,0.2784447968006134
frame_000135.jpg,18,14,457.62149000167847,869.0098393559456,0.2191704511642456
frame_000135.jpg,18,15,456.94536024332047,869.0098393559456,0.25098782777786255
frame_000135.jpg,18,16,466.0054990053177,869.0098393559456,0.25165796279907227
frame_000135.jpg,19,0,478.47709918022156,791.4958245754242,0.7188459634780884
frame_000135.jpg,19,1,482.22352290153503,787.5152493715286,0.7311134338378906
frame_000135.jpg,19,2,476.3697358369827,787.7494008541107,0.6604708433151245
frame_000135.jpg,19,3,495.3360059261322,785.4078860282898,0.6192936301231384
frame_000135.jpg,19,4,475.19897842407227,785.1737345457077,0.24313649535179138
frame_000135.jpg,19,5,500.7214900255203,804.6083076000214,0.4522842764854431
frame_000135.jpg,19,6,506.8094285726547,802.0326412916183,0.31699642539024353
frame_000135.jpg,19,7,471.920857667923,805.3107620477676,0.3851850926876068
frame_000135.jpg,19,8,469.57934284210205,830.3649706840515,0.17034019529819489
frame_000135.jpg,19,9,452.7204360961914,809.2913372516632,0.20907405018806458
frame_000135.jpg,19,10,452.7204360961914,830.8332736492157,0.13231542706489563
frame_000135.jpg,19,11,515.23888194561,872.278086066246,0.41525739431381226
frame_000135.jpg,19,12,511.96076118946075,872.278086066246,0.33756664395332336
frame_000135.jpg,19,13,452.7204360961914,872.278086066246,0.3275010585784912
frame_000135.jpg,19,14,452.7204360961914,872.278086066246,0.30934879183769226
frame_000135.jpg,19,15,452.7204360961914,872.278086066246,0.24769920110702515
frame_000135.jpg,19,16,452.7204360961914,872.278086066246,0.2565271854400635
frame_000135.jpg,20,0,608.0759347279867,736.5766835212708,0.3404909074306488
frame_000135.jpg,20,1,550.9398187796274,735.3435298800468,0.343208372592926
frame_000135.jpg,20,2,609.720139503479,733.2882738113403,0.33517464995384216
frame_000135.jpg,20,3,606.0206787586212,738.6319395899773,0.4632353186607361
frame_000135.jpg,20,4,613.0085490544637,736.987734735012,0.3694784343242645
frame_000135.jpg,20,5,608.0759347279867,755.4850393533707,0.5025534629821777
frame_000135.jpg,20,6,613.0085490544637,755.896090567112,0.41717958450317383
frame_000135.jpg,20,7,584.6460166772207,749.3192711472511,0.41324594616889954
frame_000135.jpg,20,8,576.0139416058859,783.0254706740379,0.22090643644332886
frame_000135.jpg,20,9,588.7565286159515,743.9756053686142,0.2350311577320099
frame_000135.jpg,20,10,561.6271498203278,772.7491903305054,0.17448240518569946
frame_000135.jpg,20,11,601.4991156260172,810.1548507809639,0.35357099771499634
frame_000135.jpg,20,12,604.3764739831289,808.92169713974,0.3158692419528961
frame_000135.jpg,20,13,606.8427811463674,851.2599721550941,0.3591209650039673
frame_000135.jpg,20,14,606.4317299524943,851.2599721550941,0.3393133878707886
frame_000135.jpg,20,15,614.652753829956,892.7761447429657,0.3634679317474365
frame_000135.jpg,20,16,613.8306514422098,891.9540423154831,0.34474021196365356
frame_000140.jpg,0,0,503.7814642588298,846.7637196779251,0.718152642250061
frame_000140.jpg,0,1,491.5512523651123,842.4831456542015,0.47455036640167236
frame_000140.jpg,0,2,513.5656337738037,844.9291879534721,0.5933471918106079
frame_000140.jpg,0,3,489.1052099863689,846.7637196779251,0.8273049592971802
frame_000140.jpg,0,4,511.7311019897461,850.432783126831,0.8115798234939575
frame_000140.jpg,0,5,471.9829133351644,870.6126320958138,0.7961670160293579
frame_000140.jpg,0,6,519.6807397206624,876.7277378439903,0.8315325975418091
frame_000140.jpg,0,7,436.5152988433838,876.7277378439903,0.8130506277084351
frame_000140.jpg,0,8,526.407356262207,916.4759252071381,0.7155262231826782
frame_000140.jpg,0,9,423.06206576029456,858.3824205994606,0.7675600051879883
frame_000140.jpg,0,10,524.5728244781494,942.7708799242973,0.47065725922584534
frame_000140.jpg,0,11,477.4865086873373,942.1593693494797,0.7007260918617249
frame_000140.jpg,0,12,506.83901723225904,942.7708799242973,0.722713828086853
frame_000140.jpg,0,13,473.81744511922204,999.6413633823395,0.811949610710144
frame_000140.jpg,0,14,500.1124006907146,998.4183422327042,0.7854782342910767
frame_000140.jpg,0,15,471.3714027404785,1055.900336265564,0.8849446773529053
frame_000140.jpg,0,16,500.7239112854004,1049.1737199425697,0.8241204619407654
frame_000140.jpg,1,0,642.1292588114738,576.7045421004295,0.728547215461731
frame_000140.jpg,1,1,640.192097723484,574.7673810124397,0.4755866527557373
frame_000140.jpg,1,2,642.7749791741371,574.7673810124397,0.6157894730567932
frame_000140.jpg,1,3,636.6406357288361,578.6417031884193,0.7874320149421692
frame_000140.jpg,1,4,647.6178818941116,578.6417031884193,0.7864384651184082
frame_000140.jpg,1,5,631.4748728275299,593.8161317110062,0.826777994632721
frame_000140.jpg,1,6,655.6893864274025,593.8161317110062,0.8090709447860718
frame_000140.jpg,1,7,633.4120339155197,608.0219796895981,0.7710857391357422
frame_000140.jpg,1,8,665.6980520486832,609.3134204149246,0.7928946018218994
frame_000140.jpg,1,9,621.1433470249176,618.0306453108788,0.7791067361831665
frame_000140.jpg,1,10,657.9494076967239,604.7933778762817,0.5709975957870483
frame_000140.jpg,1,11,635.9949153661728,629.330751657486,0.716445803642273
frame_000140.jpg,1,12,648.2636022567749,629.330751657486,0.7147691249847412
frame_000140.jpg,1,13,639.8692375421524,653.2224050760269,0.7216038107872009
frame_000140.jpg,1,14,647.9407420754433,656.7738670706749,0.7583537697792053
frame_000140.jpg,1,15,640.8378180861473,677.7597788572311,0.6368911266326904
frame_000140.jpg,1,16,642.4521189928055,674.2083168625832,0.7683512568473816
frame_000140.jpg,2,0,593.0364520549774,911.1905854940414,0.830338716506958
frame_000140.jpg,2,1,596.105584025383,908.1214535236359,0.7726306319236755
frame_000140.jpg,2,2,594.2641048431396,908.735279917717,0.7370152473449707
frame_000140.jpg,2,3,604.0853271484375,910.5767590999603,0.788684606552124
frame_000140.jpg,2,4,598.5608896017075,910.5767590999603,0.5677873492240906
frame_000140.jpg,2,5,621.2724661827087,938.8127732276917,0.7423239946365356
frame_000140.jpg,2,6,597.3332368135452,936.9712940454483,0.7238229513168335
frame_000140.jpg,2,7,636.0042996406555,978.097662448883,0.7534760236740112
frame_000140.jpg,2,8,592.4226256608963,972.573224902153,0.5972305536270142
frame_000140.jpg,2,9,608.3821119070053,998.967759847641,0.7156531810760498
frame_000140.jpg,2,10,581.9875769615173,991.6018431186676,0.5637314319610596
frame_000140.jpg,2,11,611.4512438774109,1008.1751557588577,0.6107369661331177
frame_000140.jpg,2,12,589.9673200845718,1002.6507182121277,0.6056534051895142
frame_000140.jpg,2,13,613.2927230596542,1060.3503992557526,0.7407342195510864
frame_000140.jpg,2,14,577.0769658088684,1053.5983089208603,0.7114970684051514
frame_000140.jpg,2,15,614.5203758478165,1113.7532955408096,0.7532840967178345
frame_000140.jpg,2,16,590.581146478653,1105.159726023674,0.7713347673416138
frame_000140.jpg,3,0,75.02406167984009,562.6319937705994,0.6827311515808105
frame_000140.jpg,3,1,74.75785541534424,561.567168712616,0.42439550161361694
frame_000140.jpg,3,2,78.21853685379028,561.8333749771118,0.6426817774772644
frame_000140.jpg,3,3,69.1675238609314,563.4306125640869,0.817790687084198
frame_000140.jpg,3,4,79.28336191177368,564.2292313575745,0.8517300486564636
frame_000140.jpg,3,5,61.97995471954346,576.2085132598877,0.8579136729240417
frame_000140.jpg,3,6,82.47783708572388,577.8057508468628,0.7787197232246399
frame_000140.jpg,3,7,55.32479810714722,593.5119204521179,0.8574680089950562
frame_000140.jpg,3,8,91.79505634307861,592.9795079231262,0.7037416696548462
frame_000140.jpg,3,9,63.310986042022705,601.7643146514893,0.6656762957572937
frame_000140.jpg,3,10,102.9757194519043,593.5119204521179,0.6601413488388062
frame_000140.jpg,3,11,68.6351113319397,606.8222336769104,0.7150861024856567
frame_000140.jpg,3,12,79.81577444076538,605.4912023544312,0.713338315486908
frame_000140.jpg,3,13,68.6351113319397,634.5076851844788,0.7001523375511169
frame_000140.jpg,3,14,88.33437490463257,625.7228784561157,0.7859888076782227
frame_000140.jpg,3,15,62.778573513031006,627.5863223075867,0.6465160846710205
frame_000140.jpg,3,16,89.93161249160767,651.0124735832214,0.8198763728141785
frame_000140.jpg,4,0,318.3610019683838,882.5621386766434,0.5788813829421997
frame_000140.jpg,4,1,317.6512387593587,881.1426123380661,0.5388545393943787
frame_000140.jpg,4,2,320.490291595459,879.7230859994888,0.5115620493888855
frame_000140.jpg,4,3,315.5219491322835,883.9816650152206,0.6620838642120361
frame_000140.jpg,4,4,333.26602935791016,881.1426123380661,0.5922919511795044
frame_000140.jpg,4,5,319.0707651774089,908.8233759403229,0.6568633317947388
frame_000140.jpg,4,6,348.1710567474365,905.9843232631683,0.6421772837638855
frame_000140.jpg,4,7,282.16307830810547,920.179586648941,0.687215268611908
frame_000140.jpg,4,8,338.9441350301107,932.2455605268478,0.3746122121810913
frame_000140.jpg,4,9,299.19739532470703,913.7917181253433,0.4676656126976013
frame_000140.jpg,4,10,313.3926595052083,915.2112444639206,0.3391497731208801
frame_000140.jpg,4,11,333.9757925669352,997.5437721014023,0.5390416979789734
frame_000140.jpg,4,12,351.7198727925619,994.7047194242477,0.5187832117080688
frame_000140.jpg,4,13,337.52460861206055,1064.261510014534,0.6275264024734497
frame_000140.jpg,4,14,344.62224070231116,1060.7126941680908,0.5768431425094604
frame_000140.jpg,4,15,339.65389823913574,1128.1401952505112,0.6886110305786133
frame_000140.jpg,4,16,347.4612935384115,1121.0425635576248,0.6413000822067261
frame_000140.jpg,5,0,577.1925302743912,505.55946666002274,0.8400380611419678
frame_000140.jpg,5,1,576.0255592465401,503.69231301546097,0.5245534777641296
frame_000140.jpg,5,2,578.1261070966721,504.39249563217163,0.7162548303604126
frame_000140.jpg,5,3,573.9250113964081,505.79286086559296,0.8358569145202637
frame_000140.jpg,5,4,581.6270201802254,506.2596492767334,0.8867970705032349
frame_000140.jpg,5,5,569.0237330794334,516.7623885273933,0.8036354780197144
frame_000140.jpg,5,6,585.8281158804893,517.2291769385338,0.7681784629821777
frame_000140.jpg,5,7,565.2894257903099,530.2992524504662,0.7843531370162964
frame_000140.jpg,5,8,590.729394197464,527.4985219836235,0.7810970544815063
frame_000140.jpg,5,9,571.1242809295654,526.3315509557724,0.5236243605613708
frame_000140.jpg,5,10,585.1279332637787,531.4662234783173,0.5778586864471436
frame_000140.jpg,5,11,574.858588218689,541.0353859066963,0.727326512336731
frame_000140.jpg,5,12,583.2607796192169,540.8019917011261,0.7320030927658081
frame_000140.jpg,5,13,576.959136068821,563.908018052578,0.7501274347305298
frame_000140.jpg,5,14,581.8604143857956,555.7392208576202,0.7130246162414551
frame_000140.jpg,5,15,580.4600491523743,583.7465255260468,0.7740933895111084
frame_000140.jpg,5,16,582.5605970025063,568.109113752842,0.6517382860183716
frame_000140.jpg,6,0,150.9072608947754,548.4032287597656,0.7680950164794922
frame_000140.jpg,6,1,149.2878360748291,545.7041873931885,0.5381175875663757
frame_000140.jpg,6,2,150.9072608947754,545.9740915298462,0.7275809645652771
frame_000140.jpg,6,3,143.34994506835938,549.2129411697388,0.7805749177932739
frame_000140.jpg,6,4,151.1771650314331,548.6731328964233,0.782461404800415
frame_000140.jpg,6,5,139.57128715515137,562.9780521392822,0.8614717721939087
frame_000140.jpg,6,6,153.33639812469482,562.9780521392822,0.7624917030334473
frame_000140.jpg,6,7,139.84119129180908,577.5528755187988,0.7045705318450928
frame_000140.jpg,6,8,151.1771650314331,576.473258972168,0.6803314685821533
frame_000140.jpg,6,9,148.47812366485596,574.3140258789062,0.5344302654266357
frame_000140.jpg,6,10,159.54419326782227,575.9334506988525,0.6719198822975159
frame_000140.jpg,6,11,144.96936988830566,591.8577947616577,0.7302608489990234
frame_000140.jpg,6,12,155.22572708129883,591.587890625,0.7324211001396179
frame_000140.jpg,6,13,144.15965747833252,612.9103174209595,0.7716464400291443
frame_000140.jpg,6,14,158.73448085784912,609.9413719177246,0.778499960899353
frame_000140.jpg,6,15,143.08004093170166,633.4230318069458,0.8181635141372681
frame_000140.jpg,6,16,157.92476844787598,631.8036069869995,0.821831226348877
frame_000140.jpg,7,0,440.7585084438324,494.806357383728,0.7279205918312073
frame_000140.jpg,7,1,438.9144778251648,493.5155359506607,0.4625610113143921
frame_000140.jpg,7,2,443.34015130996704,493.5155359506607,0.549719512462616
frame_000140.jpg,7,3,437.6236563920975,495.72837269306183,0.759865403175354
frame_000140.jpg,7,4,444.9997788667679,495.3595665693283,0.7764776945114136
frame_000140.jpg,7,5,434.6732074022293,504.94852578639984,0.7856096029281616
frame_000140.jpg,7,6,447.5814217329025,505.1329288482666,0.7336931228637695
frame_000140.jpg,7,7,433.56678903102875,516.9347248077393,0.5924888849258423
frame_000140.jpg,7,8,451.822692155838,515.4595003128052,0.6496813297271729
frame_000140.jpg,7,9,436.33283495903015,520.6227860450745,0.31034111976623535
frame_000140.jpg,7,10,452.7447074651718,518.5943523645401,0.5472774505615234
frame_000140.jpg,7,11,436.7016410827637,526.8924901485443,0.6939440965652466
frame_000140.jpg,7,12,444.9997788667679,527.6301023960114,0.6755143404006958
frame_000140.jpg,7,13,436.7016410827637,543.8575718402863,0.6999993920326233
frame_000140.jpg,7,14,442.9713451862335,544.5951840877533,0.7158063650131226
frame_000140.jpg,7,15,439.8364931344986,550.8648881912231,0.5545374155044556
frame_000140.jpg,7,16,442.2337329387665,561.007056593895,0.66879802942276
frame_000140.jpg,8,0,-9.5865478515625,1036.507344007492,0.7067323923110962
frame_000140.jpg,8,1,-6.083371480305999,1029.5009908676147,0.7876145839691162
frame_000140.jpg,8,2,-8.885912577311188,1028.800355553627,0.553260862827301
frame_000140.jpg,8,3,15.636322021484375,1031.602896809578,0.8576592803001404
frame_000140.jpg,8,4,25.445215861002595,1026.6984496116638,0.5862749218940735
frame_000140.jpg,8,5,20.5407689412435,1073.6410156488419,0.6539080142974854
frame_000140.jpg,8,6,48.56617991129559,1056.8257681131363,0.6504651308059692
frame_000140.jpg,8,7,3.725522359212249,1098.8638869524002,0.4011053740978241
frame_000140.jpg,8,8,43.66173299153644,1118.4816757440567,0.3457377851009369
frame_000140.jpg,8,9,8.629969278971345,1075.0422862768173,0.20828849077224731
frame_000140.jpg,8,10,17.03759256998697,1163.3223358392715,0.19123829901218414
frame_000140.jpg,8,11,24.74458058675131,1202.5579134225845,0.5098379850387573
frame_000140.jpg,8,12,47.86554463704425,1197.6534662246704,0.4629882276058197
frame_000140.jpg,8,13,29.649027506510407,1269.8189035654068,0.48130548000335693
frame_000140.jpg,8,14,47.86554463704425,1269.8189035654068,0.5346524715423584
frame_000140.jpg,8,15,24.0439453125,1269.8189035654068,0.3154701590538025
frame_000140.jpg,8,16,53.47062683105469,1273.3220801353455,0.3250579535961151
frame_000140.jpg,9,0,351.34080696105957,521.9266489744186,0.7203276753425598
frame_000140.jpg,9,1,348.84223210811615,520.7909331321716,0.46685928106307983
frame_000140.jpg,9,2,352.703665971756,520.7909331321716,0.5944730043411255
frame_000140.jpg,9,3,347.70651626586914,522.3809353113174,0.7695876359939575
frame_000140.jpg,9,4,355.6565271615982,521.9266489744186,0.7846643328666687
frame_000140.jpg,9,5,345.6622277498245,532.6023778915405,0.7929213047027588
frame_000140.jpg,9,6,360.88082003593445,532.1480915546417,0.7666394710540771
frame_000140.jpg,9,7,342.7093665599823,543.050963640213,0.6605645418167114
frame_000140.jpg,9,8,366.3322560787201,543.9595363140106,0.7053987979888916
frame_000140.jpg,9,9,340.8922212123871,546.9123975038528,0.5031955242156982
frame_000140.jpg,9,10,362.47082221508026,548.7295428514481,0.4505649507045746
frame_000140.jpg,9,11,349.75080478191376,556.9066969156265,0.6788719892501831
frame_000140.jpg,9,12,358.60938835144043,556.4524105787277,0.6698094606399536
frame_000140.jpg,9,13,351.7950932979584,575.3052935600281,0.7300447225570679
frame_000140.jpg,9,14,358.1551020145416,575.7595798969269,0.7185379266738892
frame_000140.jpg,9,15,353.6122386455536,594.3853197097778,0.7717667818069458
frame_000140.jpg,9,16,357.7008156776428,594.3853197097778,0.7490694522857666
frame_000140.jpg,10,0,530.6124188899994,933.7818270921707,0.9112404584884644
frame_000140.jpg,10,1,534.8861889044443,930.0422784686089,0.8886083364486694
frame_000140.jpg,10,2,531.6808613936106,929.5080572366714,0.825840950012207
frame_000140.jpg,10,3,546.6390564441681,934.3160483241081,0.9000866413116455
frame_000140.jpg,10,4,547.7074989477793,933.2476058602333,0.6182574033737183
frame_000140.jpg,10,5,560.5288089911143,961.561331152916,0.7817797660827637
frame_000140.jpg,10,6,530.6124188899994,951.9453489780426,0.8265080451965332
frame_000140.jpg,10,7,565.8710215091705,993.080383837223,0.8176971673965454
frame_000140.jpg,10,8,524.2017638683319,981.8617379665375,0.7053366303443909
frame_000140.jpg,10,9,555.1865964730581,1016.586118042469,0.7881237864494324
frame_000140.jpg,10,10,517.2568875948588,1005.9016934037209,0.6634703278541565
frame_000140.jpg,10,11,546.6390564441681,1021.3941091299057,0.6794178485870361
frame_000140.jpg,10,12,529.0097551345825,1018.7230029702187,0.6645129919052124
frame_000140.jpg,10,13,544.5021714369456,1060.926480293274,0.802571177482605
frame_000140.jpg,10,14,521.5306576093038,1056.6527104377747,0.7570223808288574
frame_000140.jpg,10,15,541.2968439261118,1104.7326213121414,0.8730646371841431
frame_000140.jpg,10,16,538.6257376670837,1079.0900021791458,0.7499767541885376
frame_000140.jpg,11,0,544.1680488586426,770.7002716064453,0.6884052753448486
frame_000140.jpg,11,1,545.8874855041504,766.8315391540527,0.6415848731994629
frame_000140.jpg,11,2,546.3173446655273,766.8315391540527,0.6105432510375977
frame_000140.jpg,11,3,549.326358795166,767.6912574768066,0.7419624328613281
frame_000140.jpg,11,4,558.353401184082,765.9718208312988,0.6066453456878662
frame_000140.jpg,11,5,560.9325561523438,791.763370513916,0.6943202018737793
frame_000140.jpg,11,6,559.2131195068359,787.0349197387695,0.5700364708900452
frame_000140.jpg,11,7,563.9415702819824,822.2833709716797,0.7002419233322144
frame_000140.jpg,11,8,558.783260345459,814.1160469055176,0.44363486766815186
frame_000140.jpg,11,9,541.5888938903809,822.2833709716797,0.6992464065551758
frame_000140.jpg,11,10,542.0187530517578,820.1340751647949,0.35586515069007874
frame_000140.jpg,11,11,560.5026969909668,845.9256248474121,0.5547586679458618
frame_000140.jpg,11,12,550.6159362792969,842.4867515563965,0.4488827586174011
frame_000140.jpg,11,13,561.3624153137207,888.4816818237305,0.5763676166534424
frame_000140.jpg,11,14,552.7652320861816,887.1921043395996,0.5175694227218628
frame_000140.jpg,11,15,563.9415702819824,928.4585838317871,0.5580997467041016
frame_000140.jpg,11,16,561.3624153137207,924.1599922180176,0.5250985622406006
frame_000140.jpg,12,0,368.71202278137207,503.9800293445587,0.7255460619926453
frame_000140.jpg,12,1,366.9438581466675,502.4328852891922,0.5229037404060364
frame_000140.jpg,12,2,370.9222285747528,502.87492644786835,0.5751591920852661
frame_000140.jpg,12,3,366.50181698799133,504.2010499238968,0.7917232513427734
frame_000140.jpg,12,4,374.458557844162,504.42207050323486,0.8374595046043396
frame_000140.jpg,12,5,364.9546729326248,515.6941200494766,0.7361830472946167
frame_000140.jpg,12,6,377.99488711357117,515.2520788908005,0.7605935335159302
frame_000140.jpg,12,7,362.96548771858215,528.955354809761,0.6312546730041504
frame_000140.jpg,12,8,381.9732575416565,528.5133136510849,0.7094131708145142
frame_000140.jpg,12,9,362.30242598056793,539.1223014593124,0.3818974494934082
frame_000140.jpg,12,10,377.552845954895,529.3973959684372,0.39533111453056335
frame_000140.jpg,12,11,367.16487872600555,539.1223014593124,0.627936840057373
frame_000140.jpg,12,12,375.3426401615143,538.6802603006363,0.6922491192817688
frame_000140.jpg,12,13,368.2699816226959,558.793133020401,0.6602171063423157
frame_000140.jpg,12,14,375.1216195821762,558.1300712823868,0.7403116226196289
frame_000140.jpg,12,15,372.24835205078125,576.695799946785,0.6814136505126953
frame_000140.jpg,12,16,375.56366074085236,577.1378411054611,0.7320150136947632
frame_000140.jpg,13,0,703.9783717791239,673.5951466560364,0.8597759008407593
frame_000140.jpg,13,1,705.8313120206197,670.8157361745834,0.7914987802505493
frame_000140.jpg,13,2,704.4416068394979,670.3525010943413,0.7170780897140503
frame_000140.jpg,13,3,710.4636626243591,672.6686764955521,0.8329793810844421
frame_000140.jpg,13,4,714.1695431073507,671.2789712548256,0.606176495552063
frame_000140.jpg,13,5,715.5592482884725,694.9039603471756,0.8144598007202148
frame_000140.jpg,13,6,710.926897684733,690.271609544754,0.7698960900306702
frame_000140.jpg,13,7,715.0960132280985,724.0877704024315,0.7777326107025146
frame_000140.jpg,13,8,700.7357263565063,691.6613147854805,0.6553652882575989
frame_000140.jpg,13,9,710.4636626243591,750.9554050564766,0.7313623428344727
frame_000140.jpg,13,10,689.1548498471578,689.3451393842697,0.7709964513778687
frame_000140.jpg,13,11,710.4636626243591,753.7348155379295,0.691024661064148
frame_000140.jpg,13,12,705.8313120206197,753.2715804576874,0.6571106910705566
frame_000140.jpg,13,13,707.6842522621155,791.2568570375443,0.747411847114563
frame_000140.jpg,13,14,707.2210172017416,789.4039167165756,0.6405021548271179
frame_000140.jpg,13,15,710.0004275639852,827.3891932964325,0.8237683773040771
frame_000140.jpg,13,16,710.4636626243591,824.6097828149796,0.6687527298927307
frame_000140.jpg,14,0,503.0070037841797,782.0197448730469,0.6801432371139526
frame_000140.jpg,14,1,503.29886627197266,778.8092575073242,0.6772538423538208
frame_000140.jpg,14,2,501.54769134521484,779.1011199951172,0.47013479471206665
frame_000140.jpg,14,3,503.8825912475586,780.852294921875,0.6530693769454956
frame_000140.jpg,14,4,521.9780654907227,780.560432434082,0.6178585290908813
frame_000140.jpg,14,5,510.88729095458984,802.7419815063477,0.5200284719467163
frame_000140.jpg,14,6,526.3560028076172,797.7803192138672,0.5426313877105713
frame_000140.jpg,14,7,507.6768035888672,828.1340179443359,0.31175997853279114
frame_000140.jpg,14,8,529.2746276855469,828.1340179443359,0.31091028451919556
frame_000140.jpg,14,9,500.67210388183594,856.4446792602539,0.20366482436656952
frame_000140.jpg,14,10,531.0258026123047,856.1528167724609,0.1925254762172699
frame_000140.jpg,14,11,518.767578125,852.0667419433594,0.47549471259117126
frame_000140.jpg,14,12,528.6909027099609,850.6074295043945,0.48829418420791626
frame_000140.jpg,14,13,517.8919906616211,897.3054275512695,0.39631640911102295
frame_000140.jpg,14,14,529.5664901733398,886.2146530151367,0.45198512077331543
frame_000140.jpg,14,15,527.5234527587891,897.3054275512695,0.3209646940231323
frame_000140.jpg,14,16,530.4420776367188,897.3054275512695,0.3880453109741211
frame_000140.jpg,15,0,603.2255221207937,738.910906791687,0.5185855031013489
frame_000140.jpg,15,1,603.6490664482117,735.099007666111,0.5279325246810913
frame_000140.jpg,15,2,607.0374210675558,735.5225520133972,0.39976805448532104
frame_000140.jpg,15,3,606.6138767401377,738.0638180971146,0.6088783740997314
frame_000140.jpg,15,4,613.8141303062439,736.7931850552559,0.5099299550056458
frame_000140.jpg,15,5,607.4609653949738,755.0055919885635,0.6240578293800354
frame_000140.jpg,15,6,616.7789405981699,755.852680683136,0.5465420484542847
frame_000140.jpg,15,7,584.5895717144012,748.228882431984,0.6234070062637329
frame_000140.jpg,15,8,612.9670416514078,781.6888858675957,0.32083451747894287
frame_000140.jpg,15,9,592.6369139353434,746.9582493901253,0.4041156768798828
frame_000140.jpg,15,10,596.8723572095236,749.4995154738426,0.26587480306625366
frame_000140.jpg,15,11,605.7667880853018,810.0663571357727,0.5138808488845825
frame_000140.jpg,15,12,613.8141303062439,809.6428127884865,0.46068838238716125
frame_000140.jpg,15,13,607.4609653949738,849.8795257806778,0.6021746397018433
frame_000140.jpg,15,14,613.8141303062439,849.0324370861053,0.5593308210372925
frame_000140.jpg,15,15,613.8141303062439,885.4572509527206,0.5616892576217651
frame_000140.jpg,15,16,617.202484925588,883.7630735635757,0.571764349937439
frame_000140.jpg,16,0,471.63863414525986,815.3464135527611,0.5667492151260376
frame_000140.jpg,16,1,472.73059540987015,812.7985039353371,0.5507495403289795
frame_000140.jpg,16,2,471.2746470570564,812.0705297589302,0.4851793646812439
frame_000140.jpg,16,3,476.7344533801079,817.7123296260834,0.5093907117843628
frame_000140.jpg,16,4,492.5678917169571,817.34834253788,0.2405642718076706
frame_000140.jpg,16,5,497.4817174077034,833.5457679629326,0.18703967332839966
frame_000140.jpg,16,6,467.2707890868187,832.0898196101189,0.19615434110164642
frame_000140.jpg,16,7,505.12544625997543,876.4962443709373,0.1645846664905548
frame_000140.jpg,16,8,452.8932991027832,852.8370836377144,0.15068966150283813
frame_000140.jpg,16,9,477.82641464471817,851.3811352849007,0.13997885584831238
frame_000140.jpg,16,10,452.8932991027832,876.4962443709373,0.16612492501735687
frame_000140.jpg,16,11,491.6579239964485,876.4962443709373,0.28927162289619446
frame_000140.jpg,16,12,477.0984404683113,876.4962443709373,0.2629369795322418
frame_000140.jpg,16,13,452.8932991027832,876.4962443709373,0.23501315712928772
frame_000140.jpg,16,14,452.8932991027832,876.4962443709373,0.26882660388946533
frame_000140.jpg,16,15,498.9376657605171,876.4962443709373,0.25445616245269775
frame_000140.jpg,16,16,452.8932991027832,876.4962443709373,0.2968754470348358
frame_000140.jpg,17,0,602.7611897786459,737.3888175487518,0.5671737790107727
frame_000140.jpg,17,1,603.1659342447916,733.3413730859756,0.5422396659851074
frame_000140.jpg,17,2,612.0703125,734.5556064248085,0.46109920740127563
frame_000140.jpg,17,3,604.3801676432291,736.174584209919,0.6876662969589233
frame_000140.jpg,17,4,616.1177571614584,736.174584209919,0.5990650653839111
frame_000140.jpg,17,5,607.6181233723959,753.173850953579,0.6550018787384033
frame_000140.jpg,17,6,618.9509684244791,753.9833398461342,0.5769354701042175
frame_000140.jpg,17,7,584.5476888020834,749.1264064908028,0.5949903726577759
frame_000140.jpg,17,8,637.9739583333334,774.2205621600151,0.3318066895008087
frame_000140.jpg,17,9,588.5951334635416,747.9121731519699,0.4104771614074707
frame_000140.jpg,17,10,614.9035237630209,789.196106672287,0.2452918291091919
frame_000140.jpg,17,11,605.1896565755209,807.8143512010574,0.5514837503433228
frame_000140.jpg,17,12,614.0940348307291,807.4096067547798,0.5059118866920471
frame_000140.jpg,17,13,606.4038899739584,847.479306936264,0.6316730976104736
frame_000140.jpg,17,14,614.498779296875,846.2650735974312,0.5768582820892334
frame_000140.jpg,17,15,612.8798014322916,883.5015626549721,0.5911118388175964
frame_000140.jpg,17,16,617.7367350260416,881.8825848698616,0.5700088739395142
frame_000140.jpg,18,0,478.64783906936646,790.8200224041939,0.6085790395736694
frame_000140.jpg,18,1,482.9131912589073,787.056476354599,0.5835316181182861
frame_000140.jpg,18,2,476.8915175795555,787.307379424572,0.48799359798431396
frame_000140.jpg,18,3,496.2110539674759,784.0456395149231,0.46239107847213745
frame_000140.jpg,18,4,473.6297776699066,785.801961004734,0.17040646076202393
frame_000140.jpg,18,5,506.74898290634155,806.8778188824654,0.3295232951641083
frame_000140.jpg,18,6,512.5197535157204,805.6233035326004,0.23796120285987854
frame_000140.jpg,18,7,520.0468456149101,835.7316719293594,0.2998231053352356
frame_000140.jpg,18,8,521.0504578948021,834.4771565794945,0.30255186557769775
frame_000140.jpg,18,9,477.3933237195015,856.3057236671448,0.17368397116661072
frame_000140.jpg,18,10,531.5883868336678,856.0548205971718,0.22136378288269043
frame_000140.jpg,18,11,501.22911536693573,862.3273973464966,0.2993488907814026
frame_000140.jpg,18,12,492.698410987854,863.0801065564156,0.26715826988220215
frame_000140.jpg,18,13,498.9709877371788,882.148739874363,0.25535815954208374
frame_000140.jpg,18,14,496.7128601074219,882.148739874363,0.22663703560829163
frame_000140.jpg,18,15,448.5394706726074,882.148739874363,0.21958108246326447
frame_000140.jpg,18,16,448.5394706726074,882.148739874363,0.20981739461421967
frame_000140.jpg,19,0,448.06379294395447,828.9689269065857,0.4865456819534302
frame_000140.jpg,19,1,447.31889283657074,824.9464663267136,0.5605823397636414
frame_000140.jpg,19,2,447.31889283657074,823.3076860904694,0.3291816711425781
frame_000140.jpg,19,3,449.8515532016754,827.7770867347717,0.5930014252662659
frame_000140.jpg,19,4,469.0699759721756,825.244426369667,0.569790780544281
frame_000140.jpg,19,5,456.55565416812897,851.3159301280975,0.4274776875972748
frame_000140.jpg,19,6,473.3903965950012,845.0587692260742,0.43156319856643677
frame_000140.jpg,19,7,447.9148129224777,873.5139533281326,0.37951919436454773
frame_000140.jpg,19,8,470.26181614398956,873.5139533281326,0.2668039798736572
frame_000140.jpg,19,9,431.08007049560547,873.5139533281326,0.2980044186115265
frame_000140.jpg,19,10,455.6617740392685,873.5139533281326,0.19650200009346008
frame_000140.jpg,19,11,455.959734082222,873.5139533281326,0.23397734761238098
frame_000140.jpg,19,12,465.4944554567337,873.5139533281326,0.2440626323223114
frame_000140.jpg,19,13,431.08007049560547,873.5139533281326,0.3267122805118561
frame_000140.jpg,19,14,431.08007049560547,873.5139533281326,0.24042212963104248
frame_000140.jpg,19,15,431.08007049560547,873.5139533281326,0.2371523082256317
frame_000140.jpg,19,16,431.08007049560547,873.5139533281326,0.2175583839416504
frame_000140.jpg,20,0,451.8374158143997,825.7250462770462,0.7343897819519043
frame_000140.jpg,20,1,451.3512558937073,824.2665665149689,0.5798892974853516
frame_000140.jpg,20,2,452.8097356557846,823.294246673584,0.48429498076438904
frame_000140.jpg,20,3,449.89277613162994,827.669685959816,0.7412488460540771
frame_000140.jpg,20,4,467.88069319725037,824.7527264356613,0.6655483245849609
frame_000140.jpg,20,5,455.2405352592468,851.9776819944382,0.7155989408493042
frame_000140.jpg,20,6,475.65925192832947,845.171443104744,0.720552921295166
frame_000140.jpg,20,7,449.89277613162994,879.6887974739075,0.5530627965927124
frame_000140.jpg,20,8,477.60389161109924,874.3410383462906,0.4478578269481659
frame_000140.jpg,20,9,444.0588570833206,906.9137530326843,0.3312263488769531
frame_000140.jpg,20,10,469.82533288002014,855.8669613599777,0.21414917707443237
frame_000140.jpg,20,11,451.8374158143997,914.206151843071,0.6184467077255249
frame_000140.jpg,20,12,470.3114928007126,915.1784716844559,0.5725831389427185
frame_000140.jpg,20,13,437.73877811431885,952.612785577774,0.6520556211471558
frame_000140.jpg,20,14,469.3391729593277,956.988224864006,0.5586111545562744
frame_000140.jpg,20,15,452.32357573509216,1000.742617726326,0.7396748065948486
frame_000140.jpg,20,16,470.79765272140503,997.3394982814789,0.5558603405952454
frame_000140.jpg,21,0,601.4972241719564,739.4175842404366,0.6668840050697327
frame_000140.jpg,21,1,602.338794708252,735.6305170059204,0.6609340906143188
frame_000140.jpg,21,2,605.2842915852865,736.0513022542,0.5659255981445312
frame_000140.jpg,21,3,605.2842915852865,737.7344432473183,0.8167950510978699
frame_000140.jpg,21,4,616.2247085571289,736.8928727507591,0.6945701241493225
frame_000140.jpg,21,5,607.3882179260254,755.8282089233398,0.7248544096946716
frame_000140.jpg,21,6,618.7494201660156,754.9866384267807,0.6710154414176941
frame_000140.jpg,21,7,585.0865987141927,749.0956449508667,0.6951372027397156
frame_000140.jpg,21,8,615.8039232889811,781.0753238201141,0.395510733127594
frame_000140.jpg,21,9,596.8685862223307,746.5709334611893,0.5247814059257507
frame_000140.jpg,21,10,603.1803652445475,749.5164301991463,0.3077983260154724
frame_000140.jpg,21,11,605.2842915852865,809.688720703125,0.6098154783248901
frame_000140.jpg,21,12,613.6999969482422,808.8471502065659,0.5485546588897705
frame_000140.jpg,21,13,606.5466473897299,849.6633192896843,0.7183627486228943
frame_000140.jpg,21,14,613.6999969482422,848.4009635448456,0.6590402722358704
frame_000140.jpg,21,15,612.4376411437988,887.1132063865662,0.6730733513832092
frame_000140.jpg,21,16,617.4870643615723,882.4845686554909,0.6984254121780396
frame_000145.jpg,0,0,576.0130466222763,921.0439872741699,0.8746467232704163
frame_000145.jpg,0,1,579.7140094041824,917.3430244922638,0.76960289478302
frame_000145.jpg,0,2,577.2467008829117,918.5766787528992,0.7751139998435974
frame_000145.jpg,0,3,588.9664163589478,921.0439872741699,0.7920677065849304
frame_000145.jpg,0,4,592.0505520105362,920.4271601438522,0.5739179253578186
frame_000145.jpg,0,5,606.8544031381607,947.5675538778305,0.7703132629394531
frame_000145.jpg,0,6,580.9476636648178,945.1002453565598,0.7671740055084229
frame_000145.jpg,0,7,621.0414271354675,987.6613173484802,0.785743772983551
frame_000145.jpg,0,8,579.7140094041824,982.109873175621,0.6578915119171143
frame_000145.jpg,0,9,592.6673791408539,1008.6334397792816,0.7118797302246094
frame_000145.jpg,0,10,570.4616024494171,1001.2315142154694,0.5705253481864929
frame_000145.jpg,0,11,598.8356504440308,1017.2690196037292,0.6301282644271851
frame_000145.jpg,0,12,576.629873752594,1014.1848839521408,0.6099640130996704
frame_000145.jpg,0,13,605.0039217472076,1067.232017159462,0.7325243949890137
frame_000145.jpg,0,14,569.2279481887817,1069.082498550415,0.7212226986885071
frame_000145.jpg,0,15,613.6395015716553,1114.727706193924,0.762583315372467
frame_000145.jpg,0,16,559.3587141036987,1123.9801131486893,0.7855873107910156
frame_000145.jpg,1,0,509.0776720046997,844.8931498527527,0.5816439986228943
frame_000145.jpg,1,1,500.7788505554199,840.7437391281128,0.42303478717803955
frame_000145.jpg,1,2,519.154812335968,843.1148309707642,0.4165729284286499
frame_000145.jpg,1,3,501.37162351608276,843.707603931427,0.7178792953491211
frame_000145.jpg,1,4,524.4897689819336,848.4497876167297,0.749086856842041
frame_000145.jpg,1,5,482.99566173553467,866.232976436615,0.7368613481521606
frame_000145.jpg,1,6,529.8247256278992,875.1245708465576,0.784575343132019
frame_000145.jpg,1,7,445.65096521377563,872.7534790039062,0.6960642337799072
frame_000145.jpg,1,8,530.417498588562,910.6909484863281,0.571447491645813
frame_000145.jpg,1,9,424.31113862991333,856.1558361053467,0.6643291711807251
frame_000145.jpg,1,10,529.2319526672363,935.5874128341675,0.26595282554626465
frame_000145.jpg,1,11,486.5522994995117,939.7368235588074,0.6055141687393188
frame_000145.jpg,1,12,513.8198556900024,940.922369480133,0.6054726243019104
frame_000145.jpg,1,13,477.06793212890625,990.7152981758118,0.7252066135406494
frame_000145.jpg,1,14,505.52103424072266,992.4936170578003,0.6586465835571289
frame_000145.jpg,1,15,474.10406732559204,1045.2504105567932,0.770445704460144
frame_000145.jpg,1,16,503.74271535873413,1043.4720916748047,0.6633294820785522
frame_000145.jpg,2,0,522.5527658462524,940.7356381416321,0.9291166663169861
frame_000145.jpg,2,1,526.9102602005005,936.922830581665,0.9147297739982605
frame_000145.jpg,2,2,523.0974526405334,935.833456993103,0.9040049314498901
frame_000145.jpg,2,3,539.9827432632446,941.8250117301941,0.8941954374313354
frame_000145.jpg,2,4,541.6168036460876,939.1015777587891,0.5897610187530518
frame_000145.jpg,2,5,554.6892867088318,970.6934118270874,0.7928174734115601
frame_000145.jpg,2,6,522.5527658462524,959.7996759414673,0.8540534973144531
frame_000145.jpg,2,7,557.9574074745178,1002.2852458953857,0.7965083122253418
frame_000145.jpg,2,8,517.6505846977234,990.3021364212036,0.7722258567810059
frame_000145.jpg,2,9,548.1530451774597,1026.25146484375,0.7745006084442139
frame_000145.jpg,2,10,510.0249695777893,1015.3577289581299,0.6757670044898987
frame_000145.jpg,2,11,543.2508640289307,1030.064272403717,0.6839004755020142
frame_000145.jpg,2,12,522.0080790519714,1027.340838432312,0.6925526857376099
frame_000145.jpg,2,13,543.7955508232117,1069.2817215919495,0.7600961923599243
frame_000145.jpg,2,14,518.1952714920044,1067.6476612091064,0.8130162954330444
frame_000145.jpg,2,15,540.5274300575256,1106.8651103973389,0.8042625188827515
frame_000145.jpg,2,16,515.4718375205994,1115.580099105835,0.8663960695266724
frame_000145.jpg,3,0,651.0889784097672,576.3200138807297,0.781326174736023
frame_000145.jpg,3,1,651.7312405109406,573.7509654760361,0.4545782208442688
frame_000145.jpg,3,2,654.6214199662209,574.0720965266228,0.660609245300293
frame_000145.jpg,3,3,644.6663573980331,577.6045380830765,0.8096965551376343
frame_000145.jpg,3,4,655.9059441685677,577.6045380830765,0.8254727125167847
frame_000145.jpg,3,5,636.9592121839523,593.9822216629982,0.8676464557647705
frame_000145.jpg,3,6,662.3285651803017,593.0188285112381,0.8270175457000732
frame_000145.jpg,3,7,629.8943290710449,612.2866915464401,0.7682133913040161
frame_000145.jpg,3,8,668.1089240908623,610.0387741923332,0.8291035890579224
frame_000145.jpg,3,9,627.9675427675247,618.3881815075874,0.6977300643920898
frame_000145.jpg,3,10,672.9258898496628,620.3149678111076,0.8219928741455078
frame_000145.jpg,3,11,645.3086194992065,629.627768278122,0.7535020112991333
frame_000145.jpg,3,12,657.5115994215012,628.6643751263618,0.7486820816993713
frame_000145.jpg,3,13,648.1987989544868,657.5661696791649,0.7891330718994141
frame_000145.jpg,3,14,659.4383857250214,649.8590244650841,0.6724281311035156
frame_000145.jpg,3,15,650.125585258007,685.1834400296211,0.7982745170593262
frame_000145.jpg,3,16,658.1538615226746,659.1718249320984,0.7139334678649902
frame_000145.jpg,4,0,162.6683793067932,549.8673887252808,0.7859301567077637
frame_000145.jpg,4,1,161.6495451927185,547.8297204971313,0.5165488719940186
frame_000145.jpg,4,2,164.19663047790527,547.8297204971313,0.7081320285797119
frame_000145.jpg,4,3,158.3383343219757,550.3768057823181,0.7800252437591553
frame_000145.jpg,4,4,166.48900723457336,550.1220972537994,0.8560385704040527
frame_000145.jpg,4,5,152.73474669456482,564.1310663223267,0.8729223012924194
frame_000145.jpg,4,6,170.81905221939087,564.1310663223267,0.8023859262466431
frame_000145.jpg,4,7,148.91411876678467,579.9229950904846,0.849993109703064
frame_000145.jpg,4,8,178.96972513198853,577.8853268623352,0.7638795375823975
frame_000145.jpg,4,9,156.3006660938263,576.8664927482605,0.6266343593597412
frame_000145.jpg,4,10,179.73385071754456,575.0835330486298,0.5733724236488342
frame_000145.jpg,4,11,157.57420873641968,592.6584215164185,0.7207300662994385
frame_000145.jpg,4,12,168.01725840568542,592.9131300449371,0.7171703577041626
frame_000145.jpg,4,13,158.08362579345703,614.308646440506,0.6536456346511841
frame_000145.jpg,4,14,168.52667546272278,612.7803952693939,0.8026207685470581
frame_000145.jpg,4,15,155.53654050827026,611.5068526268005,0.6889423131942749
frame_000145.jpg,4,16,164.9607560634613,633.9212031364441,0.8475335240364075
frame_000145.jpg,5,0,571.7977294921875,499.5109756588936,0.7903635501861572
frame_000145.jpg,5,1,570.7268322110176,498.6542578339577,0.5037861466407776
frame_000145.jpg,5,2,574.7962418794632,499.2967962026596,0.7447474002838135
frame_000145.jpg,5,3,567.7283198237419,500.1535140275955,0.8235297203063965
frame_000145.jpg,5,4,575.2246007919312,501.01023185253143,0.8582708835601807
frame_000145.jpg,5,5,562.1596539616585,510.4341279268265,0.7601553201675415
frame_000145.jpg,5,6,578.0089337229729,511.0766662955284,0.7560669183731079
frame_000145.jpg,5,7,558.5186032056808,522.4281774759293,0.7656664848327637
frame_000145.jpg,5,8,582.9350612163544,523.0707158446312,0.7517580389976501
frame_000145.jpg,5,9,563.8730896115303,520.5005623698235,0.4493541419506073
frame_000145.jpg,5,10,578.0089337229729,526.0692282319069,0.4350162148475647
frame_000145.jpg,5,11,566.443243086338,534.422227025032,0.6849563121795654
frame_000145.jpg,5,12,574.5820624232292,535.064765393734,0.6729459762573242
frame_000145.jpg,5,13,564.5156279802322,556.0543521046638,0.6919616460800171
frame_000145.jpg,5,14,572.2260884046555,554.126736998558,0.7369676828384399
frame_000145.jpg,5,15,569.6559349298477,560.5521206855774,0.5822232961654663
frame_000145.jpg,5,16,570.0842938423157,573.1887086033821,0.6582554578781128
frame_000145.jpg,6,0,-10.08544381459555,1036.7137080430984,0.6897919774055481
frame_000145.jpg,6,1,-6.574423472086579,1029.6916669607162,0.7807828187942505
frame_000145.jpg,6,2,-9.38323974609375,1028.989462852478,0.5361615419387817
frame_000145.jpg,6,3,16.598310788472503,1031.0960751771927,0.8687750697135925
frame_000145.jpg,6,4,23.620351473490388,1026.8828505277634,0.5849078893661499
frame_000145.jpg,6,5,20.811535199483245,1072.5261175632477,0.6513885259628296
frame_000145.jpg,6,6,48.89969793955487,1056.3754230737686,0.6480936408042908
frame_000145.jpg,6,7,4.660841623942048,1097.1032613515854,0.39399150013923645
frame_000145.jpg,6,8,43.9842694600423,1118.8715887069702,0.3486618995666504
frame_000145.jpg,6,9,8.87406603495279,1073.9305257797241,0.2003670185804367
frame_000145.jpg,6,10,16.598310788472503,1163.8126516342163,0.19983071088790894
frame_000145.jpg,6,11,25.72696367899576,1203.1360816955566,0.5091362595558167
frame_000145.jpg,6,12,48.19749387105304,1198.9228570461273,0.47249579429626465
frame_000145.jpg,6,13,32.74900436401367,1269.1432678699493,0.4653606712818146
frame_000145.jpg,6,14,49.60190200805664,1269.1432678699493,0.544837474822998
frame_000145.jpg,6,15,22.918147404988616,1269.8454719781876,0.3174780309200287
frame_000145.jpg,6,16,53.81512641906738,1272.6542884111404,0.3361678719520569
frame_000145.jpg,7,0,96.69090223312378,546.7308421134949,0.7541548013687134
frame_000145.jpg,7,1,94.9585611820221,545.4934556484222,0.47449764609336853
frame_000145.jpg,7,2,98.42324328422546,545.7409329414368,0.6443969011306763
frame_000145.jpg,7,3,91.49387907981873,547.720751285553,0.7853119969367981
frame_000145.jpg,7,4,100.15558433532715,547.2257966995239,0.8194018602371216
frame_000145.jpg,7,5,87.03928780555725,557.8673202991486,0.7995834350585938
frame_000145.jpg,7,6,108.32233500480652,558.8572294712067,0.7640586495399475
frame_000145.jpg,7,7,80.10992360115051,569.2512757778168,0.7551275491714478
frame_000145.jpg,7,8,118.71638131141663,571.4785714149475,0.7784020900726318
frame_000145.jpg,7,9,74.91290044784546,581.3776631355286,0.7465383410453796
frame_000145.jpg,7,10,109.31224417686462,567.2714574337006,0.5048679709434509
frame_000145.jpg,7,11,94.21612930297852,585.5847771167755,0.7000985145568848
frame_000145.jpg,7,12,104.3626983165741,585.0898225307465,0.697975754737854
frame_000145.jpg,7,13,107.08494853973389,605.8779151439667,0.6775485277175903
frame_000145.jpg,7,14,106.34251666069031,606.8678243160248,0.6738314628601074
frame_000145.jpg,7,15,112.776926279068,627.4084396362305,0.8106660842895508
frame_000145.jpg,7,16,97.68081140518188,624.6861894130707,0.6857765913009644
frame_000145.jpg,8,0,319.70223363240564,881.3764383792877,0.5775004625320435
frame_000145.jpg,8,1,317.5747402509054,880.6672739386559,0.5294941067695618
frame_000145.jpg,8,2,321.12056255340576,879.2489450573921,0.5112822651863098
frame_000145.jpg,8,3,315.44724686940515,883.5039317011833,0.6628884673118591
frame_000145.jpg,8,4,333.8855228424072,879.958109498024,0.5906371474266052
frame_000145.jpg,8,5,318.9930691719055,907.6155226826668,0.6458479166030884
frame_000145.jpg,8,6,350.1963054339091,904.0697004795074,0.6319273710250854
frame_000145.jpg,8,7,282.11651722590125,920.3804826140404,0.6956582069396973
frame_000145.jpg,8,8,343.8138252894084,928.1812914609909,0.38869962096214294
frame_000145.jpg,8,9,299.8456287384033,912.5796737670898,0.4954654574394226
frame_000145.jpg,8,10,314.73808240890503,914.7071670889854,0.35373204946517944
frame_000145.jpg,8,11,333.8855228424072,996.970242202282,0.5408717393875122
frame_000145.jpg,8,12,352.32379881540936,994.1335844397545,0.5236691236495972
frame_000145.jpg,8,13,338.8496740659078,1062.9225351810455,0.6027272939682007
frame_000145.jpg,8,14,345.94131867090863,1059.3767129778862,0.5586271286010742
frame_000145.jpg,8,15,340.977167447408,1127.4564992785454,0.6723321676254272
frame_000145.jpg,8,16,348.0688120524089,1120.3648548722267,0.6132928729057312
frame_000145.jpg,9,0,436.25315660238266,490.80881267786026,0.7347286939620972
frame_000145.jpg,9,1,434.33728420734406,489.74443912506104,0.5276876091957092
frame_000145.jpg,9,2,438.59477841854095,489.74443912506104,0.652929425239563
frame_000145.jpg,9,3,432.42141181230545,491.66031152009964,0.7704499959945679
frame_000145.jpg,9,4,439.02052783966064,491.8731862306595,0.8496239185333252
frame_000145.jpg,9,5,429.8669152855873,501.0267987847328,0.7725359201431274
frame_000145.jpg,9,6,441.78789907693863,501.4525482058525,0.7716867923736572
frame_000145.jpg,9,7,428.58966702222824,512.5220331549644,0.7611211538314819
frame_000145.jpg,9,8,445.8325185775757,512.5220331549644,0.7223389148712158
frame_000145.jpg,9,9,424.1192981004715,517.4181514978409,0.6753445863723755
frame_000145.jpg,9,10,440.51065081357956,515.5022791028023,0.4305911064147949
frame_000145.jpg,9,11,430.93128883838654,521.8885204195976,0.6981364488601685
frame_000145.jpg,9,12,438.16902899742126,522.5271445512772,0.6854476928710938
frame_000145.jpg,9,13,427.525293469429,535.7253766059875,0.6966607570648193
frame_000145.jpg,9,14,437.9561542868614,542.5373673439026,0.7455764412879944
frame_000145.jpg,9,15,430.93128883838654,545.3047385811806,0.6629256010055542
frame_000145.jpg,9,16,439.2334025502205,560.2059683203697,0.7722924947738647
frame_000145.jpg,10,0,544.9443402290344,768.7902910709381,0.6335165500640869
frame_000145.jpg,10,1,546.7298617362976,764.772867679596,0.5799960494041443
frame_000145.jpg,10,2,547.1762421131134,764.772867679596,0.5786208510398865
frame_000145.jpg,10,3,551.1936655044556,766.1120088100433,0.6836100220680237
frame_000145.jpg,10,4,557.4429907798767,765.2192480564117,0.5852400064468384
frame_000145.jpg,10,5,561.4604141712189,789.7701687812805,0.6604103446006775
frame_000145.jpg,10,6,561.0140337944031,785.3063650131226,0.5558161735534668
frame_000145.jpg,10,7,565.0314571857452,819.6776540279388,0.6529589891433716
frame_000145.jpg,10,8,558.3357515335083,812.9819483757019,0.45109719038009644
frame_000145.jpg,10,9,541.373297214508,821.0167951583862,0.6426120400428772
frame_000145.jpg,10,10,541.8196775913239,820.5704147815704,0.36271166801452637
frame_000145.jpg,10,11,559.6748926639557,844.6749551296234,0.5397818088531494
frame_000145.jpg,10,12,549.4081439971924,841.5502924919128,0.4662490785121918
frame_000145.jpg,10,13,562.3531749248505,887.5274713039398,0.5826036334037781
frame_000145.jpg,10,14,550.7472851276398,886.1883301734924,0.5388995409011841
frame_000145.jpg,10,15,566.3705983161926,926.3625640869141,0.6239044666290283
frame_000145.jpg,10,16,565.0314571857452,922.3451406955719,0.548763632774353
frame_000145.jpg,11,0,370.8147751688957,503.0584260225296,0.8088834285736084
frame_000145.jpg,11,1,369.370828807354,501.9754662513733,0.5038262605667114
frame_000145.jpg,11,2,372.6197081208229,502.69743943214417,0.5911131501197815
frame_000145.jpg,11,3,367.20490926504135,503.59990590810776,0.7992124557495117
frame_000145.jpg,11,4,374.4246410727501,503.9608924984932,0.8165048360824585
frame_000145.jpg,11,5,362.33159029483795,514.6099969148636,0.7664607763290405
frame_000145.jpg,11,6,379.2979600429535,514.7904902100563,0.7613236904144287
frame_000145.jpg,11,7,359.44369757175446,526.522554397583,0.5595061779022217
frame_000145.jpg,11,8,383.62979912757874,528.1469940543175,0.6847870349884033
frame_000145.jpg,11,9,361.9706037044525,526.522554397583,0.26088947057724
frame_000145.jpg,11,10,377.3125337958336,526.1615678071976,0.44229552149772644
frame_000145.jpg,11,11,367.5658958554268,537.1716588139534,0.6630474328994751
frame_000145.jpg,11,12,376.04908072948456,535.9082057476044,0.7047972679138184
frame_000145.jpg,11,13,368.4683623313904,559.0113475322723,0.7238470315933228
frame_000145.jpg,11,14,380.5614131093025,556.1234548091888,0.6836289167404175
frame_000145.jpg,11,15,372.07822823524475,578.3241301178932,0.6120254993438721
frame_000145.jpg,11,16,380.2004265189171,557.7478944659233,0.5947768688201904
frame_000145.jpg,12,0,349.8378872871399,523.3003039360046,0.7751415967941284
frame_000145.jpg,12,1,348.2682377099991,522.4033613204956,0.5445443391799927
frame_000145.jpg,12,2,350.9590655565262,522.1791256666183,0.6377265453338623
frame_000145.jpg,12,3,346.25011682510376,524.1972465515137,0.8265913724899292
frame_000145.jpg,12,4,353.87412905693054,523.5245395898819,0.8436254262924194
frame_000145.jpg,12,5,343.3350533246994,535.4090292453766,0.8171391487121582
frame_000145.jpg,12,6,360.1527273654938,532.9424370527267,0.8124169111251831
frame_000145.jpg,12,7,337.5049263238907,547.5177545547485,0.7184141278266907
frame_000145.jpg,12,8,367.1040326356888,543.9299840927124,0.7536119818687439
frame_000145.jpg,12,9,339.0745759010315,542.1360988616943,0.5066736936569214
frame_000145.jpg,12,10,363.51626217365265,548.4146971702576,0.5368764400482178
frame_000145.jpg,12,11,351.18330121040344,557.1598876714706,0.7199652791023254
frame_000145.jpg,12,12,360.1527273654938,556.0387094020844,0.6981519460678101
frame_000145.jpg,12,13,354.32260036468506,579.3592174053192,0.7327470183372498
frame_000145.jpg,12,14,363.7404978275299,575.5472112894058,0.5487068891525269
frame_000145.jpg,12,15,358.3588421344757,597.9707766771317,0.7825107574462891
frame_000145.jpg,12,16,365.3101474046707,575.9956825971603,0.5405116081237793
frame_000145.jpg,13,0,704.3367879390717,673.7692897319794,0.8476888537406921
frame_000145.jpg,13,1,706.17835688591,671.4673285484314,0.7462024092674255
frame_000145.jpg,13,2,704.3367879390717,671.4673285484314,0.677419900894165
frame_000145.jpg,13,3,712.1634559631348,673.3088974952698,0.7951275110244751
frame_000145.jpg,13,4,712.6238481998444,671.927720785141,0.6139397621154785
frame_000145.jpg,13,5,717.2277705669403,694.4869403839111,0.7931755185127258
frame_000145.jpg,13,6,710.3218870162964,689.8830180168152,0.788596510887146
frame_000145.jpg,13,7,718.1485550403595,724.4124357700348,0.6987980008125305
frame_000145.jpg,13,8,700.6536500453949,691.7245869636536,0.6214244961738586
frame_000145.jpg,13,9,714.9258093833923,750.1944010257721,0.7048267126083374
frame_000145.jpg,13,10,689.6042363643646,689.4226257801056,0.6852871775627136
frame_000145.jpg,13,11,711.7030637264252,751.5755777359009,0.6835596561431885
frame_000145.jpg,13,12,703.4160034656525,751.1151854991913,0.6636931896209717
frame_000145.jpg,13,13,709.8614947795868,789.7881333827972,0.7305938005447388
frame_000145.jpg,13,14,704.3367879390717,787.4861721992493,0.6143589019775391
frame_000145.jpg,13,15,711.2426714897156,826.1591200828552,0.8422108292579651
frame_000145.jpg,13,16,710.3218870162964,823.3967666625977,0.6620889902114868
frame_000145.jpg,14,0,602.2889413833618,737.598614692688,0.6888391375541687
frame_000145.jpg,14,1,603.1689443588257,733.6386013031006,0.7109658718109131
frame_000145.jpg,14,2,605.8089532852173,733.6386013031006,0.5800102949142456
frame_000145.jpg,14,3,605.8089532852173,736.7186117172241,0.7677286863327026
frame_000145.jpg,14,4,614.608983039856,735.8386087417603,0.6667139530181885
frame_000145.jpg,14,5,608.008960723877,753.8786697387695,0.7382131814956665
frame_000145.jpg,14,6,619.4489994049072,753.8786697387695,0.653793454170227
frame_000145.jpg,14,7,585.1288833618164,747.7186489105225,0.7469748854637146
frame_000145.jpg,14,8,615.9289875030518,782.0387649536133,0.3944704234600067
frame_000145.jpg,14,9,593.4889116287231,746.3986444473267,0.5018244981765747
frame_000145.jpg,14,10,602.7289428710938,749.4786548614502,0.29610729217529297
frame_000145.jpg,14,11,604.4889488220215,807.9988527297974,0.614618718624115
frame_000145.jpg,14,12,615.0489845275879,807.5588512420654,0.5467644929885864
frame_000145.jpg,14,13,606.6889562606812,849.798994064331,0.7095392942428589
frame_000145.jpg,14,14,614.168981552124,848.4789896011353,0.6470879316329956
frame_000145.jpg,14,15,615.0489845275879,887.1991205215454,0.7181259393692017
frame_000145.jpg,14,16,617.6889934539795,884.9991130828857,0.7252262830734253
frame_000145.jpg,15,0,489.98756939172745,787.4372738599777,0.7072824835777283
frame_000145.jpg,15,1,496.67861247062683,783.0971378087997,0.6816427707672119
frame_000145.jpg,15,2,488.72169637680054,782.0121037960052,0.7169438600540161
frame_000145.jpg,15,3,509.1565036177635,783.8204938173294,0.5818151235580444
frame_000145.jpg,15,4,522.7194287776947,781.6504257917404,0.27281874418258667
frame_000145.jpg,15,5,502.2846215367317,803.5319450497627,0.3183521330356598
frame_000145.jpg,15,6,513.8583176732063,801.1810380220413,0.24527058005332947
frame_000145.jpg,15,7,474.4354152083397,801.7235550284386,0.5341046452522278
frame_000145.jpg,15,8,469.9144401550293,801.7235550284386,0.18412932753562927
frame_000145.jpg,15,9,489.08337438106537,795.394189953804,0.19095981121063232
frame_000145.jpg,15,10,469.9144401550293,798.4684529900551,0.14604812860488892
frame_000145.jpg,15,11,510.241537630558,844.7632375359535,0.2597125768661499
frame_000145.jpg,15,12,519.2834877371788,844.7632375359535,0.26104211807250977
frame_000145.jpg,15,13,469.9144401550293,844.7632375359535,0.28985416889190674
frame_000145.jpg,15,14,469.9144401550293,844.7632375359535,0.25120607018470764
frame_000145.jpg,15,15,469.9144401550293,844.7632375359535,0.19845907390117645
frame_000145.jpg,15,16,469.9144401550293,844.7632375359535,0.18863655626773834
frame_000145.jpg,16,0,471.9339364171028,815.7191411852837,0.4222702980041504
frame_000145.jpg,16,1,472.3881837129593,813.1450731754303,0.48464375734329224
frame_000145.jpg,16,2,472.84243100881577,811.1766682267189,0.36495745182037354
frame_000145.jpg,16,3,475.8707463145256,816.6276357769966,0.48660778999328613
frame_000145.jpg,16,4,490.10382825136185,815.4163096547127,0.24050554633140564
frame_000145.jpg,16,5,484.80427646636963,844.6395523548126,0.25434646010398865
frame_000145.jpg,16,6,500.7029318213463,833.5862014889717,0.25776001811027527
frame_000145.jpg,16,7,471.7825206518173,800.72898042202,0.2816908359527588
frame_000145.jpg,16,8,516.1473398804665,862.0523653626442,0.14320595562458038
frame_000145.jpg,16,9,458.15510177612305,862.0523653626442,0.13359910249710083
frame_000145.jpg,16,10,458.15510177612305,862.0523653626442,0.07869786769151688
frame_000145.jpg,16,11,516.1473398804665,862.0523653626442,0.16246072947978973
frame_000145.jpg,16,12,495.85762733221054,862.0523653626442,0.1696518063545227
frame_000145.jpg,16,13,458.15510177612305,862.0523653626442,0.16071699559688568
frame_000145.jpg,16,14,458.15510177612305,862.0523653626442,0.15429747104644775
frame_000145.jpg,16,15,487.2269287109375,862.0523653626442,0.1280774176120758
frame_000145.jpg,16,16,486.31843411922455,862.0523653626442,0.1494336724281311
frame_000145.jpg,17,0,603.2458907763163,737.4523860216141,0.5997258424758911
frame_000145.jpg,17,1,603.6352649529775,733.5586440563202,0.5507333874702454
frame_000145.jpg,17,2,607.9183808962504,734.7267666459084,0.4352191090583801
frame_000145.jpg,17,3,604.4140133062998,736.6736376285553,0.7013168931007385
frame_000145.jpg,17,4,618.431483666102,736.2842634320259,0.5882536768913269
frame_000145.jpg,17,5,607.9183808962504,753.0273538827896,0.6661649942398071
frame_000145.jpg,17,6,621.9358512560526,755.3635990619659,0.5679947137832642
frame_000145.jpg,17,7,584.9453044732412,748.354863524437,0.6473283171653748
frame_000145.jpg,17,8,641.0151859124502,775.6110572814941,0.35457882285118103
frame_000145.jpg,17,9,596.2371555964152,746.0186183452606,0.42528852820396423
frame_000145.jpg,17,10,614.1483677228292,786.1241605877876,0.21827107667922974
frame_000145.jpg,17,11,605.1927616596222,807.9291155934334,0.5404366254806519
frame_000145.jpg,17,12,616.095238606135,807.1503672003746,0.48071378469467163
frame_000145.jpg,17,13,607.5290067195892,848.0346578359604,0.6259601712226868
frame_000145.jpg,17,14,612.5908710161845,847.2559094429016,0.5694726705551147
frame_000145.jpg,17,15,616.095238606135,886.9720774888992,0.6252734661102295
frame_000145.jpg,17,16,618.0421094894409,883.8570839166641,0.5874100923538208
frame_000145.jpg,18,0,452.2838591337204,830.887957572937,0.7618710994720459
frame_000145.jpg,18,1,451.77685546875,828.8599429130554,0.5994365215301514
frame_000145.jpg,18,2,454.8188774585724,827.8459355831146,0.5174179077148438
frame_000145.jpg,18,3,451.77685546875,830.887957572937,0.7548065185546875
frame_000145.jpg,18,4,469.5219837427139,827.8459355831146,0.6857066750526428
frame_000145.jpg,18,5,455.8328847885132,855.7311371564865,0.7019659280776978
frame_000145.jpg,18,6,476.6200350522995,849.6470931768417,0.7205123901367188
frame_000145.jpg,18,7,446.1998151540756,882.0953277349472,0.5804486274719238
frame_000145.jpg,18,8,477.6340423822403,880.574316740036,0.4865127205848694
frame_000145.jpg,18,9,431.4967088699341,858.7731591463089,0.33962374925613403
frame_000145.jpg,18,10,471.5499984025955,905.9244999885559,0.27709245681762695
frame_000145.jpg,18,11,451.2698518037796,916.5715769529343,0.635002851486206
frame_000145.jpg,18,12,470.0289874076843,918.0925879478455,0.6150027513504028
frame_000145.jpg,18,13,437.07374918460846,954.5968518257141,0.6698511838912964
frame_000145.jpg,18,14,467.49396908283234,959.1598848104477,0.618269681930542
frame_000145.jpg,18,15,450.7628481388092,999.2131743431091,0.6987822651863098
frame_000145.jpg,18,16,468.00097274780273,998.7061706781387,0.6139116883277893
frame_000145.jpg,19,0,490.64146637916565,786.6478021144867,0.6278351545333862
frame_000145.jpg,19,1,495.7041299343109,782.8508044481277,0.6259080171585083
frame_000145.jpg,19,2,488.8695341348648,782.3445380926132,0.6015762686729431
frame_000145.jpg,19,3,507.6013892889023,783.6102039813995,0.48637065291404724
frame_000145.jpg,19,4,486.8444687128067,783.8633371591568,0.22133029997348785
frame_000145.jpg,19,5,508.1076556444168,802.5951923131943,0.30860936641693115
frame_000145.jpg,19,6,522.2831135988235,801.329526424408,0.280955046415329
frame_000145.jpg,19,7,473.9346766471863,802.8483254909515,0.29406237602233887
frame_000145.jpg,19,8,527.3457771539688,827.6553769111633,0.184891477227211
frame_000145.jpg,19,9,487.85700142383575,834.4899727106094,0.1375618278980255
frame_000145.jpg,19,10,495.7041299343109,831.199241399765,0.08382223546504974
frame_000145.jpg,19,11,517.7267163991928,859.2970241308212,0.30906224250793457
frame_000145.jpg,19,12,522.7893799543381,861.3220895528793,0.2821044623851776
frame_000145.jpg,19,13,507.85452246665955,881.0664774179459,0.2504040598869324
frame_000145.jpg,19,14,513.9297187328339,881.0664774179459,0.23722043633460999
frame_000145.jpg,19,15,494.18533086776733,881.0664774179459,0.21132884919643402
frame_000145.jpg,19,16,496.4635294675827,881.0664774179459,0.2009604275226593
frame_000145.jpg,20,0,608.2172555923462,735.984676361084,0.3229532539844513
frame_000145.jpg,20,1,607.4099369049072,733.9663796424866,0.32446837425231934
frame_000145.jpg,20,2,611.8501896858215,733.5627202987671,0.2885710895061493
frame_000145.jpg,20,3,604.5843214988708,736.3883357048035,0.4781123995780945
frame_000145.jpg,20,4,615.8867831230164,736.3883357048035,0.3246118128299713
frame_000145.jpg,20,5,609.0245742797852,754.5530061721802,0.4652828574180603
frame_000145.jpg,20,6,613.06116771698,755.3603248596191,0.3663671612739563
frame_000145.jpg,20,7,584.4013543128967,747.2871379852295,0.5093005895614624
frame_000145.jpg,20,8,579.5574421882629,780.7908635139465,0.2284899652004242
frame_000145.jpg,20,9,596.9147939682007,746.88347864151,0.234538272023201
frame_000145.jpg,20,10,587.6306290626526,795.7262592315674,0.16449861228466034
frame_000145.jpg,20,11,605.3916401863098,808.2396988868713,0.3505184054374695
frame_000145.jpg,20,12,609.0245742797852,807.0287208557129,0.3154348134994507
frame_000145.jpg,20,13,609.8318929672241,848.2019739151001,0.4204608201980591
frame_000145.jpg,20,14,609.4282336235046,848.2019739151001,0.41237345337867737
frame_000145.jpg,20,15,616.2904424667358,885.3386335372925,0.46577000617980957
frame_000145.jpg,20,16,615.0794644355774,883.7239961624146,0.4321761131286621
frame_000150.jpg,0,0,659.8252893686295,565.6455466747284,0.8207942247390747
frame_000150.jpg,0,1,661.6132302284241,562.9636353850365,0.517706036567688
frame_000150.jpg,0,2,662.8051908016205,563.8576058149338,0.6592676639556885
frame_000150.jpg,0,3,653.5674963593483,566.2415269613266,0.7849500179290771
frame_000150.jpg,0,4,664.5931316614151,567.1354973912239,0.8487318754196167
frame_000150.jpg,0,5,646.1177427768707,581.1410341262817,0.8779630661010742
frame_000150.jpg,0,6,668.4670035243034,582.035004556179,0.8538385629653931
frame_000150.jpg,0,7,638.072008907795,597.8284821510315,0.900510311126709
frame_000150.jpg,0,8,669.0629838109016,597.2325018644333,0.8168944120407104
frame_000150.jpg,0,9,646.7137230634689,593.0606398582458,0.6888551115989685
frame_000150.jpg,0,10,678.0026881098747,603.4902948737144,0.8083630800247192
frame_000150.jpg,0,11,652.673525929451,613.919949889183,0.7818465232849121
frame_000150.jpg,0,12,664.8911218047142,613.919949889183,0.7842971086502075
frame_000150.jpg,0,13,650.5875949263573,640.7390627861023,0.7219005227088928
frame_000150.jpg,0,14,663.1031809449196,641.0370529294014,0.8312831521034241
frame_000150.jpg,0,15,652.0775456428528,653.2546488046646,0.7372753620147705
frame_000150.jpg,0,16,661.0172499418259,667.2601855397224,0.8668959736824036
frame_000150.jpg,1,0,519.1526787281036,844.8077127933502,0.6591662168502808
frame_000150.jpg,1,1,513.4152190685272,840.2177450656891,0.4363080859184265
frame_000150.jpg,1,2,524.89013838768,842.5127289295197,0.4605245590209961
frame_000150.jpg,1,3,509.39899730682373,844.8077127933502,0.7254420518875122
frame_000150.jpg,1,4,531.2013440132141,847.6764426231384,0.7473795413970947
frame_000150.jpg,1,5,492.1866183280945,864.31507563591,0.7382663488388062
frame_000150.jpg,1,6,538.0862956047058,874.0687570571899,0.7921957969665527
frame_000150.jpg,1,7,452.5981466770172,868.3312973976135,0.7173843383789062
frame_000150.jpg,1,8,535.7913117408752,911.3622448444366,0.5830251574516296
frame_000150.jpg,1,9,427.353324174881,853.9876482486725,0.7075220346450806
frame_000150.jpg,1,10,525.4638843536377,937.7545592784882,0.26497262716293335
frame_000150.jpg,1,11,492.7603642940521,938.3283052444458,0.611916184425354
frame_000150.jpg,1,12,519.1526787281036,940.6232891082764,0.5987707376480103
frame_000150.jpg,1,13,476.1217312812805,987.0967123508453,0.67821204662323
frame_000150.jpg,1,14,513.9889650344849,992.8341720104218,0.5224388837814331
frame_000150.jpg,1,15,468.08928775787354,1042.7500710487366,0.760812520980835
frame_000150.jpg,1,16,510.546489238739,1042.176325082779,0.5154986381530762
frame_000150.jpg,2,0,173.9966777563095,535.3448439836502,0.739503800868988
frame_000150.jpg,2,1,172.47485494613647,533.5693840384483,0.569089949131012
frame_000150.jpg,2,2,176.78668624162674,533.3157469034195,0.6619205474853516
frame_000150.jpg,2,3,169.68484646081924,535.8521182537079,0.8248780965805054
frame_000150.jpg,2,4,178.30850905179977,535.598481118679,0.8317270278930664
frame_000150.jpg,2,5,165.62665230035782,548.280337870121,0.8206163048744202
frame_000150.jpg,2,6,183.88852602243423,548.7876121401787,0.8167853355407715
frame_000150.jpg,2,7,161.82209527492523,560.7085574865341,0.7894060015678406
frame_000150.jpg,2,8,186.9321716427803,564.2594773769379,0.8499467372894287
frame_000150.jpg,2,9,169.4312093257904,559.4403718113899,0.5621281862258911
frame_000150.jpg,2,10,180.84488040208817,559.4403718113899,0.6373122930526733
frame_000150.jpg,2,11,168.41666078567505,575.9267855882645,0.6930897235870361
frame_000150.jpg,2,12,178.5621461868286,576.1804227232933,0.6924310922622681
frame_000150.jpg,2,13,170.6993950009346,597.232304930687,0.7190244197845459
frame_000150.jpg,2,14,176.27941197156906,599.0077648758888,0.6977356672286987
frame_000150.jpg,2,15,172.47485494613647,617.5232757329941,0.6531652212142944
frame_000150.jpg,2,16,170.95303213596344,613.9723558425903,0.6956069469451904
frame_000150.jpg,3,0,560.6812459230423,922.6969050168991,0.8240445852279663
frame_000150.jpg,3,1,561.9093459844589,918.3985548019409,0.7191577553749084
frame_000150.jpg,3,2,561.9093459844589,919.0126048326492,0.7062520384788513
frame_000150.jpg,3,3,568.6638963222504,920.8547549247742,0.7881007790565491
frame_000150.jpg,3,4,567.4357962608337,920.8547549247742,0.5965949892997742
frame_000150.jpg,3,5,591.383747458458,947.8729562759399,0.7572287321090698
frame_000150.jpg,3,6,565.5936461687088,947.2589062452316,0.7309446334838867
frame_000150.jpg,3,7,609.191198348999,986.5581082105637,0.7806510925292969
frame_000150.jpg,3,8,564.3655461072922,984.1019080877304,0.5749640464782715
frame_000150.jpg,3,9,581.5589469671249,1012.3482095003128,0.7208443880081177
frame_000150.jpg,3,10,553.9266955852509,1004.3655591011047,0.5467724800109863
frame_000150.jpg,3,11,579.1027468442917,1022.7870600223541,0.6219362020492554
frame_000150.jpg,3,12,560.6812459230423,1019.1027598381042,0.6157969236373901
frame_000150.jpg,3,13,571.7341464757919,1072.5251125097275,0.6555559635162354
frame_000150.jpg,3,14,558.8390958309174,1072.5251125097275,0.6956006288528442
frame_000150.jpg,3,15,599.9804478883743,1101.3854639530182,0.7129310369491577
frame_000150.jpg,3,16,558.225045800209,1127.1755652427673,0.8003275394439697
frame_000150.jpg,4,0,117.66751670837402,544.3145425319672,0.7447032928466797
frame_000150.jpg,4,1,115.10575079917908,542.7774829864502,0.5341678857803345
frame_000150.jpg,4,2,119.20457625389099,542.7774829864502,0.7482607960700989
frame_000150.jpg,4,3,112.28780829906464,545.8516020774841,0.8015308380126953
frame_000150.jpg,4,4,119.71692943572998,544.5707191228867,0.822740912437439
frame_000150.jpg,4,5,107.93280625343323,558.1480784416199,0.8480620384216309
frame_000150.jpg,4,6,126.12134420871735,555.8424891233444,0.8176385760307312
frame_000150.jpg,4,7,103.32162761688232,572.7501441240311,0.7667543888092041
frame_000150.jpg,4,8,133.2942887544632,569.4198484420776,0.749066948890686
frame_000150.jpg,4,9,100.75986170768738,580.1792652606964,0.683521568775177
frame_000150.jpg,4,10,139.44252693653107,578.8983823060989,0.7452194690704346
frame_000150.jpg,4,11,116.64281034469604,585.0466204881668,0.7238649129867554
frame_000150.jpg,4,12,126.63369739055634,582.7410311698914,0.7115278244018555
frame_000150.jpg,4,13,125.60899102687836,606.8216307163239,0.7752323150634766
frame_000150.jpg,4,14,135.08752489089966,604.0036882162094,0.7646719217300415
frame_000150.jpg,4,15,130.47634625434875,630.3898770809174,0.8029894828796387
frame_000150.jpg,4,16,130.98869943618774,613.7383986711502,0.6946898698806763
frame_000150.jpg,5,0,511.50687515735626,945.0142369270325,0.8201339244842529
frame_000150.jpg,5,1,515.3517220020294,941.1693900823593,0.8070709705352783
frame_000150.jpg,5,2,513.1546666622162,940.0708624124527,0.7539467811584473
frame_000150.jpg,5,3,524.6892071962357,946.6620284318924,0.9045541286468506
frame_000150.jpg,5,4,524.6892071962357,945.5635007619858,0.6255936622619629
frame_000150.jpg,5,5,541.1671222448349,975.2237478494644,0.7661035656929016
frame_000150.jpg,5,6,513.7039304971695,966.9847903251648,0.8344117403030396
frame_000150.jpg,5,7,547.7582882642746,1008.7288417816162,0.6884151697158813
frame_000150.jpg,5,8,509.85908365249634,1001.0391480922699,0.6636808514595032
frame_000150.jpg,5,9,540.6178584098816,1035.6427696943283,0.662467360496521
frame_000150.jpg,5,10,502.71865379810333,1030.6993951797485,0.5295640826225281
frame_000150.jpg,5,11,530.731109380722,1037.2905611991882,0.6719987988471985
frame_000150.jpg,5,12,512.0561389923096,1035.6427696943283,0.688742995262146
frame_000150.jpg,5,13,525.238471031189,1075.7390296459198,0.6864891052246094
frame_000150.jpg,5,14,514.8024581670761,1076.8375573158264,0.777323842048645
frame_000150.jpg,5,15,539.519330739975,1098.2588468790054,0.8193548917770386
frame_000150.jpg,5,16,515.3517220020294,1125.7220386266708,0.8732355833053589
frame_000150.jpg,6,0,321.82342020670575,880.5733431577682,0.5879839658737183
frame_000150.jpg,6,1,321.11624908447266,879.159000992775,0.5408152341842651
frame_000150.jpg,6,2,322.5305913289388,877.7446588277817,0.5581682324409485
frame_000150.jpg,6,3,316.1660512288411,882.6948564052582,0.654941201210022
frame_000150.jpg,6,4,333.13815816243493,879.159000992775,0.6014882922172546
frame_000150.jpg,6,5,319.70190684000653,907.4458442926407,0.6642242074012756
frame_000150.jpg,6,6,350.8174362182617,904.6171599626541,0.6409136652946472
frame_000150.jpg,6,7,284.34335072835285,919.4677526950836,0.6958407163619995
frame_000150.jpg,6,8,338.79552714029944,934.3183454275131,0.37183094024658203
frame_000150.jpg,6,9,303.4369710286458,911.6888707876205,0.4723498523235321
frame_000150.jpg,6,10,316.8732223510742,913.8103840351105,0.32674261927604675
frame_000150.jpg,6,11,334.552500406901,996.5494006872177,0.5542150735855103
frame_000150.jpg,6,12,355.06046295166016,993.0135452747345,0.5384793281555176
frame_000150.jpg,6,13,340.2098693847656,1063.0234824419022,0.6384692192077637
frame_000150.jpg,6,14,348.6959228515625,1059.487627029419,0.5941867828369141
frame_000150.jpg,6,15,341.6242116292318,1126.6688798666,0.7233108282089233
frame_000150.jpg,6,16,350.1102650960287,1119.5971690416336,0.6467007398605347
frame_000150.jpg,7,0,-8.684490203857422,1035.6208498477936,0.7022382020950317
frame_000150.jpg,7,1,-5.87021573384601,1028.5851640701294,0.7932727336883545
frame_000150.jpg,7,2,-8.684490203857422,1027.881595492363,0.5485340356826782
frame_000150.jpg,7,3,16.643980026245117,1029.2887326478958,0.8783955574035645
frame_000150.jpg,7,4,25.086803436279297,1025.7708897590637,0.6054508090019226
frame_000150.jpg,7,5,21.568960348765074,1070.7992787361145,0.6522916555404663
frame_000150.jpg,7,6,50.415273666381836,1055.3207700252533,0.6589044332504272
frame_000150.jpg,7,7,3.9797449111938477,1094.7206103801727,0.43999719619750977
frame_000150.jpg,7,8,44.0831561088562,1115.8276677131653,0.35102495551109314
frame_000150.jpg,7,9,6.79401938120526,1067.9850044250488,0.25487837195396423
frame_000150.jpg,7,10,16.643980026245117,1163.6703310012817,0.19853529334068298
frame_000150.jpg,7,11,27.197509288787842,1200.959465622902,0.5144256353378296
frame_000150.jpg,7,12,51.118842283884675,1196.034485578537,0.46809279918670654
frame_000150.jpg,7,13,30.715352376302064,1268.502049088478,0.4904542565345764
frame_000150.jpg,7,14,51.118842283884675,1269.2056176662445,0.5605145692825317
frame_000150.jpg,7,15,23.67966620127362,1269.909186244011,0.337546169757843
frame_000150.jpg,7,16,54.636685371398926,1272.7234605550766,0.3436649441719055
frame_000150.jpg,8,0,703.3782949447632,671.7497825622559,0.9120398759841919
frame_000150.jpg,8,1,706.5765156745911,668.551561832428,0.8544886112213135
frame_000150.jpg,8,2,703.8351836204529,668.551561832428,0.8163904547691345
frame_000150.jpg,8,3,715.2574005126953,671.7497825622559,0.9093121886253357
frame_000150.jpg,8,4,708.8609590530396,671.2928938865662,0.6215070486068726
frame_000150.jpg,8,5,718.4556212425232,692.7666616439819,0.7491195797920227
frame_000150.jpg,8,6,709.3178477287292,688.197774887085,0.792478621006012
frame_000150.jpg,8,7,719.8262872695923,724.291980266571,0.5766671895980835
frame_000150.jpg,8,8,700.636962890625,689.1115522384644,0.6280548572540283
frame_000150.jpg,8,9,718.4556212425232,749.4208574295044,0.6651678085327148
frame_000150.jpg,8,10,691.9560780525208,689.1115522384644,0.6906698942184448
frame_000150.jpg,8,11,712.0591797828674,749.8777461051941,0.6828130483627319
frame_000150.jpg,8,12,703.3782949447632,748.9639687538147,0.6729623079299927
frame_000150.jpg,8,13,710.2316250801086,787.799506187439,0.7291429042816162
frame_000150.jpg,8,14,703.8351836204529,787.3426175117493,0.6839485168457031
frame_000150.jpg,8,15,713.8867344856262,825.7212662696838,0.8085947036743164
frame_000150.jpg,8,16,709.3178477287292,822.523045539856,0.7057604789733887
frame_000150.jpg,9,0,370.8730220794678,495.69019889831543,0.7130421996116638
frame_000150.jpg,9,1,367.7325630187988,494.11996936798096,0.5331944227218628
frame_000150.jpg,9,2,372.89188861846924,494.34428787231445,0.6110458970069885
frame_000150.jpg,9,3,365.93801498413086,496.1388359069824,0.8499032855033875
frame_000150.jpg,9,4,373.5648441314697,495.69019889831543,0.8308213949203491
frame_000150.jpg,9,5,362.5732374191284,507.13044261932373,0.780407190322876
frame_000150.jpg,9,6,377.82689571380615,505.56021308898926,0.7766954898834229
frame_000150.jpg,9,7,361.22732639312744,519.2436418533325,0.671367883682251
frame_000150.jpg,9,8,381.8646287918091,516.5518198013306,0.6994140148162842
frame_000150.jpg,9,9,364.5921039581299,522.3841009140015,0.41284310817718506
frame_000150.jpg,9,10,382.53758430480957,518.122049331665,0.5750107169151306
frame_000150.jpg,9,11,369.7514295578003,527.5434265136719,0.709789514541626
frame_000150.jpg,9,12,378.27553272247314,526.6461524963379,0.7085176706314087
frame_000150.jpg,9,13,370.6487035751343,548.405047416687,0.7341017127037048
frame_000150.jpg,9,14,376.0323476791382,546.610499382019,0.7234983444213867
frame_000150.jpg,9,15,372.44325160980225,568.8180313110352,0.7166920900344849
frame_000150.jpg,9,16,374.0134811401367,566.1262092590332,0.6578298807144165
frame_000150.jpg,10,0,348.88655185699463,510.12719559669495,0.7983641624450684
frame_000150.jpg,10,1,347.14330434799194,508.81975996494293,0.5651348233222961
frame_000150.jpg,10,2,349.3223637342453,508.6018540263176,0.6545842289924622
frame_000150.jpg,10,3,346.05377465486526,510.78091341257095,0.8234560489654541
frame_000150.jpg,10,4,353.026764690876,509.6913837194443,0.8034281730651855
frame_000150.jpg,10,5,343.00309151411057,521.4583044052124,0.8227546215057373
frame_000150.jpg,10,6,356.94907158613205,519.0613390803337,0.7790766954421997
frame_000150.jpg,10,7,340.6061261892319,533.2252250909805,0.761006236076355
frame_000150.jpg,10,8,361.30719035863876,529.7387300729752,0.6586754322052002
frame_000150.jpg,10,9,346.48958653211594,529.3029181957245,0.4986019730567932
frame_000150.jpg,10,10,362.6146259903908,537.8012498021126,0.43948861956596375
frame_000150.jpg,10,11,349.54026967287064,543.4668042063713,0.7307431697845459
frame_000150.jpg,10,12,357.8206953406334,542.3772745132446,0.7365866899490356
frame_000150.jpg,10,13,351.93723499774933,564.3857743144035,0.7002818584442139
frame_000150.jpg,10,14,356.7311656475067,560.0276555418968,0.6833120584487915
frame_000150.jpg,10,15,355.4237300157547,583.9973087906837,0.6983462572097778
frame_000150.jpg,10,16,356.0774478316307,578.1138484477997,0.5501631498336792
frame_000150.jpg,11,0,561.5875498453776,494.2484088242054,0.7386263608932495
frame_000150.jpg,11,1,558.9936752319336,493.7767952680588,0.5565845966339111
frame_000150.jpg,11,2,564.8888448079427,493.54098848998547,0.6615786552429199
frame_000150.jpg,11,3,559.9369023640951,494.95582915842533,0.7856024503707886
frame_000150.jpg,11,4,566.5394922892252,494.95582915842533,0.8470492362976074
frame_000150.jpg,11,5,557.1072209676107,503.91648672521114,0.7891875505447388
frame_000150.jpg,11,6,569.8407872517904,505.5671341717243,0.8107254505157471
frame_000150.jpg,11,7,557.5788345336914,515.7068256288767,0.7480367422103882
frame_000150.jpg,11,8,574.3211161295573,516.8858595192432,0.7875758409500122
frame_000150.jpg,11,9,553.5701192220052,518.0648934096098,0.6013177633285522
frame_000150.jpg,11,10,566.0678787231445,517.3574730753899,0.6363980174064636
frame_000150.jpg,11,11,558.2862548828125,527.9687780886889,0.6722030639648438
frame_000150.jpg,11,12,566.0678787231445,528.6761984229088,0.6902649402618408
frame_000150.jpg,11,13,553.5701192220052,547.3049338907003,0.7271000146865845
frame_000150.jpg,11,14,566.7752990722656,552.9642965644598,0.7498661279678345
frame_000150.jpg,11,15,559.4652887980143,564.2830219119787,0.7144255638122559
frame_000150.jpg,11,16,568.1901397705078,573.0078727006912,0.7870814800262451
frame_000150.jpg,12,0,546.898512840271,767.6737533807755,0.6148223876953125
frame_000150.jpg,12,1,548.9987794558207,763.8932736515999,0.5759164094924927
frame_000150.jpg,12,2,549.8388861020406,763.8932736515999,0.5773262977600098
frame_000150.jpg,12,3,553.1993126869202,765.9935401678085,0.7009556293487549
frame_000150.jpg,12,4,556.9797925949097,764.7333802580833,0.5834095478057861
frame_000150.jpg,12,5,563.7006457646688,789.9365784525871,0.6612075567245483
frame_000150.jpg,12,6,560.3402191797892,784.8959388136864,0.5182937383651733
frame_000150.jpg,12,7,566.2209657033285,820.6004695892334,0.6570717096328735
frame_000150.jpg,12,8,557.8198992411295,811.7793502211571,0.38967716693878174
frame_000150.jpg,12,9,542.2779262860616,820.6004695892334,0.6513792276382446
frame_000150.jpg,12,10,540.1776596705118,818.080149769783,0.3390670120716095
frame_000150.jpg,12,11,562.8605391184489,844.1234545707703,0.5052745342254639
frame_000150.jpg,12,12,550.6789927482605,841.1830814480782,0.4219151735305786
frame_000150.jpg,12,13,564.5407524108887,886.548838198185,0.49924957752227783
frame_000150.jpg,12,14,551.9391527175903,885.7087315917015,0.46254992485046387
frame_000150.jpg,12,15,564.9608057339987,923.9335821866989,0.4520624279975891
frame_000150.jpg,12,16,555.7196326255798,921.4132623672485,0.4446040391921997
frame_000150.jpg,13,0,428.9328806400299,487.3411717414856,0.7970014810562134
frame_000150.jpg,13,1,427.42768692970276,486.7767241001129,0.49334806203842163
frame_000150.jpg,13,2,431.5669696331024,487.3411717414856,0.6186559796333313
frame_000150.jpg,13,3,425.7343440055847,488.09376859664917,0.793840229511261
frame_000150.jpg,13,4,432.5077157020569,488.65821623802185,0.7931439876556396
frame_000150.jpg,13,5,422.9121057987213,497.12493085861206,0.7629677653312683
frame_000150.jpg,13,6,435.3299539089203,497.68937849998474,0.7534635066986084
frame_000150.jpg,13,7,422.15950894355774,507.6612868309021,0.6395132541656494
frame_000150.jpg,13,8,439.46923661231995,509.35462975502014,0.7571476697921753
frame_000150.jpg,13,9,421.0306136608124,510.6716742515564,0.3679390251636505
frame_000150.jpg,13,10,434.7655062675476,510.4835250377655,0.4132794737815857
frame_000150.jpg,13,11,424.60544872283936,517.8213443756104,0.6986054182052612
frame_000150.jpg,13,12,432.5077157020569,518.1976428031921,0.7028012275695801
frame_000150.jpg,13,13,424.0410010814667,536.4481165409088,0.7695071697235107
frame_000150.jpg,13,14,433.82476019859314,533.6258783340454,0.6237797737121582
frame_000150.jpg,13,15,423.6647026538849,553.0052473545074,0.7811799049377441
frame_000150.jpg,13,16,435.5181031227112,536.8244149684906,0.527621865272522
frame_000150.jpg,14,0,604.4287719726562,737.2855057120323,0.7044206857681274
frame_000150.jpg,14,1,605.3475125630697,733.151172876358,0.6956102252006531
frame_000150.jpg,14,2,607.1849937438965,733.151172876358,0.5960853695869446
frame_000150.jpg,14,3,608.1037343343099,735.9073947668076,0.7503403425216675
frame_000150.jpg,14,4,615.4536590576172,735.4480244517326,0.6676926612854004
frame_000150.jpg,14,5,609.9412155151367,753.3634667396545,0.736024022102356
frame_000150.jpg,14,6,620.506732304891,753.3634667396545,0.6543735861778259
frame_000150.jpg,14,7,586.9727007548014,746.9322823286057,0.7299127578735352
frame_000150.jpg,14,8,614.9942887624105,780.9256856441498,0.3780614137649536
frame_000150.jpg,14,9,600.2944393157959,745.5541713833809,0.46203505992889404
frame_000150.jpg,14,10,604.4287719726562,795.1661654114723,0.2862640619277954
frame_000150.jpg,14,11,607.1849937438965,807.1097936034203,0.6099989414215088
frame_000150.jpg,14,12,615.4536590576172,806.6504232883453,0.5377079248428345
frame_000150.jpg,14,13,608.5631046295166,848.912492275238,0.6950821280479431
frame_000150.jpg,14,14,615.4536590576172,847.9937516450882,0.6265980005264282
frame_000150.jpg,14,15,616.8317699432373,889.337080001831,0.7123463749885559
frame_000150.jpg,14,16,619.1286214192709,886.5808581113815,0.7159589529037476
frame_000150.jpg,15,0,500.27486205101013,785.1425461769104,0.7273021340370178
frame_000150.jpg,15,1,507.271933555603,781.7385654449463,0.7182822227478027
frame_000150.jpg,15,2,499.51842188835144,779.4692449569702,0.7557859420776367
frame_000150.jpg,15,3,519.5640861988068,783.062335729599,0.6007857322692871
frame_000150.jpg,15,4,524.6700572967529,779.4692449569702,0.3418463468551636
frame_000150.jpg,15,5,505.569943189621,802.5406699180603,0.34420812129974365
frame_000150.jpg,15,6,526.7502677440643,796.6782586574554,0.2883455753326416
frame_000150.jpg,15,7,477.77076721191406,804.431770324707,0.36531853675842285
frame_000150.jpg,15,8,477.77076721191406,812.3743920326233,0.12526677548885345
frame_000150.jpg,15,9,477.77076721191406,846.6033093929291,0.20303523540496826
frame_000150.jpg,15,10,477.77076721191406,804.0535502433777,0.1604827493429184
frame_000150.jpg,15,11,507.6501536369324,846.6033093929291,0.2744297981262207
frame_000150.jpg,15,12,520.5096364021301,846.6033093929291,0.24592743813991547
frame_000150.jpg,15,13,477.77076721191406,846.6033093929291,0.3979702889919281
frame_000150.jpg,15,14,477.77076721191406,846.6033093929291,0.3807283639907837
frame_000150.jpg,15,15,477.77076721191406,846.6033093929291,0.31172382831573486
frame_000150.jpg,15,16,477.77076721191406,846.6033093929291,0.2650626599788666
frame_000150.jpg,16,0,472.8001432418823,812.9900417327881,0.6134185791015625
frame_000150.jpg,16,1,473.266797542572,810.3456673622131,0.6452581882476807
frame_000150.jpg,16,2,473.266797542572,809.4123587608337,0.585909366607666
frame_000150.jpg,16,3,476.5333776473999,815.1677618026733,0.6500368118286133
frame_000150.jpg,16,4,493.02182960510254,814.7011075019836,0.4402497410774231
frame_000150.jpg,16,5,484.7776036262512,844.1003284454346,0.36518698930740356
frame_000150.jpg,16,6,506.8659071922302,836.4783082008362,0.39323174953460693
frame_000150.jpg,16,7,461.2893371582031,864.477566242218,0.32239359617233276
frame_000150.jpg,16,8,520.8655362129211,864.477566242218,0.2721606492996216
frame_000150.jpg,16,9,461.2893371582031,864.477566242218,0.26676538586616516
frame_000150.jpg,16,10,461.2893371582031,864.477566242218,0.13317228853702545
frame_000150.jpg,16,11,520.8655362129211,864.477566242218,0.17887547612190247
frame_000150.jpg,16,12,500.021644115448,864.477566242218,0.17653805017471313
frame_000150.jpg,16,13,461.2893371582031,864.477566242218,0.23057952523231506
frame_000150.jpg,16,14,461.2893371582031,864.477566242218,0.1276579201221466
frame_000150.jpg,16,15,487.26642656326294,864.477566242218,0.1566675752401352
frame_000150.jpg,16,16,461.2893371582031,864.477566242218,0.18563802540302277
frame_000150.jpg,17,0,356.2774759928385,915.070666462183,0.45135951042175293
frame_000150.jpg,17,1,356.2774759928385,892.4460830688477,0.40258005261421204
frame_000150.jpg,17,2,355.79610188802087,892.4460830688477,0.3977866768836975
frame_000150.jpg,17,3,359.6470947265625,915.070666462183,0.481372594833374
frame_000150.jpg,17,4,361.0912170410156,892.4460830688477,0.4225184917449951
frame_000150.jpg,17,5,373.12556966145837,931.9187604784966,0.54430091381073
frame_000150.jpg,17,6,377.9393107096354,929.9932640194893,0.5485201478004456
frame_000150.jpg,17,7,379.86480712890625,962.245329707861,0.3553418517112732
frame_000150.jpg,17,8,388.529541015625,953.5805956423283,0.45255613327026367
frame_000150.jpg,17,9,359.6470947265625,992.5718989372253,0.26810944080352783
frame_000150.jpg,17,10,375.5324401855469,951.655099183321,0.2731930613517761
frame_000150.jpg,17,11,373.12556966145837,1003.6435035765171,0.4357725977897644
frame_000150.jpg,17,12,377.9393107096354,1001.7180071175098,0.4213603138923645
frame_000150.jpg,17,13,373.12556966145837,1053.2250373959541,0.577023983001709
frame_000150.jpg,17,14,374.5696919759115,1052.2622891664505,0.5233861207962036
frame_000150.jpg,17,15,375.05106608072913,1097.0300818383694,0.7044106721878052
frame_000150.jpg,17,16,375.05106608072913,1095.104585379362,0.5904044508934021
frame_000150.jpg,18,0,454.9152342478434,832.9992921352386,0.7580493688583374
frame_000150.jpg,18,1,453.9042053222656,830.9772343635559,0.6380454301834106
frame_000150.jpg,18,2,456.4317776362101,830.4717199206352,0.5307713747024536
frame_000150.jpg,18,3,454.9152342478434,832.9992921352386,0.7728991508483887
frame_000150.jpg,18,4,472.60824044545495,830.4717199206352,0.6860948801040649
frame_000150.jpg,18,5,456.937292098999,856.2529565095901,0.6627579927444458
frame_000150.jpg,18,6,479.6854429244995,850.6922976374626,0.696739912033081
frame_000150.jpg,18,7,445.31045945485437,885.0672797560692,0.6157206296920776
frame_000150.jpg,18,8,479.6854429244995,880.517649769783,0.48056918382644653
frame_000150.jpg,18,9,434.6946557362875,858.7805287241936,0.39294612407684326
frame_000150.jpg,18,10,470.0806681315104,872.4294186830521,0.2548014521598816
frame_000150.jpg,18,11,454.9152342478434,915.903660774231,0.6354005336761475
frame_000150.jpg,18,12,474.6302982966105,917.9257185459137,0.6102828979492188
frame_000150.jpg,18,13,437.22222805023193,951.7951862215996,0.6574846506118774
frame_000150.jpg,18,14,470.0806681315104,957.8613595366478,0.5935114622116089
frame_000150.jpg,18,15,450.8711185455322,996.7859716415405,0.6713640093803406
frame_000150.jpg,18,16,470.5861825942993,997.7970005273819,0.5699796080589294
frame_000150.jpg,19,0,604.2912391026815,736.4824763536453,0.6040382981300354
frame_000150.jpg,19,1,604.681681394577,732.5780532360077,0.542641282081604
frame_000150.jpg,19,2,610.1478734811147,733.3589378595352,0.443825900554657
frame_000150.jpg,19,3,605.4625659783682,735.7015917301178,0.713135838508606
frame_000150.jpg,19,4,619.1280461947123,735.311149418354,0.6005550622940063
frame_000150.jpg,19,5,609.3669888973236,752.4906111359596,0.6743744611740112
frame_000150.jpg,19,6,623.8133536974589,754.0523803830147,0.5896812677383423
frame_000150.jpg,19,7,586.3308936754862,747.4148610830307,0.6737455129623413
frame_000150.jpg,19,8,641.7736991246542,774.3553805947304,0.46643608808517456
frame_000150.jpg,19,9,597.6537201404572,746.2435341477394,0.4285339117050171
frame_000150.jpg,19,10,627.7177766164144,786.0686499476433,0.2541017532348633
frame_000150.jpg,19,11,607.0243351459503,805.9812078475952,0.5575124025344849
frame_000150.jpg,19,12,617.9567193190256,805.5907655358315,0.495478093624115
frame_000150.jpg,19,13,608.195662021637,845.8063236474991,0.6540385484695435
frame_000150.jpg,19,14,615.6140655676523,844.6349967122078,0.6017085313796997
frame_000150.jpg,19,15,617.1758347352346,886.0218817591667,0.6599636673927307
frame_000150.jpg,19,16,620.2993730703989,883.2887855768204,0.6322571039199829
frame_000155.jpg,0,0,663.8167830705643,558.4061938524246,0.767939567565918
frame_000155.jpg,0,1,661.5893726944923,556.8151864409447,0.5054893493652344
frame_000155.jpg,0,2,666.9987978935242,556.4969849586487,0.6704603433609009
frame_000155.jpg,0,3,659.0437608361244,559.3607982993126,0.8250776529312134
frame_000155.jpg,0,4,669.8626112341881,559.3607982993126,0.8562576770782471
frame_000155.jpg,0,5,653.3161341547966,574.3162679672241,0.8850083947181702
frame_000155.jpg,0,6,676.5448423624039,574.6344694495201,0.855603814125061
frame_000155.jpg,0,7,651.4069252610207,590.8627450466156,0.8211382627487183
frame_000155.jpg,0,8,681.9542675614357,592.4537524580956,0.8942669034004211
frame_000155.jpg,0,9,647.2703059911728,596.5903717279434,0.725496232509613
frame_000155.jpg,0,10,676.5448423624039,586.4079242944717,0.6428698301315308
frame_000155.jpg,0,11,657.1345519423485,606.4546176791191,0.7844915986061096
frame_000155.jpg,0,12,669.2262082695961,607.0910206437111,0.7800595760345459
frame_000155.jpg,0,13,657.7709549069405,628.4105199575424,0.7814038991928101
frame_000155.jpg,0,14,666.6805964112282,633.5017436742783,0.7872997522354126
frame_000155.jpg,0,15,657.4527534246445,647.1844074130058,0.7567033767700195
frame_000155.jpg,0,16,663.8167830705643,661.1852726340294,0.8535841107368469
frame_000155.jpg,1,0,704.5927886962891,671.4393615722656,0.8976930379867554
frame_000155.jpg,1,1,707.7596168518066,668.272533416748,0.872746467590332
frame_000155.jpg,1,2,704.5927886962891,668.7249374389648,0.851244330406189
frame_000155.jpg,1,3,717.7125053405762,670.534553527832,0.9026168584823608
frame_000155.jpg,1,4,708.6644248962402,671.4393615722656,0.6582173109054565
frame_000155.jpg,1,5,716.8076972961426,689.9879264831543,0.6600470542907715
frame_000155.jpg,1,6,706.4024047851562,686.8210983276367,0.8022633790969849
frame_000155.jpg,1,7,715.902889251709,691.7975425720215,0.3487164378166199
frame_000155.jpg,1,8,690.5682640075684,689.0831184387207,0.6874856948852539
frame_000155.jpg,1,9,715.4504852294922,689.5355224609375,0.32794564962387085
frame_000155.jpg,1,10,685.5918197631836,688.1783103942871,0.6115944981575012
frame_000155.jpg,1,11,714.5456771850586,748.3480453491211,0.6830003261566162
frame_000155.jpg,1,12,704.1403846740723,747.4432373046875,0.6736051440238953
frame_000155.jpg,1,13,714.0932731628418,787.2547912597656,0.7621459364891052
frame_000155.jpg,1,14,704.5927886962891,786.8023872375488,0.7562546730041504
frame_000155.jpg,1,15,714.9980812072754,824.351921081543,0.8162641525268555
frame_000155.jpg,1,16,710.9264450073242,822.089900970459,0.7703126668930054
frame_000155.jpg,2,0,184.54483222961426,537.0983054637909,0.8391764163970947
frame_000155.jpg,2,1,183.81307911872864,534.903046131134,0.5999166369438171
frame_000155.jpg,2,2,186.0083384513855,535.1469638347626,0.6953037977218628
frame_000155.jpg,2,3,180.15431356430054,537.3422231674194,0.8505865931510925
frame_000155.jpg,2,4,187.95968008041382,537.586140871048,0.840164303779602
frame_000155.jpg,2,5,174.54420638084412,549.0502729415894,0.8404370546340942
frame_000155.jpg,2,6,193.08195185661316,550.269861459732,0.8384207487106323
frame_000155.jpg,2,7,168.20234608650208,563.6853351593018,0.8616197109222412
frame_000155.jpg,2,8,195.7650465965271,565.8805944919586,0.8613717555999756
frame_000155.jpg,2,9,176.73946571350098,562.2218289375305,0.6789654493331909
frame_000155.jpg,2,10,191.13061022758484,561.977911233902,0.5839412808418274
frame_000155.jpg,2,11,179.42256045341492,578.3203973770142,0.7463387250900269
frame_000155.jpg,2,12,189.42318630218506,578.3203973770142,0.7344741821289062
frame_000155.jpg,2,13,180.88606667518616,598.565566778183,0.8192394375801086
frame_000155.jpg,2,14,192.35019874572754,597.8338136672974,0.8052235841751099
frame_000155.jpg,2,15,181.86173748970032,619.2985715866089,0.797061562538147
frame_000155.jpg,2,16,187.47184467315674,602.7121677398682,0.6891950368881226
frame_000155.jpg,3,0,322.249807993571,881.362605214119,0.583130419254303
frame_000155.jpg,3,1,321.54227447509766,879.2400047779083,0.538364827632904
frame_000155.jpg,3,2,324.3724085489909,878.5324712991714,0.5399714708328247
frame_000155.jpg,3,3,318.00460688273114,882.7776721715927,0.6561902761459351
frame_000155.jpg,3,4,335.69294484456384,879.2400047779083,0.6049389839172363
frame_000155.jpg,3,5,321.54227447509766,906.8338104486465,0.6675843000411987
frame_000155.jpg,3,6,351.25868225097656,904.7112100124359,0.64962238073349
frame_000155.jpg,3,7,285.458065032959,918.8618795871735,0.7121642827987671
frame_000155.jpg,3,8,341.3532129923502,934.4276161193848,0.3744411766529083
frame_000155.jpg,3,9,303.1464029947917,911.0790113210678,0.4997645318508148
frame_000155.jpg,3,10,318.00460688273114,913.2016117572784,0.332657128572464
frame_000155.jpg,3,11,335.69294484456384,995.2754952907562,0.5552132725715637
frame_000155.jpg,3,12,355.5038833618164,991.7378278970718,0.5350257754325867
frame_000155.jpg,3,13,341.3532129923502,1062.4911757707596,0.646078884601593
frame_000155.jpg,3,14,348.42854817708337,1059.661041855812,0.5986756086349487
frame_000155.jpg,3,15,342.7682800292969,1126.8767223358154,0.7344428300857544
frame_000155.jpg,3,16,351.96621576944983,1119.8013875484467,0.6702392101287842
frame_000155.jpg,4,0,133.32333898544312,536.9830937385559,0.7886649370193481
frame_000155.jpg,4,1,132.63928985595703,535.6149954795837,0.5454964637756348
frame_000155.jpg,4,2,134.23540449142456,535.8430118560791,0.7458484172821045
frame_000155.jpg,4,3,126.938880443573,537.8951592445374,0.7776874303817749
frame_000155.jpg,4,4,134.0073881149292,537.4391264915466,0.8268235921859741
frame_000155.jpg,4,5,122.37855291366577,549.9800271987915,0.857567310333252
frame_000155.jpg,4,6,137.42763376235962,548.1558961868286,0.7866615056991577
frame_000155.jpg,4,7,121.23847103118896,564.1170425415039,0.7755296230316162
frame_000155.jpg,4,8,138.33969926834106,560.2407641410828,0.761152982711792
frame_000155.jpg,4,9,128.30697870254517,564.80109167099,0.48824405670166016
frame_000155.jpg,4,10,147.23233795166016,564.80109167099,0.7512274980545044
frame_000155.jpg,4,11,129.44706058502197,574.3777794837952,0.730613648891449
frame_000155.jpg,4,12,139.9358139038086,572.7816648483276,0.7024126052856445
frame_000155.jpg,4,13,134.46342086791992,595.5833024978638,0.6623892784118652
frame_000155.jpg,4,14,144.49614143371582,595.3552861213684,0.8101474046707153
frame_000155.jpg,4,15,131.27119159698486,602.1957774162292,0.6833186745643616
frame_000155.jpg,4,16,146.77630519866943,616.560809135437,0.8497265577316284
frame_000155.jpg,5,0,527.0114847819011,843.9563632011414,0.7290136814117432
frame_000155.jpg,5,1,519.5945790608723,839.3921136856079,0.4551551938056946
frame_000155.jpg,5,2,533.2873280843098,841.103707253933,0.5318126082420349
frame_000155.jpg,5,3,516.171391805013,843.3858320116997,0.7625383734703064
frame_000155.jpg,5,4,537.2810465494792,846.2384879589081,0.7930006980895996
frame_000155.jpg,5,5,496.20279947916663,863.3544236421585,0.7634789943695068
frame_000155.jpg,5,6,542.4158274332683,873.0534538626671,0.807490885257721
frame_000155.jpg,5,7,459.11827087402344,865.6365483999252,0.7362526655197144
frame_000155.jpg,5,8,546.4095458984375,908.996918797493,0.6620369553565979
frame_000155.jpg,5,9,433.4443664550781,854.7964558005333,0.7598100900650024
frame_000155.jpg,5,10,545.2684834798176,940.3761342167854,0.40655070543289185
frame_000155.jpg,5,11,497.3438618977865,935.2413535118103,0.6431419849395752
frame_000155.jpg,5,12,526.4409535725911,938.6645406484604,0.6293153762817383
frame_000155.jpg,5,13,472.81101989746094,984.8775669932365,0.7114483118057251
frame_000155.jpg,5,14,529.2936096191406,996.2881907820702,0.5191792845726013
frame_000155.jpg,5,15,456.8361460367838,1035.0843116641045,0.7861047983169556
frame_000155.jpg,5,16,531.5757344563801,1047.6359978318214,0.43564069271087646
frame_000155.jpg,6,0,547.8828659057617,765.6776542663574,0.6916618347167969
frame_000155.jpg,6,1,550.1847019195557,762.2249002456665,0.6832919120788574
frame_000155.jpg,6,2,550.568341255188,762.6085395812988,0.6099268794059753
frame_000155.jpg,6,3,552.8701772689819,764.5267362594604,0.7526501417160034
frame_000155.jpg,6,4,564.3793573379517,763.3758182525635,0.663312554359436
frame_000155.jpg,6,5,563.2284393310547,788.6960144042969,0.6643118858337402
frame_000155.jpg,6,6,564.762996673584,782.941424369812,0.5465052127838135
frame_000155.jpg,6,7,568.2157506942749,818.2362432479858,0.6790481805801392
frame_000155.jpg,6,8,563.2284393310547,811.7143745422363,0.369876503944397
frame_000155.jpg,6,9,545.1973905563354,819.0035219192505,0.6773405075073242
frame_000155.jpg,6,10,544.4301118850708,818.6198825836182,0.2501305937767029
frame_000155.jpg,6,11,561.6938819885254,840.1036853790283,0.5145972371101379
frame_000155.jpg,6,12,557.4738492965698,837.0345706939697,0.38226383924484253
frame_000155.jpg,6,13,559.7756853103638,878.0839796066284,0.4922789931297302
frame_000155.jpg,6,14,555.5556526184082,876.9330615997314,0.4029318690299988
frame_000155.jpg,6,15,559.3920459747314,923.3534212112427,0.42859140038490295
frame_000155.jpg,6,16,557.0902099609375,923.3534212112427,0.39535844326019287
frame_000155.jpg,7,0,553.9456221461296,491.6165423691273,0.7746670246124268
frame_000155.jpg,7,1,553.753748456637,490.6571739464998,0.5504211187362671
frame_000155.jpg,7,2,555.2887379725775,490.8490476310253,0.60906982421875
frame_000155.jpg,7,3,551.259390493234,492.38403710722923,0.7369848489761353
frame_000155.jpg,7,4,557.7830959359804,492.7677844762802,0.7639347314834595
frame_000155.jpg,7,5,547.9975377718607,502.5533423870802,0.7336633205413818
frame_000155.jpg,7,6,561.0449486573538,503.51271080970764,0.7603453397750854
frame_000155.jpg,7,7,546.2706745664278,513.6820160895586,0.668280303478241
frame_000155.jpg,7,8,565.0742961366972,514.641384512186,0.773268461227417
frame_000155.jpg,7,9,543.5844429135323,514.4495108276606,0.4147600531578064
frame_000155.jpg,7,10,557.7830959359804,514.2576371431351,0.5467237234115601
frame_000155.jpg,7,11,550.3000220457712,524.2350687384605,0.667436957359314
frame_000155.jpg,7,12,558.3587170044581,524.6188161075115,0.6845076084136963
frame_000155.jpg,7,13,548.3812851508459,545.1493003517389,0.7367737293243408
frame_000155.jpg,7,14,559.7018328309059,543.0386898219585,0.6873128414154053
frame_000155.jpg,7,15,547.038169324398,563.569174066186,0.7344071865081787
frame_000155.jpg,7,16,563.3474329312643,554.5511108934879,0.6397786140441895
frame_000155.jpg,8,0,372.17344947655994,496.0218407958746,0.6656513214111328
frame_000155.jpg,8,1,368.7805754542351,494.9504069238901,0.42902350425720215
frame_000155.jpg,8,2,374.31631728013355,495.1289792358875,0.6050920486450195
frame_000155.jpg,8,3,367.5305692354838,496.73613004386425,0.8051276803016663
frame_000155.jpg,8,4,375.2091788649559,496.0218407958746,0.8597241640090942
frame_000155.jpg,8,5,363.95912289619446,507.09332413971424,0.8116286993026733
frame_000155.jpg,8,6,379.13776983817417,506.02189026772976,0.7999586462974548
frame_000155.jpg,8,7,361.9948274095853,519.4148136675358,0.6758260726928711
frame_000155.jpg,8,8,386.2806625167529,515.4862228035927,0.6874861717224121
frame_000155.jpg,8,9,362.7091166774432,527.8077123314142,0.44560950994491577
frame_000155.jpg,8,10,387.3520964185397,518.7005244195461,0.5442254543304443
frame_000155.jpg,8,11,368.2448585033417,529.7720077633858,0.7108743190765381
frame_000155.jpg,8,12,376.45918508370715,529.414863139391,0.7047224044799805
frame_000155.jpg,8,13,365.7448460658391,549.7721067070961,0.7409908771514893
frame_000155.jpg,8,14,378.06633593638736,547.8078112751245,0.7430167198181152
frame_000155.jpg,8,15,366.63770765066147,550.4863959550858,0.5347094535827637
frame_000155.jpg,8,16,377.70919130245846,566.2007594108582,0.8136774897575378
frame_000155.jpg,9,0,422.81948216756183,481.6722749322653,0.7408674955368042
frame_000155.jpg,9,1,421.62890275319415,480.6801254451275,0.5585989356040955
frame_000155.jpg,9,2,425.5975008010864,481.0769852399826,0.6331402063369751
frame_000155.jpg,9,3,420.2398934364319,481.87070482969284,0.8184143304824829
frame_000155.jpg,9,4,427.38336992263794,481.87070482969284,0.8186279535293579
frame_000155.jpg,9,5,417.2634449005127,491.5937698036432,0.7450080513954163
frame_000155.jpg,9,6,430.35981845855713,492.1890594959259,0.7338037490844727
frame_000155.jpg,9,7,415.4775757789612,502.3089842647314,0.6592340469360352
frame_000155.jpg,9,8,432.9394071896871,503.3011337518692,0.6702126860618591
frame_000155.jpg,9,9,418.45402431488037,509.6508904695511,0.37726929783821106
frame_000155.jpg,9,10,430.35981845855713,510.84146985411644,0.35486042499542236
frame_000155.jpg,9,11,420.0414635340373,512.0320492386818,0.6598188877105713
frame_000155.jpg,9,12,427.38336992263794,512.2304791361094,0.6604900360107422
frame_000155.jpg,9,13,420.4383233388265,529.6923101097345,0.711298406124115
frame_000155.jpg,9,14,425.2006409962972,525.9221420586109,0.6779502630233765
frame_000155.jpg,9,15,422.0257625579834,548.3447204679251,0.693198561668396
frame_000155.jpg,9,16,427.58179982503253,539.4153750836849,0.6639432907104492
frame_000155.jpg,10,0,605.926231543223,735.2618953585625,0.688133180141449
frame_000155.jpg,10,1,606.8467257817587,731.5799185633659,0.6936177015304565
frame_000155.jpg,10,2,608.6877142588297,731.1196714639664,0.5832480788230896
frame_000155.jpg,10,3,609.1479613780975,735.722142457962,0.7417380809783936
frame_000155.jpg,10,4,616.5119152863821,734.8016482591629,0.6590753793716431
frame_000155.jpg,10,5,610.5287027359009,752.751285135746,0.737080454826355
frame_000155.jpg,10,6,620.1938922405243,752.751285135746,0.6625816226005554
frame_000155.jpg,10,7,587.9765938917795,745.8475786447525,0.7371619939804077
frame_000155.jpg,10,8,615.5914210478464,780.8263581991196,0.4131772816181183
frame_000155.jpg,10,9,598.5622776349386,743.5463431477547,0.49009010195732117
frame_000155.jpg,10,10,602.2442545890808,795.0940182805061,0.31196388602256775
frame_000155.jpg,10,11,607.7672200202942,806.1399486660957,0.6213479042053223
frame_000155.jpg,10,12,616.0516681671143,805.2194544672966,0.5458693504333496
frame_000155.jpg,10,13,609.1479613780975,848.4826818108559,0.7066384553909302
frame_000155.jpg,10,14,616.0516681671143,847.5621876120567,0.6355652213096619
frame_000155.jpg,10,15,618.3529037634531,888.0639323592186,0.7315306067466736
frame_000155.jpg,10,16,620.6541393597921,885.7626968622208,0.7219060659408569
frame_000155.jpg,11,0,500.38200145959854,784.9184488654137,0.7204396724700928
frame_000155.jpg,11,1,506.7232129573822,781.4596062302589,0.7188618779182434
frame_000155.jpg,11,2,499.80552768707275,779.7301849126816,0.7140986919403076
frame_000155.jpg,11,3,520.3664255738258,782.996869623661,0.5939830541610718
frame_000155.jpg,11,4,524.7860578298569,779.9223428368568,0.34462469816207886
frame_000155.jpg,11,5,505.7624233365059,802.9812937378883,0.4038654863834381
frame_000155.jpg,11,6,528.8213742375374,797.4087139368057,0.3271075487136841
frame_000155.jpg,11,7,478.28384017944336,806.2479784488678,0.3769991099834442
frame_000155.jpg,11,8,478.28384017944336,812.973505795002,0.14121733605861664
frame_000155.jpg,11,9,478.28384017944336,846.7933004498482,0.1954454481601715
frame_000155.jpg,11,10,478.28384017944336,828.1539818048477,0.138620525598526
frame_000155.jpg,11,11,512.1036348342896,846.7933004498482,0.2829468846321106
frame_000155.jpg,11,12,522.0958468914032,846.7933004498482,0.2592197358608246
frame_000155.jpg,11,13,478.28384017944336,846.7933004498482,0.41194963455200195
frame_000155.jpg,11,14,478.28384017944336,846.7933004498482,0.3770134150981903
frame_000155.jpg,11,15,478.28384017944336,846.7933004498482,0.324046790599823
frame_000155.jpg,11,16,478.28384017944336,846.7933004498482,0.28436094522476196
frame_000155.jpg,12,0,349.27905201911926,511.53378063440323,0.8399660587310791
frame_000155.jpg,12,1,348.7459173798561,511.0006459951401,0.5293763279914856
frame_000155.jpg,12,2,349.4567635655403,511.3560690879822,0.6353370547294617
frame_000155.jpg,12,3,346.08024418354034,512.7777614593506,0.81999671459198
frame_000155.jpg,12,4,353.1887060403824,512.7777614593506,0.8213601112365723
frame_000155.jpg,12,5,342.1705901622772,523.0850311517715,0.781910240650177
frame_000155.jpg,12,6,357.63149470090866,522.9073196053505,0.750143826007843
frame_000155.jpg,12,7,339.50491696596146,535.8802624940872,0.6983256340026855
frame_000155.jpg,12,8,364.20682191848755,533.2145892977715,0.6316629648208618
frame_000155.jpg,12,9,341.99287861585617,538.1905125975609,0.5061566233634949
frame_000155.jpg,12,10,356.7429369688034,533.0368777513504,0.3813405930995941
frame_000155.jpg,12,11,345.72482109069824,547.0760899186134,0.714003324508667
frame_000155.jpg,12,12,353.72184067964554,547.0760899186134,0.7142424583435059
frame_000155.jpg,12,13,343.0591478943825,564.6695330142975,0.764083981513977
frame_000155.jpg,12,14,352.65557140111923,564.6695330142975,0.719244122505188
frame_000155.jpg,12,15,347.14651346206665,561.4707251787186,0.6518237590789795
frame_000155.jpg,12,16,352.30014830827713,582.4406876564026,0.7296112179756165
frame_000155.jpg,13,0,505.06496596336365,948.0833840370178,0.7720729112625122
frame_000155.jpg,13,1,506.7612614631653,944.1253612041473,0.7125982046127319
frame_000155.jpg,13,2,506.19582962989807,943.5599293708801,0.7015277147293091
frame_000155.jpg,13,3,512.9810116291046,950.3451113700867,0.8057325482368469
frame_000155.jpg,13,4,530.5093984603882,949.7796795368195,0.5540333390235901
frame_000155.jpg,13,5,528.8131029605865,978.05127120018,0.7384982109069824
frame_000155.jpg,13,6,507.3266932964325,971.8315210342407,0.7274654507637024
frame_000155.jpg,13,7,537.8600122928619,1010.2808856964111,0.7082935571670532
frame_000155.jpg,13,8,505.63039779663086,1002.3648400306702,0.5154330730438232
frame_000155.jpg,13,9,532.2056939601898,1042.5105001926422,0.5984064340591431
frame_000155.jpg,13,10,499.4106476306915,1032.8981590270996,0.38450887799263
frame_000155.jpg,13,11,521.4624891281128,1039.117909193039,0.6304295063018799
frame_000155.jpg,13,12,506.7612614631653,1036.85618185997,0.6204771995544434
frame_000155.jpg,13,13,513.5464434623718,1084.352455854416,0.7449643611907959
frame_000155.jpg,13,14,511.8501479625702,1078.6981375217438,0.49611765146255493
frame_000155.jpg,13,15,520.8970572948456,1136.3721845149994,0.7379796504974365
frame_000155.jpg,13,16,518.6353299617767,1125.6289796829224,0.6224883794784546
frame_000155.jpg,14,0,547.8475770950317,924.406534910202,0.7874002456665039
frame_000155.jpg,14,1,549.591355919838,920.3377176523209,0.6856645345687866
frame_000155.jpg,14,2,549.591355919838,921.5002368688583,0.6613727807998657
frame_000155.jpg,14,3,557.7289904356003,923.8252753019333,0.7391282320022583
frame_000155.jpg,14,4,553.6601731777191,922.6627560853958,0.5918214917182922
frame_000155.jpg,14,5,579.8168555498123,950.5632172822952,0.729759931564331
frame_000155.jpg,14,6,553.6601731777191,947.0756596326828,0.6676571369171143
frame_000155.jpg,14,7,601.3234610557556,989.5076110363007,0.7563611268997192
frame_000155.jpg,14,8,551.3351347446442,982.5324957370758,0.5036381483078003
frame_000155.jpg,14,9,574.0042594671249,1015.6642934083939,0.7060400247573853
frame_000155.jpg,14,10,543.7787598371506,1007.5266588926315,0.4737463593482971
frame_000155.jpg,14,11,568.1916633844376,1023.2206683158875,0.5836241245269775
frame_000155.jpg,14,12,551.9163943529129,1020.8956298828125,0.5519970655441284
frame_000155.jpg,14,13,558.310250043869,1081.92788875103,0.7152091264724731
frame_000155.jpg,14,14,554.2414327859879,1078.4403311014175,0.6502678394317627
frame_000155.jpg,14,15,565.8666249513626,1136.5662919282913,0.7959384918212891
frame_000155.jpg,14,16,557.7289904356003,1129.0099170207977,0.7622724771499634
frame_000155.jpg,15,0,-8.601530075073242,1033.5523109436035,0.7644553780555725
frame_000155.jpg,15,1,-4.358668804168701,1027.1880190372467,0.8295619487762451
frame_000155.jpg,15,2,-8.601530075073242,1025.7737319469452,0.6377061605453491
frame_000155.jpg,15,3,19.68421173095703,1028.6023061275482,0.8680753707885742
frame_000155.jpg,15,4,29.584221363067627,1024.3594448566437,0.60715252161026
frame_000155.jpg,15,5,23.927073001861572,1070.3237752914429,0.6530667543411255
frame_000155.jpg,15,6,51.50567126274109,1054.7666172981262,0.6587799787521362
frame_000155.jpg,15,7,4.834197282791138,1094.3666558265686,0.46400415897369385
frame_000155.jpg,15,8,45.848522901535034,1116.9952492713928,0.3533702492713928
frame_000155.jpg,15,9,8.369915008544922,1069.6166317462921,0.24944238364696503
frame_000155.jpg,15,10,18.977068185806274,1164.3738667964935,0.21778497099876404
frame_000155.jpg,15,11,28.169934272766113,1200.4381875991821,0.5150177478790283
frame_000155.jpg,15,12,52.212814807891846,1195.4881827831268,0.4757270812988281
frame_000155.jpg,15,13,33.11993908882141,1269.0311114788055,0.492479145526886
frame_000155.jpg,15,14,52.9199583530426,1268.3239679336548,0.5639775991439819
frame_000155.jpg,15,15,25.341360092163086,1269.7382550239563,0.34339427947998047
frame_000155.jpg,15,16,55.74853253364563,1272.5668292045593,0.37120234966278076
frame_000155.jpg,16,0,474.6014251112938,812.3963817358017,0.5355303883552551
frame_000155.jpg,16,1,475.3863750696182,808.9426019191742,0.6391310691833496
frame_000155.jpg,16,2,476.32831501960754,807.3727020025253,0.47444769740104675
frame_000155.jpg,16,3,478.8401548862457,813.4953116774559,0.657838761806488
frame_000155.jpg,16,4,496.423033952713,812.5533717274666,0.4287561774253845
frame_000155.jpg,16,5,487.78858441114426,842.381470143795,0.36906903982162476
frame_000155.jpg,16,6,508.1972833275795,835.1599305272102,0.3342649042606354
frame_000155.jpg,16,7,464.3970756530762,863.4181290268898,0.263108491897583
frame_000155.jpg,16,8,524.5242424607277,863.4181290268898,0.27994921803474426
frame_000155.jpg,16,9,464.3970756530762,863.4181290268898,0.2741365134716034
frame_000155.jpg,16,10,464.3970756530762,863.4181290268898,0.18037623167037964
frame_000155.jpg,16,11,524.5242424607277,863.4181290268898,0.17675909399986267
frame_000155.jpg,16,12,464.3970756530762,863.4181290268898,0.16760659217834473
frame_000155.jpg,16,13,464.3970756530762,863.4181290268898,0.2084076851606369
frame_000155.jpg,16,14,489.04450434446335,863.4181290268898,0.12169621884822845
frame_000155.jpg,16,15,489.3584843277931,863.4181290268898,0.15307840704917908
frame_000155.jpg,16,16,464.3970756530762,863.4181290268898,0.1694994419813156
frame_000155.jpg,17,0,456.39900191624963,834.6815524101257,0.6965304017066956
frame_000155.jpg,17,1,455.4686121940613,832.8207728862762,0.5602753162384033
frame_000155.jpg,17,2,457.7945864995321,832.3555780053139,0.4415959119796753
frame_000155.jpg,17,3,456.39900191624963,834.6815524101257,0.7350596785545349
frame_000155.jpg,17,4,474.54160149892175,830.9599933624268,0.6227400302886963
frame_000155.jpg,17,5,457.7945864995321,856.5457118153572,0.6302046775817871
frame_000155.jpg,17,6,481.05432955423987,849.5677886009216,0.6324523687362671
frame_000155.jpg,17,7,445.23432524998987,883.9922097921371,0.6169630289077759
frame_000155.jpg,17,8,481.05432955423987,880.2706507444382,0.3977329730987549
frame_000155.jpg,17,9,447.09510469436646,857.476101577282,0.31595227122306824
frame_000155.jpg,17,10,470.35484774907434,875.6187019348145,0.19348523020744324
frame_000155.jpg,17,11,458.72497622172034,913.7646821737289,0.5905545949935913
frame_000155.jpg,17,12,478.26316038767493,915.6254616975784,0.5505259037017822
frame_000155.jpg,17,13,439.65198691686,951.4454675316811,0.6306558847427368
frame_000155.jpg,17,14,474.54160149892175,955.16702657938,0.5345112085342407
frame_000155.jpg,17,15,452.67744302749634,994.2433965802193,0.6127761602401733
frame_000155.jpg,17,16,477.3327706654867,994.7085914611816,0.5317922830581665
frame_000155.jpg,18,0,363.18687438964844,927.2344512939453,0.5125174522399902
frame_000155.jpg,18,1,364.14615631103516,925.3158874511719,0.44204872846603394
frame_000155.jpg,18,2,364.14615631103516,925.3158874511719,0.43286454677581787
frame_000155.jpg,18,3,370.3814888000488,926.2751693725586,0.5231812000274658
frame_000155.jpg,18,4,371.34077072143555,927.7140922546387,0.4464215040206909
frame_000155.jpg,18,5,374.2186164855957,932.9901428222656,0.49017322063446045
frame_000155.jpg,18,6,383.8114356994629,932.0308609008789,0.46753042936325073
frame_000155.jpg,18,7,378.0557441711426,967.5242919921875,0.346265971660614
frame_000155.jpg,18,8,388.6078453063965,954.0943450927734,0.3798399567604065
frame_000155.jpg,18,9,362.2275924682617,934.4290657043457,0.2802807092666626
frame_000155.jpg,18,10,368.94256591796875,936.3476295471191,0.2782481610774994
frame_000155.jpg,18,11,378.53538513183594,998.7009544372559,0.46435877680778503
frame_000155.jpg,18,12,381.89287185668945,997.2620315551758,0.43225008249282837
frame_000155.jpg,18,13,376.13718032836914,1051.4614601135254,0.6174576878547668
frame_000155.jpg,18,14,376.6168212890625,1050.5021781921387,0.5253899097442627
frame_000155.jpg,18,15,376.6168212890625,1096.0680694580078,0.6995453834533691
frame_000155.jpg,18,16,376.6168212890625,1094.1495056152344,0.5692248344421387
frame_000180.jpg,0,0,183.2874962488811,114.77033340930939,0.9682912826538086
frame_000180.jpg,0,1,194.29411284128832,101.92928099632263,0.9925397634506226
frame_000180.jpg,0,2,181.45306015014648,101.92928099632263,1.0235159397125244
frame_000180.jpg,0,3,241.98945140838623,103.76371705532074,0.9571548700332642
frame_000180.jpg,0,4,205.30072943369555,112.93589735031128,0.7060499787330627
frame_000180.jpg,0,5,341.04900074005127,155.12792670726776,0.845134973526001
frame_000180.jpg,0,6,197.96298503875732,182.64446759223938,0.9602310657501221
frame_000180.jpg,0,7,421.76418908437097,245.01529359817505,0.9493074417114258
frame_000180.jpg,0,8,185.12193234761548,263.3596541881561,0.9980440139770508
frame_000180.jpg,0,9,372.23441441853845,182.64446759223938,0.9392158389091492
frame_000180.jpg,0,10,247.49275970458984,234.0086772441864,0.869794487953186
frame_000180.jpg,0,11,363.0622339248657,388.10130620002747,0.8141984939575195
frame_000180.jpg,0,12,276.8437372843425,395.4390504360199,0.7955189943313599
frame_000180.jpg,0,13,370.39997831980384,514.6773942708969,0.917504072189331
frame_000180.jpg,0,14,197.96298503875732,518.3462663888931,0.9845146536827087
frame_000180.jpg,0,15,429.1019334793091,698.1210001707077,1.0643730163574219
frame_000180.jpg,0,16,249.32719580332446,679.7766395807266,1.0109376907348633
frame_000210.jpg,0,0,170.36417293548584,158.72653007507324,1.0153930187225342
frame_000210.jpg,0,1,176.6219663619995,144.64649486541748,1.0183875560760498
frame_000210.jpg,0,2,171.92862129211426,146.2109432220459,0.8925188779830933
frame_000210.jpg,0,3,203.21758842468262,149.33983993530273,1.0266646146774292
frame_000210.jpg,0,4,204.78203678131104,150.90428829193115,0.5856906771659851
frame_000210.jpg,0,5,284.56890296936035,211.91777420043945,0.8910336494445801
frame_000210.jpg,0,6,212.60427856445312,211.91777420043945,0.8583391904830933
frame_000210.jpg,0,7,347.14683723449707,291.70464038848877,0.9620588421821594
frame_000210.jpg,0,8,261.1021776199341,294.8335371017456,0.6854193210601807
frame_000210.jpg,0,9,264.2310743331909,329.2514009475708,0.9288718700408936
frame_000210.jpg,0,10,234.50655555725098,360.54036808013916,0.5518933534622192
frame_000210.jpg,0,11,295.5200414657593,418.4249572753906,0.7968412041664124
frame_000210.jpg,0,12,231.37765884399414,415.2960605621338,0.7814042568206787
frame_000210.jpg,0,13,287.6977996826172,552.9675159454346,0.9446998834609985
frame_000210.jpg,0,14,182.87975978851318,516.985203742981,0.9362546801567078
frame_000210.jpg,0,15,297.0844898223877,685.9456262588501,0.9343689680099487
frame_000210.jpg,0,16,243.89324569702148,660.9144525527954,0.9201689958572388
frame_000240.jpg,0,0,183.8701672554016,126.30492448806763,0.986278772354126
frame_000240.jpg,0,1,193.04878950119019,115.59653186798096,0.9305205345153809
frame_000240.jpg,0,2,186.9297080039978,112.53699111938477,0.9482038021087646
frame_000240.jpg,0,3,217.52511548995972,124.77515411376953,1.1015903949737549
frame_000240.jpg,0,4,229.76327848434448,126.30492448806763,0.7583736777305603
frame_000240.jpg,0,5,234.35258960723877,189.02550983428955,0.8845263719558716
frame_000240.jpg,0,6,245.06098222732544,190.55528020858765,0.810901403427124
frame_000240.jpg,0,7,245.06098222732544,274.6926507949829,0.9249039888381958
frame_000240.jpg,0,8,264.9479970932007,288.46058416366577,0.6893163919448853
frame_000240.jpg,0,9,163.98315238952637,286.9308137893677,0.9024011492729187
frame_000240.jpg,0,10,231.29304885864258,371.06818437576294,0.42296385765075684
frame_000240.jpg,0,11,235.88235998153687,378.7170362472534,0.7898300886154175
frame_000240.jpg,0,12,235.88235998153687,378.7170362472534,0.7416017055511475
frame_000240.jpg,0,13,185.3999376296997,498.0391254425049,0.8679378032684326
frame_000240.jpg,0,14,220.5846562385559,510.27728843688965,0.8448077440261841
frame_000240.jpg,0,15,281.77547121047974,631.1291480064392,0.8976178169250488
frame_000240.jpg,0,16,245.06098222732544,655.6054739952087,0.9441456198692322
frame_000270.jpg,0,0,183.348493417104,81.30727088451385,0.8924106955528259
frame_000270.jpg,0,1,197.16664807001757,69.21638584136963,0.9095048308372498
frame_000270.jpg,0,2,186.8030320803325,67.48911654949188,0.9528018832206726
frame_000270.jpg,0,3,231.71203470230103,84.76180946826935,0.9754424095153809
frame_000270.jpg,0,4,238.6211120287577,83.0345401763916,0.6516704559326172
frame_000270.jpg,0,5,250.711997350057,145.21623468399048,0.9205918312072754
frame_000270.jpg,0,6,240.34838136037195,157.3071197271347,0.7988913059234619
frame_000270.jpg,0,7,247.2574586868286,243.67058432102203,0.9181168079376221
frame_000270.jpg,0,8,254.16653601328528,278.21597015857697,0.719337522983551
frame_000270.jpg,0,9,166.07580010096234,279.9432394504547,0.9445997476577759
frame_000270.jpg,0,10,188.53030141194654,324.8522410392761,0.7802186012268066
frame_000270.jpg,0,11,267.98469066619873,354.2158190011978,0.8193591833114624
frame_000270.jpg,0,12,271.4392293294271,355.94308829307556,0.7814215421676636
frame_000270.jpg,0,13,221.34841871261597,480.3064773082733,0.9485519528388977
frame_000270.jpg,0,14,252.43926668167114,502.760978102684,0.8254028558731079
frame_000270.jpg,0,15,273.16649866104126,658.2152143716812,0.9429750442504883
frame_000270.jpg,0,16,299.0755386352539,661.6697529554367,0.9147045612335205
frame_000300.jpg,0,0,186.56265195210767,72.93483233451843,0.9823002815246582
frame_000300.jpg,0,1,199.23460865020752,60.26287508010864,0.9554263353347778
frame_000300.jpg,0,2,188.37293148040771,62.07315468788147,0.9420419931411743
frame_000300.jpg,0,3,235.4401992162068,67.50399351119995,1.039591670036316
frame_000300.jpg,0,4,239.06075827280688,74.74511194229126,0.6216186285018921
frame_000300.jpg,0,5,253.54299449920654,130.8637797832489,0.9462361335754395
frame_000300.jpg,0,6,235.4401992162068,148.96657586097717,0.8029983639717102
frame_000300.jpg,0,7,296.98970317840576,232.23943781852722,0.9493948221206665
frame_000300.jpg,0,8,264.40467166900635,259.39363193511963,0.7279955744743347
frame_000300.jpg,0,9,219.14768346150709,304.6506221294403,0.9647408723831177
frame_000300.jpg,0,10,224.578522046407,331.8048162460327,0.7400305867195129
frame_000300.jpg,0,11,295.17942365010583,349.907612323761,0.8134353160858154
frame_000300.jpg,0,12,277.0766283671061,353.52817153930664,0.7643172740936279
frame_000300.jpg,0,13,273.4560693105062,501.97109937667847,0.8835426568984985
frame_000300.jpg,0,14,266.2149511973064,505.5916585922241,0.851250410079956
frame_000300.jpg,0,15,336.815852801005,684.809339761734,0.9550015926361084
frame_000300.jpg,0,16,304.2308212916056,673.947662115097,0.9565039873123169
frame_000330.jpg,0,0,192.40311749776208,138.60830783843994,0.830328643321991
frame_000330.jpg,0,1,200.66033172607422,130.35109400749207,0.8332056999206543
frame_000330.jpg,0,2,195.7060031890869,128.6996512413025,0.7317090630531311
frame_000330.jpg,0,3,227.08341725667321,133.65397953987122,1.0089136362075806
frame_000330.jpg,0,4,258.4608313242594,140.25975060462952,0.7483919858932495
frame_000330.jpg,0,5,184.14590326944983,188.1515908241272,0.8345314264297485
frame_000330.jpg,0,6,316.2613309224446,209.62034678459167,0.7969346642494202
frame_000330.jpg,0,7,116.43674659729004,300.4496989250183,0.8339182138442993
frame_000330.jpg,0,8,347.638744990031,321.9184548854828,0.855586051940918
frame_000330.jpg,0,9,151.11704635620117,280.6323857307434,0.6494481563568115
frame_000330.jpg,0,10,266.71804555257154,302.1011416912079,0.5522135496139526
frame_000330.jpg,0,11,243.5978457132975,422.6564636230469,0.6820346117019653
frame_000330.jpg,0,12,319.56421661376953,422.6564636230469,0.7012284994125366
frame_000330.jpg,0,13,220.47764587402344,584.4978547096252,0.7945913672447205
frame_000330.jpg,0,14,321.2156594594319,563.0290987491608,0.7972770929336548
frame_000330.jpg,0,15,309.6555595397949,729.8248181343079,0.8598332405090332
frame_000330.jpg,0,16,387.27337328592944,729.8248181343079,0.8582545518875122
frame_000360.jpg,0,0,190.50172805786133,198.84231758117676,0.5926759243011475
frame_000360.jpg,0,1,198.01161130269367,191.3324339389801,0.6159157752990723
frame_000360.jpg,0,2,198.01161130269367,198.84231758117676,0.5036656856536865
frame_000360.jpg,0,3,214.5333544413249,194.33638739585876,0.8210221529006958
frame_000360.jpg,0,4,264.0985838572184,197.34034085273743,0.7488195896148682
frame_000360.jpg,0,5,170.97603162129718,233.38778233528137,0.7177444100379944
frame_000360.jpg,0,6,306.15393002827966,251.41150307655334,0.7986122369766235
frame_000360.jpg,0,7,118.4068489074707,272.439177274704,0.7787876129150391
frame_000360.jpg,0,8,385.75869242350257,341.5301067829132,0.8209459781646729
frame_000360.jpg,0,9,184.49382146199542,294.96882820129395,0.5449591875076294
frame_000360.jpg,0,10,435.3239218393961,388.09138536453247,0.655113160610199
frame_000360.jpg,0,11,167.97207832336426,442.1625475883484,0.6924527883529663
frame_000360.jpg,0,12,259.592653910319,446.6684777736664,0.6972143650054932
frame_000360.jpg,0,13,106.39103571573895,562.3206858634949,0.8396013379096985
frame_000360.jpg,0,14,318.16974322001136,581.8463833332062,0.815893828868866
frame_000360.jpg,0,15,67.33964284261071,720.0282423496246,0.8729811906814575
frame_000360.jpg,0,16,378.2488091786703,732.0440561771393,0.8393425941467285
frame_000390.jpg,0,0,174.51136207580566,138.76277577877045,0.9480407238006592
frame_000390.jpg,0,1,184.50587272644043,128.7682648897171,0.9186128377914429
frame_000390.jpg,0,2,179.50861740112305,128.7682648897171,0.9076203107833862
frame_000390.jpg,0,3,214.48940467834473,140.42852759361267,0.9171527624130249
frame_000390.jpg,0,4,204.49489402770996,142.0942794084549,0.7293584942817688
frame_000390.jpg,0,5,271.12496503194166,210.39010381698608,0.8521113395690918
frame_000390.jpg,0,6,189.5031280517578,202.06134474277496,0.8215279579162598
frame_000390.jpg,0,7,322.76327006022143,290.34619092941284,0.9387605786323547
frame_000390.jpg,0,8,139.53057479858398,213.72160744667053,0.9370410442352295
frame_000390.jpg,0,9,257.79895083109545,325.32697904109955,0.9152511358261108
frame_000390.jpg,0,10,212.8236529032389,212.0558556318283,0.8098478317260742
frame_000390.jpg,0,11,232.81267420450854,403.6173143386841,0.804057776927948
frame_000390.jpg,0,12,216.15515645345056,403.6173143386841,0.7503420114517212
frame_000390.jpg,0,13,211.15790112813318,540.2089631557465,0.8831747770309448
frame_000390.jpg,0,14,206.1606458028158,540.2089631557465,0.8175973892211914
frame_000390.jpg,0,15,251.13594373067212,693.4581301212311,0.9642678499221802
frame_000390.jpg,0,16,291.1139863332112,666.8061010837555,0.888771653175354
frame_000420.jpg,0,0,192.17186991373694,124.56056797504425,0.9451808929443359
frame_000420.jpg,0,1,200.14983876546228,111.7958174943924,0.9365078806877136
frame_000420.jpg,0,2,195.36305745442712,111.7958174943924,0.9456737041473389
frame_000420.jpg,0,3,225.67933909098315,119.7737865447998,0.9960278272628784
frame_000420.jpg,0,4,240.03968302408862,121.36938035488129,0.6575548052787781
frame_000420.jpg,0,5,246.42205810546875,182.0019451379776,0.9083724021911621
frame_000420.jpg,0,6,255.99562072753906,188.38432037830353,0.7948824167251587
frame_000420.jpg,0,7,220.892557779948,277.7375737428665,0.9146027565002441
frame_000420.jpg,0,8,252.80443318684888,311.24504375457764,0.751618504524231
frame_000420.jpg,0,9,142.7084630330404,290.5023242235184,0.921241283416748
frame_000420.jpg,0,10,177.81152598063147,341.5613261461258,0.8169679641723633
frame_000420.jpg,0,11,265.5691833496094,384.6423590183258,0.8067057132720947
frame_000420.jpg,0,12,263.9735895792644,384.6423590183258,0.7774569988250732
frame_000420.jpg,0,13,196.9586512247721,512.2898638248444,0.9454507231712341
frame_000420.jpg,0,14,206.5322138468424,512.2898638248444,0.799667239189148
frame_000420.jpg,0,15,240.03968302408862,670.2536510229111,0.9283926486968994
frame_000420.jpg,0,16,267.16477711995435,654.2977129220963,0.9177792072296143
frame_000450.jpg,0,0,262.8429400126139,-12.167715311050415,0.5629460215568542
frame_000450.jpg,0,1,268.37893168131507,-23.239698886871338,0.5187827348709106
frame_000450.jpg,0,2,262.8429400126139,-21.394368290901184,0.5043889880180359
frame_000450.jpg,0,3,296.05889002482104,-25.08502948284149,0.5098811388015747
frame_000450.jpg,0,4,340.3468233744304,4.440260052680969,0.43526965379714966
frame_000450.jpg,0,5,323.7388483683269,8.130921244621277,0.7836485505104065
frame_000450.jpg,0,6,362.4907900492351,30.274888396263123,0.6483371257781982
frame_000450.jpg,0,7,249.9256261189779,139.1493935585022,0.8339074850082397
frame_000450.jpg,0,8,347.72814559936523,188.97331964969635,0.6809841990470886
frame_000450.jpg,0,9,176.1124038696289,205.58129501342773,0.835817813873291
frame_000450.jpg,0,10,253.6162872314453,277.54918825626373,0.7757859230041504
frame_000450.jpg,0,11,406.7787233988445,257.25055170059204,0.7455893754959106
frame_000450.jpg,0,12,406.7787233988445,262.7865434885025,0.6849808692932129
frame_000450.jpg,0,13,382.7894261678059,451.0102642774582,0.8275437355041504
frame_000450.jpg,0,14,408.6240539550781,458.3915866613388,0.635743260383606
frame_000450.jpg,0,15,430.7680206298828,685.3672499656677,0.8648462891578674
frame_000450.jpg,0,16,430.7680206298828,685.3672499656677,0.6333139538764954
frame_000480.jpg,0,0,347.0840495427449,103.18626761436462,0.8938307762145996
frame_000480.jpg,0,1,354.27193228403735,88.81050276756287,0.8971271514892578
frame_000480.jpg,0,2,348.8810202280681,88.81050276756287,0.8234280347824097
frame_000480.jpg,0,3,392.008316675822,87.01353216171265,0.9756574630737305
frame_000480.jpg,0,4,402.7901407877605,88.81050276756287,0.6517019271850586
frame_000480.jpg,0,5,357.86587365468336,151.70447397232056,0.79129558801651
frame_000480.jpg,0,6,409.97802352905273,149.90750336647034,0.5581341981887817
frame_000480.jpg,0,7,320.1294892628988,286.47726941108704,0.8351227641105652
frame_000480.jpg,0,8,325.52040131886804,277.49241638183594,0.4386413097381592
frame_000480.jpg,0,9,296.76887035369873,345.7772994041443,0.7937437295913696
frame_000480.jpg,0,10,323.7234306335449,342.18335819244385,0.43494081497192383
frame_000480.jpg,0,11,408.18105284372973,392.49853515625,0.6203986406326294
frame_000480.jpg,0,12,411.77499421437574,401.4833881855011,0.5144745111465454
frame_000480.jpg,0,13,347.0840495427449,582.9774193763733,0.769458532333374
frame_000480.jpg,0,14,365.0537563959758,566.8046839237213,0.41239792108535767
frame_000480.jpg,0,15,399.19619941711426,678.2168614864349,0.8015213012695312
frame_000480.jpg,0,16,399.19619941711426,701.5774793624878,0.5079796314239502
frame_000510.jpg,0,0,192.33766174316406,271.494225025177,0.8385529518127441
frame_000510.jpg,0,1,197.54422283172607,266.287663936615,0.9039249420166016
frame_000510.jpg,0,2,192.33766174316406,267.5893042087555,0.6819596886634827
frame_000510.jpg,0,3,218.37046718597412,270.1925847530365,0.9189380407333374
frame_000510.jpg,0,4,254.8163948059082,271.494225025177,0.7761222124099731
frame_000510.jpg,0,5,180.62289929389954,314.4483540058136,0.8158788681030273
frame_000510.jpg,0,6,297.7705237865448,318.3532748222351,0.8134204149246216
frame_000510.jpg,0,7,140.27205085754395,348.2910010814667,0.86369788646698
frame_000510.jpg,0,8,362.85253739356995,393.8484106063843,0.7819029092788696
frame_000510.jpg,0,9,181.92453956604004,341.78279972076416,0.579425573348999
frame_000510.jpg,0,10,397.9968247413635,415.9762952327728,0.8695654273033142
frame_000510.jpg,0,11,239.19671154022217,495.3763518333435,0.6585347652435303
frame_000510.jpg,0,12,296.4688835144043,492.7730712890625,0.670269250869751
frame_000510.jpg,0,13,224.87866854667664,616.4288971424103,0.8007042407989502
frame_000510.jpg,0,14,289.9606821537018,595.6026527881622,0.8159433603286743
frame_000510.jpg,0,15,289.9606821537018,707.5437161922455,0.8310055732727051
frame_000510.jpg,0,16,315.99348759651184,717.9568383693695,0.761022686958313
frame_000540.jpg,0,0,184.80449930826825,254.9983491897583,0.8193149566650391
frame_000540.jpg,0,1,195.8740234375,249.46358680725098,0.8457798957824707
frame_000540.jpg,0,2,183.42080879211426,248.07989621162415,0.8951615691184998
frame_000540.jpg,0,3,222.16414324442547,264.6841833591461,0.9283498525619507
frame_000540.jpg,0,4,184.80449930826825,260.5331115722656,0.7298288345336914
frame_000540.jpg,0,5,252.60533459981286,306.19490122795105,0.8347256183624268
frame_000540.jpg,0,6,175.11866569519043,300.6601388454437,0.8637420535087585
frame_000540.jpg,0,7,314.8714078267416,340.7871661186218,0.9625985622406006
frame_000540.jpg,0,8,144.67747433980304,248.07989621162415,1.035383701324463
frame_000540.jpg,0,9,263.67485872904456,356.00776267051697,0.8742562532424927
frame_000540.jpg,0,10,140.52640279134113,188.5812005996704,1.115365982055664
frame_000540.jpg,0,11,247.0705725351969,451.4824137687683,0.8286362886428833
frame_000540.jpg,0,12,213.86200014750165,458.40086674690247,0.7997450232505798
frame_000540.jpg,0,13,253.9890251159668,551.1081366539001,0.8796563148498535
frame_000540.jpg,0,14,200.0250949859619,566.3287332057953,0.9351227879524231
frame_000540.jpg,0,15,306.56926472981775,674.2565996646881,1.059300184249878
frame_000540.jpg,0,16,229.0825958251953,675.6402902603149,0.993464469909668
frame_000570.jpg,0,0,193.82152462005615,267.64940667152405,0.9404833912849426
frame_000570.jpg,0,1,204.38257670402527,261.7821555137634,0.917483389377594
frame_000570.jpg,0,2,197.34187531471252,260.6087052822113,0.9870868921279907
frame_000570.jpg,0,3,229.02503156661987,272.34320759773254,1.1141607761383057
frame_000570.jpg,0,4,225.5046808719635,274.6901080608368,0.7252258658409119
frame_000570.jpg,0,5,258.361287355423,329.8422689437866,0.9036399126052856
frame_000570.jpg,0,6,210.2498278617859,339.2298707962036,0.8260725736618042
frame_000570.jpg,0,7,271.26923990249634,399.07583260536194,0.9245177507400513
frame_000570.jpg,0,8,223.15778040885925,404.94308376312256,0.6337680220603943
frame_000570.jpg,0,9,207.90292739868164,407.2899842262268,0.8592226505279541
frame_000570.jpg,0,10,185.60737299919128,419.02448654174805,0.7373160719871521
frame_000570.jpg,0,11,256.0143868923187,467.13594603538513,0.7802474498748779
frame_000570.jpg,0,12,234.8922827243805,467.13594603538513,0.7605990171432495
frame_000570.jpg,0,13,212.59672832489014,557.4916138648987,0.8858529329299927
frame_000570.jpg,0,14,213.77017855644226,559.8385143280029,0.8026940822601318
frame_000570.jpg,0,15,265.4019887447357,671.3162863254547,0.9407263994216919
frame_000570.jpg,0,16,225.5046808719635,663.1021347045898,0.9161421060562134
