frame_name,frame_index,time_sec,person_id,keypoint_id,x,y,confidence
frame_000001,1,0.0,0,0,316.713360786438,55.59508514404297,0.9449911117553711
frame_000001,1,0.0,0,1,321.42097091674805,50.88747501373291,0.9784603714942932
frame_000001,1,0.0,0,2,315.14415740966797,51.67207670211792,0.9618625044822693
frame_000001,1,0.0,0,3,337.11300468444824,54.02588176727295,0.9478931427001953
frame_000001,1,0.0,0,4,319.851767539978,56.37968683242798,0.7306519746780396
frame_000001,1,0.0,0,5,360.65105533599854,80.70233917236328,0.9313523173332214
frame_000001,1,0.0,0,6,319.851767539978,83.84074592590332,0.9370189905166626
frame_000001,1,0.0,0,7,370.06627559661865,120.71702527999878,0.9569082260131836
frame_000001,1,0.0,0,8,316.713360786438,118.36322021484375,0.8864418268203735
frame_000001,1,0.0,0,9,335.5438013076782,117.57861852645874,0.7592164874076843
frame_000001,1,0.0,0,10,293.9599118232727,125.42463541030884,0.8594435453414917
frame_000001,1,0.0,0,11,349.6666316986084,157.59330463409424,0.7519930601119995
frame_000001,1,0.0,0,12,325.3439793586731,156.80870294570923,0.7608233690261841
frame_000001,1,0.0,0,13,322.99017429351807,205.45400762557983,0.6544727087020874
frame_000001,1,0.0,0,14,305.72893714904785,207.02321100234985,0.6815667748451233
frame_000001,1,0.0,0,15,337.11300468444824,193.6849822998047,0.4679551422595978
frame_000001,1,0.0,0,16,337.11300468444824,261.1607275009155,0.4558861255645752
frame_000002,2,0.03333333333333333,0,0,315.4225317637126,56.31461143493652,0.9354428052902222
frame_000002,2,0.03333333333333333,0,1,320.0640303293864,51.673113107681274,0.9243706464767456
frame_000002,2,0.03333333333333333,0,2,313.8753655751546,52.446696162223816,0.9363323450088501
frame_000002,2,0.03333333333333333,0,3,335.5356922149658,54.76744532585144,0.9268535375595093
frame_000002,2,0.03333333333333333,0,4,317.7432810465495,57.088194489479065,0.7357901334762573
frame_000002,2,0.03333333333333333,0,5,358.74318504333496,81.06926918029785,0.9171762466430664
frame_000002,2,0.03333333333333333,0,6,320.0640303293864,84.93718445301056,0.896334707736969
frame_000002,2,0.03333333333333333,0,7,359.5167681376139,121.29558801651001,0.9382196068763733
frame_000002,2,0.03333333333333333,0,8,316.9696979522705,115.88050663471222,0.8570988774299622
frame_000002,2,0.03333333333333333,0,9,328.5734443664551,115.88050663471222,0.7336522340774536
frame_000002,2,0.03333333333333333,0,10,296.0829544067383,125.93708634376526,0.8411933779716492
frame_000002,2,0.03333333333333333,0,11,350.23377100626624,155.33324241638184,0.7244517803192139
frame_000002,2,0.03333333333333333,0,12,325.47911198933923,154.5596593618393,0.7286750078201294
frame_000002,2,0.03333333333333333,0,13,332.44135983785,205.61614096164703,0.6207454204559326
frame_000002,2,0.03333333333333333,0,14,301.4980360666911,203.2953917980194,0.5872117280960083
frame_000002,2,0.03333333333333333,0,15,346.36585553487146,192.46522903442383,0.5580253005027771
frame_000002,2,0.03333333333333333,0,16,343.2715231577555,182.4086493253708,0.5005426406860352
frame_000003,3,0.06666666666666667,0,0,313.8855228424072,52.92227649688721,0.9545888900756836
frame_000003,3,0.06666666666666667,0,1,318.4513216018677,48.35647761821747,0.9133987426757812
frame_000003,3,0.06666666666666667,0,2,313.12455638249713,49.11744409799576,0.9838541150093079
frame_000003,3,0.06666666666666667,0,3,335.1925837198893,50.63937705755234,0.9336287975311279
frame_000003,3,0.06666666666666667,0,4,316.16842222213745,53.6832429766655,0.7792731523513794
frame_000003,3,0.06666666666666667,0,5,356.49964459737146,77.27320384979248,0.9088355898857117
frame_000003,3,0.06666666666666667,0,6,320.7342209815979,82.59996920824051,0.8574497699737549
frame_000003,3,0.06666666666666667,0,7,351.17287937800086,117.60442727804184,0.8892695307731628
frame_000003,3,0.06666666666666667,0,8,316.16842222213745,111.51669543981552,0.8298275470733643
frame_000003,3,0.06666666666666667,0,9,315.40745576222736,104.66799712181091,0.7693475484848022
frame_000003,3,0.06666666666666667,0,10,297.90522718429565,122.93119263648987,0.8036197423934937
frame_000003,3,0.06666666666666667,0,11,349.6509464581808,151.0869523882866,0.7569977045059204
frame_000003,3,0.06666666666666667,0,12,325.30001974105835,149.56501942873,0.7472444772720337
frame_000003,3,0.06666666666666667,0,13,338.23644955952966,210.4423378109932,0.7611945867538452
frame_000003,3,0.06666666666666667,0,14,299.4271601041158,189.13527637720108,0.6272923946380615
frame_000003,3,0.06666666666666667,0,15,350.4119129180908,260.6661254763603,0.8761554956436157
frame_000003,3,0.06666666666666667,0,16,343.56321477890015,192.17914229631424,0.5453459620475769
frame_000004,4,0.1,0,0,313.77141102155053,46.339390099048615,0.9710615873336792
frame_000004,4,0.1,0,1,318.50132044156396,41.609480798244476,0.9519580006599426
frame_000004,4,0.1,0,2,312.9830927848816,41.609480798244476,0.9921007752418518
frame_000004,4,0.1,0,3,335.0560034116109,43.186117231845856,0.9759595394134521
frame_000004,4,0.1,0,4,316.13636573155725,46.339390099048615,0.784316897392273
frame_000004,4,0.1,0,5,354.76395932833356,70.77725481987,0.92288738489151
frame_000004,4,0.1,0,6,320.8662751515707,74.71884590387344,0.8779799342155457
frame_000004,4,0.1,0,7,346.8807769616445,108.6165292263031,0.9015761613845825
frame_000004,4,0.1,0,8,321.6545933882395,105.46325635910034,0.8111006617546082
frame_000004,4,0.1,0,9,312.19477454821265,94.42680132389069,0.8550068140029907
frame_000004,4,0.1,0,10,301.94663747151696,117.28802961111069,0.783353865146637
frame_000004,4,0.1,0,11,349.2457316716512,146.4558036327362,0.793647050857544
frame_000004,4,0.1,0,12,326.38450280825293,144.09084898233414,0.780316174030304
frame_000004,4,0.1,0,13,346.0924587249756,207.1563063263893,0.8415830135345459
frame_000004,4,0.1,0,14,298.7933645248413,186.66003268957138,0.7280681133270264
frame_000004,4,0.1,0,15,357.12891403834027,257.60867220163345,0.9183161854743958
frame_000004,4,0.1,0,16,336.63263988494873,189.81330555677414,0.6159076690673828
frame_000005,5,0.13333333333333333,0,0,314.0006715456645,39.595661878585815,0.9574405550956726
frame_000005,5,0.13333333333333333,0,1,318.59206501642865,34.239036440849304,0.9318728446960449
frame_000005,5,0.13333333333333333,0,2,313.2354393005371,34.239036440849304,0.9903212785720825
frame_000005,5,0.13333333333333333,0,3,334.66194216410315,37.299965262413025,1.0252540111541748
frame_000005,5,0.13333333333333333,0,4,316.29636828104657,40.360894083976746,0.7268507480621338
frame_000005,5,0.13333333333333333,0,5,353.79274829228723,64.84832465648651,0.889307975769043
frame_000005,5,0.13333333333333333,0,6,323.1834584871928,68.67448568344116,0.8632144331932068
frame_000005,5,0.13333333333333333,0,7,342.3142646153768,102.34470272064209,0.8976309299468994
frame_000005,5,0.13333333333333333,0,8,324.7139229774475,100.0490061044693,0.7905912399291992
frame_000005,5,0.13333333333333333,0,9,308.64404582977295,86.27482640743256,0.8862512111663818
frame_000005,5,0.13333333333333333,0,10,309.4092780749003,110.76225697994232,0.7565881609916687
frame_000005,5,0.13333333333333333,0,11,350.7318193117777,139.84108078479767,0.7598879337310791
frame_000005,5,0.13333333333333333,0,12,326.2443874677022,139.07584857940674,0.7522448301315308
frame_000005,5,0.13333333333333333,0,13,353.0275160471598,201.824889421463,0.8531572222709656
frame_000005,5,0.13333333333333333,0,14,301.7569556236267,182.69408428668976,0.8133232593536377
frame_000005,5,0.13333333333333333,0,15,361.4450707435608,251.56498277187347,0.9017924070358276
frame_000005,5,0.13333333333333333,0,16,342.3142646153768,211.00767588615417,0.7774169445037842
frame_000006,6,0.16666666666666666,0,0,313.03191685676575,35.75255060195923,0.9721962213516235
frame_000006,6,0.16666666666666666,0,1,317.69795405864716,30.419936656951904,0.9315873384475708
frame_000006,6,0.16666666666666666,0,2,313.03191685676575,30.419936656951904,1.0330476760864258
frame_000006,6,0.16666666666666666,0,3,333.6957958936691,31.753090143203735,1.0087361335754395
frame_000006,6,0.16666666666666666,0,4,316.3648005723953,34.4193971157074,0.633673906326294
frame_000006,6,0.16666666666666666,0,5,353.0265214443207,59.08273661136627,0.857795774936676
frame_000006,6,0.16666666666666666,0,6,322.36399126052856,63.74877381324768,0.8424273729324341
frame_000006,6,0.16666666666666666,0,7,339.02840983867645,97.07761096954346,0.8713604211807251
frame_000006,6,0.16666666666666666,0,8,327.6966052055359,95.07788074016571,0.7281856536865234
frame_000006,6,0.16666666666666666,0,9,307.6993029117584,81.07976913452148,0.8701845407485962
frame_000006,6,0.16666666666666666,0,10,312.36534011363983,103.74337840080261,0.7673421502113342
frame_000006,6,0.16666666666666666,0,11,349.6936377286911,134.40590858459473,0.7338657975196838
frame_000006,6,0.16666666666666666,0,12,326.36345171928406,133.7393318414688,0.7234069108963013
frame_000006,6,0.16666666666666666,0,13,355.69282841682434,195.06439220905304,0.8218259811401367
frame_000006,6,0.16666666666666666,0,14,306.3661494255066,182.39943408966064,0.7900698184967041
frame_000006,6,0.16666666666666666,0,15,366.358056306839,245.72422468662262,0.9278637170791626
frame_000006,6,0.16666666666666666,0,16,339.69498658180237,222.39403867721558,0.7749510407447815
frame_000007,7,0.2,0,0,313.78515577316284,32.903146386146545,0.9480291604995728
frame_000007,7,0.2,0,1,318.6014943122864,26.481361508369446,0.9338446259498596
frame_000007,7,0.2,0,2,312.179709593455,28.08680772781372,1.0199404954910278
frame_000007,7,0.2,0,3,333.8532330195109,28.889530837535858,1.0010571479797363
frame_000007,7,0.2,0,4,316.1933250427246,30.494977056980133,0.6973298192024231
frame_000007,7,0.2,0,5,353.921310265859,56.18211656808853,0.9055374264717102
frame_000007,7,0.2,0,6,321.00966358184814,63.40662455558777,0.8964091539382935
frame_000007,7,0.2,0,7,341.07774082819617,94.71282583475113,0.8598577380180359
frame_000007,7,0.2,0,8,323.4178328514099,95.51554894447327,0.7223487496376038
frame_000007,7,0.2,0,9,304.9552017847697,80.26380985975266,0.9082710146903992
frame_000007,7,0.2,0,10,312.179709593455,101.13461071252823,0.6848267316818237
frame_000007,7,0.2,0,11,349.90769481658936,129.22991955280304,0.774337887763977
frame_000007,7,0.2,0,12,325.8260021209717,130.03264266252518,0.7643067836761475
frame_000007,7,0.2,0,13,359.5403718948364,190.2368758916855,0.8384077548980713
frame_000007,7,0.2,0,14,310.57426341374713,181.40692168474197,0.7522064447402954
frame_000007,7,0.2,0,15,370.7784951527914,240.005708694458,0.8744332790374756
frame_000007,7,0.2,0,16,332.24778683980304,232.78120070695877,0.8579881191253662
frame_000008,8,0.23333333333333334,0,0,314.25384187698364,31.728122234344482,0.8990833759307861
frame_000008,8,0.23333333333333334,0,1,318.24718856811523,26.137436866760254,0.8841073513031006
frame_000008,8,0.23333333333333334,0,2,312.656503200531,26.137436866760254,0.9455161690711975
frame_000008,8,0.23333333333333334,0,3,335.0192446708679,28.53344488143921,0.9326254725456238
frame_000008,8,0.23333333333333334,0,4,316.6498498916626,30.929452896118164,0.6527794599533081
frame_000008,8,0.23333333333333334,0,5,354.18730878829956,55.68820238113403,0.8746914267539978
frame_000008,8,0.23333333333333334,0,6,320.6431965827942,63.67489576339722,0.8609218001365662
frame_000008,8,0.23333333333333334,0,7,343.8046073913574,95.62166929244995,0.8404576778411865
frame_000008,8,0.23333333333333334,0,8,318.24718856811523,98.81634664535522,0.6773812174797058
frame_000008,8,0.23333333333333334,0,9,307.0658178329468,85.23896789550781,0.8308508396148682
frame_000008,8,0.23333333333333334,0,10,307.8644871711731,98.0176773071289,0.6764523983001709
frame_000008,8,0.23333333333333334,0,11,348.59662342071533,128.367112159729,0.7409752607345581
frame_000008,8,0.23333333333333334,0,12,326.2338819503784,129.96445083618164,0.741101086139679
frame_000008,8,0.23333333333333334,0,13,351.7913007736206,192.26065921783447,0.7650694251060486
frame_000008,8,0.23333333333333334,0,14,317.4485192298889,188.26731252670288,0.7574307918548584
frame_000008,8,0.23333333333333334,0,15,376.5500502586365,232.9927954673767,0.8344483375549316
frame_000008,8,0.23333333333333334,0,16,332.62323665618896,245.7715048789978,0.8168057203292847
frame_000009,9,0.26666666666666666,0,0,314.30332374572754,36.28283500671387,0.8668380379676819
frame_000009,9,0.26666666666666666,0,1,318.95599937438965,30.854713439941406,0.8848913908004761
frame_000009,9,0.26666666666666666,0,2,313.5278778076172,31.630159378051758,0.8797255754470825
frame_000009,9,0.26666666666666666,0,3,335.24036407470703,32.40560531616211,0.9636706113815308
frame_000009,9,0.26666666666666666,0,4,317.40510749816895,36.28283500671387,0.6536643505096436
frame_000009,9,0.26666666666666666,0,5,354.6265125274658,59.546213150024414,0.8766850233078003
frame_000009,9,0.26666666666666666,0,6,322.8332290649414,67.30067253112793,0.8352706432342529
frame_000009,9,0.26666666666666666,0,7,346.09660720825195,99.09395599365234,0.8572169542312622
frame_000009,9,0.26666666666666666,0,8,326.71045875549316,100.64484786987305,0.6810196042060852
frame_000009,9,0.26666666666666666,0,9,313.5278778076172,93.66583442687988,0.8450204133987427
frame_000009,9,0.26666666666666666,0,10,312.75243186950684,101.4202938079834,0.7340397834777832
frame_000009,9,0.26666666666666666,0,11,349.19839096069336,132.43813133239746,0.7163146734237671
frame_000009,9,0.26666666666666666,0,12,327.4859046936035,132.43813133239746,0.7160282135009766
frame_000009,9,0.26666666666666666,0,13,345.3211612701416,195.24925231933594,0.7787531614303589
frame_000009,9,0.26666666666666666,0,14,324.3841209411621,193.69836044311523,0.7400476932525635
frame_000009,9,0.26666666666666666,0,15,379.44078254699707,225.49164390563965,0.8332751989364624
frame_000009,9,0.26666666666666666,0,16,329.81224250793457,254.18314361572266,0.8509826064109802
frame_000010,10,0.3,0,0,316.3124599456787,41.9672737121582,0.8551849126815796
frame_000010,10,0.3,0,1,320.99319648742676,36.50641441345215,0.8520625829696655
frame_000010,10,0.3,0,2,315.5323371887207,37.286537170410156,0.8542070984840393
frame_000010,10,0.3,0,3,337.3757743835449,38.066659927368164,0.9762845039367676
frame_000010,10,0.3,0,4,316.3124599456787,42.74739646911621,0.6935716867446899
frame_000010,10,0.3,0,5,355.3185977935791,65.37095642089844,0.8750715255737305
frame_000010,10,0.3,0,6,322.5534420013428,71.6119384765625,0.8360005617141724
frame_000010,10,0.3,0,7,348.29749298095703,105.93733978271484,0.8873206377029419
frame_000010,10,0.3,0,8,325.6739330291748,105.93733978271484,0.7142717242240906
frame_000010,10,0.3,0,9,313.1919689178467,103.59697151184082,0.8293337821960449
frame_000010,10,0.3,0,10,309.29135513305664,107.49758529663086,0.6468753814697266
frame_000010,10,0.3,0,11,348.29749298095703,137.14225006103516,0.7199048399925232
frame_000010,10,0.3,0,12,327.2341785430908,137.14225006103516,0.7110595703125
frame_000010,10,0.3,0,13,339.71614265441895,200.3321933746338,0.7607160806655884
frame_000010,10,0.3,0,14,323.3335647583008,197.99182510375977,0.7423723936080933
frame_000010,10,0.3,0,15,379.50240325927734,217.49489402770996,0.8499037027359009
frame_000010,10,0.3,0,16,330.35466957092285,257.28115463256836,0.8873350620269775
frame_000011,11,0.3333333333333333,0,0,315.3522958755493,47.4274924993515,0.8632758855819702
frame_000011,11,0.3333333333333333,0,1,320.0752477645874,43.49169945716858,0.8569637537002563
frame_000011,11,0.3333333333333333,0,2,314.5651372273763,43.49169945716858,0.8279904723167419
frame_000011,11,0.3333333333333333,0,3,336.6055793762207,44.278858065605164,0.9628928303718567
frame_000011,11,0.3333333333333333,0,4,317.71377182006836,47.4274924993515,0.6956419348716736
frame_000011,11,0.3333333333333333,0,5,356.284545580546,71.82940936088562,0.8678169846534729
frame_000011,11,0.3333333333333333,0,6,323.2238823572795,74.97804379463196,0.8408463001251221
frame_000011,11,0.3333333333333333,0,7,353.923069636027,112.76165699958801,0.8757621645927429
frame_000011,11,0.3333333333333333,0,8,327.94683424631756,109.61302256584167,0.7297751903533936
frame_000011,11,0.3333333333333333,0,9,318.5009304682414,113.5488156080246,0.6998140811920166
frame_000011,11,0.3333333333333333,0,10,309.0550266901652,114.33597421646118,0.7101920247077942
frame_000011,11,0.3333333333333333,0,11,347.62580045064294,142.67368412017822,0.7354456782341003
frame_000011,11,0.3333333333333333,0,12,326.3725169499715,142.67368412017822,0.7246260046958923
frame_000011,11,0.3333333333333333,0,13,334.24410343170166,205.64637279510498,0.736452043056488
frame_000011,11,0.3333333333333333,0,14,317.71377182006836,203.28489696979523,0.7405985593795776
frame_000011,11,0.3333333333333333,0,15,373.6020358403524,210.3693244457245,0.813536524772644
frame_000011,11,0.3333333333333333,0,16,331.0954688390096,259.1731581687927,0.8470884561538696
frame_000012,12,0.36666666666666664,0,0,315.84196980794275,54.329968214035034,0.8709585666656494
frame_000012,12,0.36666666666666664,0,1,320.58994801839196,49.581989765167236,0.8576882481575012
frame_000012,12,0.36666666666666664,0,2,315.0506401062012,49.581989765167236,0.8535793423652649
frame_000012,12,0.36666666666666664,0,3,335.6252123514811,50.3733195066452,0.9937670230865479
frame_000012,12,0.36666666666666664,0,4,316.6332995096842,53.53863847255707,0.7262240648269653
frame_000012,12,0.36666666666666664,0,5,355.40845489501953,78.86119019985199,0.8566085696220398
frame_000012,12,0.36666666666666664,0,6,322.172607421875,81.23517942428589,0.8537296652793884
frame_000012,12,0.36666666666666664,0,7,359.36510340372723,120.8016664981842,0.8955984115600586
frame_000012,12,0.36666666666666664,0,8,323.75526682535804,114.47102856636047,0.7288032174110413
frame_000012,12,0.36666666666666664,0,9,326.12925593058264,127.13230443000793,0.6832079887390137
frame_000012,12,0.36666666666666664,0,10,303.9720242818197,116.84501779079437,0.7873144745826721
frame_000012,12,0.36666666666666664,0,11,346.7038281758626,150.08086693286896,0.727969229221344
frame_000012,12,0.36666666666666664,0,12,324.5465965270996,150.08086693286896,0.7235900163650513
frame_000012,12,0.36666666666666664,0,13,326.9205856323242,208.63926780223846,0.6912750601768494
frame_000012,12,0.36666666666666664,0,14,313.46798070271814,205.4739488363266,0.7382928729057312
frame_000012,12,0.36666666666666664,0,15,366.4870707194011,205.4739488363266,0.7885370254516602
frame_000012,12,0.36666666666666664,0,16,334.8338826497396,260.0757009983063,0.7882757186889648
frame_000013,13,0.4,0,0,313.26464462280273,59.110371470451355,0.928452730178833
frame_000013,13,0.4,0,1,317.90189838409424,55.24599313735962,0.9446442127227783
frame_000013,13,0.4,0,2,311.71889336903894,55.24599313735962,0.9557250738143921
frame_000013,13,0.4,0,3,333.3594109217326,55.24599313735962,1.0300241708755493
frame_000013,13,0.4,0,4,315.5832715034485,59.110371470451355,0.7279355525970459
frame_000013,13,0.4,0,5,354.99992847442627,83.84239280223846,0.9058176279067993
frame_000013,13,0.4,0,6,318.6747740109762,86.1610198020935,0.8902526497840881
frame_000013,13,0.4,0,7,363.5015603701274,124.03192746639252,0.9202736616134644
frame_000013,13,0.4,0,8,320.99340089162195,117.07604646682739,0.7818160653114319
frame_000013,13,0.4,0,9,333.3594109217326,134.85218679904938,0.7060168981552124
frame_000013,13,0.4,0,10,299.3528833389282,117.84892213344574,0.8310106992721558
frame_000013,13,0.4,0,11,344.1796696980794,158.0384567975998,0.739505410194397
frame_000013,13,0.4,0,12,321.7662765185038,157.26558113098145,0.7353646755218506
frame_000013,13,0.4,0,13,316.35614713033044,209.0482507944107,0.664142370223999
frame_000013,13,0.4,0,14,313.26464462280273,211.36687779426575,0.70213383436203
frame_000013,13,0.4,0,15,361.1829334894816,205.95674812793732,0.7400115132331848
frame_000013,13,0.4,0,16,340.31529156366986,259.28516912460327,0.7434770464897156
frame_000014,14,0.43333333333333335,0,0,311.5828666687012,59.958106994628906,0.9802459478378296
frame_000014,14,0.43333333333333335,0,1,316.89486742019653,55.40496349334717,1.0176395177841187
frame_000014,14,0.43333333333333335,0,2,310.0651521682739,56.16382074356079,1.0004374980926514
frame_000014,14,0.43333333333333335,0,3,332.072012424469,57.68153524398804,1.033064365386963
frame_000014,14,0.43333333333333335,0,4,313.1005811691284,59.958106994628906,0.7265422344207764
frame_000014,14,0.43333333333333335,0,5,355.5965871810913,83.48268175125122,0.9091367125511169
frame_000014,14,0.43333333333333335,0,6,316.89486742019653,85.75925350189209,0.9027194976806641
frame_000014,14,0.43333333333333335,0,7,370.01487493515015,123.70211601257324,0.9912726879119873
frame_000014,14,0.43333333333333335,0,8,314.61829566955566,122.184401512146,0.8576788902282715
frame_000014,14,0.43333333333333335,0,9,344.21372842788696,136.60268926620483,0.7362673282623291
frame_000014,14,0.43333333333333335,0,10,294.12914991378784,117.63125801086426,0.8706339001655579
frame_000014,14,0.43333333333333335,0,11,342.6960139274597,160.12726402282715,0.7390439510345459
frame_000014,14,0.43333333333333335,0,12,320.68915367126465,160.12726402282715,0.7328351736068726
frame_000014,14,0.43333333333333335,0,13,311.5828666687012,208.69412803649902,0.6941794157028198
frame_000014,14,0.43333333333333335,0,14,317.65372467041016,214.00612878799438,0.6832054853439331
frame_000014,14,0.43333333333333335,0,15,354.8377299308777,209.45298528671265,0.7820667028427124
frame_000014,14,0.43333333333333335,0,16,347.24915742874146,258.0198493003845,0.7217387557029724
frame_000015,15,0.4666666666666667,0,0,309.8220672607422,57.235236167907715,1.014821171760559
frame_000015,15,0.4666666666666667,0,1,315.5774574279785,52.19926977157593,1.0612757205963135
frame_000015,15,0.4666666666666667,0,2,309.10264348983765,52.19926977157593,0.9995979070663452
frame_000015,15,0.4666666666666667,0,3,330.6853566169739,54.35754108428955,1.0447629690170288
frame_000015,15,0.4666666666666667,0,4,314.13860988616943,55.79638862609863,0.6555193662643433
frame_000015,15,0.4666666666666667,0,5,356.58461236953735,80.97622060775757,0.8839858770370483
frame_000015,15,0.4666666666666667,0,6,314.858033657074,83.13449192047119,0.9112051725387573
frame_000015,15,0.4666666666666667,0,7,376.00905418395996,116.22798538208008,0.9675429463386536
frame_000015,15,0.4666666666666667,0,8,309.10264348983765,121.9833755493164,0.9246683120727539
frame_000015,15,0.4666666666666667,0,9,352.98749351501465,134.93300342559814,0.9260619878768921
frame_000015,15,0.4666666666666667,0,10,291.1170492172241,111.91144275665283,0.8925825357437134
frame_000015,15,0.4666666666666667,0,11,342.19613695144653,157.23514032363892,0.7708486318588257
frame_000015,15,0.4666666666666667,0,12,323.49111890792847,157.23514032363892,0.7570663690567017
frame_000015,15,0.4666666666666667,0,13,306.944372177124,200.40056657791138,0.7174428701400757
frame_000015,15,0.4666666666666667,0,14,329.2465090751648,209.03365182876587,0.7170630693435669
frame_000015,15,0.4666666666666667,0,15,352.98749351501465,210.47249937057495,0.7914638519287109
frame_000015,15,0.4666666666666667,0,16,355.14576482772827,255.79619693756104,0.7340065240859985
frame_000016,16,0.5,0,0,309.68705534935,49.696176290512085,0.9819761514663696
frame_000016,16,0.5,0,1,315.16502952575684,45.00076985359192,0.9983130693435669
frame_000016,16,0.5,0,2,308.1219198703766,45.00076985359192,0.9801216721534729
frame_000016,16,0.5,0,3,330.8163843154907,48.131040811538696,1.0621501207351685
frame_000016,16,0.5,0,4,312.03475856781006,50.47874402999878,0.7087393403053284
frame_000016,16,0.5,0,5,356.64111971855164,73.95577621459961,0.9168987274169922
frame_000016,16,0.5,0,6,312.81732630729675,77.86861491203308,0.969394326210022
frame_000016,16,0.5,0,7,381.68328738212585,106.04105353355408,0.9826173782348633
frame_000016,16,0.5,0,8,304.9916489124298,115.43186640739441,0.959107518196106
frame_000016,16,0.5,0,9,357.42368745803833,127.17038249969482,0.8817035555839539
frame_000016,16,0.5,0,10,289.3402941226959,103.693350315094,0.9193829298019409
frame_000016,16,0.5,0,11,342.55490040779114,152.99511790275574,0.8104355335235596
frame_000016,16,0.5,0,12,326.12097787857056,153.77768564224243,0.788764238357544
frame_000016,16,0.5,0,13,310.46962308883667,195.25377583503723,0.7010257840156555
frame_000016,16,0.5,0,14,340.98976492881775,208.55742740631104,0.7844144105911255
frame_000016,16,0.5,0,15,346.4677391052246,215.60053706169128,0.7486913800239563
frame_000016,16,0.5,0,16,362.9016616344452,253.9463562965393,0.8890511989593506
frame_000017,17,0.5333333333333333,0,0,310.29473876953125,43.359453201293945,0.9391327500343323
frame_000017,17,0.5333333333333333,0,1,315.9234256744385,38.53486442565918,0.9841160774230957
frame_000017,17,0.5333333333333333,0,2,308.6865425109863,39.33896255493164,0.9456015825271606
frame_000017,17,0.5333333333333333,0,3,331.20129013061523,40.94715881347656,1.0153791904449463
frame_000017,17,0.5333333333333333,0,4,310.29473876953125,43.359453201293945,0.7137032747268677
frame_000017,17,0.5333333333333333,0,5,356.932430267334,67.48239707946777,0.8943201303482056
frame_000017,17,0.5333333333333333,0,6,310.29473876953125,69.0905933380127,0.9787910580635071
frame_000017,17,0.5333333333333333,0,7,386.68406105041504,94.82173347473145,0.9669963121414185
frame_000017,17,0.5333333333333333,0,8,300.6455612182617,110.0995979309082,0.9579956531524658
frame_000017,17,0.5333333333333333,0,9,364.9734115600586,115.72828483581543,0.9483938813209534
frame_000017,17,0.5333333333333333,0,10,289.38818740844727,94.01763534545898,0.8928499221801758
frame_000017,17,0.5333333333333333,0,11,344.0668601989746,144.67581748962402,0.826316237449646
frame_000017,17,0.5333333333333333,0,12,326.37670135498047,147.0881118774414,0.8077483177185059
frame_000017,17,0.5333333333333333,0,13,310.29473876953125,192.11760711669922,0.7272324562072754
frame_000017,17,0.5333333333333333,0,14,346.479154586792,200.9626865386963,0.7925601005554199
frame_000017,17,0.5333333333333333,0,15,344.87095832824707,218.65284538269043,0.7060374021530151
frame_000017,17,0.5333333333333333,0,16,368.18980407714844,248.40447616577148,0.8444051146507263
frame_000018,18,0.5666666666666667,0,0,311.380788564682,38.11024785041809,0.9220938682556152
frame_000018,18,0.5666666666666667,0,1,316.179080247879,33.31195616722107,0.9975904226303101
frame_000018,18,0.5666666666666667,0,2,308.9816427230835,33.31195616722107,0.9481990337371826
frame_000018,18,0.5666666666666667,0,3,331.37367057800293,35.71110200881958,0.9790037274360657
frame_000018,18,0.5666666666666667,0,4,309.78135800361633,37.310532569885254,0.7225552797317505
frame_000018,18,0.5666666666666667,0,5,356.9645595550537,60.502275705337524,0.8564519882202148
frame_000018,18,0.5666666666666667,0,6,310.58107328414917,65.30056738853455,0.9536362886428833
frame_000018,18,0.5666666666666667,0,7,389.7528860569,84.49373412132263,0.9395421743392944
frame_000018,18,0.5666666666666667,0,8,297.7856287956238,103.68690085411072,0.9032325744628906
frame_000018,18,0.5666666666666667,0,9,370.55971932411194,106.08604669570923,0.9078936576843262
frame_000018,18,0.5666666666666667,0,10,288.18904542922974,86.89287996292114,0.8870789408683777
frame_000018,18,0.5666666666666667,0,11,344.96883034706116,138.87437319755554,0.8001556396484375
frame_000018,18,0.5666666666666667,0,12,328.1748094558716,141.27351903915405,0.7810009717941284
frame_000018,18,0.5666666666666667,0,13,312.9802191257477,186.85729002952576,0.7459893822669983
frame_000018,18,0.5666666666666667,0,14,348.1676914691925,194.85444283485413,0.8294918537139893
frame_000018,18,0.5666666666666667,0,15,340.970253944397,232.44106101989746,0.7445189356803894
frame_000018,18,0.5666666666666667,0,16,369.7600040435791,240.43821382522583,0.885108232498169
frame_000019,19,0.6,0,0,310.31752904256183,34.708840072155,0.9411460161209106
frame_000019,19,0.6,0,1,315.8977279663086,29.12864100933075,0.9997544288635254
frame_000019,19,0.6,0,2,308.7231864929199,29.12864100933075,0.9800653457641602
frame_000019,19,0.6,0,3,331.0439821879069,32.31732618808746,0.9789718389511108
frame_000019,19,0.6,0,4,310.31752904256183,33.91166877746582,0.68133544921875
frame_000019,19,0.6,0,5,358.1478055318197,57.826807618141174,0.8452635407447815
frame_000019,19,0.6,0,6,310.31752904256183,62.609835386276245,0.9344779849052429
frame_000019,19,0.6,0,7,391.62899907430017,78.55326128005981,0.9156696796417236
frame_000019,19,0.6,0,8,296.76561737060547,99.27971494197845,0.882522702217102
frame_000019,19,0.6,0,9,373.29405975341797,100.07688623666763,0.8744275569915771
frame_000019,19,0.6,0,10,288.7939046223958,85.72780293226242,0.8579274415969849
frame_000019,19,0.6,0,11,346.9874076843262,133.55808061361313,0.775041401386261
frame_000019,19,0.6,0,12,327.85529708862305,135.94959449768066,0.7452093362808228
frame_000019,19,0.6,0,13,323.07226943969727,184.57704347372055,0.6989372968673706
frame_000019,19,0.6,0,14,349.37892150878906,190.95441383123398,0.7940263748168945
frame_000019,19,0.6,0,15,335.0298385620117,243.56771928071976,0.7754038572311401
frame_000019,19,0.6,0,16,373.29405975341797,235.59600633382797,0.8657701015472412
frame_000020,20,0.6333333333333333,0,0,310.9685971736908,34.4598246216774,0.9457160830497742
frame_000020,20,0.6333333333333333,0,1,315.6774923801422,28.966113686561584,1.0022599697113037
frame_000020,20,0.6333333333333333,0,2,310.18378130594886,29.750929534435272,0.9822008609771729
frame_000020,20,0.6333333333333333,0,3,332.15862560272217,32.105377078056335,0.9917510747909546
frame_000020,20,0.6333333333333333,0,4,311.75341304143274,33.67500877380371,0.6645275354385376
frame_000020,20,0.6333333333333333,0,5,358.84236510594684,58.00430005788803,0.8419092893600464
frame_000020,20,0.6333333333333333,0,6,311.75341304143274,62.71319514513016,0.9299344420433044
frame_000020,20,0.6333333333333333,0,7,393.3742632865906,77.62469625473022,0.919777512550354
frame_000020,20,0.6333333333333333,0,8,298.4115432898203,99.59953999519348,0.8753869533538818
frame_000020,20,0.6333333333333333,0,9,373.7538665930431,100.38435584306717,0.8797921538352966
frame_000020,20,0.6333333333333333,0,10,288.9937528769175,88.61211812496185,0.8311176300048828
frame_000020,20,0.6333333333333333,0,11,347.85494295756024,134.13143730163574,0.766993522644043
frame_000020,20,0.6333333333333333,0,12,327.44973039627075,137.2707006931305,0.748165488243103
frame_000020,20,0.6333333333333333,0,13,331.3738097349802,185.14446741342545,0.6911277770996094
frame_000020,20,0.6333333333333333,0,14,343.1460477511088,192.20781004428864,0.7051513195037842
frame_000020,20,0.6333333333333333,0,15,332.9434414704641,250.28418278694153,0.709601640701294
frame_000020,20,0.6333333333333333,0,16,376.8931300640106,229.87897074222565,0.7320314049720764
frame_000021,21,0.6666666666666666,0,0,314.1358598073324,37.25048243999481,0.9077218770980835
frame_000021,21,0.6666666666666666,0,1,318.76936848958337,32.616973519325256,0.9309839010238647
frame_000021,21,0.6666666666666666,0,2,312.59135691324866,32.616973519325256,0.9395015239715576
frame_000021,21,0.6666666666666666,0,3,334.9866488774618,34.161476492881775,0.9794363975524902
frame_000021,21,0.6666666666666666,0,4,313.3636083602905,35.70597946643829,0.6762367486953735
frame_000021,21,0.6666666666666666,0,5,358.9264437357585,60.41802704334259,0.8138413429260254
frame_000021,21,0.6666666666666666,0,6,314.1358598073324,64.27928447723389,0.9028977155685425
frame_000021,21,0.6666666666666666,0,7,395.22226174672437,81.26881718635559,0.9099907875061035
frame_000021,21,0.6666666666666666,0,8,301.0075852076212,100.57510435581207,0.8451147675514221
frame_000021,21,0.6666666666666666,0,9,372.0547183354695,105.20861327648163,0.8725234270095825
frame_000021,21,0.6666666666666666,0,10,291.74056784311927,95.94159543514252,0.8434872031211853
frame_000021,21,0.6666666666666666,0,11,348.11492347717285,133.78191828727722,0.7301758527755737
frame_000021,21,0.6666666666666666,0,12,327.26413440704346,136.87092423439026,0.7122258543968201
frame_000021,21,0.6666666666666666,0,13,332.6698945363363,191.70077979564667,0.6941406726837158
frame_000021,21,0.6666666666666666,0,14,338.07565466562903,194.7897857427597,0.7077640295028687
frame_000021,21,0.6666666666666666,0,15,330.3531401952108,253.4808987379074,0.6884489059448242
frame_000021,21,0.6666666666666666,0,16,379.00498135884595,221.81858777999878,0.6876222491264343
frame_000022,22,0.7,0,0,314.99415588378906,40.48236083984375,0.9134941101074219
frame_000022,22,0.7,0,1,319.74681854248047,36.52180862426758,0.9357939958572388
frame_000022,22,0.7,0,2,312.61782455444336,36.52180862426758,0.9333608746528625
frame_000022,22,0.7,0,3,336.3811378479004,37.31391906738281,0.9979934096336365
frame_000022,22,0.7,0,4,314.99415588378906,39.690250396728516,0.6752851009368896
frame_000022,22,0.7,0,5,360.1444511413574,64.24567413330078,0.8468718528747559
frame_000022,22,0.7,0,6,316.57837677001953,67.41411590576172,0.9267919659614563
frame_000022,22,0.7,0,7,393.41308975219727,88.80109786987305,0.9206703901290894
frame_000022,22,0.7,0,8,306.2809410095215,103.8511962890625,0.839089035987854
frame_000022,22,0.7,0,9,368.857666015625,110.98019027709961,0.8981065154075623
frame_000022,22,0.7,0,10,296.7756156921387,103.8511962890625,0.8198755979537964
frame_000022,22,0.7,0,11,349.8470153808594,140.28827667236328,0.7643929123878479
frame_000022,22,0.7,0,12,328.46003341674805,143.45671844482422,0.7525575160980225
frame_000022,22,0.7,0,13,334.0048065185547,194.15178680419922,0.6987866163253784
frame_000022,22,0.7,0,14,332.4205856323242,199.69655990600586,0.6994979381561279
frame_000022,22,0.7,0,15,329.2521438598633,257.52062225341797,0.5930591225624084
frame_000022,22,0.7,0,16,328.46003341674805,213.16243743896484,0.5522751808166504
frame_000023,23,0.7333333333333333,0,0,315.50889801979065,43.44154214859009,0.9349932074546814
frame_000023,23,0.7333333333333333,0,1,320.37544226646423,39.386088609695435,0.9544330835342407
frame_000023,23,0.7333333333333333,0,2,313.07562589645386,39.386088609695435,0.9515262246131897
frame_000023,23,0.7333333333333333,0,3,335.7861657142639,41.81936073303223,1.017947793006897
frame_000023,23,0.7333333333333333,0,4,315.50889801979065,44.25263285636902,0.7254970073699951
frame_000023,23,0.7333333333333333,0,5,360.92997765541077,68.58535408973694,0.8751828670501709
frame_000023,23,0.7333333333333333,0,6,317.1310794353485,71.82971692085266,0.9502556920051575
frame_000023,23,0.7333333333333333,0,7,389.31815242767334,98.59571027755737,0.946382999420166
frame_000023,23,0.7333333333333333,0,8,311.453444480896,109.13988947868347,0.8522635102272034
frame_000023,23,0.7333333333333333,0,9,360.92997765541077,118.87297797203064,0.8791219592094421
frame_000023,23,0.7333333333333333,0,10,299.28708386421204,111.57316160202026,0.8388574719429016
frame_000023,23,0.7333333333333333,0,11,350.38579845428467,146.45006203651428,0.7736091613769531
frame_000023,23,0.7333333333333333,0,12,327.6752586364746,148.07224345207214,0.7622847557067871
frame_000023,23,0.7333333333333333,0,13,333.3528935909271,201.60423016548157,0.7271628975868225
frame_000023,23,0.7333333333333333,0,14,333.3528935909271,204.03750228881836,0.6949877738952637
frame_000023,23,0.7333333333333333,0,15,332.5418028831482,265.6803960800171,0.6672221422195435
frame_000023,23,0.7333333333333333,0,16,374.7185196876526,204.03750228881836,0.5697532892227173
frame_000024,24,0.7666666666666666,0,0,314.7445418039958,48.982433676719666,0.9464682936668396
frame_000024,24,0.7666666666666666,0,1,319.5985399881999,44.93743538856506,0.9439018964767456
frame_000024,24,0.7666666666666666,0,2,313.12654240926105,45.746435046195984,0.9730328321456909
frame_000024,24,0.7666666666666666,0,3,334.1605345408122,47.364434361457825,0.9992751479148865
frame_000024,24,0.7666666666666666,0,4,317.17154089609784,48.982433676719666,0.7312217354774475
frame_000024,24,0.7666666666666666,0,5,359.23952515920007,74.0614230632782,0.883158802986145
frame_000024,24,0.7666666666666666,0,6,317.98054059346515,77.29742169380188,0.9444631338119507
frame_000024,24,0.7666666666666666,0,7,381.0825169881185,109.6574079990387,0.9568918943405151
frame_000024,24,0.7666666666666666,0,8,317.17154089609784,112.89340662956238,0.854442298412323
frame_000024,24,0.7666666666666666,0,9,351.1495281855265,124.21940183639526,0.7618823051452637
frame_000024,24,0.7666666666666666,0,10,296.94654846191406,120.98340320587158,0.8410234451293945
frame_000024,24,0.7666666666666666,0,11,351.1495281855265,148.48939156532288,0.7600818872451782
frame_000024,24,0.7666666666666666,0,12,327.68853696187335,150.10739088058472,0.7453320622444153
frame_000024,24,0.7666666666666666,0,13,326.87953726450604,201.88336896896362,0.6789118051528931
frame_000024,24,0.7666666666666666,0,14,330.1155360539754,206.73736691474915,0.6962618827819824
frame_000024,24,0.7666666666666666,0,15,368.9475215276083,199.45636999607086,0.6456869840621948
frame_000024,24,0.7666666666666666,0,16,338.2055330276489,264.1763426065445,0.6132089495658875
frame_000025,25,0.8,0,0,314.0700132846832,51.53099036216736,0.9068937301635742
frame_000025,25,0.8,0,1,318.81928992271423,47.57325983047485,0.9298840165138245
frame_000025,25,0.8,0,2,312.4869210720062,47.57325983047485,0.940133810043335
frame_000025,25,0.8,0,3,333.85866594314575,49.947898149490356,0.9754436016082764
frame_000025,25,0.8,0,4,315.65310549736023,53.11408257484436,0.7265551090240479
frame_000025,25,0.8,0,5,356.8135030269623,76.86046576499939,0.8864218592643738
frame_000025,25,0.8,0,6,318.02774381637573,80.8181962966919,0.8618302941322327
frame_000025,25,0.8,0,7,371.8528790473938,116.43777108192444,0.958432674407959
frame_000025,25,0.8,0,8,321.19392824172974,114.06313276290894,0.8274400234222412
frame_000025,25,0.8,0,9,338.60794258117676,125.14477825164795,0.6731300950050354
frame_000025,25,0.8,0,10,300.6137294769287,125.93632435798645,0.839691162109375
frame_000025,25,0.8,0,11,352.0642263889313,148.89116144180298,0.7382340431213379
frame_000025,25,0.8,0,12,327.52629709243774,149.68270754814148,0.723268985748291
frame_000025,25,0.8,0,13,333.06711983680725,203.50784277915955,0.6863749623298645
frame_000025,25,0.8,0,14,310.1122827529907,205.88248109817505,0.6359150409698486
frame_000025,25,0.8,0,15,344.94031143188477,265.2484390735626,0.5213979482650757
frame_000025,25,0.8,0,16,352.0642263889313,195.59238171577454,0.4838252365589142
frame_000026,26,0.8333333333333334,0,0,314.0242188771566,52.33474159240723,0.9107506275177002
frame_000026,26,0.8333333333333334,0,1,318.7693475087484,48.38046753406525,0.947547435760498
frame_000026,26,0.8333333333333334,0,2,313.2333641052246,48.38046753406525,0.9733392000198364
frame_000026,26,0.8333333333333334,0,3,333.79558817545575,50.753031969070435,0.963619589805603
frame_000026,26,0.8333333333333334,0,4,314.8150736490885,53.12559640407562,0.803791880607605
frame_000026,26,0.8333333333333334,0,5,355.9395217895508,76.8512407541275,0.9088893532752991
frame_000026,26,0.8333333333333334,0,6,318.7693475087484,80.80551481246948,0.860946536064148
frame_000026,26,0.8333333333333334,0,7,359.89379564921063,117.9756909608841,0.9246682524681091
frame_000026,26,0.8333333333333334,0,8,321.1419118245443,111.64885246753693,0.7613384127616882
frame_000026,26,0.8333333333333334,0,9,323.5144761403402,116.3939813375473,0.7916570901870728
frame_000026,26,0.8333333333333334,0,10,304.533961613973,123.51167464256287,0.7081468105316162
frame_000026,26,0.8333333333333334,0,11,351.98524792989093,148.81902861595154,0.7483764290809631
frame_000026,26,0.8333333333333334,0,12,327.46875,148.81902861595154,0.7298365831375122
frame_000026,26,0.8333333333333334,0,13,340.12242635091144,207.34228467941284,0.7599946856498718
frame_000026,26,0.8333333333333334,0,14,305.3248163859049,188.36176919937134,0.5669358968734741
frame_000026,26,0.8333333333333334,0,15,351.194393157959,261.91126668453217,0.7800195217132568
frame_000026,26,0.8333333333333334,0,16,355.14866701761883,199.43373656272888,0.6479040384292603
frame_000027,27,0.8666666666666667,0,0,312.2783513069153,46.74005722999573,0.9397069811820984
frame_000027,27,0.8666666666666667,0,1,317.0225639343262,41.99584460258484,0.9176562428474426
frame_000027,27,0.8666666666666667,0,2,311.4876492023468,41.99584460258484,0.973599374294281
frame_000027,27,0.8666666666666667,0,3,332.8366060256958,45.949355125427246,0.983270525932312
frame_000027,27,0.8666666666666667,0,4,313.85975551605225,48.32146143913269,0.801207423210144
frame_000027,27,0.8666666666666667,0,5,353.3948607444763,71.25182247161865,0.9048044681549072
frame_000027,27,0.8666666666666667,0,6,318.60396814346313,75.20533299446106,0.8580449819564819
frame_000027,27,0.8666666666666667,0,7,349.4413502216339,111.5776298046112,0.9137493371963501
frame_000027,27,0.8666666666666667,0,8,318.60396814346313,106.83341717720032,0.7789340615272522
frame_000027,27,0.8666666666666667,0,9,312.2783513069153,102.08920454978943,0.8157056570053101
frame_000027,27,0.8666666666666667,0,10,305.16203236579895,119.48465085029602,0.6863356828689575
frame_000027,27,0.8666666666666667,0,11,351.81345653533936,146.3685224056244,0.7849591374397278
frame_000027,27,0.8666666666666667,0,12,327.30169129371643,144.78711819648743,0.7597721815109253
frame_000027,27,0.8666666666666667,0,13,351.0227544307709,206.46188235282898,0.842303991317749
frame_000027,27,0.8666666666666667,0,14,302.7899260520935,189.0664360523224,0.659149706363678
frame_000027,27,0.8666666666666667,0,15,358.9297754764557,259.43892335891724,0.9149606227874756
frame_000027,27,0.8666666666666667,0,16,329.6737976074219,187.48503184318542,0.5418571829795837
frame_000028,28,0.9,0,0,311.9413491487503,42.38185787200928,1.0027382373809814
frame_000028,28,0.9,0,1,317.00045120716095,37.32275581359863,0.914839506149292
frame_000028,28,0.9,0,2,311.9413491487503,37.32275581359863,1.0230562686920166
frame_000028,28,0.9,0,3,332.1777573823929,39.852306842803955,0.9746973514556885
frame_000028,28,0.9,0,4,313.8385124206543,43.01424562931061,0.5952212810516357
frame_000028,28,0.9,0,5,351.1493901014328,67.04498040676117,0.8350785374641418
frame_000028,28,0.9,0,6,321.42716550827026,70.20691919326782,0.8158824443817139
frame_000028,28,0.9,0,7,337.86924719810486,104.35585808753967,0.8479346036911011
frame_000028,28,0.9,0,8,324.5891042947769,98.03198051452637,0.7366561889648438
frame_000028,28,0.9,0,9,307.514634847641,86.01661312580109,0.8661113977432251
frame_000028,28,0.9,0,10,310.67657363414764,111.94451117515564,0.7875632047653198
frame_000028,28,0.9,0,11,351.78177785873413,139.76957249641418,0.7308914065361023
frame_000028,28,0.9,0,12,328.3834308385849,139.13718473911285,0.7112969160079956
frame_000028,28,0.9,0,13,353.0465533733368,201.11118495464325,0.8099300861358643
frame_000028,28,0.9,0,14,303.720308303833,186.56626653671265,0.7333112955093384
frame_000028,28,0.9,0,15,363.7971452474594,252.33459329605103,0.9227156639099121
frame_000028,28,0.9,0,16,346.09028804302216,208.69983804225922,0.6624294519424438
frame_000029,29,0.9333333333333333,0,0,310.8230013847351,38.053826093673706,0.9364039897918701
frame_000029,29,0.9333333333333333,0,1,315.4792411327362,34.06276345252991,0.939293622970581
frame_000029,29,0.9333333333333333,0,2,310.8230013847351,33.39758634567261,1.0071521997451782
frame_000029,29,0.9333333333333333,0,3,330.7783145904541,36.05829477310181,1.0255637168884277
frame_000029,29,0.9333333333333333,0,4,314.1488869190216,38.053826093673706,0.5977938175201416
frame_000029,29,0.9333333333333333,0,5,350.0684506893158,62.6653790473938,0.8648902177810669
frame_000029,29,0.9333333333333333,0,6,322.1310122013092,65.9912645816803,0.833969235420227
frame_000029,29,0.9333333333333333,0,7,330.7783145904541,97.91976571083069,0.8356792330741882
frame_000029,29,0.9333333333333333,0,8,328.1176061630249,95.92423439025879,0.725189745426178
frame_000029,29,0.9333333333333333,0,9,306.166761636734,73.9733898639679,0.9042841196060181
frame_000029,29,0.9333333333333333,0,10,314.1488869190216,103.24118256568909,0.7906684875488281
frame_000029,29,0.9333333333333333,0,11,351.3988049030304,140.49110054969788,0.7902676463127136
frame_000029,29,0.9333333333333333,0,12,327.4524290561676,139.82592344284058,0.7726196646690369
frame_000029,29,0.9333333333333333,0,13,357.3853988647461,197.03115463256836,0.8734086751937866
frame_000029,29,0.9333333333333333,0,14,306.8319387435913,186.38832092285156,0.8185824751853943
frame_000029,29,0.9333333333333333,0,15,368.6934096813202,247.58461475372314,0.9624584913253784
frame_000029,29,0.9333333333333333,0,16,344.0818567276001,218.98199915885925,0.805274248123169
frame_000030,30,0.9666666666666667,0,0,311.39718317985535,34.725422382354736,0.8958321809768677
frame_000030,30,0.9666666666666667,0,1,316.723673582077,30.730554580688477,0.9192262887954712
frame_000030,30,0.9666666666666667,0,2,311.39718317985535,30.064743280410767,0.9374620914459229
frame_000030,30,0.9666666666666667,0,3,332.70314478874207,32.0621771812439,1.0181076526641846
frame_000030,30,0.9666666666666667,0,4,314.0604283809662,34.059611082077026,0.582382321357727
frame_000030,30,0.9666666666666667,0,5,350.68004989624023,60.692063093185425,0.8718399405479431
frame_000030,30,0.9666666666666667,0,6,321.384352684021,60.692063093185425,0.8342387676239014
frame_000030,30,0.9666666666666667,0,7,326.7108430862427,93.98262810707092,0.8213368654251099
frame_000030,30,0.9666666666666667,0,8,326.04503178596497,93.31681680679321,0.6826834678649902
frame_000030,30,0.9666666666666667,0,9,304.73907017707825,64.02111959457397,0.9081271886825562
frame_000030,30,0.9666666666666667,0,10,316.0578622817993,99.97492980957031,0.7455688714981079
frame_000030,30,0.9666666666666667,0,11,350.68004989624023,137.26036262512207,0.7994409799575806
frame_000030,30,0.9666666666666667,0,12,327.3766543865204,137.26036262512207,0.7858587503433228
frame_000030,30,0.9666666666666667,0,13,360.0014081001282,194.52013444900513,0.8326959609985352
frame_000030,30,0.9666666666666667,0,14,310.0655605792999,184.53296494483948,0.7995138168334961
frame_000030,30,0.9666666666666667,0,15,373.9834454059601,242.45854806900024,0.9648280143737793
frame_000030,30,0.9666666666666667,0,16,339.36125779151917,229.80813336372375,0.8998439908027649
frame_000031,31,1.0,0,0,313.27406152089435,32.666839361190796,0.8915891647338867
frame_000031,31,1.0,0,1,318.09196790059406,27.848933219909668,0.8986026048660278
frame_000031,31,1.0,0,2,311.66809272766113,27.848933219909668,0.9978923797607422
frame_000031,31,1.0,0,3,333.3486714363098,29.454901933670044,0.9383670687675476
frame_000031,31,1.0,0,4,312.47107712427777,33.469823718070984,0.6721624135971069
frame_000031,31,1.0,0,5,351.01432816187537,56.756370067596436,0.8687076568603516
frame_000031,31,1.0,0,6,321.30390548706055,60.771291851997375,0.8139603137969971
frame_000031,31,1.0,0,7,326.12181186676025,90.48171305656433,0.8599404096603394
frame_000031,31,1.0,0,8,326.12181186676025,93.69365048408508,0.669426441192627
frame_000031,31,1.0,0,9,306.0472019513448,59.165323138237,0.9355098009109497
frame_000031,31,1.0,0,10,314.077045917511,99.3145409822464,0.7054318189620972
frame_000031,31,1.0,0,11,349.4083593686422,127.41899347305298,0.757023811340332
frame_000031,31,1.0,0,12,326.9247962633769,129.02496218681335,0.7590295076370239
frame_000031,31,1.0,0,13,359.0441721280416,190.85475766658783,0.8004653453826904
frame_000031,31,1.0,0,14,315.6830147107442,185.2338671684265,0.7568550705909729
frame_000031,31,1.0,0,15,379.11878204345703,235.01889729499817,0.8380906581878662
frame_000031,31,1.0,0,16,334.15165583292645,239.8368034362793,0.81868577003479
frame_000032,32,1.0333333333333332,0,0,314.3751562833786,34.72950851917267,0.9211571216583252
frame_000032,32,1.0333333333333332,0,1,318.8287036418915,29.639740109443665,0.9064852595329285
frame_000032,32,1.0333333333333332,0,2,313.7389352321625,30.27596116065979,0.9188932180404663
frame_000032,32,1.0333333333333332,0,3,334.0980088710785,31.54840326309204,0.942307710647583
frame_000032,32,1.0333333333333332,0,4,314.3751562833786,32.82084536552429,0.5767780542373657
frame_000032,32,1.0333333333333332,0,5,351.91219830513,59.54212951660156,0.844127357006073
frame_000032,32,1.0333333333333332,0,6,324.5546931028366,60.81457161903381,0.7685050368309021
frame_000032,32,1.0333333333333332,0,7,330.91690361499786,93.89806628227234,0.7555940747261047
frame_000032,32,1.0333333333333332,0,8,327.0995773077011,92.62562417984009,0.6395801305770874
frame_000032,32,1.0333333333333332,0,9,306.10428261756897,64.63189792633057,0.8649576306343079
frame_000032,32,1.0333333333333332,0,10,313.7389352321625,98.98783469200134,0.7401891946792603
frame_000032,32,1.0333333333333332,0,11,350.0035351514816,132.07132935523987,0.7096710205078125
frame_000032,32,1.0333333333333332,0,12,328.37201941013336,132.707550406456,0.7187541723251343
frame_000032,32,1.0333333333333332,0,13,350.0035351514816,194.42099237442017,0.7548787593841553
frame_000032,32,1.0333333333333332,0,14,322.0098088979721,191.23988711833954,0.7290513515472412
frame_000032,32,1.0333333333333332,0,15,381.1783666610718,226.86826598644257,0.8509025573730469
frame_000032,32,1.0333333333333332,0,16,330.91690361499786,249.77222383022308,0.8720905184745789
frame_000033,33,1.0666666666666667,0,0,314.86640516916907,37.6670206785202,0.855094850063324
frame_000033,33,1.0666666666666667,0,1,318.75224812825525,33.0040088891983,0.8579217195510864
frame_000033,33,1.0666666666666667,0,2,314.0892365773519,33.0040088891983,0.8716115951538086
frame_000033,33,1.0666666666666667,0,3,334.2956199645996,34.5583461523056,0.9527703523635864
frame_000033,33,1.0666666666666667,0,4,315.6435737609863,37.6670206785202,0.6761265397071838
frame_000033,33,1.0666666666666667,0,5,351.39332898457843,61.75924825668335,0.8464360237121582
frame_000033,33,1.0666666666666667,0,6,324.96959686279297,65.6450914144516,0.7953555583953857
frame_000033,33,1.0666666666666667,0,7,335.849957148234,99.06334257125854,0.7891301512718201
frame_000033,33,1.0666666666666667,0,8,326.52393404642737,95.95466804504395,0.7044582366943359
frame_000033,33,1.0666666666666667,0,9,307.8718878428141,74.9711149930954,0.8583705425262451
frame_000033,33,1.0666666666666667,0,10,310.980562210083,101.3948484659195,0.7855857610702515
frame_000033,33,1.0666666666666667,0,11,349.83899180094403,134.0359309911728,0.7188117504119873
frame_000033,33,1.0666666666666667,0,12,328.0782712300619,134.81309962272644,0.7207896709442139
frame_000033,33,1.0666666666666667,0,13,342.06730588277185,196.98659014701843,0.7680672407150269
frame_000033,33,1.0666666666666667,0,14,322.6380910873413,192.32357835769653,0.7426255941390991
frame_000033,33,1.0666666666666667,0,15,380.14856688181567,217.19297456741333,0.8420640230178833
frame_000033,33,1.0666666666666667,0,16,329.6326084136963,256.0514061450958,0.8823668360710144
frame_000034,34,1.1,0,0,315.8592355251312,44.35823726654053,0.8602616190910339
frame_000034,34,1.1,0,1,320.55784344673157,39.659629344940186,0.8560362458229065
frame_000034,34,1.1,0,2,315.0761342048645,39.659629344940186,0.8495327234268188
frame_000034,34,1.1,0,3,336.21986985206604,41.22583198547363,0.954515814781189
frame_000034,34,1.1,0,4,315.8592355251312,44.35823726654053,0.6956006288528442
frame_000034,34,1.1,0,5,355.0143015384674,67.85127687454224,0.8831735849380493
frame_000034,34,1.1,0,6,324.4733500480652,70.98368215560913,0.8213641047477722
frame_000034,34,1.1,0,7,341.7015790939331,105.44014024734497,0.8219562768936157
frame_000034,34,1.1,0,8,326.82265400886536,101.52463364601135,0.7466938495635986
frame_000034,34,1.1,0,9,311.1606276035309,88.21191120147705,0.8353312611579895
frame_000034,34,1.1,0,10,308.8113236427307,107.00634288787842,0.8025051355361938
frame_000034,34,1.1,0,11,351.0987949371338,141.46280097961426,0.7461085915565491
frame_000034,34,1.1,0,12,329.1719579696655,142.24590229988098,0.7451823949813843
frame_000034,34,1.1,0,13,335.4367685317993,202.5447039604187,0.7523801326751709
frame_000034,34,1.1,0,14,320.55784344673157,200.19539999961853,0.7462952136993408
frame_000034,34,1.1,0,15,374.5918345451355,212.7250211238861,0.8413110971450806
frame_000034,34,1.1,0,16,329.95505928993225,258.9279990196228,0.8915700912475586
frame_000035,35,1.1333333333333333,0,0,316.7132771809896,51.21037578582764,0.8996034860610962
frame_000035,35,1.1333333333333333,0,1,322.262798945109,46.4536429643631,0.9170662760734558
frame_000035,35,1.1333333333333333,0,2,315.92048835754395,46.4536429643631,0.8969684839248657
frame_000035,35,1.1333333333333333,0,3,336.5329977671305,48.83200937509537,1.0277245044708252
frame_000035,35,1.1333333333333333,0,4,316.7132771809896,51.21037578582764,0.759891152381897
frame_000035,35,1.1333333333333333,0,5,355.55992952982587,74.99403989315033,0.9024611711502075
frame_000035,35,1.1333333333333333,0,6,323.0555877685547,79.75077271461487,0.8681491613388062
frame_000035,35,1.1333333333333333,0,7,349.21761894226074,114.63348007202148,0.9030366539955139
frame_000035,35,1.1333333333333333,0,8,324.6411654154459,112.25511366128922,0.7187796831130981
frame_000035,35,1.1333333333333333,0,9,316.7132771809896,108.2911696434021,0.8116141557693481
frame_000035,35,1.1333333333333333,0,10,305.6142336527506,114.63348007202148,0.7056517601013184
frame_000035,35,1.1333333333333333,0,11,351.59598541259766,149.5161874294281,0.7696598172187805
frame_000035,35,1.1333333333333333,0,12,329.39789835611975,150.30897623300552,0.7627109289169312
frame_000035,35,1.1333333333333333,0,13,329.39789835611975,203.42582607269287,0.727763831615448
frame_000035,35,1.1333333333333333,0,14,318.29885482788086,202.63303726911545,0.7602478265762329
frame_000035,35,1.1333333333333333,0,15,368.24455070495605,207.38977009058,0.8420449495315552
frame_000035,35,1.1333333333333333,0,16,332.56905364990234,261.29940873384476,0.87225341796875
frame_000036,36,1.1666666666666667,0,0,315.06252447764075,55.347909927368164,0.9251016974449158
frame_000036,36,1.1666666666666667,0,1,320.5728130340576,51.41198933124542,0.9230808615684509
frame_000036,36,1.1666666666666667,0,2,314.2753403981527,51.41198933124542,0.9491862058639526
frame_000036,36,1.1666666666666667,0,3,335.52931054433185,53.77354168891907,1.0354540348052979
frame_000036,36,1.1666666666666667,0,4,316.63689263661706,56.92227816581726,0.7370246648788452
frame_000036,36,1.1666666666666667,0,5,355.99609661102295,79.75061762332916,0.89996337890625
frame_000036,36,1.1666666666666667,0,6,322.1471811930338,84.47372233867645,0.8730726838111877
frame_000036,36,1.1666666666666667,0,7,355.99609661102295,120.68419182300568,0.9013882875442505
frame_000036,36,1.1666666666666667,0,8,321.3599971135458,118.32263946533203,0.743916928768158
frame_000036,36,1.1666666666666667,0,9,322.934365272522,122.25856006145477,0.7256662845611572
frame_000036,36,1.1666666666666667,0,10,300.8932110468546,120.68419182300568,0.7819627523422241
frame_000036,36,1.1666666666666667,0,11,348.9114398956299,155.3202930688858,0.7341641783714294
frame_000036,36,1.1666666666666667,0,12,326.8702856699625,155.3202930688858,0.7347584962844849
frame_000036,36,1.1666666666666667,0,13,316.63689263661706,203.33852434158325,0.6713888645172119
frame_000036,36,1.1666666666666667,0,14,315.8497085571289,208.8488131761551,0.7294495105743408
frame_000036,36,1.1666666666666667,0,15,361.5063851674397,207.274444937706,0.7255841493606567
frame_000036,36,1.1666666666666667,0,16,337.8908627827962,261.59014916419983,0.7997171878814697
frame_000037,37,1.2,0,0,314.14537318547565,59.787838101387024,0.9634382724761963
frame_000037,37,1.2,0,1,318.7657545407613,55.16745698451996,0.9883739352226257
frame_000037,37,1.2,0,2,312.6052460670471,55.16745698451996,0.9915767908096313
frame_000037,37,1.2,0,3,333.3969621658325,56.70758402347565,0.9848886132240295
frame_000037,37,1.2,0,4,314.91543674468994,59.01777458190918,0.765776515007019
frame_000037,37,1.2,0,5,356.49886894226074,82.88974368572235,0.9137353897094727
frame_000037,37,1.2,0,6,319.5358180999756,85.19993424415588,0.9093337059020996
frame_000037,37,1.2,0,7,364.9695680936178,123.7031102180481,0.9479857683181763
frame_000037,37,1.2,0,8,317.99569098154706,119.85279262065887,0.8540405035018921
frame_000037,37,1.2,0,9,336.4772164026896,131.40374541282654,0.6673900485038757
frame_000037,37,1.2,0,10,296.43391132354736,121.39291965961456,0.8599365949630737
frame_000037,37,1.2,0,11,348.79823335011804,156.04577803611755,0.7332996129989624
frame_000037,37,1.2,0,12,326.46639013290405,156.04577803611755,0.7408733367919922
frame_000037,37,1.2,0,13,316.45556386311847,203.01965272426605,0.635403037071228
frame_000037,37,1.2,0,14,317.99569098154706,209.1801608800888,0.681000828742981
frame_000037,37,1.2,0,15,357.268932501475,209.1801608800888,0.7448062896728516
frame_000037,37,1.2,0,16,344.1778519948324,260.77441668510437,0.7505160570144653
frame_000038,38,1.2333333333333334,0,0,311.37625789642334,57.86384868621826,0.9789412617683411
frame_000038,38,1.2333333333333334,0,1,316.77561712265015,53.23582649230957,1.0097928047180176
frame_000038,38,1.2333333333333334,0,2,309.8335838317871,53.23582649230957,0.9980483651161194
frame_000038,38,1.2333333333333334,0,3,331.43102073669434,56.32117462158203,1.0089144706726074
frame_000038,38,1.2333333333333334,0,4,312.91893196105957,57.86384868621826,0.7555361986160278
frame_000038,38,1.2333333333333334,0,5,355.3424687385559,81.00395965576172,0.9207218885421753
frame_000038,38,1.2333333333333334,0,6,316.77561712265015,84.08930778503418,0.9294771552085876
frame_000038,38,1.2333333333333334,0,7,371.5405464172363,120.3421483039856,0.9844177961349487
frame_000038,38,1.2333333333333334,0,8,312.14759492874146,121.11348533630371,0.9022054076194763
frame_000038,38,1.2333333333333334,0,9,346.85776138305664,135.7688889503479,0.7519838213920593
frame_000038,38,1.2333333333333334,0,10,292.8641691207886,117.25680017471313,0.8746428489685059
frame_000038,38,1.2333333333333334,0,11,346.0864243507385,157.36632585525513,0.750949501991272
frame_000038,38,1.2333333333333334,0,12,326.03166151046753,157.36632585525513,0.742996096611023
frame_000038,38,1.2333333333333334,0,13,311.37625789642334,199.01852560043335,0.6944195032119751
frame_000038,38,1.2333333333333334,0,14,327.57433557510376,212.1312551498413,0.6972039937973022
frame_000038,38,1.2333333333333334,0,15,353.02845764160156,210.58858108520508,0.7959360480308533
frame_000038,38,1.2333333333333334,0,16,352.25712060928345,258.4114770889282,0.7539275884628296
frame_000039,39,1.2666666666666666,0,0,310.63237953186035,51.6535439491272,0.9890140295028687
frame_000039,39,1.2666666666666666,0,1,316.10819578170776,46.9599871635437,1.0118848085403442
frame_000039,39,1.2666666666666666,0,2,309.0678606033325,46.9599871635437,0.9898535013198853
frame_000039,39,1.2666666666666666,0,3,330.97112560272217,50.87128448486328,1.0217008590698242
frame_000039,39,1.2666666666666666,0,4,312.1968984603882,52.43580341339111,0.7373054027557373
frame_000039,39,1.2666666666666666,0,5,356.0034284591675,75.9035873413086,0.9072636961936951
frame_000039,39,1.2666666666666666,0,6,313.761417388916,79.03262519836426,0.953117847442627
frame_000039,39,1.2666666666666666,0,7,379.47121238708496,109.54074430465698,0.9821648597717285
frame_000039,39,1.2666666666666666,0,8,307.5033416748047,116.58107948303223,0.9629029631614685
frame_000039,39,1.2666666666666666,0,9,353.65665006637573,132.22626876831055,0.813823401927948
frame_000039,39,1.2666666666666666,0,10,291.07589292526245,107.97622537612915,0.9048894643783569
frame_000039,39,1.2666666666666666,0,11,345.8340554237366,152.56501483917236,0.8023973703384399
frame_000039,39,1.2666666666666666,0,12,327.8420877456665,153.34727430343628,0.7668114900588989
frame_000039,39,1.2666666666666666,0,13,309.0678606033325,189.33120965957642,0.7294152975082397
frame_000039,39,1.2666666666666666,0,14,335.66468238830566,208.1054368019104,0.6849594116210938
frame_000039,39,1.2666666666666666,0,15,345.8340554237366,212.01673412322998,0.7294716238975525
frame_000039,39,1.2666666666666666,0,16,357.5679473876953,254.25874519348145,0.7830783128738403
frame_000040,40,1.3,0,0,311.75385109583533,45.84516930580139,0.9607656002044678
frame_000040,40,1.3,0,1,317.32429122924805,41.07050609588623,0.9776951670646667
frame_000040,40,1.3,0,2,309.36651961008704,41.86628329753876,0.9810842871665955
frame_000040,40,1.3,0,3,331.6482801437378,44.25361490249634,1.0146315097808838
frame_000040,40,1.3,0,4,310.9580739339193,45.84516930580139,0.7471745610237122
frame_000040,40,1.3,0,5,356.3173721631368,68.92270815372467,0.9099513292312622
frame_000040,40,1.3,0,6,312.54962825775146,73.69737136363983,0.977714478969574
frame_000040,40,1.3,0,7,384.9653499921162,96.77491021156311,0.9726377129554749
frame_000040,40,1.3,0,8,303.0003023147583,112.69045424461365,0.9624053835868835
frame_000040,40,1.3,0,9,365.07092094421387,121.44400346279144,0.9259279370307922
frame_000040,40,1.3,0,10,289.4720905621847,98.36646461486816,0.9065895080566406
frame_000040,40,1.3,0,11,345.97226905822754,146.11309671401978,0.8245857954025269
frame_000040,40,1.3,0,12,329.2609486579895,147.70465111732483,0.7918800115585327
frame_000040,40,1.3,0,13,307.7749652862549,185.1061795949936,0.7315619587898254
frame_000040,40,1.3,0,14,344.3807147343953,202.61327803134918,0.7874983549118042
frame_000040,40,1.3,0,15,341.99338324864704,215.3457132577896,0.7466970086097717
frame_000040,40,1.3,0,16,365.8666981061299,251.15568733215332,0.8557316660881042
frame_000041,41,1.3333333333333333,0,0,311.34106032053626,40.63854503631592,0.9059397578239441
frame_000041,41,1.3333333333333333,0,1,316.96034002304077,36.62477362155914,0.9291157722473145
frame_000041,41,1.3333333333333333,0,2,309.73555183410645,36.62477362155914,0.8984682559967041
frame_000041,41,1.3333333333333333,0,3,332.2126706441244,38.23028218746185,0.9403212070465088
frame_000041,41,1.3333333333333333,0,4,311.34106032053626,39.83579075336456,0.7324803471565247
frame_000041,41,1.3333333333333333,0,5,357.09805218378705,63.11566495895386,0.8325150012969971
frame_000041,41,1.3333333333333333,0,6,311.34106032053626,67.12943637371063,0.9187406301498413
frame_000041,41,1.3333333333333333,0,7,390.0109761555989,86.39553916454315,0.9055060148239136
frame_000041,41,1.3333333333333333,0,8,300.10250091552734,106.46439623832703,0.8941770792007446
frame_000041,41,1.3333333333333333,0,9,371.54762856165576,112.08367621898651,0.8996031284332275
frame_000041,41,1.3333333333333333,0,10,290.46944999694824,90.40931057929993,0.8587656021118164
frame_000041,41,1.3333333333333333,0,11,347.46500126520795,136.96905899047852,0.7649986147880554
frame_000041,41,1.3333333333333333,0,12,327.39614518483484,139.37732183933258,0.7365264892578125
frame_000041,41,1.3333333333333333,0,13,307.32728910446167,178.71228170394897,0.7420185804367065
frame_000041,41,1.3333333333333333,0,14,343.4512300491333,197.9783844947815,0.7793083190917969
frame_000041,41,1.3333333333333333,0,15,336.226441860199,230.0885558128357,0.7638211250305176
frame_000041,41,1.3333333333333333,0,16,369.139365832011,242.93262434005737,0.8385533094406128
frame_000042,42,1.3666666666666667,0,0,310.07046246528625,36.057783007621765,0.9422655701637268
frame_000042,42,1.3666666666666667,0,1,315.6642481486003,31.2631094455719,0.9943772554397583
frame_000042,42,1.3666666666666667,0,2,309.2713502248128,31.2631094455719,0.9885965585708618
frame_000042,42,1.3666666666666667,0,3,330.8473807175954,34.45955848693848,0.9797787666320801
frame_000042,42,1.3666666666666667,0,4,310.8695747057597,36.057783007621765,0.6834311485290527
frame_000042,42,1.3666666666666667,0,5,357.2180846532186,60.031150817871094,0.8619513511657715
frame_000042,42,1.3666666666666667,0,6,311.6686869462331,65.6249366402626,0.9630411267280579
frame_000042,42,1.3666666666666667,0,7,391.57991099357605,79.20984506607056,0.9408208727836609
frame_000042,42,1.3666666666666667,0,8,298.0837788581848,101.5849883556366,0.9002959728240967
frame_000042,42,1.3666666666666667,0,9,373.99944170316064,103.98232513666153,0.9243180751800537
frame_000042,42,1.3666666666666667,0,10,288.49443197250366,87.200967669487,0.8705348968505859
frame_000042,42,1.3666666666666667,0,11,346.82962552706397,138.34415233135223,0.8150362968444824
frame_000042,42,1.3666666666666667,0,12,329.24915623664856,140.74148911237717,0.7836538553237915
frame_000042,42,1.3666666666666667,0,13,314.0660236676534,183.0944389104843,0.766931414604187
frame_000042,42,1.3666666666666667,0,14,346.0305132865906,194.28201055526733,0.8057564496994019
frame_000042,42,1.3666666666666667,0,15,330.8473807175954,238.23318487405777,0.8350452184677124
frame_000042,42,1.3666666666666667,0,16,372.40121722221375,237.43407261371613,0.8939543962478638
frame_000043,43,1.4,0,0,312.23248799641925,35.35520672798157,0.9591341614723206
frame_000043,43,1.4,0,1,317.7310962677002,29.856598734855652,1.0185164213180542
frame_000043,43,1.4,0,2,311.44697252909344,30.64211416244507,1.004286766052246
frame_000043,43,1.4,0,3,333.4414056142171,32.2131450176239,1.035628080368042
frame_000043,43,1.4,0,4,312.23248799641925,33.784175872802734,0.7153416872024536
frame_000043,43,1.4,0,5,359.3634160359701,58.135154128074646,0.8583310842514038
frame_000043,43,1.4,0,6,313.0180034637451,63.63376212120056,0.9505120515823364
frame_000043,43,1.4,0,7,394.7116120656332,76.20200896263123,0.9155566692352295
frame_000043,43,1.4,0,8,299.66424051920575,99.76747179031372,0.8607721328735352
frame_000043,43,1.4,0,9,375.85924084981286,101.33850264549255,0.904625415802002
frame_000043,43,1.4,0,10,291.0235703786214,92.69783294200897,0.832592248916626
frame_000043,43,1.4,0,11,348.3661994934082,135.11566603183746,0.7946595549583435
frame_000043,43,1.4,0,12,327.15728187561035,137.4722123146057,0.7765772342681885
frame_000043,43,1.4,0,13,330.29934374491376,185.38865339756012,0.7047523260116577
frame_000043,43,1.4,0,14,334.22692108154297,192.45829224586487,0.737552285194397
frame_000043,43,1.4,0,15,324.01522000630695,249.01540303230286,0.680424690246582
frame_000043,43,1.4,0,16,374.28820991516113,229.37751734256744,0.7484297752380371
frame_000044,44,1.4333333333333333,0,0,314.39920536677045,36.1289142370224,0.9616519212722778
frame_000044,44,1.4333333333333333,0,1,319.66707070668537,30.86104917526245,1.0205243825912476
frame_000044,44,1.4333333333333333,0,2,312.89410098393756,31.613601326942444,0.9902381300926208
frame_000044,44,1.4333333333333333,0,3,335.47066672643024,33.11870563030243,1.029374599456787
frame_000044,44,1.4333333333333333,0,4,313.646653175354,35.37636208534241,0.6714948415756226
frame_000044,44,1.4333333333333333,0,5,360.30488904317224,59.45803093910217,0.8451540470123291
frame_000044,44,1.4333333333333333,0,6,315.15175755818683,63.97334384918213,0.9379486441612244
frame_000044,44,1.4333333333333333,0,7,395.674842039744,79.02438688278198,0.9440016746520996
frame_000044,44,1.4333333333333333,0,8,302.35837030410767,100.09584712982178,0.8614509701728821
frame_000044,44,1.4333333333333333,0,9,374.60338068008423,103.85860788822174,0.9157761335372925
frame_000044,44,1.4333333333333333,0,10,293.3277440071106,96.33308637142181,0.8879063129425049
frame_000044,44,1.4333333333333333,0,11,349.0166061719259,138.4760068655014,0.7965303659439087
frame_000044,44,1.4333333333333333,0,12,328.69769700368244,140.73366332054138,0.7817673683166504
frame_000044,44,1.4333333333333333,0,13,331.70790576934814,192.65976178646088,0.7348395586013794
frame_000044,44,1.4333333333333333,0,14,332.4604579607646,192.65976178646088,0.7214047908782959
frame_000044,44,1.4333333333333333,0,15,323.4298316637675,252.1113817691803,0.7167079448699951
frame_000044,44,1.4333333333333333,0,16,376.1084850629171,218.24653494358063,0.7355077862739563
frame_000045,45,1.4666666666666666,0,0,316.967080116272,41.046418368816376,0.9309096932411194
frame_000045,45,1.4666666666666666,0,1,321.6837034225464,35.54369103908539,0.9649046659469604
frame_000045,45,1.4666666666666666,0,2,314.60876846313477,36.32979494333267,0.953790545463562
frame_000045,45,1.4666666666666666,0,3,337.40578111012775,36.32979494333267,1.021224021911621
frame_000045,45,1.4666666666666666,0,4,315.39487234751385,40.26031446456909,0.6989924907684326
frame_000045,45,1.4666666666666666,0,5,360.9888976414999,63.84343159198761,0.8490887880325317
frame_000045,45,1.4666666666666666,0,6,316.967080116272,67.77395111322403,0.9143074154853821
frame_000045,45,1.4666666666666666,0,7,394.0052607854208,88.9987565279007,0.9193655252456665
frame_000045,45,1.4666666666666666,0,8,305.961625734965,103.93473070859909,0.8338265419006348
frame_000045,45,1.4666666666666666,0,9,367.27772871653235,110.22356194257736,0.8967268466949463
frame_000045,45,1.4666666666666666,0,10,295.7422752380371,104.72083461284637,0.8013681769371033
frame_000045,45,1.4666666666666666,0,11,349.98344326019287,140.09551030397415,0.7687200307846069
frame_000045,45,1.4666666666666666,0,12,327.9725344975789,142.453822016716,0.7470664381980896
frame_000045,45,1.4666666666666666,0,13,329.5447422663371,191.9783679842949,0.6897780895233154
frame_000045,45,1.4666666666666666,0,14,327.9725344975789,199.05330312252045,0.6926078796386719
frame_000045,45,1.4666666666666666,0,15,375.1387675603231,209.27265387773514,0.642938494682312
frame_000045,45,1.4666666666666666,0,16,322.4698073069255,258.797199845314,0.6024634838104248
frame_000046,46,1.5,0,0,316.78150367736816,44.30418348312378,0.9386035203933716
frame_000046,46,1.5,0,1,322.36442518234253,40.31638240814209,0.9570875763893127
frame_000046,46,1.5,0,2,315.1863832473755,40.31638240814209,0.944401741027832
frame_000046,46,1.5,0,3,337.51806926727295,41.911502838134766,1.0052764415740967
frame_000046,46,1.5,0,4,318.37662410736084,45.10174369812012,0.7087982892990112
frame_000046,46,1.5,0,5,363.03999614715576,69.02855014801025,0.8704063296318054
frame_000046,46,1.5,0,6,318.37662410736084,72.2187910079956,0.9416875839233398
frame_000046,46,1.5,0,7,389.3594832420349,100.13339853286743,0.9137914180755615
frame_000046,46,1.5,0,8,308.8059015274048,109.70412111282349,0.870535135269165
frame_000046,46,1.5,0,9,359.0521950721741,115.28704261779785,0.8597394824028015
frame_000046,46,1.5,0,10,295.24737787246704,111.29924154281616,0.8456709384918213
frame_000046,46,1.5,0,11,350.27903270721436,145.5943307876587,0.7676068544387817
frame_000046,46,1.5,0,12,327.14978647232056,147.18945121765137,0.7483224868774414
frame_000046,46,1.5,0,13,328.74490690231323,195.84062433242798,0.671835720539093
frame_000046,46,1.5,0,14,325.5546660423279,204.6137866973877,0.6731215715408325
frame_000046,46,1.5,0,15,324.75710582733154,199.03086519241333,0.603259801864624
frame_000046,46,1.5,0,16,323.9595456123352,269.21616411209106,0.5725018382072449
frame_000047,47,1.5333333333333332,0,0,317.61382548014325,52.30707138776779,0.9665439128875732
frame_000047,47,1.5333333333333332,0,1,322.3826624552409,48.33304047584534,0.9525742530822754
frame_000047,47,1.5333333333333332,0,2,315.2294069925944,48.33304047584534,0.9770578145980835
frame_000047,47,1.5333333333333332,0,3,336.6891733805338,49.12784665822983,0.9709787368774414
frame_000047,47,1.5333333333333332,0,4,318.4086316426595,51.5122652053833,0.7597417235374451
frame_000047,47,1.5333333333333332,0,5,362.1229705810547,75.35645067691803,0.8868892192840576
frame_000047,47,1.5333333333333332,0,6,319.2034378051758,78.535675406456,0.9216495752334595
frame_000047,47,1.5333333333333332,0,7,381.1983184814453,111.91753506660461,0.9263721704483032
frame_000047,47,1.5333333333333332,0,8,311.255376180013,115.89156597852707,0.9124609231948853
frame_000047,47,1.5333333333333332,0,9,349.4060719807943,119.07079070806503,0.7607036232948303
frame_000047,47,1.5333333333333332,0,10,292.9748344421387,119.07079070806503,0.8649596571922302
frame_000047,47,1.5333333333333332,0,11,350.9956843058268,150.06823182106018,0.7492640018463135
frame_000047,47,1.5333333333333332,0,12,326.35669326782227,150.86303800344467,0.7305341958999634
frame_000047,47,1.5333333333333332,0,13,319.2034378051758,197.75660276412964,0.6648001670837402
frame_000047,47,1.5333333333333332,0,14,322.3826624552409,208.8838893175125,0.6646749973297119
frame_000047,47,1.5333333333333332,0,15,362.9177767435709,200.1410213112831,0.7352344989776611
frame_000047,47,1.5333333333333332,0,16,328.7411117553711,263.7255159020424,0.7200497388839722
frame_000048,48,1.5666666666666667,0,0,316.15636348724365,56.32000255584717,0.9534470438957214
frame_000048,48,1.5666666666666667,0,1,320.9044313430786,51.57193470001221,0.9730712175369263
frame_000048,48,1.5666666666666667,0,2,314.57367420196533,52.36327934265137,0.9697376489639282
frame_000048,48,1.5666666666666667,0,3,335.93997955322266,52.36327934265137,0.944988489151001
frame_000048,48,1.5666666666666667,0,4,317.739052772522,55.52865791320801,0.7370689511299133
frame_000048,48,1.5666666666666667,0,5,359.68031883239746,78.47765254974365,0.9119662046432495
frame_000048,48,1.5666666666666667,0,6,318.53039741516113,82.43437576293945,0.9228256344795227
frame_000048,48,1.5666666666666667,0,7,374.7158670425415,117.2535400390625,0.9468352794647217
frame_000048,48,1.5666666666666667,0,8,312.990984916687,118.83622932434082,0.8867946863174438
frame_000048,48,1.5666666666666667,0,9,343.85342597961426,120.41891860961914,0.7291923761367798
frame_000048,48,1.5666666666666667,0,10,293.99871349334717,123.58429718017578,0.8468791246414185
frame_000048,48,1.5666666666666667,0,11,349.3928384780884,156.8207721710205,0.7468830347061157
frame_000048,48,1.5666666666666667,0,12,324.8611545562744,156.02942752838135,0.7390273809432983
frame_000048,48,1.5666666666666667,0,13,319.3217420578003,204.30145072937012,0.6452468633651733
frame_000048,48,1.5666666666666667,0,14,320.11308670043945,209.04951858520508,0.6269387006759644
frame_000048,48,1.5666666666666667,0,15,362.8456974029541,197.97069358825684,0.5492827892303467
frame_000048,48,1.5666666666666667,0,16,335.93997955322266,266.81767749786377,0.5112735033035278
frame_000049,49,1.6,0,0,315.0203245480855,57.24347901344299,0.9922965168952942
frame_000049,49,1.6,0,1,319.3692062695821,52.16978394985199,1.0010038614273071
frame_000049,49,1.6,0,2,314.2955109278361,52.89459753036499,0.9885199069976807
frame_000049,49,1.6,0,3,336.039919535319,54.34422469139099,0.9691352844238281
frame_000049,49,1.6,0,4,317.1947654088338,57.24347901344299,0.7496048212051392
frame_000049,49,1.6,0,5,357.7843281428019,81.16232717037201,0.9296583533287048
frame_000049,49,1.6,0,6,320.09401988983154,85.51120865345001,0.8826996088027954
frame_000049,49,1.6,0,7,359.9587690035502,121.02707409858704,0.9446061253547668
frame_000049,49,1.6,0,8,316.4699517885844,118.85263335704803,0.8244678974151611
frame_000049,49,1.6,0,9,327.3421560923258,113.77893829345703,0.7638020515441895
frame_000049,49,1.6,0,10,296.17517042160034,126.82558274269104,0.8066742420196533
frame_000049,49,1.6,0,11,349.8113783200582,157.26775312423706,0.7571756839752197
frame_000049,49,1.6,0,12,325.892528851827,156.54293954372406,0.7599058151245117
frame_000049,49,1.6,0,13,329.5165969530741,205.1054494380951,0.5981355905532837
frame_000049,49,1.6,0,14,300.5240521430969,200.7565679550171,0.5671871304512024
frame_000049,49,1.6,0,15,347.63693745930993,194.23324573040009,0.6224613189697266
frame_000049,49,1.6,0,16,344.01286935806274,188.43473708629608,0.5338332653045654
frame_000050,50,1.6333333333333333,0,0,313.5199432373047,53.51727485656738,0.9517214298248291
frame_000050,50,1.6333333333333333,0,1,318.30809688568115,49.413143157958984,0.9680706262588501
frame_000050,50,1.6333333333333333,0,2,312.8359212875366,49.413143157958984,0.9959326982498169
frame_000050,50,1.6333333333333333,0,3,335.4086456298828,51.465209007263184,0.9348034858703613
frame_000050,50,1.6333333333333333,0,4,316.25603103637695,53.51727485656738,0.7277747392654419
frame_000050,50,1.6333333333333333,0,5,356.61332607269287,77.4580430984497,0.8912203311920166
frame_000050,50,1.6333333333333333,0,6,321.0441846847534,82.24619674682617,0.8378573656082153
frame_000050,50,1.6333333333333333,0,7,349.7731065750122,117.81533813476562,0.86722332239151
frame_000050,50,1.6333333333333333,0,8,319.6761407852173,113.71120643615723,0.7498384714126587
frame_000050,50,1.6333333333333333,0,9,317.6240749359131,103.45087718963623,0.7695001363754272
frame_000050,50,1.6333333333333333,0,10,299.1554822921753,123.28751373291016,0.7913972735404968
frame_000050,50,1.6333333333333333,0,11,349.7731065750122,152.01643562316895,0.7448128461837769
frame_000050,50,1.6333333333333333,0,12,326.51636028289795,151.33241367340088,0.73471999168396
frame_000050,50,1.6333333333333333,0,13,336.77668952941895,210.84232330322266,0.7740055918693542
frame_000050,50,1.6333333333333333,0,14,296.419394493103,189.6376428604126,0.5761100053787231
frame_000050,50,1.6333333333333333,0,15,350.4571285247803,259.40788173675537,0.8658758997917175
frame_000050,50,1.6333333333333333,0,16,346.3529968261719,195.7938404083252,0.5597296953201294
frame_000051,51,1.6666666666666667,0,0,313.50229263305664,47.41978907585144,0.9949222803115845
frame_000051,51,1.6666666666666667,0,1,318.1509323120117,42.77114963531494,0.9823805689811707
frame_000051,51,1.6666666666666667,0,2,312.7275193532308,42.77114963531494,1.0076873302459717
frame_000051,51,1.6666666666666667,0,3,334.4211711883545,43.54592287540436,1.0066843032836914
frame_000051,51,1.6666666666666667,0,4,315.8266124725342,47.41978907585144,0.7808029651641846
frame_000051,51,1.6666666666666667,0,5,355.34004974365234,70.66298627853394,0.9340106844902039
frame_000051,51,1.6666666666666667,0,6,320.47525215148926,75.31162571907043,0.8960556983947754
frame_000051,51,1.6666666666666667,0,7,346.817543665568,109.40164828300476,0.9138398170471191
frame_000051,51,1.6666666666666667,0,8,320.47525215148926,105.52778208255768,0.8366933465003967
frame_000051,51,1.6666666666666667,0,9,313.50229263305664,93.90618348121643,0.8589316010475159
frame_000051,51,1.6666666666666667,0,10,301.88069343566895,117.92415392398834,0.8337531089782715
frame_000051,51,1.6666666666666667,0,11,349.91663678487146,148.1403102874756,0.8200865983963013
frame_000051,51,1.6666666666666667,0,12,325.8986651102702,146.59076380729675,0.8093360662460327
frame_000051,51,1.6666666666666667,0,13,346.0427703857422,207.79784977436066,0.8546812534332275
frame_000051,51,1.6666666666666667,0,14,298.78160031636554,188.42851877212524,0.7774501442909241
frame_000051,51,1.6666666666666667,0,15,356.8895963033041,258.15811038017273,0.9225598573684692
frame_000051,51,1.6666666666666667,0,16,342.1689039866129,190.7528384923935,0.6168206930160522
frame_000052,52,1.7,0,0,313.9721533457438,40.549857437610626,0.9545448422431946
frame_000052,52,1.7,0,1,318.0681473414103,35.08853226900101,0.9279804229736328
frame_000052,52,1.7,0,2,313.28948767979944,35.77119791507721,1.0049633979797363
frame_000052,52,1.7,0,3,333.7694576581319,37.136529207229614,1.0542140007019043
frame_000052,52,1.7,0,4,316.7028160095215,40.549857437610626,0.6874945163726807
frame_000052,52,1.7,0,5,354.2494276364644,64.44315505027771,0.8847570419311523
frame_000052,52,1.7,0,6,322.1641413370768,67.85648328065872,0.8523029088973999
frame_000052,52,1.7,0,7,341.2787799835205,103.35509687662125,0.9085645079612732
frame_000052,52,1.7,0,8,325.57746966679895,99.25910300016403,0.7429990172386169
frame_000052,52,1.7,0,9,309.8761593500773,86.28845572471619,0.8629999756813049
frame_000052,52,1.7,0,10,307.828162352244,108.13375639915466,0.8019871711730957
frame_000052,52,1.7,0,11,349.4707679748535,139.53637611865997,0.7776631116867065
frame_000052,52,1.7,0,12,326.2601353327433,139.53637611865997,0.760735034942627
frame_000052,52,1.7,0,13,352.20143063863117,200.293618619442,0.8588935136795044
frame_000052,52,1.7,0,14,302.3668370246887,184.59230875968933,0.7866606712341309
frame_000052,52,1.7,0,15,361.758749961853,250.81087642908096,0.9341515302658081
frame_000052,52,1.7,0,16,342.64411131540936,208.48560637235641,0.7894741296768188
frame_000053,53,1.7333333333333334,0,0,313.1294409434,36.06542980670929,0.9939655661582947
frame_000053,53,1.7333333333333334,0,1,317.75311374664307,30.781232476234436,0.9581786394119263
frame_000053,53,1.7333333333333334,0,2,312.46891625722253,31.441757142543793,1.0580172538757324
frame_000053,53,1.7333333333333334,0,3,333.6057062149048,32.10228180885315,1.0295796394348145
frame_000053,53,1.7333333333333334,0,4,315.11101500193274,34.744380474090576,0.6295745968818665
frame_000053,53,1.7333333333333334,0,5,353.42144680023193,59.84431779384613,0.859734296798706
frame_000053,53,1.7333333333333334,0,6,322.3767865498861,64.46799045801163,0.8532036542892456
frame_000053,53,1.7333333333333334,0,7,339.55042839050293,98.15474843978882,0.8765293955802917
frame_000053,53,1.7333333333333334,0,8,327.66098403930664,95.51264977455139,0.7239848375320435
frame_000053,53,1.7333333333333334,0,9,307.8452434539795,81.6416317820549,0.8807014226913452
frame_000053,53,1.7333333333333334,0,10,313.1294409434,104.09947043657303,0.759345531463623
frame_000053,53,1.7333333333333334,0,11,349.4582986831665,136.4651790857315,0.7496653199195862
frame_000053,53,1.7333333333333334,0,12,326.33993466695154,135.80465441942215,0.734362006187439
frame_000053,53,1.7333333333333334,0,13,355.40302085876465,195.9123990535736,0.824557900428772
frame_000053,53,1.7333333333333334,0,14,305.8636693954468,183.36243039369583,0.797966718673706
frame_000053,53,1.7333333333333334,0,15,365.9714158376058,246.11227369308472,0.9326961636543274
frame_000053,53,1.7333333333333334,0,16,339.55042839050293,222.33338570594788,0.788926899433136
frame_000054,54,1.7666666666666666,0,0,312.753306388855,31.477882862091064,0.9625994563102722
frame_000054,54,1.7666666666666666,0,1,317.51305770874023,25.131547451019287,0.9553407430648804
frame_000054,54,1.7666666666666666,0,2,311.9600145022074,26.71813130378723,1.036313533782959
frame_000054,54,1.7666666666666666,0,3,333.37889544169104,28.304715156555176,1.0121088027954102
frame_000054,54,1.7666666666666666,0,4,315.9264739354452,30.684590935707092,0.6978163719177246
frame_000054,54,1.7666666666666666,0,5,354.00448449452716,56.0699325799942,0.9083400964736938
frame_000054,54,1.7666666666666666,0,6,320.68622525533044,63.20955991744995,0.9194910526275635
frame_000054,54,1.7666666666666666,0,7,341.3118143081665,94.94123697280884,0.8757318258285522
frame_000054,54,1.7666666666666666,0,8,323.06610091527307,95.73452889919281,0.7213865518569946
frame_000054,54,1.7666666666666666,0,9,306.4069712956747,79.86869037151337,0.911171019077301
frame_000054,54,1.7666666666666666,0,10,311.16672261555993,100.49428045749664,0.6951886415481567
frame_000054,54,1.7666666666666666,0,11,349.2447331746419,131.43266558647156,0.7860668897628784
frame_000054,54,1.7666666666666666,0,12,326.23926846186316,132.22595751285553,0.7731132507324219
frame_000054,54,1.7666666666666666,0,13,359.55752770106,191.72285199165344,0.8454090356826782
frame_000054,54,1.7666666666666666,0,14,310.37343072891235,183.78993272781372,0.7761043310165405
frame_000054,54,1.7666666666666666,0,15,370.6636141141255,239.32036757469177,0.8825868964195251
frame_000054,54,1.7666666666666666,0,16,332.5856035550436,232.97403216362,0.8688953518867493
frame_000055,55,1.8,0,0,313.20994893709815,31.772479832172394,0.9022418260574341
frame_000055,55,1.8,0,1,318.0131148497263,25.368258774280548,0.8908717036247253
frame_000055,55,1.8,0,2,312.4094212849935,26.16878640651703,0.9546721577644348
frame_000055,55,1.8,0,3,334.82419554392493,27.76984167098999,0.9427476525306702
frame_000055,55,1.8,0,4,317.2125871976217,30.971952199935913,0.6594132781028748
frame_000055,55,1.8,0,5,354.83738684654236,55.788308799266815,0.8807939291000366
frame_000055,55,1.8,0,6,321.21522545814514,63.79358512163162,0.8713926076889038
frame_000055,55,1.8,0,7,343.6299997170766,95.81469041109085,0.846306324005127
frame_000055,55,1.8,0,8,316.41205954551697,99.01680094003677,0.6821919679641724
frame_000055,55,1.8,0,9,307.60625537236535,84.60730355978012,0.8296935558319092
frame_000055,55,1.8,0,10,307.60625537236535,96.61521804332733,0.6679128408432007
frame_000055,55,1.8,0,11,349.2336932818095,130.23737859725952,0.7482826709747314
frame_000055,55,1.8,0,12,326.0183913707733,131.037906229496,0.746712863445282
frame_000055,55,1.8,0,13,351.6352762381236,191.87800627946854,0.771186351776123
frame_000055,55,1.8,0,14,317.2125871976217,188.6758957505226,0.7535876631736755
frame_000055,55,1.8,0,15,376.45163345336914,232.70491552352905,0.8372323513031006
frame_000055,55,1.8,0,16,332.42261258761084,244.71283000707626,0.8249324560165405
frame_000056,56,1.8333333333333333,0,0,315.0525862375895,35.849394738674164,0.895111083984375
frame_000056,56,1.8333333333333333,0,1,319.5742332140604,31.327747881412506,0.9150697588920593
frame_000056,56,1.8333333333333333,0,2,314.29897840817773,31.327747881412506,0.9134768843650818
frame_000056,56,1.8333333333333333,0,3,336.1536054611206,32.834963500499725,0.9879986047744751
frame_000056,56,1.8333333333333333,0,4,317.31340972582495,35.849394738674164,0.6606164574623108
frame_000056,56,1.8333333333333333,0,5,354.9938011964162,59.96484464406967,0.8776489496231079
frame_000056,56,1.8333333333333333,0,6,322.58866453170776,66.74731492996216,0.8390213251113892
frame_000056,56,1.8333333333333333,0,7,346.70411507288617,99.15245074033737,0.8606607913970947
frame_000056,56,1.8333333333333333,0,8,324.0958801905314,99.90605854988098,0.702155351638794
frame_000056,56,1.8333333333333333,0,9,312.03815491994226,93.8771960735321,0.8631761074066162
frame_000056,56,1.8333333333333333,0,10,310.53093926111853,101.4132741689682,0.7349412441253662
frame_000056,56,1.8333333333333333,0,11,348.96493856112164,133.0648021697998,0.7264330387115479
frame_000056,56,1.8333333333333333,0,12,327.1103115081787,133.0648021697998,0.7254147529602051
frame_000056,56,1.8333333333333333,0,13,345.9505072434743,194.8606425523758,0.7750275135040283
frame_000056,56,1.8333333333333333,0,14,324.84948801994324,192.59981912374496,0.7404341697692871
frame_000056,56,1.8333333333333333,0,15,379.1092517375946,225.7585627436638,0.8470883369445801
frame_000056,56,1.8333333333333333,0,16,330.12474282582605,251.38122826814651,0.8719004392623901
frame_000057,57,1.8666666666666667,0,0,316.3131785392761,41.934388160705566,0.8695540428161621
frame_000057,57,1.8666666666666667,0,1,320.99124002456665,35.69697284698486,0.8691263198852539
frame_000057,57,1.8666666666666667,0,2,315.53350162506104,37.25632667541504,0.8738106489181519
frame_000057,57,1.8666666666666667,0,3,337.3644552230835,37.25632667541504,0.9952111840248108
frame_000057,57,1.8666666666666667,0,4,317.0928554534912,42.714065074920654,0.6972964406013489
frame_000057,57,1.8666666666666667,0,5,356.0767011642456,65.3246955871582,0.8805680274963379
frame_000057,57,1.8666666666666667,0,6,323.3302707672119,71.5621109008789,0.8409634232521057
frame_000057,57,1.8666666666666667,0,7,348.2799320220947,105.86789512634277,0.9012479186058044
frame_000057,57,1.8666666666666667,0,8,327.22865533828735,105.86789512634277,0.720638632774353
frame_000057,57,1.8666666666666667,0,9,312.4147939682007,102.74918746948242,0.8484096527099609
frame_000057,57,1.8666666666666667,0,10,310.0757632255554,107.42724895477295,0.6220827102661133
frame_000057,57,1.8666666666666667,0,11,348.2799320220947,139.39400243759155,0.7398127913475037
frame_000057,57,1.8666666666666667,0,12,327.22865533828735,139.39400243759155,0.7312492728233337
frame_000057,57,1.8666666666666667,0,13,338.9238090515137,200.2088017463684,0.7746305465698242
frame_000057,57,1.8666666666666667,0,14,323.3302707672119,197.86977100372314,0.7544786930084229
frame_000057,57,1.8666666666666667,0,15,379.46700859069824,216.58201694488525,0.8602885603904724
frame_000057,57,1.8666666666666667,0,16,330.3473629951477,257.1252164840698,0.897487461566925
frame_000058,58,1.9,0,0,315.9228521982829,48.126150131225586,0.8674129247665405
frame_000058,58,1.9,0,1,320.6581522623698,43.39085030555725,0.8584946990013123
frame_000058,58,1.9,0,2,315.13363552093506,43.39085030555725,0.839918315410614
frame_000058,58,1.9,0,3,336.4424858093262,44.18006694316864,0.9745171070098877
frame_000058,58,1.9,0,4,316.7120688756307,47.3369334936142,0.7064002156257629
frame_000058,58,1.9,0,5,356.1729027430216,71.80264925956726,0.8731226921081543
frame_000058,58,1.9,0,6,323.02580229441327,75.7487324476242,0.8407431840896606
frame_000058,58,1.9,0,7,353.80525271097815,113.63113105297089,0.8814375400543213
frame_000058,58,1.9,0,8,328.55031903584796,111.26348114013672,0.7167952060699463
frame_000058,58,1.9,0,9,318.29050223032635,112.8419144153595,0.7222793102264404
frame_000058,58,1.9,0,10,309.6091187795003,115.20956432819366,0.6514670252799988
frame_000058,58,1.9,0,11,347.4915192921957,143.62136328220367,0.7445922493934631
frame_000058,58,1.9,0,12,326.97188568115234,143.62136328220367,0.7316204309463501
frame_000058,58,1.9,0,13,334.86405245463055,205.96947765350342,0.7515614032745361
frame_000058,58,1.9,0,14,317.5012855529785,202.02339446544647,0.7535035610198975
frame_000058,58,1.9,0,15,374.3248863220215,209.91556084156036,0.8314127326011658
frame_000058,58,1.9,0,16,330.9179690678914,259.6362090110779,0.8698585629463196
frame_000059,59,1.9333333333333333,0,0,314.9380955696106,53.22180891036987,0.8882247805595398
frame_000059,59,1.9333333333333333,0,1,320.48161029815674,49.262155532836914,0.890683650970459
frame_000059,59,1.9333333333333333,0,2,314.9380955696106,48.47022485733032,0.8848932981491089
frame_000059,59,1.9333333333333333,0,3,335.528293132782,50.054086208343506,1.0338387489318848
frame_000059,59,1.9333333333333333,0,4,316.5219569206238,54.013739585876465,0.7428067922592163
frame_000059,59,1.9333333333333333,0,5,355.3265600204468,78.56359052658081,0.8766465783119202
frame_000059,59,1.9333333333333333,0,6,321.27354097366333,81.73131322860718,0.8781303763389587
frame_000059,59,1.9333333333333333,0,7,358.49428272247314,119.74398565292358,0.910713255405426
frame_000059,59,1.9333333333333333,0,8,322.8574023246765,114.99240159988403,0.7304239273071289
frame_000059,59,1.9333333333333333,0,9,326.0251250267029,125.28750038146973,0.6980903148651123
frame_000059,59,1.9333333333333333,0,10,303.8510661125183,117.36819362640381,0.7711302042007446
frame_000059,59,1.9333333333333333,0,11,345.8233919143677,153.00507402420044,0.7498289346694946
frame_000059,59,1.9333333333333333,0,12,323.6493330001831,153.00507402420044,0.7473046779632568
frame_000059,59,1.9333333333333333,0,13,326.0251250267029,210.02408266067505,0.7038712501525879
frame_000059,59,1.9333333333333333,0,14,314.9380955696106,207.64829063415527,0.7454350590705872
frame_000059,59,1.9333333333333333,0,15,366.41358947753906,205.2724986076355,0.8110751509666443
frame_000059,59,1.9333333333333333,0,16,334.7363624572754,260.7076458930969,0.8070535659790039
frame_000060,60,1.9666666666666666,0,0,312.33939965566,57.27979093790054,0.899476170539856
frame_000060,60,1.9666666666666666,0,1,316.9823301633199,52.63686031103134,0.9185197949409485
frame_000060,60,1.9666666666666666,0,2,311.56557790438336,53.41068208217621,0.9129940271377563
frame_000060,60,1.9666666666666666,0,3,332.45876518885296,54.95832562446594,1.0172934532165527
frame_000060,60,1.9666666666666666,0,4,314.66086490948993,58.05361270904541,0.7109122276306152
frame_000060,60,1.9666666666666666,0,5,354.12577422459924,82.81590938568115,0.8833286762237549
frame_000060,60,1.9666666666666666,0,6,318.52997366587323,85.91119647026062,0.8663357496261597
frame_000060,60,1.9666666666666666,0,7,363.41163523991906,123.8284632563591,0.889807939529419
frame_000060,60,1.9666666666666666,0,8,321.6252606709798,118.41171085834503,0.7561525106430054
frame_000060,60,1.9666666666666666,0,9,331.6849434375763,133.88814628124237,0.6706565618515015
frame_000060,60,1.9666666666666666,0,10,298.41060813268024,118.41171085834503,0.8075838088989258
frame_000060,60,1.9666666666666666,0,11,344.0660914580027,156.3289776444435,0.7296862602233887
frame_000060,60,1.9666666666666666,0,12,321.6252606709798,156.3289776444435,0.7184306383132935
frame_000060,60,1.9666666666666666,0,13,316.2085084120433,209.72267985343933,0.6843066215515137
frame_000060,60,1.9666666666666666,0,14,311.56557790438336,212.8179669380188,0.7027431726455688
frame_000060,60,1.9666666666666666,0,15,361.8639917373657,206.62739276885986,0.7419415712356567
frame_000060,60,1.9666666666666666,0,16,341.74462620417273,260.0210949778557,0.7352729439735413
frame_000061,61,2.0,0,0,311.1618480682373,59.024829149246216,0.9614831209182739
frame_000061,61,2.0,0,1,316.5073425769806,55.206618785858154,0.9941844940185547
frame_000061,61,2.0,0,2,310.3982059955597,55.206618785858154,0.9817614555358887
frame_000061,61,2.0,0,3,331.78018403053284,57.49754500389099,1.0059393644332886
frame_000061,61,2.0,0,4,313.45277428627014,59.78847122192383,0.7206588387489319
frame_000061,61,2.0,0,5,355.4530882835388,84.22501754760742,0.9068654179573059
frame_000061,61,2.0,0,6,316.5073425769806,85.75230169296265,0.9085850715637207
frame_000061,61,2.0,0,7,369.96228766441345,123.93440532684326,0.9731111526489258
frame_000061,61,2.0,0,8,315.743700504303,121.64347910881042,0.8419763445854187
frame_000061,61,2.0,0,9,345.52574133872986,137.67996263504028,0.7222173810005188
frame_000061,61,2.0,0,10,294.36172246932983,117.82526874542236,0.8649610877037048
frame_000061,61,2.0,0,11,342.4711730480194,159.82558274269104,0.7314028739929199
frame_000061,61,2.0,0,12,320.32555294036865,159.82558274269104,0.7254832983016968
frame_000061,61,2.0,0,13,311.9254901409149,209.46231746673584,0.6885136365890503
frame_000061,61,2.0,0,14,317.2709846496582,214.0441699028015,0.675383448600769
frame_000061,61,2.0,0,15,354.6894462108612,210.22595953941345,0.7654206156730652
frame_000061,61,2.0,0,16,347.0530254840851,258.335410118103,0.7248802185058594
frame_000062,62,2.033333333333333,0,0,311.4191017150879,55.68118596076965,0.9714139699935913
frame_000062,62,2.033333333333333,0,1,316.8130747477214,51.057780742645264,1.0214303731918335
frame_000062,62,2.033333333333333,0,2,309.8779665629069,51.057780742645264,0.9538259506225586
frame_000062,62,2.033333333333333,0,3,331.45385869344074,54.14005088806152,0.9920873641967773
frame_000062,62,2.033333333333333,0,4,312.96023686726886,55.68118596076965,0.7042485475540161
frame_000062,62,2.033333333333333,0,5,356.11202112833655,80.33934712409973,0.8848038911819458
frame_000062,62,2.033333333333333,0,6,314.5013720194499,81.88048219680786,0.9317582845687866
frame_000062,62,2.033333333333333,0,7,376.9173456827799,116.55602133274078,0.9754092693328857
frame_000062,62,2.033333333333333,0,8,309.1073989868164,119.63829147815704,0.9239919185638428
frame_000062,62,2.033333333333333,0,9,349.1769129435221,135.8202097415924,0.8226390480995178
frame_000062,62,2.033333333333333,0,10,291.38434473673504,111.9326161146164,0.8883249759674072
frame_000062,62,2.033333333333333,0,11,342.24180475870764,155.8549656867981,0.7656234502792358
frame_000062,62,2.033333333333333,0,12,322.9776153564453,156.62553322315216,0.7440617084503174
frame_000062,62,2.033333333333333,0,13,308.3368314107259,201.31845033168793,0.7573522329330444
frame_000062,62,2.033333333333333,0,14,329.14215596516925,214.41809844970703,0.7154408693313599
frame_000062,62,2.033333333333333,0,15,352.25918324788415,211.33582830429077,0.7580888271331787
frame_000062,62,2.033333333333333,0,16,353.0297508239746,257.56988048553467,0.6806768774986267
frame_000063,63,2.0666666666666664,0,0,309.3350602785746,49.07013130187988,0.9635909199714661
frame_000063,63,2.0666666666666664,0,1,314.8717613220215,44.324387311935425,0.9901648759841919
frame_000063,63,2.0666666666666664,0,2,308.5441029866537,45.115344643592834,0.9648005962371826
frame_000063,63,2.0666666666666664,0,3,330.69090716044104,48.27917397022247,1.04158616065979
frame_000063,63,2.0666666666666664,0,4,312.49888944625854,49.86108863353729,0.7097653150558472
frame_000063,63,2.0666666666666664,0,5,356.79249779383343,74.38076591491699,0.9012443423271179
frame_000063,63,2.0666666666666664,0,6,312.49888944625854,77.54459524154663,0.9517229795455933
frame_000063,63,2.0666666666666664,0,7,382.1031311353047,106.01905918121338,0.9686470031738281
frame_000063,63,2.0666666666666664,0,8,304.5893165270487,115.5105471611023,0.9458432793617249
frame_000063,63,2.0666666666666664,0,9,356.79249779383343,128.16586446762085,0.8561928272247314
frame_000063,63,2.0666666666666664,0,10,288.77017068862915,103.64618718624115,0.9126266241073608
frame_000063,63,2.0666666666666664,0,11,343.34622383117676,151.89458441734314,0.8100116848945618
frame_000063,63,2.0666666666666664,0,12,325.94516340891516,153.47649908065796,0.782425045967102
frame_000063,63,2.0666666666666664,0,13,309.3350602785746,195.39723765850067,0.7133343815803528
frame_000063,63,2.0666666666666664,0,14,339.39143737157184,208.84351229667664,0.7582529187202454
frame_000063,63,2.0666666666666664,0,15,346.51005299886066,216.75308561325073,0.7687087059020996
frame_000063,63,2.0666666666666664,0,16,363.9111134211223,253.928080201149,0.8455890417098999
frame_000064,64,2.1,0,0,310.9773794809977,42.444860219955444,0.9237879514694214
frame_000064,64,2.1,0,1,316.5832977294922,37.63978719711304,0.9614255428314209
frame_000064,64,2.1,0,2,308.57484308878577,38.440632700920105,0.9372726678848267
frame_000064,64,2.1,0,3,330.9985160827637,40.84316921234131,0.9914941787719727
frame_000064,64,2.1,0,4,310.1765340169271,43.24570572376251,0.7253162860870361
frame_000064,64,2.1,0,5,356.6255709330241,67.27107083797455,0.8708463311195374
frame_000064,64,2.1,0,6,310.1765340169271,69.67360734939575,0.9438591599464417
frame_000064,64,2.1,0,7,386.2568531036377,94.49981796741486,0.9383076429367065
frame_000064,64,2.1,0,8,300.56638844807946,110.51672804355621,0.9414507150650024
frame_000064,64,2.1,0,9,365.43487103780103,114.52095556259155,0.9191402792930603
frame_000064,64,2.1,0,10,288.5537064870199,93.69897246360779,0.8964723348617554
frame_000064,64,2.1,0,11,344.61288897196454,142.55054819583893,0.7809840440750122
frame_000064,64,2.1,0,12,325.39259783426917,144.15223920345306,0.761721670627594
frame_000064,64,2.1,0,13,310.1765340169271,190.601278424263,0.7028892636299133
frame_000064,64,2.1,0,14,345.41373443603516,201.01226997375488,0.7742129564285278
frame_000064,64,2.1,0,15,344.61288897196454,218.63087105751038,0.6877795457839966
frame_000064,64,2.1,0,16,367.83740743001295,247.46130919456482,0.8148597478866577
frame_000065,65,2.1333333333333333,0,0,310.66867891947425,37.994876742362976,0.9199953079223633
frame_000065,65,2.1333333333333333,0,1,316.25880908966064,33.20333635807037,0.9984569549560547
frame_000065,65,2.1333333333333333,0,2,309.0714988708496,33.20333635807037,0.9413599967956543
frame_000065,65,2.1333333333333333,0,3,331.4320195515951,35.599106550216675,0.9870014190673828
frame_000065,65,2.1333333333333333,0,4,309.870088895162,37.19628667831421,0.7174055576324463
frame_000065,65,2.1333333333333333,0,5,356.1883103052775,61.15398859977722,0.8598260879516602
frame_000065,65,2.1333333333333333,0,6,309.870088895162,65.94552898406982,0.9586249589920044
frame_000065,65,2.1333333333333333,0,7,389.72909132639575,84.31310045719147,0.942753255367279
frame_000065,65,2.1333333333333333,0,8,297.09264850616455,104.27785205841064,0.9180000424385071
frame_000065,65,2.1333333333333333,0,9,371.3615207672119,105.87503218650818,0.9187135696411133
frame_000065,65,2.1333333333333333,0,10,287.5095682144165,86.70887064933777,0.8922803997993469
frame_000065,65,2.1333333333333333,0,11,345.0080499649048,140.21440494060516,0.8092700242996216
frame_000065,65,2.1333333333333333,0,12,328.2376594543457,141.8115850687027,0.7902358770370483
frame_000065,65,2.1333333333333333,0,13,313.06444899241126,188.1298087835312,0.7545251250267029
frame_000065,65,2.1333333333333333,0,14,349.0010000864665,196.11570942401886,0.8364090919494629
frame_000065,65,2.1333333333333333,0,15,341.0150998433431,232.05226230621338,0.7294715046882629
frame_000065,65,2.1333333333333333,0,16,369.76434071858716,240.83675301074982,0.8909628391265869
frame_000066,66,2.1666666666666665,0,0,310.3484290440877,34.67375719547272,0.9321754574775696
frame_000066,66,2.1666666666666665,0,1,315.9126262664795,29.109560251235962,0.9970171451568604
frame_000066,66,2.1666666666666665,0,2,308.75865840911865,29.109560251235962,0.9703754186630249
frame_000066,66,2.1666666666666665,0,3,331.81033261617023,32.289101362228394,0.9790723919868469
frame_000066,66,2.1666666666666665,0,4,310.3484290440877,33.87887191772461,0.6891556978225708
frame_000066,66,2.1666666666666665,0,5,358.04154809316003,57.72543025016785,0.8409919738769531
frame_000066,66,2.1666666666666665,0,6,310.3484290440877,63.2896271944046,0.9211961030960083
frame_000066,66,2.1666666666666665,0,7,391.4267314275106,78.39244747161865,0.9075679779052734
frame_000066,66,2.1666666666666665,0,8,296.8353786468506,99.85434997081757,0.8803720474243164
frame_000066,66,2.1666666666666665,0,9,373.1443691253662,99.85434997081757,0.8725409507751465
frame_000066,66,2.1666666666666665,0,10,288.0916401545207,84.75152969360352,0.850468099117279
frame_000066,66,2.1666666666666665,0,11,346.91315364837646,132.44464635849,0.7613343000411987
frame_000066,66,2.1666666666666665,0,12,327.83590602874756,134.8293021917343,0.7318540811538696
frame_000066,66,2.1666666666666665,0,13,323.06659412384033,184.112189412117,0.6995439529418945
frame_000066,66,2.1666666666666665,0,14,349.2978096008301,191.26615691184998,0.8014246821403503
frame_000066,66,2.1666666666666665,0,15,335.78475920359296,243.7285852432251,0.7709816694259644
frame_000066,66,2.1666666666666665,0,16,373.9392544428507,234.9848471879959,0.8687888383865356
frame_000067,67,2.2,0,0,310.9348249435425,34.537353217601776,0.9343643188476562
frame_000067,67,2.2,0,1,316.44809977213544,29.81168895959854,0.9819649457931519
frame_000067,67,2.2,0,2,310.14721425374347,29.81168895959854,0.971420168876648
frame_000067,67,2.2,0,3,332.20031356811523,32.17452108860016,0.983612060546875
frame_000067,67,2.2,0,4,311.7224356333415,33.74974250793457,0.6703673601150513
frame_000067,67,2.2,0,5,358.9790770212809,58.16567450761795,0.8300981521606445
frame_000067,67,2.2,0,6,311.7224356333415,62.891338765621185,0.9121103882789612
frame_000067,67,2.2,0,7,392.84633668263757,77.8559422492981,0.9057172536849976
frame_000067,67,2.2,0,8,298.3330539067586,99.90904211997986,0.8628836870193481
frame_000067,67,2.2,0,9,373.9436801274618,100.69665282964706,0.8630173802375793
frame_000067,67,2.2,0,10,288.8817256291707,88.09488147497177,0.8241506218910217
frame_000067,67,2.2,0,11,347.9525273640951,132.2010812163353,0.7433492541313171
frame_000067,67,2.2,0,12,326.6870387395223,135.35152405500412,0.7273555994033813
frame_000067,67,2.2,0,13,332.20031356811523,183.39577734470367,0.6893695592880249
frame_000067,67,2.2,0,14,340.8640311559041,191.27188444137573,0.6909379959106445
frame_000067,67,2.2,0,15,332.20031356811523,248.76746624708176,0.6894494295120239
frame_000067,67,2.2,0,16,377.0941228866577,230.65241992473602,0.6974678039550781
frame_000068,68,2.2333333333333334,0,0,312.2701587677002,36.6696195602417,0.9351661801338196
frame_000068,68,2.2333333333333334,0,1,317.70103573799133,32.01458215713501,0.9820786118507385
frame_000068,68,2.2333333333333334,0,2,311.49431920051575,32.01458215713501,0.9773608446121216
frame_000068,68,2.2333333333333334,0,3,333.99366664886475,34.342100858688354,1.0044543743133545
frame_000068,68,2.2333333333333334,0,4,312.2701587677002,35.89377999305725,0.6627213954925537
frame_000068,68,2.2333333333333334,0,5,359.59637236595154,60.720646142959595,0.8348639011383057
frame_000068,68,2.2333333333333334,0,6,313.8218379020691,64.59984397888184,0.9285135269165039
frame_000068,68,2.2333333333333334,0,7,394.5091528892517,80.89247488975525,0.9378293752670288
frame_000068,68,2.2333333333333334,0,8,301.4084048271179,101.0643036365509,0.8691813945770264
frame_000068,68,2.2333333333333334,0,9,372.0098054409027,104.94350147247314,0.9000118970870972
frame_000068,68,2.2333333333333334,0,10,292.09833002090454,95.63342666625977,0.8497599959373474
frame_000068,68,2.2333333333333334,0,11,348.73461842536926,136.75292372703552,0.764426589012146
frame_000068,68,2.2333333333333334,0,12,327.0111105442047,140.63212156295776,0.7553867697715759
frame_000068,68,2.2333333333333334,0,13,332.44198751449585,191.83753299713135,0.7027799487113953
frame_000068,68,2.2333333333333334,0,14,340.20038318634033,195.7167308330536,0.7327302694320679
frame_000068,68,2.2333333333333334,0,15,330.89030838012695,253.9046983718872,0.7254979014396667
frame_000068,68,2.2333333333333334,0,16,379.7682011127472,222.87111568450928,0.7275941371917725
frame_000069,69,2.2666666666666666,0,0,315.056884765625,40.5263671875,0.9076342582702637
frame_000069,69,2.2666666666666666,0,1,319.8095703125,35.773681640625,0.928755521774292
frame_000069,69,2.2666666666666666,0,2,312.6805419921875,35.773681640625,0.9248338341712952
frame_000069,69,2.2666666666666666,0,3,336.4439697265625,36.5657958984375,0.9907009601593018
frame_000069,69,2.2666666666666666,0,4,314.2647705078125,39.7342529296875,0.6684054136276245
frame_000069,69,2.2666666666666666,0,5,360.2073974609375,64.289794921875,0.8367267847061157
frame_000069,69,2.2666666666666666,0,6,315.8489990234375,67.458251953125,0.9122536778450012
frame_000069,69,2.2666666666666666,0,7,393.4761962890625,88.05322265625,0.9143096804618835
frame_000069,69,2.2666666666666666,0,8,306.3436279296875,103.8955078125,0.8355497121810913
frame_000069,69,2.2666666666666666,0,9,368.920654296875,111.0245361328125,0.8903018832206726
frame_000069,69,2.2666666666666666,0,10,295.2540283203125,103.1033935546875,0.8145160675048828
frame_000069,69,2.2666666666666666,0,11,349.909912109375,139.5406494140625,0.7553454637527466
frame_000069,69,2.2666666666666666,0,12,327.730712890625,142.7091064453125,0.7438745498657227
frame_000069,69,2.2666666666666666,0,13,334.8597412109375,193.4044189453125,0.6918680667877197
frame_000069,69,2.2666666666666666,0,14,332.4833984375,199.7413330078125,0.6969743967056274
frame_000069,69,2.2666666666666666,0,15,329.31494140625,258.3577880859375,0.5947297215461731
frame_000069,69,2.2666666666666666,0,16,376.841796875,213.207275390625,0.560585618019104
frame_000070,70,2.3,0,0,315.64099049568176,43.37780809402466,0.924813985824585
frame_000070,70,2.3,0,1,321.3056812286377,39.33160042762756,0.9363915920257568
frame_000070,70,2.3,0,2,314.0225074291229,39.33160042762756,0.9377622604370117
frame_000070,70,2.3,0,3,335.87202882766724,41.75932502746582,0.9950735569000244
frame_000070,70,2.3,0,4,315.64099049568176,43.37780809402466,0.7242289185523987
frame_000070,70,2.3,0,5,360.9585163593292,68.46429562568665,0.8511322736740112
frame_000070,70,2.3,0,6,316.4502320289612,71.70126175880432,0.9295119047164917
frame_000070,70,2.3,0,7,389.2819700241089,98.40623235702515,0.9246842265129089
frame_000070,70,2.3,0,8,312.4040243625641,109.73561382293701,0.83763587474823
frame_000070,70,2.3,0,9,361.76775789260864,118.63727068901062,0.8683331608772278
frame_000070,70,2.3,0,10,298.64691829681396,111.35409688949585,0.8306430578231812
frame_000070,70,2.3,0,11,350.4383764266968,143.7237582206726,0.7415532469749451
frame_000070,70,2.3,0,12,327.77961349487305,146.15148282051086,0.7324537038803101
frame_000070,70,2.3,0,13,332.63506269454956,199.56142401695251,0.7014251947402954
frame_000070,70,2.3,0,14,331.82582116127014,202.7983901500702,0.6839427351951599
frame_000070,70,2.3,0,15,331.82582116127014,263.4915051460266,0.6039438247680664
frame_000070,70,2.3,0,16,331.82582116127014,270.7746789455414,0.5370170474052429
frame_000071,71,2.3333333333333335,0,0,314.18909668922424,48.17115926742554,0.9382228851318359
frame_000071,71,2.3333333333333335,0,1,319.0426576137543,44.93545198440552,0.9401178359985352
frame_000071,71,2.3333333333333335,0,2,312.57124304771423,44.93545198440552,0.9607571959495544
frame_000071,71,2.3333333333333335,0,3,334.41226720809937,47.36223244667053,1.0015277862548828
frame_000071,71,2.3333333333333335,0,4,317.42480397224426,49.78901290893555,0.7183897495269775
frame_000071,71,2.3333333333333335,0,5,359.4889986515045,74.0568175315857,0.8818762302398682
frame_000071,71,2.3333333333333335,0,6,318.23373079299927,76.48359799385071,0.9481215476989746
frame_000071,71,2.3333333333333335,0,7,382.13894963264465,108.8406708240509,0.9594685435295105
frame_000071,71,2.3333333333333335,0,8,316.61587715148926,112.88530492782593,0.8656444549560547
frame_000071,71,2.3333333333333335,0,9,352.2086572647095,124.210280418396,0.7771114110946655
frame_000071,71,2.3333333333333335,0,10,297.20163345336914,120.16564631462097,0.8402220010757446
frame_000071,71,2.3333333333333335,0,11,351.39973044395447,148.47808504104614,0.7597153186798096
frame_000071,71,2.3333333333333335,0,12,327.1319258213043,150.09593868255615,0.7429994940757751
frame_000071,71,2.3333333333333335,0,13,327.1319258213043,201.05832839012146,0.686792254447937
frame_000071,71,2.3333333333333335,0,14,329.55870628356934,205.9118893146515,0.6902456879615784
frame_000071,71,2.3333333333333335,0,15,370.0050473213196,199.44047474861145,0.6438808441162109
frame_000071,71,2.3333333333333335,0,16,337.6479744911194,264.96354722976685,0.6094638109207153
frame_000072,72,2.3666666666666667,0,0,313.6097640991211,51.74542874097824,0.9265018105506897
frame_000072,72,2.3666666666666667,0,1,319.1050856908163,47.03515321016312,0.9573497772216797
frame_000072,72,2.3666666666666667,0,2,312.8247181574503,47.82019913196564,0.9672578573226929
frame_000072,72,2.3666666666666667,0,3,334.02095858256024,50.1753368973732,0.9987046718597412
frame_000072,72,2.3666666666666667,0,4,315.9649019241333,52.53047466278076,0.7518620491027832
frame_000072,72,2.3666666666666667,0,5,356.78729089101154,76.8668982386589,0.8961668610572815
frame_000072,72,2.3666666666666667,0,6,317.53499380747473,80.79212784767151,0.8827685117721558
frame_000072,72,2.3666666666666667,0,7,372.48820972442627,116.90424025058746,0.9550005197525024
frame_000072,72,2.3666666666666667,0,8,322.24526945749915,113.76405656337738,0.8346197605133057
frame_000072,72,2.3666666666666667,0,9,341.8714179992676,123.18460762500763,0.642916738986969
frame_000072,72,2.3666666666666667,0,10,300.2639830907186,126.32479131221771,0.8443388938903809
frame_000072,72,2.3666666666666667,0,11,352.0770152409871,149.0911230444908,0.7507824897766113
frame_000072,72,2.3666666666666667,0,12,327.74059104919434,149.87616896629333,0.7339671850204468
frame_000072,72,2.3666666666666667,0,13,334.02095858256024,203.25929164886475,0.7084635496139526
frame_000072,72,2.3666666666666667,0,14,310.4695803324381,204.04433757066727,0.6322994232177734
frame_000072,72,2.3666666666666667,0,15,345.0116017659505,265.2779194712639,0.5776346921920776
frame_000072,72,2.3666666666666667,0,16,356.78729089101154,196.97892427444458,0.5369873046875
frame_000073,73,2.4,0,0,313.758909702301,52.28038692474365,0.9113684296607971
frame_000073,73,2.4,0,1,318.4847707748413,47.55452597141266,0.957647979259491
frame_000073,73,2.4,0,2,312.97126619021094,47.55452597141266,0.9704011678695679
frame_000073,73,2.4,0,3,334.23764101664227,50.70509994029999,0.9699364900588989
frame_000073,73,2.4,0,4,314.5465532143911,53.068030416965485,0.8081039190292358
frame_000073,73,2.4,0,5,355.50401584307355,76.69733518362045,0.9100751876831055
frame_000073,73,2.4,0,6,318.4847707748413,79.84790915250778,0.8623340129852295
frame_000073,73,2.4,0,7,359.44223340352374,117.65479677915573,0.9275633692741394
frame_000073,73,2.4,0,8,321.63534482320154,112.1412923336029,0.7597317695617676
frame_000073,73,2.4,0,9,324.78591887156165,116.07950979471207,0.8101255893707275
frame_000073,73,2.4,0,10,305.09483106931054,123.95594471693039,0.7027041912078857
frame_000073,73,2.4,0,11,352.3534417947133,149.94817996025085,0.7551621198654175
frame_000073,73,2.4,0,12,328.7241364320119,149.94817996025085,0.7393600344657898
frame_000073,73,2.4,0,13,340.5387891133626,205.0832244157791,0.7215054035186768
frame_000073,73,2.4,0,14,307.4577616055807,188.54271107912064,0.49755632877349854
frame_000073,73,2.4,0,15,351.5657982826233,261.0059123635292,0.7327237129211426
frame_000073,73,2.4,0,16,354.71637233098346,199.5697199702263,0.627497673034668
frame_000074,74,2.433333333333333,0,0,312.5505217711131,47.050582110881805,0.9380202293395996
frame_000074,74,2.433333333333333,0,1,317.9517529805501,42.42095524072647,0.9262232780456543
frame_000074,74,2.433333333333333,0,2,312.5505217711131,42.42095524072647,0.9867197275161743
frame_000074,74,2.433333333333333,0,3,333.38384215037024,45.50737315416336,0.9977684020996094
frame_000074,74,2.433333333333333,0,4,314.0937306880951,47.82218658924103,0.8023095726966858
frame_000074,74,2.433333333333333,0,5,353.4455580711365,71.74192541837692,0.9017045497894287
frame_000074,74,2.433333333333333,0,6,318.72335743904114,75.59994781017303,0.8488620519638062
frame_000074,74,2.433333333333333,0,7,349.5875357786814,111.86535829305649,0.91610187292099
frame_000074,74,2.433333333333333,0,8,320.26656635602313,106.46412694454193,0.772838830947876
frame_000074,74,2.433333333333333,0,9,312.5505217711131,102.60610455274582,0.8243899941444397
frame_000074,74,2.433333333333333,0,10,307.149290561676,118.03819411993027,0.6951961517333984
frame_000074,74,2.433333333333333,0,11,351.9023491541544,145.81595534086227,0.7819801568984985
frame_000074,74,2.433333333333333,0,12,327.9826109409332,145.04435086250305,0.7605879306793213
frame_000074,74,2.433333333333333,0,13,351.13074469566345,206.77270913124084,0.8391655683517456
frame_000074,74,2.433333333333333,0,14,304.062872727712,190.56901508569717,0.7160989046096802
frame_000074,74,2.433333333333333,0,15,358.0751848220825,260.7850226163864,0.9018049836158752
frame_000074,74,2.433333333333333,0,16,345.72951348622644,194.4270374774933,0.5827330946922302
frame_000075,75,2.466666666666667,0,0,312.15479477246606,42.16267156600952,0.9862145781517029
frame_000075,75,2.466666666666667,0,1,317.21498370170593,37.10248279571533,0.894957423210144
frame_000075,75,2.466666666666667,0,2,312.15479477246606,36.46995919942856,1.0097475051879883
frame_000075,75,2.466666666666667,0,3,333.0280741055807,40.2651007771492,0.9694654941558838
frame_000075,75,2.466666666666667,0,4,313.419842004776,42.795195162296295,0.5891997218132019
frame_000075,75,2.466666666666667,0,5,350.73873535792035,66.8310918211937,0.8244954943656921
frame_000075,75,2.466666666666667,0,6,321.6426490147909,69.99370980262756,0.8105810880661011
frame_000075,75,2.466666666666667,0,7,338.08826303482056,105.41503119468689,0.8282389640808105
frame_000075,75,2.466666666666667,0,8,324.8052670955658,98.45727163553238,0.7337640523910522
frame_000075,75,2.466666666666667,0,9,307.0946058432261,85.8067997097969,0.8558896780014038
frame_000075,75,2.466666666666667,0,10,310.2572239240011,111.74026715755463,0.7794467210769653
frame_000075,75,2.466666666666667,0,11,351.3712589740753,139.57130539417267,0.7304270267486572
frame_000075,75,2.466666666666667,0,12,327.9678851763407,139.57130539417267,0.7106970548629761
frame_000075,75,2.466666666666667,0,13,353.2688298225403,201.5586178302765,0.8115753531455994
frame_000075,75,2.466666666666667,0,14,303.9319877624512,187.0105751156807,0.7374366521835327
frame_000075,75,2.466666666666667,0,15,364.0217312971751,252.16050553321838,0.9195255041122437
frame_000075,75,2.466666666666667,0,16,346.3110700448354,209.78142458200455,0.6861385703086853
frame_000076,76,2.5,0,0,310.9259513616562,37.11304199695587,0.9194648265838623
frame_000076,76,2.5,0,1,315.5204048156738,32.51858854293823,0.8927863836288452
frame_000076,76,2.5,0,2,310.9259513616562,32.51858854293823,0.9723699688911438
frame_000076,76,2.5,0,3,331.27281665802,35.1439905166626,0.9612411260604858
frame_000076,76,2.5,0,4,314.20770382881165,37.11304199695587,0.5940676331520081
frame_000076,76,2.5,0,5,350.30698096752167,62.71071124076843,0.8472318649291992
frame_000076,76,2.5,0,6,321.42755925655365,65.3361132144928,0.8251315951347351
frame_000076,76,2.5,0,7,331.9291671514511,98.15363788604736,0.796123206615448
frame_000076,76,2.5,0,8,327.3347136974335,94.21553492546082,0.7238883376121521
frame_000076,76,2.5,0,9,306.33149790763855,73.86866962909698,0.8776460886001587
frame_000076,76,2.5,0,10,314.20770382881165,104.06079232692719,0.7632560729980469
frame_000076,76,2.5,0,11,350.96333146095276,137.53466749191284,0.7456628084182739
frame_000076,76,2.5,0,12,327.3347136974335,137.53466749191284,0.7308099269866943
frame_000076,76,2.5,0,13,356.8704859018326,197.26256239414215,0.8355962038040161
frame_000076,76,2.5,0,14,306.33149790763855,184.79190301895142,0.7972227334976196
frame_000076,76,2.5,0,15,368.6847947835922,247.80155038833618,0.9459269642829895
frame_000076,76,2.5,0,16,343.74347603321075,219.57847917079926,0.7958711981773376
frame_000077,77,2.533333333333333,0,0,311.0348868370056,34.13943958282471,0.9358742237091064
frame_000077,77,2.533333333333333,0,1,315.6107450723648,30.217275381088257,0.9491562843322754
frame_000077,77,2.533333333333333,0,2,311.0348868370056,30.217275381088257,0.9627810716629028
frame_000077,77,2.533333333333333,0,3,331.95309591293335,31.52466344833374,1.0057017803192139
frame_000077,77,2.533333333333333,0,4,332.6067899465561,33.485745549201965,0.5732647180557251
frame_000077,77,2.533333333333333,0,5,349.6028348207474,60.287200927734375,0.8628154993057251
frame_000077,77,2.533333333333333,0,6,321.4939913749695,62.2482830286026,0.8339208364486694
frame_000077,77,2.533333333333333,0,7,327.37723767757416,94.93298470973969,0.8307863473892212
frame_000077,77,2.533333333333333,0,8,324.10876750946045,91.66451454162598,0.7081465721130371
frame_000077,77,2.533333333333333,0,9,305.15164053440094,64.86305916309357,0.9077375531196594
frame_000077,77,2.533333333333333,0,10,314.3033570051193,99.50884294509888,0.7800021171569824
frame_000077,77,2.533333333333333,0,11,350.2565288543701,135.46201479434967,0.7687610387802124
frame_000077,77,2.533333333333333,0,12,326.7235436439514,136.1157088279724,0.7621069550514221
frame_000077,77,2.533333333333333,0,13,359.4082453250885,193.64078378677368,0.8129830360412598
frame_000077,77,2.533333333333333,0,14,309.72749876976013,184.4890673160553,0.7844538688659668
frame_000077,77,2.533333333333333,0,15,373.7895140647888,242.01414227485657,0.9380643367767334
frame_000077,77,2.533333333333333,0,16,339.1437302827835,228.94026160240173,0.8891630172729492
frame_000078,78,2.5666666666666664,0,0,313.38525199890137,32.559871673583984,0.8808501958847046
frame_000078,78,2.5666666666666664,0,1,318.19800758361816,27.747116088867188,0.8803337216377258
frame_000078,78,2.5666666666666664,0,2,312.58312606811523,27.747116088867188,0.9772822260856628
frame_000078,78,2.5666666666666664,0,3,333.4384002685547,29.351367950439453,0.9251729249954224
frame_000078,78,2.5666666666666664,0,4,312.58312606811523,32.559871673583984,0.6519976854324341
frame_000078,78,2.5666666666666664,0,5,350.2830448150635,57.4257755279541,0.8459289073944092
frame_000078,78,2.5666666666666664,0,6,322.2086372375488,60.63427925109863,0.808821439743042
frame_000078,78,2.5666666666666664,0,7,325.41714096069336,91.11506462097168,0.8469216823577881
frame_000078,78,2.5666666666666664,0,8,327.82351875305176,92.71931648254395,0.6617655158042908
frame_000078,78,2.5666666666666664,0,9,306.1661186218262,59.8321533203125,0.929013729095459
frame_000078,78,2.5666666666666664,0,10,314.1873779296875,99.13632392883301,0.7152827978134155
frame_000078,78,2.5666666666666664,0,11,349.48091888427734,127.21073150634766,0.7512637376785278
frame_000078,78,2.5666666666666664,0,12,327.0213928222656,128.0128574371338,0.7428281307220459
frame_000078,78,2.5666666666666664,0,13,359.10643005371094,190.57868003845215,0.8020749092102051
frame_000078,78,2.5666666666666664,0,14,314.1873779296875,184.96379852294922,0.7655786275863647
frame_000078,78,2.5666666666666664,0,15,379.15957832336426,234.69560623168945,0.8553633689880371
frame_000078,78,2.5666666666666664,0,16,334.2405261993408,239.50836181640625,0.8198777437210083
frame_000079,79,2.6,0,0,313.2651456197103,33.464539766311646,0.8796436190605164
frame_000079,79,2.6,0,1,318.50725046793616,28.971306800842285,0.9017189741134644
frame_000079,79,2.6,0,2,313.2651456197103,28.971306800842285,0.9226372241973877
frame_000079,79,2.6,0,3,333.48469289143884,31.966795444488525,0.9768874645233154
frame_000079,79,2.6,0,4,314.76288986206055,34.213411927223206,0.6489502787590027
frame_000079,79,2.6,0,5,351.4576237996419,59.67506539821625,0.873666524887085
frame_000079,79,2.6,0,6,322.2516110738119,61.17280972003937,0.8351202011108398
frame_000079,79,2.6,0,7,329.7403322855631,94.12318480014801,0.8359524011611938
frame_000079,79,2.6,0,8,325.9959716796875,93.37431263923645,0.6825615167617798
frame_000079,79,2.6,0,9,306.52529652913415,65.66604268550873,0.892224907875061
frame_000079,79,2.6,0,10,312.51627349853516,100.11416208744049,0.7617197632789612
frame_000079,79,2.6,0,11,349.9598795572917,133.06453716754913,0.7456513047218323
frame_000079,79,2.6,0,12,328.99146016438806,134.56228148937225,0.7488428354263306
frame_000079,79,2.6,0,13,349.2110074361165,194.47205436229706,0.7806236743927002
frame_000079,79,2.6,0,14,321.5027389526367,191.47656571865082,0.7430777549743652
frame_000079,79,2.6,0,15,380.66363652547193,224.42694079875946,0.8428038358688354
frame_000079,79,2.6,0,16,331.23807652791345,249.8885942697525,0.8955228328704834
frame_000080,80,2.6333333333333333,0,0,315.2434997558594,39.23469388484955,0.8654167056083679
frame_000080,80,2.6333333333333333,0,1,319.13908131917316,34.559996247291565,0.8766992092132568
frame_000080,80,2.6333333333333333,0,2,313.6852671305339,33.780879974365234,0.8846388459205627
frame_000080,80,2.6333333333333333,0,3,334.7214075724284,35.339112520217896,0.9673044085502625
frame_000080,80,2.6333333333333333,0,4,315.2434997558594,38.45557761192322,0.6776834726333618
frame_000080,80,2.6333333333333333,0,5,351.86196645100915,62.608182072639465,0.8538438081741333
frame_000080,80,2.6333333333333333,0,6,325.3720118204753,65.72464716434479,0.8070303797721863
frame_000080,80,2.6333333333333333,0,7,334.7214075724284,99.226646900177,0.7985988855361938
frame_000080,80,2.6333333333333333,0,8,326.151128133138,96.11018180847168,0.7101598978042603
frame_000080,80,2.6333333333333333,0,9,308.23145294189453,75.07404243946075,0.867333173751831
frame_000080,80,2.6333333333333333,0,10,310.5688018798828,102.34311199188232,0.7767294645309448
frame_000080,80,2.6333333333333333,0,11,350.3037338256836,134.28687918186188,0.7305739521980286
frame_000080,80,2.6333333333333333,0,12,329.26759338378906,135.0659954547882,0.7269965410232544
frame_000080,80,2.6333333333333333,0,13,342.51257069905597,198.17441356182098,0.7815223932266235
frame_000080,80,2.6333333333333333,0,14,323.034662882487,193.499715924263,0.7392517328262329
frame_000080,80,2.6333333333333333,0,15,379.9101537068685,216.87320411205292,0.8422876596450806
frame_000080,80,2.6333333333333333,0,16,330.04670969645184,255.82901775836945,0.8763121366500854
frame_000081,81,2.6666666666666665,0,0,315.02201223373413,44.55273914337158,0.8645015954971313
frame_000081,81,2.6666666666666665,0,1,319.72928619384766,39.84546518325806,0.8662180304527283
frame_000081,81,2.6666666666666665,0,2,315.02201223373413,39.84546518325806,0.8494396209716797
frame_000081,81,2.6666666666666665,0,3,335.4201993942261,41.4145565032959,0.9632425904273987
frame_000081,81,2.6666666666666665,0,4,315.80655789375305,44.55273914337158,0.6862003803253174
frame_000081,81,2.6666666666666665,0,5,354.2492952346802,68.08910894393921,0.8889307975769043
frame_000081,81,2.6666666666666665,0,6,324.4365601539612,71.22729158401489,0.822489857673645
frame_000081,81,2.6666666666666665,0,7,342.48111033439636,105.74730062484741,0.8242305517196655
frame_000081,81,2.6666666666666665,0,8,326.005651473999,102.60911798477173,0.7414757013320923
frame_000081,81,2.6666666666666665,0,9,311.0992839336395,87.70275044441223,0.843091607093811
frame_000081,81,2.6666666666666665,0,10,307.96110129356384,107.31639194488525,0.7847065925598145
frame_000081,81,2.6666666666666665,0,11,351.1111125946045,142.6209466457367,0.7620472311973572
frame_000081,81,2.6666666666666665,0,12,329.9283797740936,143.40549230575562,0.7549846768379211
frame_000081,81,2.6666666666666665,0,13,334.63565373420715,201.46187114715576,0.7446223497390747
frame_000081,81,2.6666666666666665,0,14,321.2983775138855,200.67732548713684,0.7538930177688599
frame_000081,81,2.6666666666666665,0,15,374.6474823951721,213.23005604743958,0.8194398880004883
frame_000081,81,2.6666666666666665,0,16,330.71292543411255,259.5182499885559,0.8871839642524719
frame_000082,82,2.7,0,0,316.388916015625,50.64224147796631,0.8893417119979858
frame_000082,82,2.7,0,1,321.9504919052124,46.669687271118164,0.8975087404251099
frame_000082,82,2.7,0,2,315.59440517425537,45.875176429748535,0.8828237056732178
frame_000082,82,2.7,0,3,336.2516870498657,48.25870895385742,1.0095839500427246
frame_000082,82,2.7,0,4,316.388916015625,51.43675231933594,0.7430749535560608
frame_000082,82,2.7,0,5,355.3199472427368,74.47756671905518,0.891389787197113
frame_000082,82,2.7,0,6,323.53951358795166,79.24463176727295,0.8550525903701782
frame_000082,82,2.7,0,7,348.9638605117798,114.99761962890625,0.8974249362945557
frame_000082,82,2.7,0,8,323.53951358795166,111.0250654220581,0.7152616381645203
frame_000082,82,2.7,0,9,315.59440517425537,108.64153289794922,0.796804666519165
frame_000082,82,2.7,0,10,305.2657642364502,114.99761962890625,0.705869197845459
frame_000082,82,2.7,0,11,352.1419038772583,148.36707496643066,0.7549130916595459
frame_000082,82,2.7,0,12,329.8956003189087,148.36707496643066,0.7484769821166992
frame_000082,82,2.7,0,13,329.10108947753906,203.9828338623047,0.729759931564331
frame_000082,82,2.7,0,14,316.388916015625,201.5993013381958,0.7508979439735413
frame_000082,82,2.7,0,15,368.0321207046509,207.95538806915283,0.832987904548645
frame_000082,82,2.7,0,16,333.0736436843872,261.18761444091797,0.8590915203094482
frame_000083,83,2.7333333333333334,0,0,315.00360790888465,55.34611701965332,0.9186112284660339
frame_000083,83,2.7333333333333334,0,1,320.5287866592407,51.39956057071686,0.9304589033126831
frame_000083,83,2.7333333333333334,0,2,315.00360790888465,51.39956057071686,0.9479267597198486
frame_000083,83,2.7333333333333334,0,3,335.5257004102071,53.767494440078735,1.0269548892974854
frame_000083,83,2.7333333333333334,0,4,317.37154165903723,56.13542830944061,0.7441771030426025
frame_000083,83,2.7333333333333334,0,5,356.04779291152954,79.81476700305939,0.9075639247894287
frame_000083,83,2.7333333333333334,0,6,321.3180979092916,84.55063474178314,0.8871186971664429
frame_000083,83,2.7333333333333334,0,7,354.4691704114278,120.0696427822113,0.8949985504150391
frame_000083,83,2.7333333333333334,0,8,321.3180979092916,116.12308633327484,0.7466310262680054
frame_000083,83,2.7333333333333334,0,9,323.6860316594442,121.64826536178589,0.7118240594863892
frame_000083,83,2.7333333333333334,0,10,299.21738290786743,120.0696427822113,0.7641614675521851
frame_000083,83,2.7333333333333334,0,11,348.9439916610718,156.37796211242676,0.7625662088394165
frame_000083,83,2.7333333333333334,0,12,327.6325879096985,156.37796211242676,0.7599828243255615
frame_000083,83,2.7333333333333334,0,13,317.37154165903723,201.36870563030243,0.6873005628585815
frame_000083,83,2.7333333333333334,0,14,315.00360790888465,207.68319594860077,0.7374851703643799
frame_000083,83,2.7333333333333334,0,15,362.3622829119365,206.10457336902618,0.7569684982299805
frame_000083,83,2.7333333333333334,0,16,337.8936341603597,262.14567494392395,0.8047399520874023
frame_000084,84,2.7666666666666666,0,0,314.0274461110433,59.74209463596344,0.9629265069961548
frame_000084,84,2.7666666666666666,0,1,319.43270111083984,55.10901916027069,0.9826315641403198
frame_000084,84,2.7666666666666666,0,2,313.2552668253581,55.10901916027069,0.993315577507019
frame_000084,84,2.7666666666666666,0,3,333.3319282531738,56.653377652168274,0.9809116721153259
frame_000084,84,2.7666666666666666,0,4,314.7996253967285,58.96991539001465,0.7806706428527832
frame_000084,84,2.7666666666666666,0,5,355.7251275380453,82.90747201442719,0.9013946056365967
frame_000084,84,2.7666666666666666,0,6,319.43270111083984,85.22400975227356,0.8928518295288086
frame_000084,84,2.7666666666666666,0,7,364.21909968058264,123.06079280376434,0.9153307676315308
frame_000084,84,2.7666666666666666,0,8,317.8883425394694,119.19989657402039,0.8401883840560913
frame_000084,84,2.7666666666666666,0,9,337.1928246816,132.32694375514984,0.6317226886749268
frame_000084,84,2.7666666666666666,0,10,295.49514325459796,120.74425506591797,0.8392488956451416
frame_000084,84,2.7666666666666666,0,11,348.7755139668783,155.4923211336136,0.7349808216094971
frame_000084,84,2.7666666666666666,0,12,326.38231468200684,155.4923211336136,0.7381278276443481
frame_000084,84,2.7666666666666666,0,13,317.1161632537842,201.05089664459229,0.6347256898880005
frame_000084,84,2.7666666666666666,0,14,316.34398396809894,208.7726891040802,0.6805553436279297
frame_000084,84,2.7666666666666666,0,15,357.26948610941565,209.544868350029,0.7188125848770142
frame_000084,84,2.7666666666666666,0,16,344.14243825276696,260.50869858264923,0.7215052247047424
frame_000085,85,2.8,0,0,311.3948729832967,57.069350361824036,0.9696900844573975
frame_000085,85,2.8,0,1,316.7959122657776,53.21146535873413,0.9992355108261108
frame_000085,85,2.8,0,2,309.8517189025879,53.21146535873413,0.9887831211090088
frame_000085,85,2.8,0,3,331.45587603251136,56.297773361206055,1.0040488243103027
frame_000085,85,2.8,0,4,312.93802706400555,57.84092736244202,0.758554220199585
frame_000085,85,2.8,0,5,354.6031872431437,80.98823738098145,0.9138792753219604
frame_000085,85,2.8,0,6,316.7959122657776,84.07454538345337,0.9248344302177429
frame_000085,85,2.8,0,7,371.5778821309408,119.5670874118805,0.9714685678482056
frame_000085,85,2.8,0,8,312.93802706400555,121.11024141311646,0.8882763385772705
frame_000085,85,2.8,0,9,345.34426275889075,135.7702044248581,0.7370426058769226
frame_000085,85,2.8,0,10,292.87702401479083,117.25235641002655,0.8687390089035034
frame_000085,85,2.8,0,11,346.11583979924524,157.37436044216156,0.7388975024223328
frame_000085,85,2.8,0,12,326.0548367500305,157.37436044216156,0.7283841371536255
frame_000085,85,2.8,0,13,310.6232959429423,198.26794147491455,0.681904673576355
frame_000085,85,2.8,0,14,326.82641379038495,211.38475048542023,0.6799983978271484
frame_000085,85,2.8,0,15,352.28845612208045,210.61317348480225,0.7853426933288574
frame_000085,85,2.8,0,16,351.5168790817261,257.6793705224991,0.7453441023826599
frame_000086,86,2.8333333333333335,0,0,311.21210956573486,50.95695781707764,0.9643288850784302
frame_000086,86,2.8333333333333335,0,1,316.71737798055017,47.024623334407806,0.9861335754394531
frame_000086,86,2.8333333333333335,0,2,309.63917573293054,47.024623334407806,0.9688105583190918
frame_000086,86,2.8333333333333335,0,3,331.66024939219153,50.95695781707764,0.9969505071640015
frame_000086,86,2.8333333333333335,0,4,312.7850433985392,52.52989161014557,0.7359746098518372
frame_000086,86,2.8333333333333335,0,5,356.0407238006592,76.12389850616455,0.8968088626861572
frame_000086,86,2.8333333333333335,0,6,314.3579772313436,79.26976609230042,0.9404715299606323
frame_000086,86,2.8333333333333335,0,7,379.6347312927246,109.94197505712509,0.9579674601554871
frame_000086,86,2.8333333333333335,0,8,307.279774983724,117.02017712593079,0.9548712968826294
frame_000086,86,2.8333333333333335,0,9,353.68132305145264,132.7495150566101,0.7891942858695984
frame_000086,86,2.8333333333333335,0,10,290.7639697392782,108.36904126405716,0.901665210723877
frame_000086,86,2.8333333333333335,0,11,345.81665388743085,151.6247205734253,0.7928481101989746
frame_000086,86,2.8333333333333335,0,12,327.72791481018066,152.41118746995926,0.7557249665260315
frame_000086,86,2.8333333333333335,0,13,308.8527088165283,189.37513160705566,0.7276138067245483
frame_000086,86,2.8333333333333335,0,14,334.8061170578003,207.46387022733688,0.6752252578735352
frame_000086,86,2.8333333333333335,0,15,345.81665388743085,212.18267160654068,0.7160537242889404
frame_000086,86,2.8333333333333335,0,16,357.61365763346356,253.86541712284088,0.7745822668075562
frame_000087,87,2.8666666666666667,0,0,311.7267495791117,45.264439940452576,0.9725223183631897
frame_000087,87,2.8666666666666667,0,1,317.3031578063965,40.48466122150421,0.999291718006134
frame_000087,87,2.8666666666666667,0,2,309.3368603388468,41.281291007995605,0.9974491596221924
frame_000087,87,2.8666666666666667,0,3,331.64249324798584,44.46781015396118,1.0308561325073242
frame_000087,87,2.8666666666666667,0,4,310.9301198323568,45.264439940452576,0.7549917697906494
frame_000087,87,2.8666666666666667,0,5,355.54138565063477,68.366703748703,0.9055579900741577
frame_000087,87,2.8666666666666667,0,6,311.7267495791117,73.14648246765137,0.9793763160705566
frame_000087,87,2.8666666666666667,0,7,385.01668628056836,97.04537606239319,0.9721505641937256
frame_000087,87,2.8666666666666667,0,8,302.96382236480713,112.18134200572968,0.9721668362617493
frame_000087,87,2.8666666666666667,0,9,364.30431286493945,121.7408994436264,0.9235198497772217
frame_000087,87,2.8666666666666667,0,10,289.4211166699728,97.84200584888458,0.9040385484695435
frame_000087,87,2.8666666666666667,0,11,345.9818286895752,145.63979303836823,0.8236973285675049
frame_000087,87,2.8666666666666667,0,12,328.45597426096595,147.233052611351,0.7910306453704834
frame_000087,87,2.8666666666666667,0,13,307.7436008453369,183.87802278995514,0.7202509641647339
frame_000087,87,2.8666666666666667,0,14,343.5919394493103,202.2005078792572,0.7830156683921814
frame_000087,87,2.8666666666666667,0,15,341.99867995580036,214.9465844631195,0.7420113682746887
frame_000087,87,2.8666666666666667,0,16,365.8975723584492,250.79492485523224,0.8598902225494385
frame_000088,88,2.9,0,0,312.2310767173767,40.74112319946289,0.9115417003631592
frame_000088,88,2.9,0,1,317.86358547210693,36.71790266036987,0.9390336275100708
frame_000088,88,2.9,0,2,309.8171443939209,36.71790266036987,0.9072304964065552
frame_000088,88,2.9,0,3,333.1518235206604,38.32719087600708,0.9495065212249756
frame_000088,88,2.9,0,4,311.4264326095581,39.93647909164429,0.7452487945556641
frame_000088,88,2.9,0,5,357.2911467552185,63.27115821838379,0.8396275043487549
frame_000088,88,2.9,0,6,311.4264326095581,67.2943787574768,0.9303634166717529
frame_000088,88,2.9,0,7,389.47691106796265,86.60583734512329,0.9194539785385132
frame_000088,88,2.9,0,8,300.96605920791626,106.72194004058838,0.9037482738494873
frame_000088,88,2.9,0,9,371.77474069595337,111.5498046875,0.9192061424255371
frame_000088,88,2.9,0,10,290.5056858062744,89.8244137763977,0.8599151372909546
frame_000088,88,2.9,0,11,348.44006156921387,137.2984161376953,0.7663280963897705
frame_000088,88,2.9,0,12,328.3239588737488,140.51699256896973,0.738854706287384
frame_000088,88,2.9,0,13,307.4032120704651,178.3352656364441,0.7397838830947876
frame_000088,88,2.9,0,14,344.41684103012085,198.45136833190918,0.7830352783203125
frame_000088,88,2.9,0,15,336.3703999519348,229.0278444290161,0.7785532474517822
frame_000088,88,2.9,0,16,368.55616426467896,244.31608247756958,0.8396030068397522
frame_000089,89,2.933333333333333,0,0,310.83547051747644,36.80928558111191,0.9422815442085266
frame_000089,89,2.933333333333333,0,1,316.44323460261023,32.00263077020645,0.9958055019378662
frame_000089,89,2.933333333333333,0,2,309.2332522074381,32.00263077020645,0.9946160316467285
frame_000089,89,2.933333333333333,0,3,331.66430854797363,34.40595817565918,0.9754209518432617
frame_000089,89,2.933333333333333,0,4,310.83547051747644,36.008176445961,0.7001271843910217
frame_000089,89,2.933333333333333,0,5,358.10091066360474,60.04145050048828,0.8616167306900024
frame_000089,89,2.933333333333333,0,6,311.6365796724955,64.84810531139374,0.9649200439453125
frame_000089,89,2.933333333333333,0,7,391.74749517440796,79.26806974411011,0.9365176558494568
frame_000089,89,2.933333333333333,0,8,298.0177240371704,101.69912552833557,0.9026408791542053
frame_000089,89,2.933333333333333,0,9,374.1230937639873,104.90356206893921,0.9162038564682007
frame_000089,89,2.933333333333333,0,10,289.2055233319601,88.08027023077011,0.8693066239356995
frame_000089,89,2.933333333333333,0,11,346.885382493337,137.7490366101265,0.8021486401557922
frame_000089,89,2.933333333333333,0,12,328.4598719278971,139.3512548804283,0.7690897583961487
frame_000089,89,2.933333333333333,0,13,313.2387979825338,183.41225731372833,0.7659344673156738
frame_000089,89,2.933333333333333,0,14,346.08427333831787,195.42889434099197,0.8104153871536255
frame_000089,89,2.933333333333333,0,15,330.86319939295447,238.68878763914108,0.831188976764679
frame_000089,89,2.933333333333333,0,16,372.520875453949,237.88767850399017,0.904344379901886
frame_000090,90,2.966666666666667,0,0,312.16126887003577,35.145875692367554,0.9356299638748169
frame_000090,90,2.966666666666667,0,1,317.63572549819946,30.453484058380127,0.993043839931488
frame_000090,90,2.966666666666667,0,2,311.37920363744104,31.235549330711365,0.973423957824707
frame_000090,90,2.966666666666667,0,3,333.2770301500956,32.79967987537384,1.0050734281539917
frame_000090,90,2.966666666666667,0,4,312.16126887003577,34.363810420036316,0.6851341128349304
frame_000090,90,2.966666666666667,0,5,359.8672480583191,57.82576858997345,0.8503401279449463
frame_000090,90,2.966666666666667,0,6,313.72539933522546,63.300225496292114,0.9423222541809082
frame_000090,90,2.966666666666667,0,7,394.2781182924907,76.59533512592316,0.9157651662826538
frame_000090,90,2.966666666666667,0,8,299.6482251485189,100.05729329586029,0.8594021797180176
frame_000090,90,2.966666666666667,0,9,374.72648747762037,101.62142384052277,0.8940857648849487
frame_000090,90,2.966666666666667,0,10,291.8275728225708,91.45457530021667,0.8398163318634033
frame_000090,90,2.966666666666667,0,11,348.136269569397,135.250230550766,0.7921610474586487
frame_000090,90,2.966666666666667,0,12,327.802573521932,137.5964263677597,0.7700149416923523
frame_000090,90,2.966666666666667,0,13,329.3667039871216,186.08447325229645,0.7105318307876587
frame_000090,90,2.966666666666667,0,14,334.8411606152853,192.34099543094635,0.7295061349868774
frame_000090,90,2.966666666666667,0,15,323.8922473589579,249.4317603111267,0.7093497514724731
frame_000090,90,2.966666666666667,0,16,374.72648747762037,229.09806323051453,0.7628858089447021
frame_000091,91,3.0,0,0,314.33456897735596,36.33463215827942,0.9375356435775757
frame_000091,91,3.0,0,1,318.9810667037964,31.68813455104828,0.9905669689178467
frame_000091,91,3.0,0,2,312.78573640187585,31.68813455104828,0.9791011810302734
frame_000091,91,3.0,0,3,335.2438087463379,34.01138335466385,1.0114502906799316
frame_000091,91,3.0,0,4,314.33456897735596,35.56021589040756,0.6660191416740417
frame_000091,91,3.0,0,5,360.0251299540202,58.79270392656326,0.8445675373077393
frame_000091,91,3.0,0,6,315.88340155283606,64.21361780166626,0.9436745643615723
frame_000091,91,3.0,0,7,395.6482791900635,79.7019431591034,0.9387597441673279
frame_000091,91,3.0,0,8,301.9439083735148,100.61118239164352,0.8715528845787048
frame_000091,91,3.0,0,9,373.96462313334155,104.48326373100281,0.8944460153579712
frame_000091,91,3.0,0,10,293.425329208374,96.73910105228424,0.8423523902893066
frame_000091,91,3.0,0,11,349.1833019256592,137.0087469816208,0.7836839556694031
frame_000091,91,3.0,0,12,327.49964586893714,139.33199578523636,0.7690300941467285
frame_000091,91,3.0,0,13,332.14614359537757,191.21788573265076,0.713111162185669
frame_000091,91,3.0,0,14,332.14614359537757,193.54113453626633,0.718794584274292
frame_000091,91,3.0,0,15,323.6275644302368,250.07352209091187,0.6526515483856201
frame_000091,91,3.0,0,16,376.28787199656176,219.0968713760376,0.6578510999679565
frame_000092,92,3.033333333333333,0,0,317.01643109321594,41.012888848781586,0.9370369911193848
frame_000092,92,3.033333333333333,0,1,321.7376534938812,36.29166632890701,0.977456271648407
frame_000092,92,3.033333333333333,0,2,314.6558198928833,37.07853674888611,0.9629125595092773
frame_000092,92,3.033333333333333,0,3,337.4750614960988,37.07853674888611,1.0334514379501343
frame_000092,92,3.033333333333333,0,4,316.22956069310504,40.22601842880249,0.6757365465164185
frame_000092,92,3.033333333333333,0,5,361.0811734994253,63.832131028175354,0.8764146566390991
frame_000092,92,3.033333333333333,0,6,316.22956069310504,67.76648312807083,0.9578253030776978
frame_000092,92,3.033333333333333,0,7,394.1297303040823,88.22511404752731,0.9499976634979248
frame_000092,92,3.033333333333333,0,8,306.00024549166363,103.96252244710922,0.8764036297798157
frame_000092,92,3.033333333333333,0,9,368.1630071004232,109.47061538696289,0.9321610927581787
frame_000092,92,3.033333333333333,0,10,295.77093029022217,103.96252244710922,0.8293848037719727
frame_000092,92,3.033333333333333,0,11,350.0649878978729,142.5191730260849,0.8163094520568848
frame_000092,92,3.033333333333333,0,12,328.81948709487915,144.8797842860222,0.799237847328186
frame_000092,92,3.033333333333333,0,13,330.3932278951009,192.0920094847679,0.7042601108551025
frame_000092,92,3.033333333333333,0,14,328.81948709487915,199.17384326457977,0.712372899055481
frame_000092,92,3.033333333333333,0,15,323.31139429410297,209.403158724308,0.6374276280403137
frame_000092,92,3.033333333333333,0,16,322.5245238939921,258.18912476301193,0.6016026735305786
frame_000093,93,3.0666666666666664,0,0,317.5378999710083,44.75928449630737,0.9482787251472473
frame_000093,93,3.0666666666666664,0,1,323.12245814005536,40.77031457424164,0.9664480090141296
frame_000093,93,3.0666666666666664,0,2,315.14451789855957,40.77031457424164,0.9517555236816406
frame_000093,93,3.0666666666666664,0,3,337.48275057474774,42.36590254306793,1.0130817890167236
frame_000093,93,3.0666666666666664,0,4,318.3356939951579,45.55707848072052,0.7175347208976746
frame_000093,93,3.0666666666666664,0,5,363.0121593475342,69.49089801311493,0.8862613439559937
frame_000093,93,3.0666666666666664,0,6,318.3356939951579,72.68207395076752,0.9597569108009338
frame_000093,93,3.0666666666666664,0,7,389.3393621444702,100.60486340522766,0.928111732006073
frame_000093,93,3.0666666666666664,0,8,308.762165705363,109.38059723377228,0.8858271837234497
frame_000093,93,3.0666666666666664,0,9,357.4276011784872,115.76294910907745,0.8661332726478577
frame_000093,93,3.0666666666666664,0,10,295.19966729482013,110.97618520259857,0.8523267507553101
frame_000093,93,3.0666666666666664,0,11,351.0452489852905,146.87691450119019,0.7948687076568604
frame_000093,93,3.0666666666666664,0,12,327.1114282608032,149.27029645442963,0.7739019989967346
frame_000093,93,3.0666666666666664,0,13,328.70701630910236,195.54234755039215,0.6868129968643188
frame_000093,93,3.0666666666666664,0,14,327.1114282608032,205.91366934776306,0.6878771781921387
frame_000093,93,3.0666666666666664,0,15,370.9900995890299,202.72249341011047,0.69370436668396
frame_000093,93,3.0666666666666664,0,16,324.7180461883545,267.3438061475754,0.6654193997383118
frame_000094,94,3.1,0,0,317.0646708011627,52.362839460372925,0.9781956076622009
frame_000094,94,3.1,0,1,321.83454966545105,47.592960596084595,0.9888423681259155
frame_000094,94,3.1,0,2,315.4747111797333,48.387940406799316,1.0126285552978516
frame_000094,94,3.1,0,3,337.7341458797455,49.18292021751404,1.0038948059082031
frame_000094,94,3.1,0,4,319.4496102333069,52.362839460372925,0.7656450271606445
frame_000094,94,3.1,0,5,362.37852001190186,75.41725397109985,0.9022091627120972
frame_000094,94,3.1,0,6,319.4496102333069,79.39215302467346,0.9486908912658691
frame_000094,94,3.1,0,7,379.86807584762573,111.98632526397705,0.9540221691131592
frame_000094,94,3.1,0,8,310.70483231544495,115.16624450683594,0.9319173097610474
frame_000094,94,3.1,0,9,347.27390360832214,119.14114356040955,0.7916276454925537
frame_000094,94,3.1,0,10,293.21527647972107,119.14114356040955,0.8702231645584106
frame_000094,94,3.1,0,11,351.24880266189575,150.9403359889984,0.7635501623153687
frame_000094,94,3.1,0,12,326.6044285297394,151.73531579971313,0.7495984435081482
frame_000094,94,3.1,0,13,320.2445900440216,197.844144821167,0.6669448614120483
frame_000094,94,3.1,0,14,322.62952947616577,208.9738621711731,0.6618190407752991
frame_000094,94,3.1,0,15,363.9684796333313,200.22908425331116,0.7506493330001831
frame_000094,94,3.1,0,16,328.98936796188354,263.8274691104889,0.7331382036209106
frame_000095,95,3.1333333333333333,0,0,316.29261509577435,56.98952269554138,0.9560414552688599
frame_000095,95,3.1333333333333333,0,1,321.0353223482768,51.45636409521103,0.9669322371482849
frame_000095,95,3.1333333333333333,0,2,314.7117126782735,52.24681532382965,0.973405122756958
frame_000095,95,3.1333333333333333,0,3,336.05389531453454,53.03726655244827,0.9452852010726929
frame_000095,95,3.1333333333333333,0,4,317.0830663045247,56.19907146692276,0.7522983551025391
frame_000095,95,3.1333333333333333,0,5,360.5578827857971,79.1221570968628,0.9095526337623596
frame_000095,95,3.1333333333333333,0,6,318.6639687220256,82.28396201133728,0.9170331954956055
frame_000095,95,3.1333333333333333,0,7,373.9955533345541,117.06381607055664,0.9361093044281006
frame_000095,95,3.1333333333333333,0,8,313.1308102607727,118.64471852779388,0.8780195713043213
frame_000095,95,3.1333333333333333,0,9,340.796602567037,119.4351697564125,0.7341995239257812
frame_000095,95,3.1333333333333333,0,10,294.15998125076294,123.38742589950562,0.8556340932846069
frame_000095,95,3.1333333333333333,0,11,350.28201707204187,155.0054750442505,0.7401999831199646
frame_000095,95,3.1333333333333333,0,12,325.77802960077923,155.0054750442505,0.7267541885375977
frame_000095,95,3.1333333333333333,0,13,317.87351751327515,201.64209753274918,0.6432288885116577
frame_000095,95,3.1333333333333333,0,14,322.6162247657776,209.5466098189354,0.6278384923934937
frame_000095,95,3.1333333333333333,0,15,361.3483339945475,198.4802926182747,0.607148289680481
frame_000095,95,3.1333333333333333,0,16,335.26344410578406,265.66864705085754,0.5820630192756653
frame_000096,96,3.1666666666666665,0,0,315.0903445879618,57.781689286231995,0.9962558746337891
frame_000096,96,3.1666666666666665,0,1,320.15134716033936,52.72068643569946,0.9959152340888977
frame_000096,96,3.1666666666666665,0,2,314.36734422047937,53.443686842918396,0.990058422088623
frame_000096,96,3.1666666666666665,0,3,336.0573552449544,54.88968765735626,0.9662002325057983
frame_000096,96,3.1666666666666665,0,4,317.2593456904093,57.05868887901306,0.7529542446136475
frame_000096,96,3.1666666666666665,0,5,357.7473662694295,80.91770231723785,0.9418225288391113
frame_000096,96,3.1666666666666665,0,6,320.15134716033936,85.25570476055145,0.9032288193702698
frame_000096,96,3.1666666666666665,0,7,359.916367371877,121.40572512149811,0.9438267946243286
frame_000096,96,3.1666666666666665,0,8,315.81334495544434,117.79072308540344,0.8397165536880493
frame_000096,96,3.1666666666666665,0,9,328.8273515701294,114.17572104930878,0.7538610696792603
frame_000096,96,3.1666666666666665,0,10,296.29233503341675,127.18972837924957,0.8225393295288086
frame_000096,96,3.1666666666666665,0,11,349.794362227122,156.83274507522583,0.7647300362586975
frame_000096,96,3.1666666666666665,0,12,325.9353501001994,156.83274507522583,0.7699366807937622
frame_000096,96,3.1666666666666665,0,13,330.2733523050944,200.93576991558075,0.5927059054374695
frame_000096,96,3.1666666666666665,0,14,301.3533376057943,200.93576991558075,0.5791898965835571
frame_000096,96,3.1666666666666665,0,15,349.07136185963947,196.59776747226715,0.658659815788269
frame_000096,96,3.1666666666666665,0,16,343.2873589197795,262.39080452919006,0.5574832558631897
frame_000097,97,3.2,0,0,313.9744620323181,53.79978692531586,0.9871982932090759
frame_000097,97,3.2,0,1,318.8932099342346,48.26619553565979,0.9324217438697815
frame_000097,97,3.2,0,2,313.35961854457855,48.26619553565979,0.9935218691825867
frame_000097,97,3.2,0,3,334.87914061546326,50.11072599887848,0.9447239637374878
frame_000097,97,3.2,0,4,318.8932099342346,53.79978692531586,0.6647961735725403
frame_000097,97,3.2,0,5,356.39866268634796,77.16383945941925,0.8883647918701172
frame_000097,97,3.2,0,6,321.96742737293243,80.85290038585663,0.8914170861244202
frame_000097,97,3.2,0,7,350.25022780895233,116.51382267475128,0.8836498856544495
frame_000097,97,3.2,0,8,317.6635229587555,112.8247617483139,0.831392765045166
frame_000097,97,3.2,0,9,318.27836644649506,104.21695291996002,0.8330475091934204
frame_000097,97,3.2,0,10,299.83306181430817,122.66225755214691,0.8468037843704224
frame_000097,97,3.2,0,11,349.0205408334732,152.7895884513855,0.7387497425079346
frame_000097,97,3.2,0,12,326.88617527484894,150.9450579881668,0.7339125871658325
frame_000097,97,3.2,0,13,336.72367107868195,210.58487629890442,0.7671495676040649
frame_000097,97,3.2,0,14,296.75884437561035,189.68019771575928,0.656952977180481
frame_000097,97,3.2,0,15,349.63538432121277,259.1575118303299,0.8916672468185425
frame_000097,97,3.2,0,16,345.3314799070358,196.44347608089447,0.5844824314117432
frame_000098,98,3.2333333333333334,0,0,313.54965019226074,47.27155590057373,0.9883867502212524
frame_000098,98,3.2333333333333334,0,1,318.74586057662964,42.81766128540039,0.9610852599143982
frame_000098,98,3.2333333333333334,0,2,312.8073344230652,42.81766128540039,1.0150444507598877
frame_000098,98,3.2333333333333334,0,3,334.3344917297363,44.302292823791504,1.0140979290008545
frame_000098,98,3.2333333333333334,0,4,315.7765974998474,47.27155590057373,0.7794617414474487
frame_000098,98,3.2333333333333334,0,5,355.86164903640747,71.02566051483154,0.9343448281288147
frame_000098,98,3.2333333333333334,0,6,320.9728078842163,75.47955513000488,0.8933992981910706
frame_000098,98,3.2333333333333334,0,7,347.69617557525635,110.36839628219604,0.9424006938934326
frame_000098,98,3.2333333333333334,0,8,319.4881763458252,105.17218589782715,0.82224440574646
frame_000098,98,3.2333333333333334,0,9,313.54965019226074,95.52208089828491,0.8454840779304504
frame_000098,98,3.2333333333333334,0,10,302.4149136543274,116.3069224357605,0.8250414133071899
frame_000098,98,3.2333333333333334,0,11,349.923122882843,149.71113204956055,0.8234460353851318
frame_000098,98,3.2333333333333334,0,12,326.1690182685852,147.48418474197388,0.8088839650154114
frame_000098,98,3.2333333333333334,0,13,346.21154403686523,207.61176204681396,0.8575296401977539
frame_000098,98,3.2333333333333334,0,14,297.96101903915405,186.82692050933838,0.7435289621353149
frame_000098,98,3.2333333333333334,0,15,357.3462805747986,258.0892343521118,0.9093450903892517
frame_000098,98,3.2333333333333334,0,16,343.242280960083,197.96165704727173,0.6346575617790222
frame_000099,99,3.2666666666666666,0,0,313.2270932197571,38.72224998474121,0.9663617610931396
frame_000099,99,3.2666666666666666,0,1,317.9877462387085,33.961596965789795,0.9330066442489624
frame_000099,99,3.2666666666666666,0,2,312.54699993133545,34.641690254211426,1.0176165103912354
frame_000099,99,3.2666666666666666,0,3,333.629891872406,36.68197011947632,1.0641539096832275
frame_000099,99,3.2666666666666666,0,4,316.62755966186523,40.08243656158447,0.6923664808273315
frame_000099,99,3.2666666666666666,0,5,354.03269052505493,64.56579494476318,0.8869383931159973
frame_000099,99,3.2666666666666666,0,6,322.0683059692383,68.64635467529297,0.8563148379325867
frame_000099,99,3.2666666666666666,0,7,341.7910113334656,103.33111238479614,0.9187904596328735
frame_000099,99,3.2666666666666666,0,8,324.7886791229248,99.25055265426636,0.737307071685791
frame_000099,99,3.2666666666666666,0,9,310.50672006607056,87.008873462677,0.8750791549682617
frame_000099,99,3.2666666666666666,0,10,307.1062536239624,108.09176540374756,0.7899512052536011
frame_000099,99,3.2666666666666666,0,11,349.95213079452515,140.73624324798584,0.7842049598693848
frame_000099,99,3.2666666666666666,0,12,326.14886569976807,140.73624324798584,0.765355110168457
frame_000099,99,3.2666666666666666,0,13,352.67250394821167,200.58445262908936,0.8587518930435181
frame_000099,99,3.2666666666666666,0,14,302.345600605011,185.62240028381348,0.8039255142211914
frame_000099,99,3.2666666666666666,0,15,361.51371669769287,250.91135597229004,0.9414060115814209
frame_000099,99,3.2666666666666666,0,16,343.15119791030884,209.42566537857056,0.8082265853881836
frame_000100,100,3.3,0,0,312.79422438144684,36.10099804401398,1.021726131439209
frame_000100,100,3.3,0,1,318.06641924381256,30.828803181648254,0.9917498826980591
frame_000100,100,3.3,0,2,312.79422438144684,31.48782753944397,1.0911598205566406
frame_000100,100,3.3,0,3,333.88300383090973,32.146851897239685,1.064995288848877
frame_000100,100,3.3,0,4,316.0893461704254,34.12392497062683,0.6217330694198608
frame_000100,100,3.3,0,5,352.9947102069855,59.82587492465973,0.8873575925827026
frame_000100,100,3.3,0,6,322.02056539058685,65.75709414482117,0.884514570236206
frame_000100,100,3.3,0,7,338.49617433547974,98.04928767681122,0.9243019819259644
frame_000100,100,3.3,0,8,327.9517846107483,97.3902633190155,0.7308917045593262
frame_000100,100,3.3,0,9,308.18105387687683,81.57367873191833,0.9154624938964844
frame_000100,100,3.3,0,10,313.45324873924255,104.63953125476837,0.7828941345214844
frame_000100,100,3.3,0,11,349.6995884180069,138.90879786014557,0.8069231510162354
frame_000100,100,3.3,0,12,325.97471153736115,138.24977350234985,0.7815608978271484
frame_000100,100,3.3,0,13,355.63080763816833,195.5848926305771,0.8544526100158691
frame_000100,100,3.3,0,14,306.8630051612854,183.7224541902542,0.8087154626846313
frame_000100,100,3.3,0,15,365.51617300510406,246.32976818084717,0.9426006078720093
frame_000100,100,3.3,0,16,339.81422305107117,221.9458669424057,0.8024699687957764
frame_000101,101,3.3333333333333335,0,0,313.3725244998932,33.40799427032471,0.9678570032119751
frame_000101,101,3.3333333333333335,0,1,318.09365224838257,28.686866521835327,0.9696319103240967
frame_000101,101,3.3333333333333335,0,2,313.3725244998932,28.686866521835327,1.0386273860931396
frame_000101,101,3.3333333333333335,0,3,333.60592913627625,29.361313343048096,1.0186209678649902
frame_000101,101,3.3333333333333335,0,4,316.74475860595703,30.710206985473633,0.6110093593597412
frame_000101,101,3.3333333333333335,0,5,353.8393337726593,57.013633012771606,0.8827449679374695
frame_000101,101,3.3333333333333335,0,6,322.1403331756592,63.08365440368652,0.870033860206604
frame_000101,101,3.3333333333333335,0,7,340.35039734840393,95.45710182189941,0.9035013914108276
frame_000101,101,3.3333333333333335,0,8,328.88480138778687,94.10820817947388,0.7303813695907593
frame_000101,101,3.3333333333333335,0,9,308.6513967514038,81.29371857643127,0.90868079662323
frame_000101,101,3.3333333333333335,0,10,314.04697132110596,99.50378274917603,0.7886084914207458
frame_000101,101,3.3333333333333335,0,11,349.7926528453827,134.57501745224,0.7833883166313171
frame_000101,101,3.3333333333333335,0,12,326.1870141029358,134.57501745224,0.7645561695098877
frame_000101,101,3.3333333333333335,0,13,359.9093551635742,193.25189089775085,0.8220256567001343
frame_000101,101,3.3333333333333335,0,14,311.3491840362549,185.15852904319763,0.7911791801452637
frame_000101,101,3.3333333333333335,0,15,370.7005043029785,242.48650884628296,0.9401959180831909
frame_000101,101,3.3333333333333335,0,16,335.62926959991455,233.0442533493042,0.9201361536979675
frame_000102,102,3.3666666666666667,0,0,313.1705983479818,32.0740407705307,0.915109395980835
frame_000102,102,3.3666666666666667,0,1,317.915254910787,26.538607835769653,0.9126003980636597
frame_000102,102,3.3666666666666667,0,2,312.3798222541809,26.538607835769653,0.9792566299438477
frame_000102,102,3.3666666666666667,0,3,333.7307767868042,28.91093623638153,0.965398907661438
frame_000102,102,3.3666666666666667,0,4,317.915254910787,31.283264636993408,0.665543794631958
frame_000102,102,3.3666666666666667,0,5,354.29095522562665,55.797324776649475,0.8878439664840698
frame_000102,102,3.3666666666666667,0,6,321.86913537979126,63.7050861120224,0.8896486163139343
frame_000102,102,3.3666666666666667,0,7,343.22008991241455,96.12690758705139,0.8505194187164307
frame_000102,102,3.3666666666666667,0,8,321.86913537979126,96.91768372058868,0.7016804218292236
frame_000102,102,3.3666666666666667,0,9,307.63516569137573,85.0560417175293,0.8598518967628479
frame_000102,102,3.3666666666666667,0,10,310.0074939727783,99.29001212120056,0.7086758613586426
frame_000102,102,3.3666666666666667,0,11,348.75552256902057,130.92105746269226,0.7591758370399475
frame_000102,102,3.3666666666666667,0,12,326.61379194259644,131.71183359622955,0.758324921131134
frame_000102,102,3.3666666666666667,0,13,353.50017913182575,192.60159587860107,0.7910028100013733
frame_000102,102,3.3666666666666667,0,14,318.70603100458777,188.6477152109146,0.7683631777763367
frame_000102,102,3.3666666666666667,0,15,376.4326858520508,232.931178689003,0.8510615229606628
frame_000102,102,3.3666666666666667,0,16,332.1492245992025,245.58359682559967,0.838615894317627
frame_000103,103,3.4,0,0,314.6057996749878,35.998560428619385,0.8689050674438477
frame_000103,103,3.4,0,1,319.2469940185547,30.583833694458008,0.8857434988021851
frame_000103,103,3.4,0,2,314.6057996749878,30.583833694458008,0.8828058242797852
frame_000103,103,3.4,0,3,335.4911742210388,32.13089847564697,0.966671347618103
frame_000103,103,3.4,0,4,317.6999292373657,35.998560428619385,0.6592769622802734
frame_000103,103,3.4,0,5,354.0559515953064,59.97806453704834,0.873235285282135
frame_000103,103,3.4,0,6,323.1146559715271,66.93985605239868,0.8240818977355957
frame_000103,103,3.4,0,7,346.3206276893616,99.42821645736694,0.8676784038543701
frame_000103,103,3.4,0,8,326.9823179244995,100.97528123855591,0.684650719165802
frame_000103,103,3.4,0,9,312.28520250320435,94.01348972320557,0.8389965295791626
frame_000103,103,3.4,0,10,311.51167011260986,101.74881362915039,0.7198876142501831
frame_000103,103,3.4,0,11,349.4147572517395,132.6901092529297,0.7155063152313232
frame_000103,103,3.4,0,12,327.755850315094,132.6901092529297,0.7166374325752258
frame_000103,103,3.4,0,13,345.5470952987671,195.34623289108276,0.7615899443626404
frame_000103,103,3.4,0,14,323.8881883621216,192.25210332870483,0.7416917085647583
frame_000103,103,3.4,0,15,378.80898809432983,225.51399612426758,0.8220255374908447
frame_000103,103,3.4,0,16,330.07644748687744,252.58762979507446,0.8624507784843445
frame_000104,104,3.433333333333333,0,0,316.4682906468709,41.19966620206833,0.9045876860618591
frame_000104,104,3.433333333333333,0,1,320.36838785807294,35.739529967308044,0.9104401469230652
frame_000104,104,3.433333333333333,0,2,314.90825176239014,36.51954942941666,0.9065189361572266
frame_000104,104,3.433333333333333,0,3,336.7487961451213,37.29956889152527,1.0089012384414673
frame_000104,104,3.433333333333333,0,4,316.4682906468709,41.97968566417694,0.7085717916488647
frame_000104,104,3.433333333333333,0,5,355.46926275889075,66.16028898954391,0.8962256908416748
frame_000104,104,3.433333333333333,0,6,323.4884656270345,71.6204252243042,0.858808159828186
frame_000104,104,3.433333333333333,0,7,347.6690683364868,105.94128155708313,0.9139535427093506
frame_000104,104,3.433333333333333,0,8,326.6085433959961,106.72130101919174,0.7301487922668457
frame_000104,104,3.433333333333333,0,9,313.34821287790936,102.82120370864868,0.8646453619003296
frame_000104,104,3.433333333333333,0,10,309.44811566670734,106.72130101919174,0.6498979330062866
frame_000104,104,3.433333333333333,0,11,347.6690683364868,140.26213788986206,0.7697805166244507
frame_000104,104,3.433333333333333,0,12,327.3885628382365,141.04215735197067,0.7556054592132568
frame_000104,104,3.433333333333333,0,13,338.30883502960205,200.3236364722252,0.779024600982666
frame_000104,104,3.433333333333333,0,14,324.2684850692749,198.76359754800797,0.7649953365325928
frame_000104,104,3.433333333333333,0,15,379.64986546834314,216.70404517650604,0.8492454290390015
frame_000104,104,3.433333333333333,0,16,330.50864060719806,256.48503774404526,0.8995542526245117
frame_000105,105,3.466666666666667,0,0,315.08099269866943,48.175875663757324,0.8770991563796997
frame_000105,105,3.466666666666667,0,1,319.8174524307251,43.43941605091095,0.8748201131820679
frame_000105,105,3.466666666666667,0,2,315.08099269866943,43.43941605091095,0.8493261337280273
frame_000105,105,3.466666666666667,0,3,336.3950614929199,44.228825986385345,0.9879534840583801
frame_000105,105,3.466666666666667,0,4,317.44922256469727,47.38646572828293,0.7001312971115112
frame_000105,105,3.466666666666667,0,5,356.13031037648517,71.8581737279892,0.88917076587677
frame_000105,105,3.466666666666667,0,6,323.7645022074381,75.80522340536118,0.8572393655776978
frame_000105,105,3.466666666666667,0,7,353.76208051045734,113.69690030813217,0.9072545766830444
frame_000105,105,3.466666666666667,0,8,329.2903718948364,110.53926056623459,0.7257893085479736
frame_000105,105,3.466666666666667,0,9,318.2386325200399,112.90749037265778,0.7393063306808472
frame_000105,105,3.466666666666667,0,10,309.5551230112711,114.48631024360657,0.6706984043121338
frame_000105,105,3.466666666666667,0,11,347.4468008677165,146.0627076625824,0.7700402736663818
frame_000105,105,3.466666666666667,0,12,326.9221420288086,146.0627076625824,0.7553073167800903
frame_000105,105,3.466666666666667,0,13,333.23742167154944,205.26845282316208,0.7568689584732056
frame_000105,105,3.466666666666667,0,14,318.2386325200399,203.6896329522133,0.7627863883972168
frame_000105,105,3.466666666666667,0,15,374.28673934936523,210.00491243600845,0.8473051190376282
frame_000105,105,3.466666666666667,0,16,330.8691918055216,260.5271483063698,0.878935694694519
frame_000106,106,3.5,0,0,315.0610680580139,54.298129081726074,0.8930169343948364
frame_000106,106,3.5,0,1,319.8114504814148,49.547746658325195,0.8986721038818359
frame_000106,106,3.5,0,2,314.26933765411377,48.75601625442505,0.8853347301483154
frame_000106,106,3.5,0,3,335.6460585594177,50.33947706222534,1.0231282711029053
frame_000106,106,3.5,0,4,316.6445288658142,53.50639867782593,0.7351973056793213
frame_000106,106,3.5,0,5,355.4393186569214,78.05004119873047,0.8654564023017883
frame_000106,106,3.5,0,6,322.18664169311523,81.21696281433105,0.8655097484588623
frame_000106,106,3.5,0,7,358.606240272522,120.01175260543823,0.8810311555862427
frame_000106,106,3.5,0,8,324.5618329048157,114.4696397781372,0.728678822517395
frame_000106,106,3.5,0,9,326.14529371261597,125.55386543273926,0.6449936628341675
frame_000106,106,3.5,0,10,303.97684240341187,116.84483098983765,0.7760159969329834
frame_000106,106,3.5,0,11,346.7302842140198,151.6809687614441,0.7419019937515259
frame_000106,106,3.5,0,12,324.5618329048157,152.47269916534424,0.7394136190414429
frame_000106,106,3.5,0,13,325.3535633087158,207.8938274383545,0.6948795318603516
frame_000106,106,3.5,0,14,314.26933765411377,206.3103666305542,0.7365568280220032
frame_000106,106,3.5,0,15,367.3152747154236,205.51863622665405,0.7894327640533447
frame_000106,106,3.5,0,16,335.6460585594177,260.14803409576416,0.7942668199539185
frame_000107,107,3.533333333333333,0,0,313.0581814448039,58.57398796081543,0.9048497676849365
frame_000107,107,3.533333333333333,0,1,318.4622982343038,54.71390473842621,0.912842333316803
frame_000107,107,3.533333333333333,0,2,312.2861647605896,54.71390473842621,0.9328015446662903
frame_000107,107,3.533333333333333,0,3,333.130615234375,55.48592138290405,0.9963608384132385
frame_000107,107,3.533333333333333,0,4,314.6022148132324,58.57398796081543,0.7326462268829346
frame_000107,107,3.533333333333333,0,5,354.74708239237464,83.27852058410645,0.8779047131538391
frame_000107,107,3.533333333333333,0,6,318.4622982343038,84.82255387306213,0.8855445384979248
frame_000107,107,3.533333333333333,0,7,364.0112826029459,124.19540274143219,0.8890867829322815
frame_000107,107,3.533333333333333,0,8,320.00633160273236,117.24725294113159,0.781462550163269
frame_000107,107,3.533333333333333,0,9,332.3585985501607,134.23161911964417,0.6759774684906006
frame_000107,107,3.533333333333333,0,10,296.84583107630414,117.24725294113159,0.8193092346191406
frame_000107,107,3.533333333333333,0,11,344.7108654975891,155.07606852054596,0.726051926612854
frame_000107,107,3.533333333333333,0,12,321.5503649711609,155.07606852054596,0.7139627933502197
frame_000107,107,3.533333333333333,0,13,317.69028155008954,209.11723363399506,0.6756854057312012
frame_000107,107,3.533333333333333,0,14,310.74213139216107,210.66126692295074,0.7059019804000854
frame_000107,107,3.533333333333333,0,15,361.6952325503031,206.80118370056152,0.7375355958938599
frame_000107,107,3.533333333333333,0,16,341.62279876073205,260.8423488140106,0.7402170896530151
frame_000108,108,3.5666666666666664,0,0,311.4257068634033,60.04938888549805,0.9818817973136902
frame_000108,108,3.5666666666666664,0,1,316.7646224498749,55.47317552566528,1.0339176654815674
frame_000108,108,3.5666666666666664,0,2,309.90030241012573,55.47317552566528,1.0086512565612793
frame_000108,108,3.5666666666666664,0,3,332.01866698265076,56.99857997894287,1.040120005607605
frame_000108,108,3.5666666666666664,0,4,313.7138135433197,60.04938888549805,0.7383259534835815
frame_000108,108,3.5666666666666664,0,5,355.66243600845337,83.69315791130066,0.9199227094650269
frame_000108,108,3.5666666666666664,0,6,316.7646224498749,85.21856236457825,0.9280058145523071
frame_000108,108,3.5666666666666664,0,7,370.15377831459045,124.11637592315674,1.0040180683135986
frame_000108,108,3.5666666666666664,0,8,315.2392179965973,121.82826924324036,0.863796591758728
frame_000108,108,3.5666666666666664,0,9,344.22190260887146,137.08231377601624,0.7671757936477661
frame_000108,108,3.5666666666666664,0,10,294.64625787734985,118.01475811004639,0.883536696434021
frame_000108,108,3.5666666666666664,0,11,341.9337959289551,161.48878502845764,0.7445929050445557
frame_000108,108,3.5666666666666664,0,12,320.57813358306885,160.72608280181885,0.7436565160751343
frame_000108,108,3.5666666666666664,0,13,312.1884090900421,209.53902530670166,0.6894235610961914
frame_000108,108,3.5666666666666664,0,14,319.81543135643005,214.11523866653442,0.6908297538757324
frame_000108,108,3.5666666666666664,0,15,354.1370315551758,209.53902530670166,0.7801004648208618
frame_000108,108,3.5666666666666664,0,16,347.27271151542664,259.11467003822327,0.7287833094596863
frame_000109,109,3.6,0,0,310.4248094558716,56.35094964504242,0.9927140474319458
frame_000109,109,3.6,0,1,315.6933223406474,51.835081696510315,1.0507545471191406
frame_000109,109,3.6,0,2,309.67216475804645,51.835081696510315,0.970624566078186
frame_000109,109,3.6,0,3,330.74621629714966,54.09301567077637,1.0290248394012451
frame_000109,109,3.6,0,4,313.43538824717206,56.35094964504242,0.6914563179016113
frame_000109,109,3.6,0,5,356.3361360232035,81.188223361969,0.8858151435852051
frame_000109,109,3.6,0,6,314.18803294499713,82.69351267814636,0.924004852771759
frame_000109,109,3.6,0,7,376.65754286448157,116.56252229213715,0.9855670928955078
frame_000109,109,3.6,0,8,309.67216475804645,121.07839024066925,0.9356606006622314
frame_000109,109,3.6,0,9,350.31497844060266,134.62599408626556,0.8539179563522339
frame_000109,109,3.6,0,10,291.6086920102437,112.04665434360504,0.8833843469619751
frame_000109,109,3.6,0,11,342.78853146235144,155.70004451274872,0.7699167728424072
frame_000109,109,3.6,0,12,323.97241401672363,157.2053338289261,0.7555906772613525
frame_000109,109,3.6,0,13,310.4248094558716,201.61136865615845,0.7088854312896729
frame_000109,109,3.6,0,14,328.4882822036743,214.40632784366608,0.7199338674545288
frame_000109,109,3.6,0,15,352.572912534078,209.89045989513397,0.7578825950622559
frame_000109,109,3.6,0,16,354.83084662755334,257.30707335472107,0.7014110088348389
frame_000110,110,3.6333333333333333,0,0,309.39545361200965,49.307939529418945,0.9856610298156738
frame_000110,110,3.6333333333333333,0,1,315.68721564610803,44.589117765426636,1.0131982564926147
frame_000110,110,3.6333333333333333,0,2,308.60898335774743,45.375588059425354,0.9869545102119446
frame_000110,110,3.6333333333333333,0,3,330.63015047709143,47.73499894142151,1.059600830078125
frame_000110,110,3.6333333333333333,0,4,311.7548643747965,50.094409823417664,0.7224593162536621
frame_000110,110,3.6333333333333333,0,5,356.583668867747,74.47498893737793,0.9069492220878601
frame_000110,110,3.6333333333333333,0,6,312.54133462905884,77.6208701133728,0.9644010066986084
frame_000110,110,3.6333333333333333,0,7,381.75071700414014,105.93380069732666,0.9757038354873657
frame_000110,110,3.6333333333333333,0,8,305.46310234069824,115.37144422531128,0.956985354423523
frame_000110,110,3.6333333333333333,0,9,357.3701391220093,127.95496892929077,0.8802419900894165
frame_000110,110,3.6333333333333333,0,10,288.9472270011902,103.5743898153305,0.9170348644256592
frame_000110,110,3.6333333333333333,0,11,343.2136745452881,153.12201833724976,0.8130755424499512
frame_000110,110,3.6333333333333333,0,12,325.9113289515177,153.90848863124847,0.7883654832839966
frame_000110,110,3.6333333333333333,0,13,311.7548643747965,196.37788450717926,0.7005397081375122
frame_000110,110,3.6333333333333333,0,14,339.2813232739766,207.38846862316132,0.7686209678649902
frame_000110,110,3.6333333333333333,0,15,346.3595555623372,216.82611215114594,0.7519669532775879
frame_000110,110,3.6333333333333333,0,16,362.8754309018452,253.7902159690857,0.855273962020874
frame_000111,111,3.6666666666666665,0,0,310.8859546979268,42.49432873725891,0.947891354560852
frame_000111,111,3.6666666666666665,0,1,316.506404876709,37.67680025100708,0.9900704026222229
frame_000111,111,3.6666666666666665,0,2,308.4771903355916,38.479721665382385,0.9572439193725586
frame_000111,111,3.6666666666666665,0,3,330.9589910507202,40.8884859085083,1.0195826292037964
frame_000111,111,3.6666666666666665,0,4,310.0830332438151,43.297250151634216,0.7431941032409668
frame_000111,111,3.6666666666666665,0,5,355.84955612818396,67.38489258289337,0.8833199739456177
frame_000111,111,3.6666666666666665,0,6,310.0830332438151,68.99073541164398,0.965919017791748
frame_000111,111,3.6666666666666665,0,7,386.36057138442993,93.88129925727844,0.9548609256744385
frame_000111,111,3.6666666666666665,0,8,300.4479757944743,110.74264895915985,0.9540355205535889
frame_000111,111,3.6666666666666665,0,9,365.4846135775248,114.75725603103638,0.9352368116378784
frame_000111,111,3.6666666666666665,0,10,289.20707543691,93.88129925727844,0.9029878377914429
frame_000111,111,3.6666666666666665,0,11,344.60865577061975,144.46534836292267,0.8114308714866638
frame_000111,111,3.6666666666666665,0,12,326.1414623260498,146.07119119167328,0.7924895286560059
frame_000111,111,3.6666666666666665,0,13,310.8859546979268,191.03479039669037,0.7042115926742554
frame_000111,111,3.6666666666666665,0,14,347.01742013295495,201.47276878356934,0.7935198545455933
frame_000111,111,3.6666666666666665,0,15,344.60865577061975,218.33411848545074,0.6877694725990295
frame_000111,111,3.6666666666666665,0,16,368.6962993939718,248.84513223171234,0.8334282040596008
frame_000112,112,3.6999999999999997,0,0,310.7406474749247,37.92766219377518,0.9111013412475586
frame_000112,112,3.6999999999999997,0,1,316.31176352500916,33.15241998434067,0.98419189453125
frame_000112,112,3.6999999999999997,0,2,308.3530263106028,33.15241998434067,0.9297313690185547
frame_000112,112,3.6999999999999997,0,3,331.4333642323812,35.54004108905792,0.9799340963363647
frame_000112,112,3.6999999999999997,0,4,309.9447737534841,37.13178849220276,0.7096954584121704
frame_000112,112,3.6999999999999997,0,5,356.10544959704083,61.007999539375305,0.8722857236862183
frame_000112,112,3.6999999999999997,0,6,309.9447737534841,65.78324174880981,0.9664067029953003
frame_000112,112,3.6999999999999997,0,7,390.32801961898804,84.08833688497543,0.9528839588165283
frame_000112,112,3.6999999999999997,0,8,297.21079421043396,103.98517942428589,0.9265519380569458
frame_000112,112,3.6999999999999997,0,9,371.22705030441284,105.57692682743073,0.9235512018203735
frame_000112,112,3.6999999999999997,0,10,287.66030955314636,87.2718316912651,0.8939467668533325
frame_000112,112,3.6999999999999997,0,11,344.96321749687195,140.59536969661713,0.8274144530296326
frame_000112,112,3.6999999999999997,0,12,328.24986934661865,142.98299080133438,0.8106023669242859
frame_000112,112,3.6999999999999997,0,13,314.7200160821279,187.5519180893898,0.7593275904655457
frame_000112,112,3.6999999999999997,0,14,349.73845982551575,196.3065288066864,0.842751681804657
frame_000112,112,3.6999999999999997,0,15,340.98384888966876,232.91671907901764,0.7427119612693787
frame_000112,112,3.6999999999999997,0,16,369.6353028615315,240.0795823931694,0.8911563158035278
frame_000113,113,3.7333333333333334,0,0,310.2037479877472,34.575549840927124,0.9264611005783081
frame_000113,113,3.7333333333333334,0,1,315.7699885368347,29.804486513137817,0.986083984375
frame_000113,113,3.7333333333333334,0,2,308.61339354515076,29.804486513137817,0.9577555656433105
frame_000113,113,3.7333333333333334,0,3,331.6735329627991,32.19001817703247,0.967811644077301
frame_000113,113,3.7333333333333334,0,4,310.9989252090454,33.780372619628906,0.6861615180969238
frame_000113,113,3.7333333333333334,0,5,357.91438126564026,57.63568925857544,0.8393149375915527
frame_000113,113,3.7333333333333334,0,6,310.2037479877472,63.201929807662964,0.923134982585907
frame_000113,113,3.7333333333333334,0,7,391.3118245601654,78.3102970123291,0.9051532745361328
frame_000113,113,3.7333333333333334,0,8,296.6857352256775,99.78008198738098,0.8865487575531006
frame_000113,113,3.7333333333333334,0,9,373.0227484703064,100.5752592086792,0.8723040819168091
frame_000113,113,3.7333333333333334,0,10,288.7339630126953,84.67171478271484,0.8584334850311279
frame_000113,113,3.7333333333333334,0,11,346.7819001674652,132.3823480606079,0.7614096403121948
frame_000113,113,3.7333333333333334,0,12,327.697646856308,134.76787972450256,0.7302101850509644
frame_000113,113,3.7333333333333334,0,13,322.13140630722046,183.27369022369385,0.7029460668563843
frame_000113,113,3.7333333333333334,0,14,349.16743183135986,190.4302852153778,0.7999132871627808
frame_000113,113,3.7333333333333334,0,15,335.64941906929016,243.7071590423584,0.781699538230896
frame_000113,113,3.7333333333333334,0,16,373.8179256916046,235.75538682937622,0.8755202889442444
frame_000114,114,3.7666666666666666,0,0,311.016152381897,34.417222023010254,0.9412319660186768
frame_000114,114,3.7666666666666666,0,1,315.72462368011475,29.70875072479248,0.998308539390564
frame_000114,114,3.7666666666666666,0,2,310.23140716552734,29.70875072479248,0.9771250486373901
frame_000114,114,3.7666666666666666,0,3,332.20427322387695,32.06298637390137,0.9895326495170593
frame_000114,114,3.7666666666666666,0,4,311.8008975982666,33.632476806640625,0.6511235237121582
frame_000114,114,3.7666666666666666,0,5,358.88561058044434,57.95957851409912,0.8496159315109253
frame_000114,114,3.7666666666666666,0,6,311.8008975982666,62.668049812316895,0.9372323751449585
frame_000114,114,3.7666666666666666,0,7,392.6296548843384,77.57820892333984,0.9265641570091248
frame_000114,114,3.7666666666666666,0,8,298.4602289199829,99.55107498168945,0.8824191689491272
frame_000114,114,3.7666666666666666,0,9,373.7957696914673,100.33582019805908,0.8919013142585754
frame_000114,114,3.7666666666666666,0,10,289.828031539917,89.34938716888428,0.8324765563011169
frame_000114,114,3.7666666666666666,0,11,348.68392276763916,135.64935493469238,0.7789831757545471
frame_000114,114,3.7666666666666666,0,12,328.2805471420288,138.7883358001709,0.7670571804046631
frame_000114,114,3.7666666666666666,0,13,331.4195280075073,185.088303565979,0.6982866525650024
frame_000114,114,3.7666666666666666,0,14,341.6212158203125,191.36626529693604,0.6979112029075623
frame_000114,114,3.7666666666666666,0,15,332.9890184402466,248.65266609191895,0.7045259475708008
frame_000114,114,3.7666666666666666,0,16,376.9347505569458,230.60352611541748,0.6927919983863831
frame_000115,115,3.8,0,0,313.1546223163605,36.519734382629395,0.9218696355819702
frame_000115,115,3.8,0,1,318.56884002685547,31.878976345062256,0.9576185941696167
frame_000115,115,3.8,0,2,311.60770297050476,31.878976345062256,0.9566930532455444
frame_000115,115,3.8,0,3,334.0380334854126,33.42589569091797,0.9911791682243347
frame_000115,115,3.8,0,4,313.1546223163605,35.74627470970154,0.6634880900382996
frame_000115,115,3.8,0,5,358.788743019104,59.72352457046509,0.8298754692077637
frame_000115,115,3.8,0,6,313.1546223163605,64.36428260803223,0.9145856499671936
frame_000115,115,3.8,0,7,395.14134764671326,81.38039541244507,0.9284263849258423
frame_000115,115,3.8,0,8,300.77926754951477,100.71688723564148,0.8639626502990723
frame_000115,115,3.8,0,9,371.93755745887756,105.35764527320862,0.8836973309516907
frame_000115,115,3.8,0,10,291.4977514743805,95.30266952514648,0.8480767011642456
frame_000115,115,3.8,0,11,348.73376727104187,135.52257251739502,0.7493225336074829
frame_000115,115,3.8,0,12,327.0768964290619,139.3898708820343,0.7388114929199219
frame_000115,115,3.8,0,13,332.4911141395569,191.21166896820068,0.6944178342819214
frame_000115,115,3.8,0,14,339.4522511959076,195.07896733283997,0.7173589468002319
frame_000115,115,3.8,0,15,330.9441947937012,253.0884428024292,0.6996314525604248
frame_000115,115,3.8,0,16,379.6721541881561,222.15005588531494,0.7024891376495361
frame_000116,116,3.8333333333333335,0,0,314.93584728240967,40.42770576477051,0.9165641069412231
frame_000116,116,3.8333333333333335,0,1,319.67355966567993,35.689993381500244,0.9392632246017456
frame_000116,116,3.8333333333333335,0,2,312.56699109077454,35.689993381500244,0.9353793263435364
frame_000116,116,3.8333333333333335,0,3,336.25555300712585,36.47961211204529,0.9954686164855957
frame_000116,116,3.8333333333333335,0,4,314.93584728240967,39.638087034225464,0.658494234085083
frame_000116,116,3.8333333333333335,0,5,359.9441149234772,64.11626768112183,0.8592998385429382
frame_000116,116,3.8333333333333335,0,6,315.7254660129547,67.274742603302,0.9400181174278259
frame_000116,116,3.8333333333333335,0,7,393.89772033691406,87.80482959747314,0.9370115995407104
frame_000116,116,3.8333333333333335,0,8,305.46042251586914,104.38682293891907,0.8574454188346863
frame_000116,116,3.8333333333333335,0,9,369.4195396900177,111.49339151382446,0.9171228408813477
frame_000116,116,3.8333333333333335,0,10,294.4057602882385,102.80758547782898,0.8287850618362427
frame_000116,116,3.8333333333333335,0,11,350.46869015693665,141.49890327453613,0.7956512570381165
frame_000116,116,3.8333333333333335,0,12,328.3593657016754,144.6573781967163,0.7838853597640991
frame_000116,116,3.8333333333333335,0,13,333.8866968154907,193.61373949050903,0.7090908885002136
frame_000116,116,3.8333333333333335,0,14,332.30745935440063,199.93068933486938,0.7130498886108398
frame_000116,116,3.8333333333333335,0,15,378.8949644565582,214.93344521522522,0.5932562351226807
frame_000116,116,3.8333333333333335,0,16,328.3593657016754,259.1520941257477,0.5745803117752075
frame_000117,117,3.8666666666666667,0,0,314.7279256184896,43.43610167503357,0.9387588500976562
frame_000117,117,3.8666666666666667,0,1,320.4053007761637,39.38083350658417,0.9583455324172974
frame_000117,117,3.8666666666666667,0,2,313.10581843058264,39.38083350658417,0.9602659940719604
frame_000117,117,3.8666666666666667,0,3,335.8153190612793,41.81399440765381,1.0141314268112183
frame_000117,117,3.8666666666666667,0,4,315.538979212443,44.24715530872345,0.7210216522216797
frame_000117,117,3.8666666666666667,0,5,360.9579804738362,68.57876431941986,0.8753042221069336
frame_000117,117,3.8666666666666667,0,6,317.16108640035,71.82297885417938,0.9503223299980164
frame_000117,117,3.8666666666666667,0,7,389.34485626220703,98.58774876594543,0.9533278942108154
frame_000117,117,3.8666666666666667,0,8,311.4837112426758,109.94249963760376,0.8581134080886841
frame_000117,117,3.8666666666666667,0,9,360.9579804738362,118.86408960819244,0.8837661743164062
frame_000117,117,3.8666666666666667,0,10,298.50685373942054,111.56460690498352,0.8429527282714844
frame_000117,117,3.8666666666666667,0,11,350.4142837524414,147.25096678733826,0.7792664766311646
frame_000117,117,3.8666666666666667,0,12,327.70478312174475,148.87307405471802,0.7698347568511963
frame_000117,117,3.8666666666666667,0,13,333.38215827941895,201.59156024456024,0.719718337059021
frame_000117,117,3.8666666666666667,0,14,332.57110468546546,204.83577477931976,0.7007135152816772
frame_000117,117,3.8666666666666667,0,15,332.57110468546546,264.04269003868103,0.622700572013855
frame_000117,117,3.8666666666666667,0,16,331.7600510915121,272.15322637557983,0.5404050946235657
frame_000118,118,3.9,0,0,314.1846013069153,48.215967416763306,0.9451518058776855
frame_000118,118,3.9,0,1,319.0378794670105,44.171568751335144,0.9459776878356934
frame_000118,118,3.9,0,2,312.5668419202169,44.171568751335144,0.9684064388275146
frame_000118,118,3.9,0,3,334.4065936406454,47.40708768367767,1.0033748149871826
frame_000118,118,3.9,0,4,316.6112403869629,49.02484714984894,0.7294166684150696
frame_000118,118,3.9,0,5,359.4818641344707,74.10011887550354,0.8872047662734985
frame_000118,118,3.9,0,6,318.22899977366126,77.33563780784607,0.9503337144851685
frame_000118,118,3.9,0,7,382.1304955482483,108.88194739818573,0.9661906957626343
frame_000118,118,3.9,0,8,316.6112403869629,112.92634606361389,0.8745196461677551
frame_000118,118,3.9,0,9,352.2019468943278,124.25066232681274,0.7827332019805908
frame_000118,118,3.9,0,10,297.19812774658203,121.01514339447021,0.847469687461853
frame_000118,118,3.9,0,11,351.3930672009786,149.32593405246735,0.7617754936218262
frame_000118,118,3.9,0,12,327.12667640050256,150.13481378555298,0.7502559423446655
frame_000118,118,3.9,0,13,327.12667640050256,201.09423696994781,0.6744865775108337
frame_000118,118,3.9,0,14,330.3621951738993,206.75639510154724,0.6952391862869263
frame_000118,118,3.9,0,15,369.99730014801025,198.66759777069092,0.6340007781982422
frame_000118,118,3.9,0,16,338.45099210739136,264.99573588371277,0.5838842391967773
frame_000119,119,3.933333333333333,0,0,313.3717692693075,51.58781635761261,0.911438524723053
frame_000119,119,3.933333333333333,0,1,318.56184689203894,47.13917815685272,0.9384244680404663
frame_000119,119,3.933333333333333,0,2,312.63032960891724,47.13917815685272,0.9275649785995483
frame_000119,119,3.933333333333333,0,3,334.1320797602336,50.104936957359314,0.9683496356010437
frame_000119,119,3.933333333333333,0,4,316.3375279108683,52.32925605773926,0.6957476735115051
frame_000119,119,3.933333333333333,0,5,357.1167092323303,76.79676616191864,0.8764010667800903
frame_000119,119,3.933333333333333,0,6,318.56184689203894,79.76252496242523,0.8476207256317139
frame_000119,119,3.933333333333333,0,7,372.6869421005249,116.09307026863098,0.9403355121612549
frame_000119,119,3.933333333333333,0,8,321.52760553359985,114.61019086837769,0.8026449680328369
frame_000119,119,3.933333333333333,0,9,337.09783840179443,124.99034667015076,0.7128068208694458
frame_000119,119,3.933333333333333,0,10,298.54297606150305,126.47322607040405,0.8366819620132446
frame_000119,119,3.933333333333333,0,11,351.9266316095988,149.45785677433014,0.733532190322876
frame_000119,119,3.933333333333333,0,12,328.9420021375021,150.1992964744568,0.7327778339385986
frame_000119,119,3.933333333333333,0,13,331.90776077906287,200.61719608306885,0.6707485318183899
frame_000119,119,3.933333333333333,0,14,309.6645709673563,202.10007548332214,0.6724875569343567
frame_000119,119,3.933333333333333,0,15,351.9266316095988,196.9099975824356,0.5032241344451904
frame_000119,119,3.933333333333333,0,16,348.2194333076477,197.65143728256226,0.5054450035095215
frame_000120,120,3.966666666666667,0,0,311.7825241088867,51.75423622131348,0.9438577890396118
frame_000120,120,3.966666666666667,0,1,317.4905344645182,47.473228216171265,1.0017750263214111
frame_000120,120,3.966666666666667,0,2,311.7825241088867,47.473228216171265,0.986738920211792
frame_000120,120,3.966666666666667,0,3,332.47406164805096,50.32723355293274,0.9914001226425171
frame_000120,120,3.966666666666667,0,4,316.06353187561035,52.467737555503845,0.7746936082839966
frame_000120,120,3.966666666666667,0,5,354.59260177612305,76.72678291797638,0.9220839142799377
frame_000120,120,3.966666666666667,0,6,318.91753705342614,81.00779092311859,0.8503084182739258
frame_000120,120,3.966666666666667,0,7,358.8736095428467,116.68285763263702,0.9253420829772949
frame_000120,120,3.966666666666667,0,8,322.4850435256958,114.54235363006592,0.7394750714302063
frame_000120,120,3.966666666666667,0,9,322.4850435256958,116.68285763263702,0.8354312181472778
frame_000120,120,3.966666666666667,0,10,306.07451375325525,123.81787097454071,0.7421959638595581
frame_000120,120,3.966666666666667,0,11,351.02509530385333,152.35792434215546,0.7857699394226074
frame_000120,120,3.966666666666667,0,12,328.1930538813273,152.35792434215546,0.7711987495422363
frame_000120,120,3.966666666666667,0,13,340.32257588704425,208.0110284090042,0.763807475566864
frame_000120,120,3.966666666666667,0,14,302.5070072809855,192.3139990568161,0.5747008919715881
frame_000120,120,3.966666666666667,0,15,351.7385965983073,262.9506311416626,0.7527437210083008
frame_000120,120,3.966666666666667,0,16,352.45209789276123,198.73551106452942,0.6452195644378662
frame_000121,121,4.0,0,0,312.06511998176575,46.75163555145264,0.9729470014572144
frame_000121,121,4.0,0,1,317.06001567840576,41.75673985481262,0.94837886095047
frame_000121,121,4.0,0,2,311.3515634536743,42.47029638290405,1.031798243522644
frame_000121,121,4.0,0,3,332.75825929641724,45.324522495269775,1.0392704010009766
frame_000121,121,4.0,0,4,314.91934609413147,48.1787486076355,0.7406315803527832
frame_000121,121,4.0,0,5,353.4513986110687,72.43967056274414,0.9078966379165649
frame_000121,121,4.0,0,6,318.4871287345886,77.43456625938416,0.8584527373313904
frame_000121,121,4.0,0,7,349.17005944252014,113.11239266395569,0.9397785663604736
frame_000121,121,4.0,0,8,323.48202443122864,108.11749696731567,0.7202166318893433
frame_000121,121,4.0,0,9,313.4922330379486,105.26327085494995,0.8474975824356079
frame_000121,121,4.0,0,10,308.4973373413086,115.96661877632141,0.7094345688819885
frame_000121,121,4.0,0,11,352.02428555488586,147.36310601234436,0.7988671064376831
frame_000121,121,4.0,0,12,327.0498070716858,147.36310601234436,0.7800206542015076
frame_000121,121,4.0,0,13,351.31072902679443,205.87474131584167,0.8562029600143433
frame_000121,121,4.0,0,14,303.5024416446686,190.89005422592163,0.752717137336731
frame_000121,121,4.0,0,15,358.44629430770874,258.67792439460754,0.9002752304077148
frame_000121,121,4.0,0,16,348.4565029144287,201.5934021472931,0.6337521076202393
frame_000122,122,4.033333333333333,0,0,311.8046851158142,41.9723744392395,1.0249594449996948
frame_000122,122,4.033333333333333,0,1,316.8586058616638,36.91845369338989,0.9437729120254517
frame_000122,122,4.033333333333333,0,2,311.8046851158142,36.91845369338989,1.0519037246704102
frame_000122,122,4.033333333333333,0,3,332.65210819244385,40.0771541595459,1.0123627185821533
frame_000122,122,4.033333333333333,0,4,314.331645488739,42.6041145324707,0.5926564335823059
frame_000122,122,4.033333333333333,0,5,351.6043109893799,67.24197816848755,0.8445776700973511
frame_000122,122,4.033333333333333,0,6,321.2807865142822,71.66415882110596,0.8306689262390137
frame_000122,122,4.033333333333333,0,7,338.33776903152466,104.51464366912842,0.8561109304428101
frame_000122,122,4.033333333333333,0,8,325.07122707366943,100.09246301651001,0.742058515548706
frame_000122,122,4.033333333333333,0,9,308.014244556427,86.82592105865479,0.8748489022254944
frame_000122,122,4.033333333333333,0,10,310.5412049293518,111.46378469467163,0.7960442304611206
frame_000122,122,4.033333333333333,0,11,351.6043109893799,141.1555690765381,0.7449355721473694
frame_000122,122,4.033333333333333,0,12,328.22992753982544,141.1555690765381,0.7274088859558105
frame_000122,122,4.033333333333333,0,13,353.4995312690735,202.4343581199646,0.8193689584732056
frame_000122,122,4.033333333333333,0,14,303.5920639038086,187.27259588241577,0.725903332233429
frame_000122,122,4.033333333333333,0,15,363.6073727607727,252.9735655784607,0.9337044954299927
frame_000122,122,4.033333333333333,0,16,345.9186501502991,210.64697933197021,0.6954749822616577
frame_000123,123,4.066666666666666,0,0,311.3873882293701,36.67119550704956,0.9690879583358765
frame_000123,123,4.066666666666666,0,1,316.54402923583984,32.15913462638855,0.916172981262207
frame_000123,123,4.066666666666666,0,2,311.3873882293701,32.15913462638855,1.002455234527588
frame_000123,123,4.066666666666666,0,3,331.3693721294403,34.73745512962341,0.9790715575218201
frame_000123,123,4.066666666666666,0,4,313.965708732605,36.67119550704956,0.5937405228614807
frame_000123,123,4.066666666666666,0,5,350.06219577789307,63.09898066520691,0.8475940227508545
frame_000123,123,4.066666666666666,0,6,321.70067024230957,65.03272104263306,0.8203749656677246
frame_000123,123,4.066666666666666,0,7,332.013952255249,99.195467710495,0.7987818717956543
frame_000123,123,4.066666666666666,0,8,328.79105162620544,94.03882670402527,0.704605221748352
frame_000123,123,4.066666666666666,0,9,305.5861670970917,73.41226267814636,0.8857216835021973
frame_000123,123,4.066666666666666,0,10,315.8994491100311,104.35210871696472,0.7604260444641113
frame_000123,123,4.066666666666666,0,11,350.7067759037018,136.5811150074005,0.7350083589553833
frame_000123,123,4.066666666666666,0,12,326.8573112487793,136.5811150074005,0.7131174802780151
frame_000123,123,4.066666666666666,0,13,357.15257716178894,197.81622695922852,0.8413786888122559
frame_000123,123,4.066666666666666,0,14,306.2307472229004,185.56920456886292,0.7763815522193909
frame_000123,123,4.066666666666666,0,15,368.7550194263458,248.09347677230835,0.9293032884597778
frame_000123,123,4.066666666666666,0,16,342.9718143939972,219.73195123672485,0.7705835103988647
frame_000124,124,4.1,0,0,310.97782015800476,33.832155585289,0.9580135941505432
frame_000124,124,4.1,0,1,316.1938509146372,29.26812881231308,0.9577502012252808
frame_000124,124,4.1,0,2,310.97782015800476,29.920132637023926,0.9706845283508301
frame_000124,124,4.1,0,3,331.84194318453467,31.224140286445618,1.0207666158676147
frame_000124,124,4.1,0,4,313.58583553632104,33.180151760578156,0.5738357901573181
frame_000124,124,4.1,0,5,350.0980508327484,60.564312398433685,0.886573076248169
frame_000124,124,4.1,0,6,321.4098816712698,63.17232769727707,0.8500347137451172
frame_000124,124,4.1,0,7,327.2779162724813,94.46851128339767,0.8378256559371948
frame_000124,124,4.1,0,8,325.32190473874414,91.86049598455429,0.7147823572158813
frame_000124,124,4.1,0,9,305.1097855567932,63.824331521987915,0.9289172291755676
frame_000124,124,4.1,0,10,314.8898432254791,99.0325380563736,0.7828477621078491
frame_000124,124,4.1,0,11,350.75005467732746,138.15276753902435,0.8184642791748047
frame_000124,124,4.1,0,12,327.2779162724813,138.15276753902435,0.8024140000343323
frame_000124,124,4.1,0,13,360.53011234601337,194.2250964641571,0.8327932357788086
frame_000124,124,4.1,0,14,310.32581631342566,184.44503909349442,0.8101307153701782
frame_000124,124,4.1,0,15,374.22219308217365,242.4733794927597,0.9543169736862183
frame_000124,124,4.1,0,16,339.0139854749044,229.43330299854279,0.9165056943893433
frame_000125,125,4.133333333333333,0,0,313.8991870880127,32.66300141811371,0.8992669582366943
frame_000125,125,4.133333333333333,0,1,317.9147059122721,27.84437894821167,0.9150883555412292
frame_000125,125,4.133333333333333,0,2,312.29297955830896,27.84437894821167,1.0163440704345703
frame_000125,125,4.133333333333333,0,3,333.173677444458,29.450586438179016,0.9516417980194092
frame_000125,125,4.133333333333333,0,4,312.29297955830896,33.46610516309738,0.6790454387664795
frame_000125,125,4.133333333333333,0,5,350.03885650634766,57.559217512607574,0.8720468878746033
frame_000125,125,4.133333333333333,0,6,321.1271209716797,60.77163249254227,0.8237395882606506
frame_000125,125,4.133333333333333,0,7,325.945743560791,90.48647105693817,0.8681074380874634
frame_000125,125,4.133333333333333,0,8,327.55195109049475,93.69888603687286,0.6763627529144287
frame_000125,125,4.133333333333333,0,9,305.8681494394938,59.16542500257492,0.9539141058921814
frame_000125,125,4.133333333333333,0,10,314.7022908528646,99.32061225175858,0.7300609350204468
frame_000125,125,4.133333333333333,0,11,349.2357527414958,128.2323470711708,0.7618595361709595
frame_000125,125,4.133333333333333,0,12,326.74884732564294,129.83855456113815,0.7628034353256226
frame_000125,125,4.133333333333333,0,13,359.6761016845703,190.8744391798973,0.8096797466278076
frame_000125,125,4.133333333333333,0,14,315.50539461771643,186.05581670999527,0.7716773152351379
frame_000125,125,4.133333333333333,0,15,378.1474882761638,234.24204140901566,0.8412896394729614
frame_000125,125,4.133333333333333,0,16,334.77988497416175,239.86376762390137,0.8265643119812012
frame_000126,126,4.166666666666667,0,0,313.73819947242737,35.10879588127136,0.954666256904602
frame_000126,126,4.166666666666667,0,1,318.7890865802765,30.05790877342224,0.9578535556793213
frame_000126,126,4.166666666666667,0,2,313.73819947242737,30.05790877342224,0.9745166897773743
frame_000126,126,4.166666666666667,0,3,333.94174790382385,31.95199143886566,1.010158658027649
frame_000126,126,4.166666666666667,0,4,315.00092124938965,32.5833523273468,0.5805391073226929
frame_000126,126,4.166666666666667,0,5,351.6198527812958,59.73187053203583,0.8710229396820068
frame_000126,126,4.166666666666667,0,6,324.47133457660675,61.62595319747925,0.8214848041534424
frame_000126,126,4.166666666666667,0,7,329.5222216844559,93.19399762153625,0.8054675459861755
frame_000126,126,4.166666666666667,0,8,326.9967781305313,93.19399762153625,0.6546835899353027
frame_000126,126,4.166666666666667,0,9,306.7932296991348,65.41411852836609,0.9282865524291992
frame_000126,126,4.166666666666667,0,10,314.3695603609085,98.87624561786652,0.7804720401763916
frame_000126,126,4.166666666666667,0,11,350.3571310043335,136.75789892673492,0.7668442726135254
frame_000126,126,4.166666666666667,0,12,328.89086079597473,137.38925981521606,0.7794610261917114
frame_000126,126,4.166666666666667,0,13,350.3571310043335,196.1058224439621,0.8219150304794312
frame_000126,126,4.166666666666667,0,14,321.9458910226822,192.9490180015564,0.776962399482727
frame_000126,126,4.166666666666667,0,15,381.9251754283905,227.04250597953796,0.927821159362793
frame_000126,126,4.166666666666667,0,16,330.78494346141815,249.771497964859,0.9161234498023987
frame_000127,127,4.2,0,0,315.10221846898395,37.75832235813141,0.8778718709945679
frame_000127,127,4.2,0,1,318.9984079996745,33.082895159721375,0.8906408548355103
frame_000127,127,4.2,0,2,313.54374265670776,33.082895159721375,0.9001650810241699
frame_000127,127,4.2,0,3,334.5831661224365,34.64137089252472,0.9834072589874268
frame_000127,127,4.2,0,4,315.10221846898395,37.75832235813141,0.6884557604789734
frame_000127,127,4.2,0,5,351.72640005747473,62.693934082984924,0.8641180992126465
frame_000127,127,4.2,0,6,324.4530733426412,65.81088554859161,0.8165082931518555
frame_000127,127,4.2,0,7,336.1416419347127,100.0973516702652,0.8005401492118835
frame_000127,127,4.2,0,8,326.7907870610555,96.98040020465851,0.7069950103759766
frame_000127,127,4.2,0,9,308.08907731374103,75.94097781181335,0.874395489692688
frame_000127,127,4.2,0,10,311.20602893829346,102.43506526947021,0.780066728591919
frame_000127,127,4.2,0,11,350.1679242451986,135.94229352474213,0.7433087825775146
frame_000127,127,4.2,0,12,329.1285007794698,136.7215313911438,0.7420653104782104
frame_000127,127,4.2,0,13,343.15478308995563,198.28132283687592,0.7883177995681763
frame_000127,127,4.2,0,14,322.894597530365,193.60589563846588,0.7552616596221924
frame_000127,127,4.2,0,15,380.5582025845846,217.76226949691772,0.8525470495223999
frame_000127,127,4.2,0,16,329.9077386856079,255.94492495059967,0.8923308849334717
frame_000128,128,4.233333333333333,0,0,315.6969991525014,44.4363853931427,0.8792470097541809
frame_000128,128,4.233333333333333,0,1,320.40413959821063,39.72924482822418,0.8784261345863342
frame_000128,128,4.233333333333333,0,2,314.91247574488324,39.72924482822418,0.8703701496124268
frame_000128,128,4.233333333333333,0,3,335.31008434295654,41.29829168319702,0.981864333152771
frame_000128,128,4.233333333333333,0,4,315.6969991525014,44.4363853931427,0.6890640258789062
frame_000128,128,4.233333333333333,0,5,354.9231695334116,67.97208821773529,0.8960223197937012
frame_000128,128,4.233333333333333,0,6,324.3267566363017,71.89470535516739,0.8345725536346436
frame_000128,128,4.233333333333333,0,7,343.1553184191386,105.62921273708344,0.8343157768249512
frame_000128,128,4.233333333333333,0,8,325.11128004391986,102.49111902713776,0.7487949132919312
frame_000128,128,4.233333333333333,0,9,311.7743821144104,86.80065047740936,0.8551051616668701
frame_000128,128,4.233333333333333,0,10,307.8517650763194,107.19825959205627,0.7973548173904419
frame_000128,128,4.233333333333333,0,11,350.2160290877024,144.85538411140442,0.7803725004196167
frame_000128,128,4.233333333333333,0,12,329.8184204896291,144.85538411140442,0.7742461562156677
frame_000128,128,4.233333333333333,0,13,335.31008434295654,202.12559431791306,0.7595309019088745
frame_000128,128,4.233333333333333,0,14,321.9731864134471,200.55654746294022,0.7629558444023132
frame_000128,128,4.233333333333333,0,15,375.320778131485,212.3243988752365,0.842090368270874
frame_000128,128,4.233333333333333,0,16,330.6029438972473,259.3958045244217,0.9090558290481567
frame_000129,129,4.266666666666667,0,0,315.72351264953613,51.1281681060791,0.9045422673225403
frame_000129,129,4.266666666666667,0,1,321.2812589009603,46.36438536643982,0.9284783601760864
frame_000129,129,4.266666666666667,0,2,315.72351264953613,46.36438536643982,0.9042783975601196
frame_000129,129,4.266666666666667,0,3,336.3665701548258,48.74627673625946,1.034980297088623
frame_000129,129,4.266666666666667,0,4,316.5174763997396,51.1281681060791,0.7430740594863892
frame_000129,129,4.266666666666667,0,5,356.2156639099121,74.15311801433563,0.9067744016647339
frame_000129,129,4.266666666666667,0,6,322.8691864013672,79.7108645439148,0.872316837310791
frame_000129,129,4.266666666666667,0,7,349.06999015808105,115.43923509120941,0.914411187171936
frame_000129,129,4.266666666666667,0,8,322.8691864013672,112.26337993144989,0.7128963470458984
frame_000129,129,4.266666666666667,0,9,315.72351264953613,108.29356098175049,0.8075008988380432
frame_000129,129,4.266666666666667,0,10,304.60802014668786,114.64527130126953,0.6918505430221558
frame_000129,129,4.266666666666667,0,11,351.4518814086914,150.37364184856415,0.7905871868133545
frame_000129,129,4.266666666666667,0,12,330.01486015319824,151.16760563850403,0.7766729593276978
frame_000129,129,4.266666666666667,0,13,328.4269326527914,203.56921577453613,0.7359527349472046
frame_000129,129,4.266666666666667,0,14,317.311440149943,203.56921577453613,0.7566157579421997
frame_000129,129,4.266666666666667,0,15,368.12512016296387,206.74507093429565,0.8677210211753845
frame_000129,129,4.266666666666667,0,16,333.1907151540121,261.5285724401474,0.8775972127914429
frame_000130,130,4.3,0,0,315.4415562947591,55.736061692237854,0.9327105283737183
frame_000130,130,4.3,0,1,320.9658660888672,51.00093924999237,0.9407097697257996
frame_000130,130,4.3,0,2,314.6523691813151,51.79012632369995,0.9566236734390259
frame_000130,130,4.3,0,3,335.96042124430335,54.15768754482269,1.0554534196853638
frame_000130,130,4.3,0,4,317.01993052164715,56.525248765945435,0.7501510381698608
frame_000130,130,4.3,0,5,355.6900990804037,79.41167390346527,0.9166330099105835
frame_000130,130,4.3,0,6,321.7550532023112,84.93598341941833,0.8931372761726379
frame_000130,130,4.3,0,7,354.9009119669596,119.66021466255188,0.919277548789978
frame_000130,130,4.3,0,8,321.7550532023112,116.50346636772156,0.7519837617874146
frame_000130,130,4.3,0,9,323.3334274291992,119.66021466255188,0.7451251745223999
frame_000130,130,4.3,0,10,301.2361882527669,119.66021466255188,0.7935971021652222
frame_000130,130,4.3,0,11,348.5874150594076,157.54119420051575,0.7648372650146484
frame_000130,130,4.3,0,12,327.27936299641925,157.54119420051575,0.757827877998352
frame_000130,130,4.3,0,13,315.4415562947591,202.52485740184784,0.6962224245071411
frame_000130,130,4.3,0,14,316.2307434082031,208.83835399150848,0.7340304851531982
frame_000130,130,4.3,0,15,362.0035959879557,207.25997984409332,0.7395261526107788
frame_000130,130,4.3,0,16,337.5387954711914,261.7138879299164,0.8107348680496216
frame_000131,131,4.333333333333333,0,0,313.2923940022787,59.38637101650238,0.9685201048851013
frame_000131,131,4.333333333333333,0,1,317.932980855306,54.74578392505646,0.9950066804885864
frame_000131,131,4.333333333333333,0,2,312.5189628601074,54.74578392505646,1.0035423040390015
frame_000131,131,4.333333333333333,0,3,333.40160369873047,57.06607747077942,1.0026085376739502
frame_000131,131,4.333333333333333,0,4,315.61268742879236,58.61293983459473,0.7606149911880493
frame_000131,131,4.333333333333333,0,5,355.831106821696,83.36273765563965,0.9091060161590576
frame_000131,131,4.333333333333333,0,6,320.2532742818197,85.68303120136261,0.8992221355438232
frame_000131,131,4.333333333333333,0,7,364.33884938557935,122.80772793292999,0.9471564888954163
frame_000131,131,4.333333333333333,0,8,317.15954971313477,118.94057202339172,0.8523516058921814
frame_000131,131,4.333333333333333,0,9,337.2687594095866,130.54203975200653,0.6975809931755066
frame_000131,131,4.333333333333333,0,10,296.2769088745117,120.48743438720703,0.854519784450531
frame_000131,131,4.333333333333333,0,11,348.0967953999837,156.83869993686676,0.7396984100341797
frame_000131,131,4.333333333333333,0,12,326.44072341918945,156.83869993686676,0.7467023134231567
frame_000131,131,4.333333333333333,0,13,316.3861185709635,203.244570851326,0.6345347166061401
frame_000131,131,4.333333333333333,0,14,317.932980855306,209.43202030658722,0.6726748943328857
frame_000131,131,4.333333333333333,0,15,356.6045379638672,209.43202030658722,0.7121196985244751
frame_000131,131,4.333333333333333,0,16,344.2296396891276,261.2519094944,0.7273283004760742
frame_000132,132,4.366666666666666,0,0,311.2238245010376,57.243128299713135,0.9822200536727905
frame_000132,132,4.366666666666666,0,1,316.62508630752563,53.38508415222168,1.013682246208191
frame_000132,132,4.366666666666666,0,2,309.680606842041,53.38508415222168,1.0064349174499512
frame_000132,132,4.366666666666666,0,3,331.28565406799316,56.471519470214844,1.018573522567749
frame_000132,132,4.366666666666666,0,4,313.53865098953247,58.014737129211426,0.7541242241859436
frame_000132,132,4.366666666666666,0,5,355.2055277824402,81.16300201416016,0.9222699403762817
frame_000132,132,4.366666666666666,0,6,316.62508630752563,84.24943733215332,0.9305708408355713
frame_000132,132,4.366666666666666,0,7,371.4093132019043,120.515052318573,0.9833669662475586
frame_000132,132,4.366666666666666,0,8,311.9954333305359,121.28666114807129,0.9048528671264648
frame_000132,132,4.366666666666666,0,9,345.1746129989624,136.7188377380371,0.7470813989639282
frame_000132,132,4.366666666666666,0,10,291.9336037635803,116.65700817108154,0.8798527121543884
frame_000132,132,4.366666666666666,0,11,345.9462218284607,157.55227613449097,0.7526944875717163
frame_000132,132,4.366666666666666,0,12,325.8843922615051,157.55227613449097,0.7469277381896973
frame_000132,132,4.366666666666666,0,13,312.7670421600342,199.21915292739868,0.6812278032302856
frame_000132,132,4.366666666666666,0,14,327.4276099205017,211.56489419937134,0.6987684965133667
frame_000132,132,4.366666666666666,0,15,353.6623101234436,210.79328536987305,0.7976065874099731
frame_000132,132,4.366666666666666,0,16,352.119092464447,258.6330327987671,0.765520453453064
frame_000133,133,4.4,0,0,311.11455512046814,51.6955726146698,0.9547855854034424
frame_000133,133,4.4,0,1,316.6144723892212,46.98135781288147,0.9744477272033691
frame_000133,133,4.4,0,2,309.5431501865387,47.76706027984619,0.9681683778762817
frame_000133,133,4.4,0,3,331.5428192615509,50.90987014770508,0.9983855485916138
frame_000133,133,4.4,0,4,312.6859600543976,53.26697754859924,0.7439711689949036
frame_000133,133,4.4,0,5,355.8995957374573,76.05234909057617,0.8955588340759277
frame_000133,133,4.4,0,6,314.257364988327,79.19515895843506,0.9349657297134399
frame_000133,133,4.4,0,7,379.4706697463989,109.8375551700592,0.9592328071594238
frame_000133,133,4.4,0,8,307.18604278564453,116.9088773727417,0.9459200501441956
frame_000133,133,4.4,0,9,353.5424883365631,131.8372242450714,0.8002157211303711
frame_000133,133,4.4,0,10,290.6862909793854,108.26615023612976,0.8974138498306274
frame_000133,133,4.4,0,11,345.6854636669159,151.47978591918945,0.7851969003677368
frame_000133,133,4.4,0,12,327.6143069267273,152.26548838615417,0.7530426979064941
frame_000133,133,4.4,0,13,310.3288526535034,189.97920680046082,0.6941289901733398
frame_000133,133,4.4,0,14,333.89992666244507,207.2646610736847,0.6717691421508789
frame_000133,133,4.4,0,15,347.25686860084534,212.76457834243774,0.6661235094070435
frame_000133,133,4.4,0,16,357.4710006713867,253.62110662460327,0.7435646057128906
frame_000134,134,4.433333333333334,0,0,311.11856333414715,45.868788838386536,0.9598463773727417
frame_000134,134,4.433333333333334,0,1,316.66702755292255,41.11296224594116,0.9844627380371094
frame_000134,134,4.433333333333334,0,2,309.5332878430684,41.905600011348724,0.9848245978355408
frame_000134,134,4.433333333333334,0,3,331.72714471817017,44.28351330757141,1.029431700706482
frame_000134,134,4.433333333333334,0,4,311.11856333414715,45.868788838386536,0.7428946495056152
frame_000134,134,4.433333333333334,0,5,356.2989148298899,68.85528403520584,0.9058786034584045
frame_000134,134,4.433333333333334,0,6,312.70383882522583,73.61111062765121,0.9746766090393066
frame_000134,134,4.433333333333334,0,7,384.8338736693064,97.39024358987808,0.9630063772201538
frame_000134,134,4.433333333333334,0,8,303.19218587875366,112.45036113262177,0.965390682220459
frame_000134,134,4.433333333333334,0,9,365.01793003082275,121.96201431751251,0.920939564704895
frame_000134,134,4.433333333333334,0,10,289.7173442045848,98.9755191206932,0.9007457494735718
frame_000134,134,4.433333333333334,0,11,346.7872618834177,145.74114727973938,0.812180757522583
frame_000134,134,4.433333333333334,0,12,328.55659373601276,147.3264228105545,0.7813378572463989
frame_000134,134,4.433333333333334,0,13,308.7406500975291,184.58039778470993,0.7111737728118896
frame_000134,134,4.433333333333334,0,14,344.4093486467997,203.60370415449142,0.7738485336303711
frame_000134,134,4.433333333333334,0,15,342.03143541018164,216.28590840101242,0.7448427677154541
frame_000134,134,4.433333333333334,0,16,365.81056777636206,251.16197007894516,0.8435673117637634
frame_000135,135,4.466666666666667,0,0,311.4905254046122,40.65418100357056,0.9041597843170166
frame_000135,135,4.466666666666667,0,1,317.11664938926697,36.63552111387253,0.934473991394043
frame_000135,135,4.466666666666667,0,2,309.0793294111887,36.63552111387253,0.9027403593063354
frame_000135,135,4.466666666666667,0,3,332.3875573476156,38.24298506975174,0.9474136829376221
frame_000135,135,4.466666666666667,0,4,311.4905254046122,39.85044902563095,0.7373846769332886
frame_000135,135,4.466666666666667,0,5,357.303249279658,63.15867638587952,0.842110276222229
frame_000135,135,4.466666666666667,0,6,311.4905254046122,67.17733627557755,0.9295778274536133
frame_000135,135,4.466666666666667,0,7,390.25626118977857,86.46690374612808,0.9183452129364014
frame_000135,135,4.466666666666667,0,8,300.23827743530273,106.56020319461823,0.9050074815750122
frame_000135,135,4.466666666666667,0,9,371.77042524019885,111.38259506225586,0.9093149304389954
frame_000135,135,4.466666666666667,0,10,291.39722545941675,90.48556363582611,0.861192524433136
frame_000135,135,4.466666666666667,0,11,347.65846530596417,137.90575033426285,0.7763032913208008
frame_000135,135,4.466666666666667,0,12,327.5651653607687,141.12067824602127,0.7494957447052002
frame_000135,135,4.466666666666667,0,13,309.0793294111887,178.89608120918274,0.7356260418891907
frame_000135,135,4.466666666666667,0,14,344.44353731473285,198.18564867973328,0.779041051864624
frame_000135,135,4.466666666666667,0,15,336.40621733665466,229.5311958193779,0.7649949789047241
frame_000135,135,4.466666666666667,0,16,369.3592292467754,243.9983714222908,0.8430311679840088
frame_000136,136,4.5,0,0,310.18781566619873,36.81400787830353,0.9433156251907349
frame_000136,136,4.5,0,1,315.805409749349,31.998926997184753,0.9964333772659302
frame_000136,136,4.5,0,2,309.38530222574866,31.998926997184753,0.9883299469947815
frame_000136,136,4.5,0,3,331.05316511789954,34.40646743774414,0.9806300401687622
frame_000136,136,4.5,0,4,310.9903291066488,36.011494398117065,0.7096819281578064
frame_000136,136,4.5,0,5,357.53610865275067,60.08689880371094,0.8661633133888245
frame_000136,136,4.5,0,6,310.9903291066488,65.70449316501617,0.9646348357200623
frame_000136,136,4.5,0,7,392.04418659210205,79.34722232818604,0.9384418725967407
frame_000136,136,4.5,0,8,298.15011405944824,101.81759977340698,0.9036178588867188
frame_000136,136,4.5,0,9,373.5863774617512,104.22514021396637,0.911632776260376
frame_000136,136,4.5,0,10,289.3224662144979,88.17487061023712,0.8679903745651245
frame_000136,136,4.5,0,11,347.1034339269002,137.12819290161133,0.8063771724700928
frame_000136,136,4.5,0,12,328.64562479654944,140.33824682235718,0.777409553527832
frame_000136,136,4.5,0,13,314.20038286844886,181.26643431186676,0.750505805015564
frame_000136,136,4.5,0,14,346.3009204864502,194.90916347503662,0.8078370094299316
frame_000136,136,4.5,0,15,331.05316511789954,238.2448914051056,0.8476031422615051
frame_000136,136,4.5,0,16,372.78386402130127,238.2448914051056,0.889531135559082
frame_000137,137,4.533333333333333,0,0,312.0776163736979,35.36965823173523,0.9326305389404297
frame_000137,137,4.533333333333333,0,1,317.60669708251953,29.840577244758606,0.9797093868255615
frame_000137,137,4.533333333333333,0,2,311.28774770100915,30.630445957183838,0.9758751392364502
frame_000137,137,4.533333333333333,0,3,333.40407053629554,33.000052094459534,1.010073184967041
frame_000137,137,4.533333333333333,0,4,312.0776163736979,34.57978951931,0.6937433481216431
frame_000137,137,4.533333333333333,0,5,359.46973673502606,58.275850892066956,0.8601562976837158
frame_000137,137,4.533333333333333,0,6,312.8674850463867,63.01506316661835,0.9441379308700562
frame_000137,137,4.533333333333333,0,7,394.22395833333326,76.44283127784729,0.9127452373504639
frame_000137,137,4.533333333333333,0,8,299.4397176106771,99.34902393817902,0.8605456352233887
frame_000137,137,4.533333333333333,0,9,375.267110188802,100.92876136302948,0.8995052576065063
frame_000137,137,4.533333333333333,0,10,291.54103088378906,91.4503368139267,0.81637042760849
frame_000137,137,4.533333333333333,0,11,348.4115753173828,135.68298470973969,0.7920308113098145
frame_000137,137,4.533333333333333,0,12,327.08512115478516,138.05259084701538,0.7739145755767822
frame_000137,137,4.533333333333333,0,13,329.45472717285156,183.86497616767883,0.6996889114379883
frame_000137,137,4.533333333333333,0,14,335.77367655436194,193.34340071678162,0.7374488115310669
frame_000137,137,4.533333333333333,0,15,323.1357777913412,248.63421058654785,0.6774752140045166
frame_000137,137,4.533333333333333,0,16,374.4772415161133,230.46723020076752,0.7737379670143127
frame_000138,138,4.566666666666666,0,0,314.3748016357422,36.98613166809082,0.9671193957328796
frame_000138,138,4.566666666666666,0,1,318.9625663757324,31.633739471435547,1.0340394973754883
frame_000138,138,4.566666666666666,0,2,312.8455467224121,31.633739471435547,1.0048110485076904
frame_000138,138,4.566666666666666,0,3,335.01974296569824,33.927621841430664,1.0408663749694824
frame_000138,138,4.566666666666666,0,4,314.3748016357422,36.22150421142578,0.6845995187759399
frame_000138,138,4.566666666666666,0,5,360.25244903564453,59.16032791137695,0.850416362285614
frame_000138,138,4.566666666666666,0,6,315.90405654907227,64.51272010803223,0.9509915113449097
frame_000138,138,4.566666666666666,0,7,396.18993949890137,79.80526924133301,0.9493386745452881
frame_000138,138,4.566666666666666,0,8,302.14076232910156,100.45021057128906,0.8678696155548096
frame_000138,138,4.566666666666666,0,9,374.01574325561523,104.27334785461426,0.9142673015594482
frame_000138,138,4.566666666666666,0,10,292.9652328491211,96.62707328796387,0.8621443510055542
frame_000138,138,4.566666666666666,0,11,348.78303718566895,137.15232849121094,0.7949278354644775
frame_000138,138,4.566666666666666,0,12,327.37346839904785,139.44621086120605,0.7786945104598999
frame_000138,138,4.566666666666666,0,13,331.9612331390381,191.4408779144287,0.7362280488014221
frame_000138,138,4.566666666666666,0,14,331.9612331390381,192.9701328277588,0.7256839275360107
frame_000138,138,4.566666666666666,0,15,323.55033111572266,252.61107444763184,0.6701865196228027
frame_000138,138,4.566666666666666,0,16,375.5449981689453,218.20283889770508,0.6862493753433228
frame_000139,139,4.6,0,0,316.0685316721598,41.03546845912933,0.9388911724090576
frame_000139,139,4.6,0,1,320.7911898295084,36.31281006336212,0.983157753944397
frame_000139,139,4.6,0,2,313.7072025934855,37.09991979598999,0.9626525640487671
frame_000139,139,4.6,0,3,337.32049338022864,37.09991979598999,1.0270462036132812
frame_000139,139,4.6,0,4,315.28142197926843,40.248358726501465,0.6734234094619751
frame_000139,139,4.6,0,5,360.9337841669719,63.861650705337524,0.8717658519744873
frame_000139,139,4.6,0,6,316.85564136505127,67.010089635849,0.9461237192153931
frame_000139,139,4.6,0,7,393.99239126841235,88.26205241680145,0.94664067029953
frame_000139,139,4.6,0,8,305.83610566457116,103.21713733673096,0.8521959781646729
frame_000139,139,4.6,0,9,368.01777140299487,110.30112493038177,0.916481614112854
frame_000139,139,4.6,0,10,295.6036796569824,104.7913568019867,0.8164375424385071
frame_000139,139,4.6,0,11,349.9142484664917,141.78551423549652,0.8090351819992065
frame_000139,139,4.6,0,12,327.8751770655314,144.14684343338013,0.7916402220726013
frame_000139,139,4.6,0,13,330.2365061442057,190.58631765842438,0.7018115520477295
frame_000139,139,4.6,0,14,327.8751770655314,199.24452471733093,0.7126619219779968
frame_000139,139,4.6,0,15,323.9396286010742,209.47695124149323,0.6283702850341797
frame_000139,139,4.6,0,16,323.15251890818274,258.2777546644211,0.5961875915527344
frame_000140,140,4.633333333333333,0,0,316.90653165181476,45.738300919532776,0.9508306980133057
frame_000140,140,4.633333333333333,0,1,322.4885230064392,40.95373713970184,0.9671391248703003
frame_000140,140,4.633333333333333,0,2,315.31167697906494,40.95373713970184,0.9437525272369385
frame_000140,140,4.633333333333333,0,3,337.6396423975627,41.75116443634033,1.0129516124725342
frame_000140,140,4.633333333333333,0,4,318.50138632456463,45.738300919532776,0.7039822340011597
frame_000140,140,4.633333333333333,0,5,363.15731716156006,68.86369252204895,0.881373405456543
frame_000140,140,4.633333333333333,0,6,317.7039589881897,72.0534017086029,0.9556750059127808
frame_000140,140,4.633333333333333,0,7,388.6749919255575,99.96335709095001,0.9262621402740479
frame_000140,140,4.633333333333333,0,8,308.9322582880656,109.53248465061188,0.8812479972839355
frame_000140,140,4.633333333333333,0,9,357.57532580693567,115.91190302371979,0.8525758981704712
frame_000140,140,4.633333333333333,0,10,295.37599356969196,111.12733924388885,0.8490172624588013
frame_000140,140,4.633333333333333,0,11,350.3984797795614,147.01156759262085,0.7807201147079468
frame_000140,140,4.633333333333333,0,12,327.2730870246887,148.60642218589783,0.7599231004714966
frame_000140,140,4.633333333333333,0,13,328.07051436106366,195.65463268756866,0.6811435222625732
frame_000140,140,4.633333333333333,0,14,326.4756596883138,205.22376024723053,0.6791414618492126
frame_000140,140,4.633333333333333,0,15,371.1315905253092,203.62890565395355,0.7120984792709351
frame_000140,140,4.633333333333333,0,16,324.88080501556396,266.62566208839417,0.6720750331878662
frame_000141,141,4.666666666666667,0,0,316.9598274230957,52.595111548900604,0.968489944934845
frame_000141,141,4.666666666666667,0,1,321.72829818725586,47.82664066553116,0.9733736515045166
frame_000141,141,4.666666666666667,0,2,315.37033716837567,47.82664066553116,0.9942967891693115
frame_000141,141,4.666666666666667,0,3,336.8284556070963,49.41613095998764,0.9853955507278442
frame_000141,141,4.666666666666667,0,4,319.3440628051758,51.80036640167236,0.7524696588516235
frame_000141,141,4.666666666666667,0,5,361.4655545552572,75.64272081851959,0.8889065980911255
frame_000141,141,4.666666666666667,0,6,319.3440628051758,78.82170140743256,0.9400221109390259
frame_000141,141,4.666666666666667,0,7,380.5394376118978,112.20099759101868,0.9349147081375122
frame_000141,141,4.666666666666667,0,8,310.6018664042155,115.37997817993164,0.9231263399124146
frame_000141,141,4.666666666666667,0,9,350.3391227722168,119.35370391607285,0.7744739055633545
frame_000141,141,4.666666666666667,0,10,293.1174736022949,118.5589587688446,0.8605052828788757
frame_000141,141,4.666666666666667,0,11,351.1338678995768,150.34876465797424,0.7533933520317078
frame_000141,141,4.666666666666667,0,12,325.70202382405597,151.14350980520248,0.7394987344741821
frame_000141,141,4.666666666666667,0,13,319.3440628051758,198.82821863889694,0.6625220775604248
frame_000141,141,4.666666666666667,0,14,320.9335530598958,207.5704152584076,0.6535584926605225
frame_000141,141,4.666666666666667,0,15,363.8497899373373,200.41770893335342,0.7265725135803223
frame_000141,141,4.666666666666667,0,16,328.8810043334961,263.9973207116127,0.7020933628082275
frame_000142,142,4.7,0,0,316.0773230393728,57.159878969192505,0.9467812776565552
frame_000142,142,4.7,0,1,320.8066602547964,51.64231902360916,0.9700888395309448
frame_000142,142,4.7,0,2,314.5008773008982,52.43054187297821,0.9689182043075562
frame_000142,142,4.7,0,3,335.7828947703044,52.43054187297821,0.9412396550178528
frame_000142,142,4.7,0,4,317.6537687778473,55.58343327045441,0.7373095750808716
frame_000142,142,4.7,0,5,360.21780371665955,79.23011875152588,0.9185870289802551
frame_000142,142,4.7,0,6,318.4419916470846,82.38301014900208,0.9281415343284607
frame_000142,142,4.7,0,7,374.4058153629303,117.06481552124023,0.9453063011169434
frame_000142,142,4.7,0,8,312.9244315624237,118.64126121997833,0.8899275064468384
frame_000142,142,4.7,0,9,341.3004548549652,119.42948406934738,0.7295969724655151
frame_000142,142,4.7,0,10,294.00708270072937,124.15882116556168,0.8570311665534973
frame_000142,142,4.7,0,11,349.97090641657513,156.4759579896927,0.7528848648071289
frame_000142,142,4.7,0,12,325.53599747021997,156.4759579896927,0.7497540712356567
frame_000142,142,4.7,0,13,320.0184373855591,202.98110610246658,0.6365461349487305
frame_000142,142,4.7,0,14,312.1362086931864,208.49866604804993,0.6218859553337097
frame_000142,142,4.7,0,15,361.79424945513415,199.03999185562134,0.5881944894790649
frame_000142,142,4.7,0,16,334.9946719010671,264.4624883532524,0.5755414366722107
frame_000143,143,4.733333333333333,0,0,315.2361135482788,56.92060762643814,0.958565354347229
frame_000143,143,4.733333333333333,0,1,319.76994276046753,52.38677853345871,0.9665306806564331
frame_000143,143,4.733333333333333,0,2,313.72483714421594,53.14241671562195,0.9755232334136963
frame_000143,143,4.733333333333333,0,3,336.3939832051595,54.653693079948425,0.9589521884918213
frame_000143,143,4.733333333333333,0,4,316.7473899523417,56.92060762643814,0.7523676156997681
frame_000143,143,4.733333333333333,0,5,358.30749106407166,81.10102945566177,0.9405549168586731
frame_000143,143,4.733333333333333,0,6,320.525580962499,84.87922036647797,0.9086583256721497
frame_000143,143,4.733333333333333,0,7,359.8187674681346,121.90549129247665,0.945559024810791
frame_000143,143,4.733333333333333,0,8,316.7473899523417,116.61602401733398,0.8393819332122803
frame_000143,143,4.733333333333333,0,9,329.5932393868764,113.59347128868103,0.7309885025024414
frame_000143,143,4.733333333333333,0,10,296.34515849749243,125.68368220329285,0.8242580890655518
frame_000143,143,4.733333333333333,0,11,350.75110904375714,158.1761240363121,0.7635161876678467
frame_000143,143,4.733333333333333,0,12,325.8150483767192,158.93176221847534,0.755722165107727
frame_000143,143,4.733333333333333,0,13,331.86015399297077,203.51441496610641,0.6085061430931091
frame_000143,143,4.733333333333333,0,14,301.63462591171265,203.51441496610641,0.5269964337348938
frame_000143,143,4.733333333333333,0,15,346.2172798315684,191.4242040514946,0.5622299313545227
frame_000143,143,4.733333333333333,0,16,343.19472702344257,184.62346041202545,0.5251135230064392
frame_000144,144,4.766666666666667,0,0,313.46286312739056,54.61959207057953,0.9573339223861694
frame_000144,144,4.766666666666667,0,1,318.8300061225891,49.92334181070328,0.9780219793319702
frame_000144,144,4.766666666666667,0,2,312.7919702529907,49.92334181070328,1.0221238136291504
frame_000144,144,4.766666666666667,0,3,335.6023279825846,51.26512759923935,0.9453920722007751
frame_000144,144,4.766666666666667,0,4,314.8046488761902,53.94869917631149,0.7219133973121643
frame_000144,144,4.766666666666667,0,5,356.4000070889791,77.42995047569275,0.907345175743103
frame_000144,144,4.766666666666667,0,6,320.8426847457886,81.45530784130096,0.858229398727417
frame_000144,144,4.766666666666667,0,7,350.36197121938073,117.01263123750687,0.8776482343673706
frame_000144,144,4.766666666666667,0,8,319.50089899698895,113.65816676616669,0.7716445922851562
frame_000144,144,4.766666666666667,0,9,317.4882203737895,102.92388045787811,0.7906439304351807
frame_000144,144,4.766666666666667,0,10,298.7032198905945,123.05066728591919,0.8002943992614746
frame_000144,144,4.766666666666667,0,11,349.02018547058105,153.2408475279808,0.749613881111145
frame_000144,144,4.766666666666667,0,12,326.88072061538696,152.56995463371277,0.7373064160346985
frame_000144,144,4.766666666666667,0,13,336.9441137313843,210.26674354076385,0.7382098436355591
frame_000144,144,4.766666666666667,0,14,296.0196483929952,192.1526353955269,0.516745388507843
frame_000144,144,4.766666666666667,0,15,349.69107834498084,259.9128177165985,0.81967693567276
frame_000144,144,4.766666666666667,0,16,346.3366139729818,194.83620697259903,0.5176034569740295
frame_000145,145,4.8,0,0,313.3732318878174,47.56693494319916,0.9775365591049194
frame_000145,145,4.8,0,1,318.79901917775476,42.91626024246216,0.9745473861694336
frame_000145,145,4.8,0,2,313.3732318878174,42.91626024246216,1.0117932558059692
frame_000145,145,4.8,0,3,334.3012685775757,43.69137269258499,1.0013470649719238
frame_000145,145,4.8,0,4,315.6985692977905,47.56693494319916,0.7824305891990662
frame_000145,145,4.8,0,5,355.229305267334,70.82030844688416,0.9250646829605103
frame_000145,145,4.8,0,6,320.3492441177368,75.47098314762115,0.8821637630462646
frame_000145,145,4.8,0,7,347.4781805674235,109.57593095302582,0.9066982269287109
frame_000145,145,4.8,0,8,320.3492441177368,105.70036870241165,0.8232321739196777
frame_000145,145,4.8,0,9,312.5981194178263,94.07368195056915,0.8427315950393677
frame_000145,145,4.8,0,10,301.74654483795166,118.10216790437698,0.8102078437805176
frame_000145,145,4.8,0,11,349.80351797739667,146.7813285589218,0.8030639290809631
frame_000145,145,4.8,0,12,326.55014387766516,145.23110365867615,0.7853512763977051
frame_000145,145,4.8,0,13,345.9279556274414,207.2400996685028,0.8491547107696533
frame_000145,145,4.8,0,14,300.1963198979696,186.3120635151863,0.6952655911445618
frame_000145,145,4.8,0,15,356.7795302073161,258.3975213766098,0.8987568616867065
frame_000145,145,4.8,0,16,340.5021683375041,188.6374008655548,0.5842548608779907
frame_000146,146,4.833333333333333,0,0,313.4587392012278,39.420334219932556,0.9847298860549927
frame_000146,146,4.833333333333333,0,1,318.6670231819153,34.2120503783226,0.9569547176361084
frame_000146,146,4.833333333333333,0,2,312.7146986325582,34.95609092712402,1.01681387424469
frame_000146,146,4.833333333333333,0,3,334.29187512397766,37.18821257352829,1.0605018138885498
frame_000146,146,4.833333333333333,0,4,316.4349014759064,40.9084153175354,0.7343802452087402
frame_000146,146,4.833333333333333,0,5,353.63692990938824,65.46175342798233,0.9199110269546509
frame_000146,146,4.833333333333333,0,6,322.38722602526343,69.18195617198944,0.8958025574684143
frame_000146,146,4.833333333333333,0,7,340.2441996733348,102.66378086805344,0.938119649887085
frame_000146,146,4.833333333333333,0,8,323.8753071626028,101.17569977045059,0.7963612675666809
frame_000146,146,4.833333333333333,0,9,308.99449578920996,85.55084824562073,0.9180924892425537
frame_000146,146,4.833333333333333,0,10,306.76237408320105,111.5922674536705,0.7482215166091919
frame_000146,146,4.833333333333333,0,11,349.91672706604004,144.33005160093307,0.8274410367012024
frame_000146,146,4.833333333333333,0,12,326.1074288686117,142.84197050333023,0.8167919516563416
frame_000146,146,4.833333333333333,0,13,352.89288934071857,201.62117385864258,0.8786840438842773
frame_000146,146,4.833333333333333,0,14,301.55409010251367,182.2761195898056,0.8077411651611328
frame_000146,146,4.833333333333333,0,15,361.8213761647542,252.21593117713928,0.941901683807373
frame_000146,146,4.833333333333333,0,16,342.4763213793437,209.80561989545822,0.8247042894363403
frame_000147,147,4.866666666666666,0,0,313.83994579315186,36.43609809875488,1.0133737325668335
frame_000147,147,4.866666666666666,0,1,318.4556255340576,31.161035537719727,0.9803259968757629
frame_000147,147,4.866666666666666,0,2,312.52118015289307,31.161035537719727,1.0806565284729004
frame_000147,147,4.866666666666666,0,3,333.6214303970337,32.479801177978516,1.0550498962402344
frame_000147,147,4.866666666666666,0,4,314.49932861328125,34.4579496383667,0.6281939148902893
frame_000147,147,4.866666666666666,0,5,353.4029150009155,59.51449680328369,0.8623857498168945
frame_000147,147,4.866666666666666,0,6,322.411922454834,64.78955936431885,0.8601697683334351
frame_000147,147,4.866666666666666,0,7,339.55587577819824,97.75870037078857,0.8954566717147827
frame_000147,147,4.866666666666666,0,8,328.34636783599854,95.121169090271,0.7336041927337646
frame_000147,147,4.866666666666666,0,9,307.2461175918579,81.27412986755371,0.8964481353759766
frame_000147,147,4.866666666666666,0,10,313.18056297302246,104.35252857208252,0.7935874462127686
frame_000147,147,4.866666666666666,0,11,349.44661808013916,137.32166957855225,0.7652406692504883
frame_000147,147,4.866666666666666,0,12,326.36821937561035,136.66228675842285,0.7472438812255859
frame_000147,147,4.866666666666666,0,13,355.3810634613037,196.00674057006836,0.8455418348312378
frame_000147,147,4.866666666666666,0,14,306.5867347717285,183.47846698760986,0.7949628233909607
frame_000147,147,4.866666666666666,0,15,365.931188583374,246.11983489990234,0.9379158020019531
frame_000147,147,4.866666666666666,0,16,339.55587577819824,221.72267055511475,0.7785524725914001
frame_000148,148,4.9,0,0,312.4290243784586,31.80151665210724,0.9615150094032288
frame_000148,148,4.9,0,1,317.8442840576172,25.612648129463196,0.9615001678466797
frame_000148,148,4.9,0,2,312.4290243784586,27.159865260124207,1.0382415056228638
frame_000148,148,4.9,0,3,333.31645456949866,28.707082390785217,1.0129976272583008
frame_000148,148,4.9,0,4,316.2970670064291,30.254299521446228,0.6783047318458557
frame_000148,148,4.9,0,5,354.20388476053876,56.55699074268341,0.8982861042022705
frame_000148,148,4.9,0,6,321.7123266855875,62.745859265327454,0.8933441638946533
frame_000148,148,4.9,0,7,341.05253982543945,95.23741900920868,0.8665701746940613
frame_000148,148,4.9,0,8,324.03315226236975,95.23741900920868,0.7155910730361938
frame_000148,148,4.9,0,9,306.24015617370605,80.53885626792908,0.8970186114311218
frame_000148,148,4.9,0,10,311.6554158528646,101.42628753185272,0.7225435376167297
frame_000148,148,4.9,0,11,348.7886250813802,130.04980444908142,0.7583442330360413
frame_000148,148,4.9,0,12,325.580369313558,130.82341301441193,0.7450982332229614
frame_000148,148,4.9,0,13,359.61914443969727,191.93848967552185,0.8330764174461365
frame_000148,148,4.9,0,14,310.8818073272705,184.2024040222168,0.7827792167663574
frame_000148,148,4.9,0,15,370.4496637980144,240.6758292913437,0.8707921504974365
frame_000148,148,4.9,0,16,334.0900630950928,232.93974363803864,0.8466583490371704
frame_000149,149,4.933333333333334,0,0,314.2614138921102,31.898013174533844,0.9106804728507996
frame_000149,149,4.933333333333334,0,1,319.0868743260702,25.464066088199615,0.8901480436325073
frame_000149,149,4.933333333333334,0,2,312.65292708079016,25.464066088199615,0.9615711569786072
frame_000149,149,4.933333333333334,0,3,334.36749903361,28.68103963136673,0.9461092948913574
frame_000149,149,4.933333333333334,0,4,315.8699007034302,30.289526402950287,0.6662024855613708
frame_000149,149,4.933333333333334,0,5,354.47358417510986,55.22107136249542,0.8734691143035889
frame_000149,149,4.933333333333334,0,6,321.49960454305017,63.26350522041321,0.864219605922699
frame_000149,149,4.933333333333334,0,7,344.82266330718994,95.43324065208435,0.8411736488342285
frame_000149,149,4.933333333333334,0,8,322.3038479487101,96.23748403787613,0.6972771883010864
frame_000149,149,4.933333333333334,0,9,307.0232232411703,84.97807663679123,0.8333128094673157
frame_000149,149,4.933333333333334,0,10,310.2401968638102,98.65021419525146,0.686355710029602
frame_000149,149,4.933333333333334,0,11,348.8438803354899,128.40721946954727,0.7449592351913452
frame_000149,149,4.933333333333334,0,12,326.32506497701013,129.21146285533905,0.7454924583435059
frame_000149,149,4.933333333333334,0,13,352.0608539581299,191.94244694709778,0.7724254131317139
frame_000149,149,4.933333333333334,0,14,317.4783875147501,188.72547340393066,0.7556354403495789
frame_000149,149,4.933333333333334,0,15,376.1881561279297,232.1546162366867,0.8275994062423706
frame_000149,149,4.933333333333334,0,16,331.95476881663,245.82675379514694,0.8051388263702393
frame_000150,150,4.966666666666667,0,0,315.03059705098474,36.202468276023865,0.8949120044708252
frame_000150,150,4.966666666666667,0,1,320.2648379007975,30.968227565288544,0.8999308347702026
frame_000150,150,4.966666666666667,0,2,315.03059705098474,30.968227565288544,0.9057199954986572
frame_000150,150,4.966666666666667,0,3,336.7153091430664,33.21147358417511,0.9819629192352295
frame_000150,150,4.966666666666667,0,4,317.27384312947595,35.454719603061676,0.6615979671478271
frame_000150,150,4.966666666666667,0,5,354.6612777709961,59.382677137851715,0.8712551593780518
frame_000150,150,4.966666666666667,0,6,322.5080839792887,66.11241519451141,0.8269407153129578
frame_000150,150,4.966666666666667,0,7,347.1837908426921,98.26560813188553,0.8646421432495117
frame_000150,150,4.966666666666667,0,8,325.49907875061035,99.01335680484772,0.7008379101753235
frame_000150,150,4.966666666666667,0,9,312.0396022796631,93.7791160941124,0.8684497475624084
frame_000150,150,4.966666666666667,0,10,311.29185358683264,101.25660282373428,0.7589106559753418
frame_000150,150,4.966666666666667,0,11,348.67928822835285,132.6620470881462,0.7166476249694824
frame_000150,150,4.966666666666667,0,12,326.9945761362711,132.6620470881462,0.7170181274414062
frame_000150,150,4.966666666666667,0,13,346.43604214986163,195.47293561697006,0.7738131284713745
frame_000150,150,4.966666666666667,0,14,324.0035813649496,193.2296895980835,0.7368223667144775
frame_000150,150,4.966666666666667,0,15,380.08473332722974,226.1306312084198,0.8483728766441345
frame_000150,150,4.966666666666667,0,16,329.9855709075928,250.80633741617203,0.8755680918693542
frame_000151,151,5.0,0,0,316.56494760513306,40.45881271362305,0.8765811920166016
frame_000151,151,5.0,0,1,321.25150632858276,34.99116086959839,0.8792060613632202
frame_000151,151,5.0,0,2,315.00276136398315,36.55334711074829,0.8781270980834961
frame_000151,151,5.0,0,3,336.8733687400818,37.33444023132324,0.9908390641212463
frame_000151,151,5.0,0,4,316.56494760513306,42.02099895477295,0.70339435338974
frame_000151,151,5.0,0,5,354.83851051330566,65.45379257202148,0.8798627257347107
frame_000151,151,5.0,0,6,323.5947856903076,70.92144441604614,0.8264526128768921
frame_000151,151,5.0,0,7,347.8086724281311,105.289541721344,0.8934481143951416
frame_000151,151,5.0,0,8,326.7191581726074,106.07063484191895,0.7102100849151611
frame_000151,151,5.0,0,9,313.44057512283325,102.94626235961914,0.8392497897148132
frame_000151,151,5.0,0,10,309.5351095199585,106.8517279624939,0.6507660150527954
frame_000151,151,5.0,0,11,348.58976554870605,137.314359664917,0.7309600114822388
frame_000151,151,5.0,0,12,327.5002512931824,138.09545278549194,0.7211021184921265
frame_000151,151,5.0,0,13,338.4355549812317,199.8018093109131,0.7507044076919556
frame_000151,151,5.0,0,14,324.37587881088257,197.45852994918823,0.7470829486846924
frame_000151,151,5.0,0,15,379.05239725112915,217.76695108413696,0.8278951644897461
frame_000151,151,5.0,0,16,330.6246237754822,256.04051399230957,0.8778411149978638
frame_000152,152,5.033333333333333,0,0,315.3202829360962,47.363348960876465,0.8872548341751099
frame_000152,152,5.033333333333333,0,1,320.054892539978,42.62873935699463,0.8982591032981873
frame_000152,152,5.033333333333333,0,2,314.5311813354492,42.62873935699463,0.8599925637245178
frame_000152,152,5.033333333333333,0,3,336.62602615356445,43.4178409576416,1.002967119216919
frame_000152,152,5.033333333333333,0,4,316.89848613739014,47.363348960876465,0.712340772151947
frame_000152,152,5.033333333333333,0,5,356.35356616973877,71.82549858093262,0.8948068618774414
frame_000152,152,5.033333333333333,0,6,322.42219734191895,74.98190498352051,0.8603832125663757
frame_000152,152,5.033333333333333,0,7,353.98626136779785,112.8587818145752,0.9122470617294312
frame_000152,152,5.033333333333333,0,8,329.5241117477417,110.49147701263428,0.7361834049224854
frame_000152,152,5.033333333333333,0,9,319.26579093933105,112.8587818145752,0.7436889410018921
frame_000152,152,5.033333333333333,0,10,309.0074701309204,114.43698501586914,0.7001750469207764
frame_000152,152,5.033333333333333,0,11,347.67344856262207,146.79015064239502,0.782503068447113
frame_000152,152,5.033333333333333,0,12,326.3677053451538,146.79015064239502,0.7693111896514893
frame_000152,152,5.033333333333333,0,13,335.0478229522705,205.97277069091797,0.7783190608024597
frame_000152,152,5.033333333333333,0,14,318.4766893386841,205.183669090271,0.7657613754272461
frame_000152,152,5.033333333333333,0,15,373.71380138397217,209.91827869415283,0.8616518974304199
frame_000152,152,5.033333333333333,0,16,331.10231494903564,259.6316795349121,0.8761580586433411
frame_000153,153,5.066666666666666,0,0,315.25511264801025,53.52021634578705,0.8909672498703003
frame_000153,153,5.066666666666666,0,1,319.99958324432373,49.566490650177,0.8875088691711426
frame_000153,153,5.066666666666666,0,2,314.46436754862464,48.77574551105499,0.8800116181373596
frame_000153,153,5.066666666666666,0,3,335.8144852320353,50.35723578929901,1.0198644399642944
frame_000153,153,5.066666666666666,0,4,316.04585774739587,54.31096148490906,0.7315192222595215
frame_000153,153,5.066666666666666,0,5,355.5831127166748,78.03331565856934,0.8624964356422424
frame_000153,153,5.066666666666666,0,6,321.58107344309485,81.19629621505737,0.8660311698913574
frame_000153,153,5.066666666666666,0,7,358.7460931142171,119.94280803203583,0.8945619463920593
frame_000153,153,5.066666666666666,0,8,323.9533087412516,114.40759205818176,0.7362531423568726
frame_000153,153,5.066666666666666,0,9,325.5347989400228,125.47802400588989,0.6618976593017578
frame_000153,153,5.066666666666666,0,10,303.39393615722656,116.77982747554779,0.7870181798934937
frame_000153,153,5.066666666666666,0,11,346.09417152404785,151.5726135969162,0.7387809753417969
frame_000153,153,5.066666666666666,0,12,324.7440538406372,151.5726135969162,0.7343459129333496
frame_000153,153,5.066666666666666,0,13,325.5347989400228,209.29700875282288,0.6981238126754761
frame_000153,153,5.066666666666666,0,14,313.67362244923913,206.92477333545685,0.7422339916229248
frame_000153,153,5.066666666666666,0,15,367.4442892074585,205.34328305721283,0.7997922301292419
frame_000153,153,5.066666666666666,0,16,335.0237401326498,260.6954427957535,0.7972121238708496
frame_000154,154,5.1,0,0,312.6897293726603,59.5500705242157,0.9377133846282959
frame_000154,154,5.1,0,1,318.1019115447998,54.911056995391846,0.9553945064544678
frame_000154,154,5.1,0,2,311.91656049092614,54.911056995391846,0.9621360301971436
frame_000154,154,5.1,0,3,333.56528917948407,55.68422591686249,1.0442132949829102
frame_000154,154,5.1,0,4,315.0092360178629,58.776901602745056,0.744158923625946
frame_000154,154,5.1,0,5,355.214017868042,83.5183070898056,0.9219800233840942
frame_000154,154,5.1,0,6,318.1019115447998,86.61098277568817,0.9031174182891846
frame_000154,154,5.1,0,7,363.7188755671184,123.72309100627899,0.9436248540878296
frame_000154,154,5.1,0,8,321.1945870717367,117.53773963451385,0.7889074087142944
frame_000154,154,5.1,0,9,332.0189514160156,133.0011180639267,0.7255434393882751
frame_000154,154,5.1,0,10,298.77268950144446,117.53773963451385,0.8334957361221313
frame_000154,154,5.1,0,11,344.389653523763,157.74252355098724,0.7630816698074341
frame_000154,154,5.1,0,12,321.9677559534708,157.74252355098724,0.7563294172286987
frame_000154,154,5.1,0,13,316.5555737813314,208.77167236804962,0.6846701502799988
frame_000154,154,5.1,0,14,312.6897293726603,212.63751697540283,0.7171883583068848
frame_000154,154,5.1,0,15,361.3993689219157,206.4521656036377,0.7752593755722046
frame_000154,154,5.1,0,16,341.2969779968262,259.800821185112,0.7672070860862732
frame_000155,155,5.133333333333333,0,0,310.96451568603516,59.68632507324219,0.9515393972396851
frame_000155,155,5.133333333333333,0,1,316.3154058456421,55.86426067352295,0.9765057563781738
frame_000155,155,5.133333333333333,0,2,310.2001028060913,55.86426067352295,0.9631071090698242
frame_000155,155,5.133333333333333,0,3,331.60366344451904,57.393086433410645,0.9983159899711609
frame_000155,155,5.133333333333333,0,4,313.2577543258667,59.68632507324219,0.7150608897209167
frame_000155,155,5.133333333333333,0,5,355.3004627227783,84.14753723144531,0.8975364565849304
frame_000155,155,5.133333333333333,0,6,316.3154058456421,84.91195011138916,0.8991597890853882
frame_000155,155,5.133333333333333,0,7,370.5887203216553,123.89700698852539,0.9568502306938171
frame_000155,155,5.133333333333333,0,8,316.3154058456421,121.60376834869385,0.8271157145500183
frame_000155,155,5.133333333333333,0,9,345.3630952835083,136.8920259475708,0.6970471143722534
frame_000155,155,5.133333333333333,0,10,294.1474323272705,117.78170394897461,0.8517850637435913
frame_000155,155,5.133333333333333,0,11,343.06985664367676,158.29558658599854,0.723965585231781
frame_000155,155,5.133333333333333,0,12,320.9018831253052,157.5311737060547,0.7204629182815552
frame_000155,155,5.133333333333333,0,13,312.49334144592285,208.74683666229248,0.6822844743728638
frame_000155,155,5.133333333333333,0,14,316.3154058456421,212.56890106201172,0.6813653111457825
frame_000155,155,5.133333333333333,0,15,355.3004627227783,209.51124954223633,0.7555471658706665
frame_000155,155,5.133333333333333,0,16,346.891921043396,258.4336738586426,0.7202503681182861
frame_000156,156,5.166666666666667,0,0,310.7269016901652,56.06471145153046,1.0006896257400513
frame_000156,156,5.166666666666667,0,1,315.97197278340656,51.568936467170715,1.050987958908081
frame_000156,156,5.166666666666667,0,2,309.97760581970215,51.568936467170715,0.9864896535873413
frame_000156,156,5.166666666666667,0,3,330.95789019266766,54.56611979007721,1.027831792831421
frame_000156,156,5.166666666666667,0,4,313.7240851720174,56.06471145153046,0.6970114707946777
frame_000156,156,5.166666666666667,0,5,356.4339497884115,80.79147386550903,0.8922390341758728
frame_000156,156,5.166666666666667,0,6,314.47338104248047,82.29006552696228,0.9349044561386108
frame_000156,156,5.166666666666667,0,7,376.66493829091394,116.75767374038696,0.9860415458679199
frame_000156,156,5.166666666666667,0,8,309.2283099492391,120.50415289402008,0.9362503290176392
frame_000156,156,5.166666666666667,0,9,351.18887869517005,134.74077367782593,0.8457672595977783
frame_000156,156,5.166666666666667,0,10,291.99450492858887,112.26189875602722,0.8759464025497437
frame_000156,156,5.166666666666667,0,11,342.94662412007654,156.470352768898,0.7753108143806458
frame_000156,156,5.166666666666667,0,12,324.2142273585002,157.21964859962463,0.7591527700424194
frame_000156,156,5.166666666666667,0,13,308.47901407877606,201.42810261249542,0.73969566822052
frame_000156,156,5.166666666666667,0,14,329.4592984517415,214.16613173484802,0.7409852147102356
frame_000156,156,5.166666666666667,0,15,351.9381745656332,209.67035675048828,0.7698495388031006
frame_000156,156,5.166666666666667,0,16,354.93535804748535,256.87599408626556,0.7141872644424438
frame_000157,157,5.2,0,0,310.35253953933716,49.912628412246704,0.9795727729797363
frame_000157,157,5.2,0,1,315.83434891700745,45.213934659957886,1.0000289678573608
frame_000157,157,5.2,0,2,308.7863082885742,45.213934659957886,0.9833579063415527
frame_000157,157,5.2,0,3,331.49666142463684,48.346397161483765,1.050123691558838
frame_000157,157,5.2,0,4,311.9187707901001,50.695744037628174,0.7140383124351501
frame_000157,157,5.2,0,5,356.5563614368439,74.18921279907227,0.9113167524337769
frame_000157,157,5.2,0,6,312.70188641548157,78.10479092597961,0.9586308002471924
frame_000157,157,5.2,0,7,381.6160614490509,106.29695343971252,0.9738330841064453
frame_000157,157,5.2,0,8,304.87073016166687,115.69434094429016,0.95758455991745
frame_000157,157,5.2,0,9,356.5563614368439,127.4410753250122,0.8763916492462158
frame_000157,157,5.2,0,10,289.2084176540375,103.94760656356812,0.9137741327285767
frame_000157,157,5.2,0,11,343.2433958053589,153.2838909626007,0.8038709163665771
frame_000157,157,5.2,0,12,326.01485204696655,154.06700658798218,0.7800930738449097
frame_000157,157,5.2,0,13,308.7863082885742,195.57213473320007,0.7083296775817871
frame_000157,157,5.2,0,14,340.110933303833,208.88510036468506,0.770410418510437
frame_000157,157,5.2,0,15,345.5927426815033,215.15002536773682,0.7193589210510254
frame_000157,157,5.2,0,16,362.03817081451416,253.52269101142883,0.8473039865493774
frame_000158,158,5.233333333333333,0,0,310.23805236816406,43.32859182357788,0.9581453800201416
frame_000158,158,5.233333333333333,0,1,315.84328413009644,38.524107456207275,0.9943488836288452
frame_000158,158,5.233333333333333,0,2,308.6365575790405,39.32485485076904,0.968256950378418
frame_000158,158,5.233333333333333,0,3,331.05748462677,41.727097034454346,1.0211859941482544
frame_000158,158,5.233333333333333,0,4,310.23805236816406,43.32859182357788,0.7306290864944458
frame_000158,158,5.233333333333333,0,5,356.6814012527466,67.35101366043091,0.8944336175918579
frame_000158,158,5.233333333333333,0,6,310.23805236816406,69.75325584411621,0.9759671688079834
frame_000158,158,5.233333333333333,0,7,386.309054851532,94.576425075531,0.9689232110977173
frame_000158,158,5.233333333333333,0,8,300.62908363342285,110.59137296676636,0.9649105668067932
frame_000158,158,5.233333333333333,0,9,365.489622592926,114.5951099395752,0.9304497838020325
frame_000158,158,5.233333333333333,0,10,288.61787271499634,93.77567768096924,0.9117361307144165
frame_000158,158,5.233333333333333,0,11,343.8694429397583,145.82425832748413,0.8211617469787598
frame_000158,158,5.233333333333333,0,12,326.2530002593994,147.42575311660767,0.7980825901031494
frame_000158,158,5.233333333333333,0,13,309.4373049736023,191.46685981750488,0.7466107606887817
frame_000158,158,5.233333333333333,0,14,346.2716851234436,201.0758285522461,0.7949997186660767
frame_000158,158,5.233333333333333,0,15,344.67019033432007,218.69227123260498,0.7134110927581787
frame_000158,158,5.233333333333333,0,16,367.8918647766113,247.5191774368286,0.8414827585220337
frame_000159,159,5.266666666666667,0,0,311.30766677856445,38.014888763427734,0.9260368347167969
frame_000159,159,5.266666666666667,0,1,316.9100112915039,33.2128791809082,1.001109004020691
frame_000159,159,5.266666666666667,0,2,308.9066619873047,33.2128791809082,0.9501612186431885
frame_000159,159,5.266666666666667,0,3,332.1163749694824,35.61388397216797,0.9837894439697266
frame_000159,159,5.266666666666667,0,4,309.7069969177246,37.21455383300781,0.7394400835037231
frame_000159,159,5.266666666666667,0,5,356.1264228820801,61.22460174560547,0.8502833843231201
frame_000159,159,5.266666666666667,0,6,310.50733184814453,65.22627639770508,0.9531034231185913
frame_000159,159,5.266666666666667,0,7,389.7404899597168,84.4343147277832,0.9394360780715942
frame_000159,159,5.266666666666667,0,8,297.7019729614258,103.64235305786133,0.9130813479423523
frame_000159,159,5.266666666666667,0,9,370.5324516296387,106.0433578491211,0.9071084260940552
frame_000159,159,5.266666666666667,0,10,288.0979537963867,86.83531951904297,0.890550971031189
frame_000159,159,5.266666666666667,0,11,344.9217338562012,138.8570899963379,0.7901084423065186
frame_000159,159,5.266666666666667,0,12,328.1147003173828,141.25809478759766,0.7740497589111328
frame_000159,159,5.266666666666667,0,13,312.9083366394043,188.47785568237305,0.7444800734519958
frame_000159,159,5.266666666666667,0,14,348.9234085083008,195.68087005615234,0.8292961120605469
frame_000159,159,5.266666666666667,0,15,340.92005920410156,232.49627685546875,0.7277001142501831
frame_000159,159,5.266666666666667,0,16,369.73211669921875,240.49962615966797,0.8788378238677979
frame_000160,160,5.3,0,0,310.43302392959595,34.56835126876831,0.9257471561431885
frame_000160,160,5.3,0,1,315.19472455978394,29.806650638580322,0.9813726544380188
frame_000160,160,5.3,0,2,308.84579038619995,29.013033866882324,0.9523723125457764
frame_000160,160,5.3,0,3,331.0670599937439,32.187500953674316,0.9734676480293274
frame_000160,160,5.3,0,4,311.22664070129395,34.56835126876831,0.6804925203323364
frame_000160,160,5.3,0,5,358.05003023147583,57.583237648010254,0.8379025459289551
frame_000160,160,5.3,0,6,310.43302392959595,63.13855504989624,0.9264912009239197
frame_000160,160,5.3,0,7,391.38193464279175,78.2172737121582,0.9074500799179077
frame_000160,160,5.3,0,8,296.94153881073,99.64492654800415,0.886394202709198
frame_000160,160,5.3,0,9,373.1287488937378,100.43854331970215,0.8623130917549133
frame_000160,160,5.3,0,10,288.211754322052,84.56620788574219,0.8566086292266846
frame_000160,160,5.3,0,11,346.93939542770386,132.18321418762207,0.756668210029602
frame_000160,160,5.3,0,12,327.8925929069519,135.35768127441406,0.7284075021743774
frame_000160,160,5.3,0,13,322.3372755050659,183.76830434799194,0.6970039010047913
frame_000160,160,5.3,0,14,349.32024574279785,190.91085529327393,0.8015522956848145
frame_000160,160,5.3,0,15,335.8287606239319,244.0831789970398,0.798079252243042
frame_000160,160,5.3,0,16,373.9223656654358,235.35339450836182,0.8686321973800659
frame_000161,161,5.333333333333333,0,0,311.1784550348918,34.55943024158478,0.9235644340515137
frame_000161,161,5.333333333333333,0,1,315.92656962076825,29.811315894126892,0.9655170440673828
frame_000161,161,5.333333333333333,0,2,310.38710260391235,29.811315894126892,0.9577397704124451
frame_000161,161,5.333333333333333,0,3,332.5449706713359,32.185373067855835,0.9680105447769165
frame_000161,161,5.333333333333333,0,4,312.7611598968506,33.7680778503418,0.6599761843681335
frame_000161,161,5.333333333333333,0,5,358.6596008936564,57.508649587631226,0.8234479427337646
frame_000161,161,5.333333333333333,0,6,311.96980746587116,62.25676393508911,0.9105099439620972
frame_000161,161,5.333333333333333,0,7,393.4791078567505,77.29245936870575,0.8978755474090576
frame_000161,161,5.333333333333333,0,8,297.72546370824176,99.45032632350922,0.8662266731262207
frame_000161,161,5.333333333333333,0,9,373.69529708226526,100.2416787147522,0.8456453084945679
frame_000161,161,5.333333333333333,0,10,289.02058696746826,86.78868806362152,0.8270232081413269
frame_000161,161,5.333333333333333,0,11,347.5806668599447,131.10442197322845,0.7322679162025452
frame_000161,161,5.333333333333333,0,12,327.00550365448,134.26983153820038,0.711482048034668
frame_000161,161,5.333333333333333,0,13,330.962265809377,184.12503218650818,0.6813579797744751
frame_000161,161,5.333333333333333,0,14,341.2498474121094,191.247203707695,0.6927987933158875
frame_000161,161,5.333333333333333,0,15,331.75361824035645,249.01592826843262,0.6821320056915283
frame_000161,161,5.333333333333333,0,16,376.86070680618286,230.81482326984406,0.7080227136611938
frame_000162,162,5.366666666666666,0,0,312.9268898963928,36.57140851020813,0.9330036640167236
frame_000162,162,5.366666666666666,0,1,318.3409779866537,31.930761694908142,0.9729440212249756
frame_000162,162,5.366666666666666,0,2,311.38000758488977,31.930761694908142,0.9693663120269775
frame_000162,162,5.366666666666666,0,3,334.58324225743615,34.251085102558136,1.0053291320800781
frame_000162,162,5.366666666666666,0,4,312.9268898963928,35.7979673743248,0.6721920967102051
frame_000162,162,5.366666666666666,0,5,358.55991808573407,60.5480837225914,0.8306944966316223
frame_000162,162,5.366666666666666,0,6,313.7003310521444,64.41528940200806,0.9245645999908447
frame_000162,162,5.366666666666666,0,7,394.91165240605665,81.43099439144135,0.9360040426254272
frame_000162,162,5.366666666666666,0,8,300.55183140436804,100.76702278852463,0.8845584392547607
frame_000162,162,5.366666666666666,0,9,372.48185888926196,105.40766960382462,0.8848685026168823
frame_000162,162,5.366666666666666,0,10,291.2705375353495,95.35293483734131,0.8532187938690186
frame_000162,162,5.366666666666666,0,11,347.7317419052124,137.1187561750412,0.7575515508651733
frame_000162,162,5.366666666666666,0,12,326.84883069992065,140.21252071857452,0.7472254037857056
frame_000162,162,5.366666666666666,0,13,332.2629187901815,192.80651795864105,0.7041530013084412
frame_000162,162,5.366666666666666,0,14,339.9973303476969,195.12684136629105,0.7331186532974243
frame_000162,162,5.366666666666666,0,15,330.71603647867835,253.90836769342422,0.7528241276741028
frame_000162,162,5.366666666666666,0,16,379.4428292910259,221.4238399863243,0.7285481691360474
frame_000163,163,5.4,0,0,314.97662353515625,40.45751953125,0.9176214933395386
frame_000163,163,5.4,0,1,319.7200164794922,35.71412658691406,0.9446915984153748
frame_000163,163,5.4,0,2,312.6049270629883,35.71412658691406,0.9389916658401489
frame_000163,163,5.4,0,3,336.32189178466797,37.295257568359375,1.0037484169006348
frame_000163,163,5.4,0,4,314.97662353515625,39.666954040527344,0.6639888882637024
frame_000163,163,5.4,0,5,360.03885650634766,64.17448425292969,0.8621459007263184
frame_000163,163,5.4,0,6,315.7671890258789,67.33674621582031,0.9388201236724854
frame_000163,163,5.4,0,7,394.0331726074219,87.89144897460938,0.9359776973724365
frame_000163,163,5.4,0,8,306.28040313720703,103.7027587890625,0.8401164412498474
frame_000163,163,5.4,0,9,368.7350769042969,111.60841369628906,0.9110865592956543
frame_000163,163,5.4,0,10,296.0030517578125,103.7027587890625,0.8213137984275818
frame_000163,163,5.4,0,11,349.7615051269531,141.64990234375,0.8004181981086731
frame_000163,163,5.4,0,12,329.20680236816406,144.81216430664062,0.7858554124832153
frame_000163,163,5.4,0,13,333.9501953125,193.8272247314453,0.7149864435195923
frame_000163,163,5.4,0,14,333.15962982177734,199.3611831665039,0.7152218818664551
frame_000163,163,5.4,0,15,378.22186279296875,214.38192749023438,0.6377413272857666
frame_000163,163,5.4,0,16,329.20680236816406,259.4441604614258,0.6003479957580566
frame_000164,164,5.433333333333334,0,0,314.6564483642578,43.33511257171631,0.9434528350830078
frame_000164,164,5.433333333333334,0,1,320.3325295448303,39.28076887130737,0.9681237936019897
frame_000164,164,5.433333333333334,0,2,313.03471088409424,39.28076887130737,0.9628198742866516
frame_000164,164,5.433333333333334,0,3,335.7390356063843,41.713375091552734,1.0245435237884521
frame_000164,164,5.433333333333334,0,4,315.4673171043396,44.145981311798096,0.7217559814453125
frame_000164,164,5.433333333333334,0,5,360.8759665489197,68.47204351425171,0.8754594326019287
frame_000164,164,5.433333333333334,0,6,317.0890545845032,71.71551847457886,0.953132152557373
frame_000164,164,5.433333333333334,0,7,389.2563724517822,98.47418689727783,0.9523293972015381
frame_000164,164,5.433333333333334,0,8,312.22384214401245,109.01548051834106,0.8483057618141174
frame_000164,164,5.433333333333334,0,9,360.8759665489197,118.74590539932251,0.8830589056015015
frame_000164,164,5.433333333333334,0,10,298.43907356262207,111.44808673858643,0.8465046882629395
frame_000164,164,5.433333333333334,0,11,350.33467292785645,146.31544256210327,0.777584969997406
frame_000164,164,5.433333333333334,0,12,327.6303482055664,147.93718004226685,0.7683124542236328
frame_000164,164,5.433333333333334,0,13,333.3064293861389,200.643648147583,0.7274649739265442
frame_000164,164,5.433333333333334,0,14,332.49556064605713,203.07625436782837,0.6963144540786743
frame_000164,164,5.433333333333334,0,15,332.49556064605713,264.7022786140442,0.6736394762992859
frame_000164,164,5.433333333333334,0,16,374.66073513031006,205.50886058807373,0.5759755373001099
frame_000165,165,5.466666666666667,0,0,314.11211943626404,48.92371487617493,0.9435434341430664
frame_000165,165,5.466666666666667,0,1,318.9723494052887,44.873523235321045,0.9513342976570129
frame_000165,165,5.466666666666667,0,2,312.4920427799225,44.873523235321045,0.9708077907562256
frame_000165,165,5.466666666666667,0,3,334.36307764053345,47.303638219833374,1.0131163597106934
frame_000165,165,5.466666666666667,0,4,317.35227274894714,48.92371487617493,0.7294520139694214
frame_000165,165,5.466666666666667,0,5,359.4742658138275,74.034903049469,0.8879048824310303
frame_000165,165,5.466666666666667,0,6,318.1623110771179,77.2750563621521,0.9549492001533508
frame_000165,165,5.466666666666667,0,7,381.3453006744385,108.86655116081238,0.9666284322738647
frame_000165,165,5.466666666666667,0,8,316.54223442077637,112.91674280166626,0.8715324401855469
frame_000165,165,5.466666666666667,0,9,351.37388253211975,125.0673177242279,0.7875277400016785
frame_000165,165,5.466666666666667,0,10,297.10131454467773,121.01712608337402,0.8424742221832275
frame_000165,165,5.466666666666667,0,11,351.37388253211975,149.3684675693512,0.7685353755950928
frame_000165,165,5.466666666666667,0,12,327.07273268699646,150.17850589752197,0.7533244490623474
frame_000165,165,5.466666666666667,0,13,327.07273268699646,202.02095890045166,0.6938924789428711
frame_000165,165,5.466666666666667,0,14,330.31288599967957,206.07115054130554,0.6944396495819092
frame_000165,165,5.466666666666667,0,15,370.8148024082184,198.78080558776855,0.608695387840271
frame_000165,165,5.466666666666667,0,16,338.41326928138733,266.82402515411377,0.5603957176208496
frame_000166,166,5.5,0,0,313.6457404295603,50.64972198009491,0.9129581451416016
frame_000166,166,5.5,0,1,318.9456887245178,46.86404472589493,0.9492517113685608
frame_000166,166,5.5,0,2,312.88860495885217,46.86404472589493,0.9368192553520203
frame_000166,166,5.5,0,3,334.08839813868207,49.89258652925491,0.9734241962432861
frame_000166,166,5.5,0,4,315.91714684168494,52.1639928817749,0.7057985663414001
frame_000166,166,5.5,0,5,356.8024622599284,76.39232730865479,0.8825173377990723
frame_000166,166,5.5,0,6,318.1885532538096,80.17800456285477,0.8524441719055176
frame_000166,166,5.5,0,7,372.7023071448009,116.52050620317459,0.9537389278411865
frame_000166,166,5.5,0,8,321.21709513664246,115.0062353014946,0.8181670308113098
frame_000166,166,5.5,0,9,339.3883464336395,125.60613161325455,0.6941181421279907
frame_000166,166,5.5,0,10,299.26016648610437,127.12040251493454,0.831877589225769
frame_000166,166,5.5,0,11,352.25964943567914,149.07733058929443,0.7367966175079346
frame_000166,166,5.5,0,12,328.7884498437246,150.59160149097443,0.737899661064148
frame_000166,166,5.5,0,13,333.3312626679738,202.07681214809418,0.6781977415084839
frame_000166,166,5.5,0,14,309.10292760531104,203.59108304977417,0.6746071577072144
frame_000166,166,5.5,0,15,349.23110755284625,195.2625930905342,0.4956299662590027
frame_000166,166,5.5,0,16,349.9882430235545,199.0482703447342,0.5055199861526489
frame_000167,167,5.533333333333333,0,0,313.3219347000122,53.09423941373825,0.9167566895484924
frame_000167,167,5.533333333333333,0,1,318.0539073944092,48.36226660013199,0.9715071320533752
frame_000167,167,5.533333333333333,0,2,313.3219347000122,48.36226660013199,0.9869970679283142
frame_000167,167,5.533333333333333,0,3,333.8271497090658,50.72825300693512,0.9848555326461792
frame_000167,167,5.533333333333333,0,4,314.89925893147785,53.09423941373825,0.8050718903541565
frame_000167,167,5.533333333333333,0,5,355.12102683385217,76.75410348176956,0.9241471290588379
frame_000167,167,5.533333333333333,0,6,318.842569510142,80.69741415977478,0.8796563148498535
frame_000167,167,5.533333333333333,0,7,359.85299952824914,117.76453453302383,0.9429903030395508
frame_000167,167,5.533333333333333,0,8,322.78588008880615,112.24389958381653,0.7780218124389648
frame_000167,167,5.533333333333333,0,9,324.3632043202718,116.97587239742279,0.7880840301513672
frame_000167,167,5.533333333333333,0,10,304.6466514269511,124.86249375343323,0.7135612964630127
frame_000167,167,5.533333333333333,0,11,351.177716255188,150.88834422826767,0.7772400975227356
frame_000167,167,5.533333333333333,0,12,328.3065148989359,151.6770063638687,0.7577369213104248
frame_000167,167,5.533333333333333,0,13,340.13644663492835,206.09469372034073,0.756832480430603
frame_000167,167,5.533333333333333,0,14,305.4353135426839,189.5327888727188,0.5196044445037842
frame_000167,167,5.533333333333333,0,15,350.3890541394552,260.51238107681274,0.7944689989089966
frame_000167,167,5.533333333333333,0,16,355.90968894958496,200.57405877113342,0.6712520718574524
frame_000168,168,5.566666666666666,0,0,312.1254450480143,46.79112422466278,0.9666571617126465
frame_000168,168,5.566666666666666,0,1,317.3661346435547,42.29910433292389,0.9447097778320312
frame_000168,168,5.566666666666666,0,2,312.1254450480143,42.29910433292389,1.0251089334487915
frame_000168,168,5.566666666666666,0,3,332.33953348795575,45.29378426074982,1.0414528846740723
frame_000168,168,5.566666666666666,0,4,314.37145487467444,48.288464188575745,0.7886958122253418
frame_000168,168,5.566666666666666,0,5,353.3022918701172,72.24590361118317,0.9166226983070374
frame_000168,168,5.566666666666666,0,6,318.1148045857748,75.98925352096558,0.8736118078231812
frame_000168,168,5.566666666666666,0,7,348.8102722167969,113.42275261878967,0.9461096525192261
frame_000168,168,5.566666666666666,0,8,322.6068242390951,107.43339276313782,0.7576658129692078
frame_000168,168,5.566666666666666,0,9,312.8741149902344,103.69004285335541,0.8384745121002197
frame_000168,168,5.566666666666666,0,10,308.38209533691406,117.16610252857208,0.6986122131347656
frame_000168,168,5.566666666666666,0,11,351.80495198567706,148.61024177074432,0.8060154914855957
frame_000168,168,5.566666666666666,0,12,327.8475138346354,147.86157178878784,0.7889918088912964
frame_000168,168,5.566666666666666,0,13,351.05628204345703,207.00650036334991,0.8489112854003906
frame_000168,168,5.566666666666666,0,14,302.3927357991537,187.54108083248138,0.693629264831543
frame_000168,168,5.566666666666666,0,15,358.54298146565753,260.16206908226013,0.9128976464271545
frame_000168,168,5.566666666666666,0,16,347.31293233235675,198.02246057987213,0.607089638710022
frame_000169,169,5.6,0,0,311.7226895093918,42.54928684234619,1.0145444869995117
frame_000169,169,5.6,0,1,316.78751170635223,37.48446464538574,0.9271796941757202
frame_000169,169,5.6,0,2,311.7226895093918,36.851361870765686,1.0420713424682617
frame_000169,169,5.6,0,3,331.9819782972336,40.01687574386597,0.9840694665908813
frame_000169,169,5.6,0,4,314.255100607872,43.18238961696625,0.6009194850921631
frame_000169,169,5.6,0,5,351.6081643104553,67.24029505252838,0.8466553092002869
frame_000169,169,5.6,0,6,320.58612835407257,71.67201447486877,0.8241923451423645
frame_000169,169,5.6,0,7,338.31300604343414,105.22646152973175,0.8408278226852417
frame_000169,169,5.6,0,8,324.3847450017929,99.52853655815125,0.7391289472579956
frame_000169,169,5.6,0,9,307.2909700870514,86.86648106575012,0.8585339784622192
frame_000169,169,5.6,0,10,310.4564839601517,112.19059205055237,0.7769423723220825
frame_000169,169,5.6,0,11,351.6081643104553,140.6802169084549,0.7428627014160156
frame_000169,169,5.6,0,12,328.18336164951324,140.6802169084549,0.7243722677230835
frame_000169,169,5.6,0,13,353.5074726343155,201.45808327198029,0.8153254985809326
frame_000169,169,5.6,0,14,304.1254562139511,186.896719455719,0.7078579664230347
frame_000169,169,5.6,0,15,363.00401425361633,252.73940801620483,0.9083837866783142
frame_000169,169,5.6,0,16,345.27713656425476,205.88980269432068,0.6133955717086792
frame_000170,170,5.633333333333333,0,0,311.69100586573285,37.58027112483978,0.9150453805923462
frame_000170,170,5.633333333333333,0,1,315.75307575861615,33.51820147037506,0.9103748798370361
frame_000170,170,5.633333333333333,0,2,311.01399421691895,32.84118986129761,0.9847894906997681
frame_000170,170,5.633333333333333,0,3,331.32434368133545,35.54923629760742,0.989129900932312
frame_000170,170,5.633333333333333,0,4,313.7220408121745,38.257282733917236,0.6223035454750061
frame_000170,170,5.633333333333333,0,5,348.92664655049646,62.629700660705566,0.8433716297149658
frame_000170,170,5.633333333333333,0,6,322.52319224675495,64.66073548793793,0.8061659336090088
frame_000170,170,5.633333333333333,0,7,330.64733203252155,97.83430433273315,0.7915657758712769
frame_000170,170,5.633333333333333,0,8,326.58526213963825,95.12625789642334,0.7239222526550293
frame_000170,170,5.633333333333333,0,9,305.5979010264079,73.46188640594482,0.8587014675140381
frame_000170,170,5.633333333333333,0,10,312.3680175145467,104.60442042350769,0.7480058670043945
frame_000170,170,5.633333333333333,0,11,350.9576814969381,137.10097765922546,0.7418713569641113
frame_000170,170,5.633333333333333,0,12,327.93928543726605,137.10097765922546,0.7273155450820923
frame_000170,170,5.633333333333333,0,13,357.05078633626306,197.35501086711884,0.8530104756355286
frame_000170,170,5.633333333333333,0,14,306.95192432403564,185.84581351280212,0.7964822053909302
frame_000170,170,5.633333333333333,0,15,368.559984366099,247.4538699388504,0.945356547832489
frame_000170,170,5.633333333333333,0,16,344.1875650087992,219.6963939666748,0.8060681819915771
frame_000171,171,5.666666666666667,0,0,311.40078020095825,34.018593430519104,0.9407699108123779
frame_000171,171,5.666666666666667,0,1,315.99384677410126,29.4255268573761,0.9557061195373535
frame_000171,171,5.666666666666667,0,2,311.40078020095825,29.4255268573761,0.9683303236961365
frame_000171,171,5.666666666666667,0,3,332.3976559638977,31.393983960151672,1.0156046152114868
frame_000171,171,5.666666666666667,0,4,314.0253896713257,33.362441062927246,0.5748827457427979
frame_000171,171,5.666666666666667,0,5,350.11376988887787,59.60853576660156,0.8729193210601807
frame_000171,171,5.666666666666667,0,6,321.899218082428,62.233145236968994,0.8377604484558105
frame_000171,171,5.666666666666667,0,7,327.14843702316284,93.72845888137817,0.8102009296417236
frame_000171,171,5.666666666666667,0,8,324.5238275527954,91.7600017786026,0.7163820862770081
frame_000171,171,5.666666666666667,0,9,305.49540889263153,65.51390707492828,0.9121057987213135
frame_000171,171,5.666666666666667,0,10,314.68154203891754,99.6338301897049,0.7662944793701172
frame_000171,171,5.666666666666667,0,11,350.11376988887787,137.0345151424408,0.8119130730628967
frame_000171,171,5.666666666666667,0,12,327.14843702316284,137.69066751003265,0.7971895337104797
frame_000171,171,5.666666666666667,0,13,359.95605540275574,193.46361875534058,0.8251468539237976
frame_000171,171,5.666666666666667,0,14,309.4323230981827,184.27748560905457,0.8092434406280518
frame_000171,171,5.666666666666667,0,15,374.3914074897766,242.67504632472992,0.9524624943733215
frame_000171,171,5.666666666666667,0,16,339.61533200740814,229.55199897289276,0.900801420211792
frame_000172,172,5.7,0,0,313.4396719932556,32.65682828426361,0.8893742561340332
frame_000172,172,5.7,0,1,318.2597393989563,27.836760997772217,0.891031801700592
frame_000172,172,5.7,0,2,312.6363274256388,27.836760997772217,0.9962772727012634
frame_000172,172,5.7,0,3,333.52328618367517,29.443450093269348,0.9281347990036011
frame_000172,172,5.7,0,4,312.6363274256388,32.65682828426361,0.6744368076324463
frame_000172,172,5.7,0,5,350.3935221036275,57.56050926446915,0.8566680550575256
frame_000172,172,5.7,0,6,321.47311766942346,61.577232003211975,0.8109570741653442
frame_000172,172,5.7,0,7,325.4898405075073,90.49763572216034,0.8482298851013184
frame_000172,172,5.7,0,8,327.09652964274085,93.7110139131546,0.6663229465484619
frame_000172,172,5.7,0,9,306.2095708847046,59.970542907714844,0.9381014108657837
frame_000172,172,5.7,0,10,314.24301656087243,99.33442574739456,0.711571455001831
frame_000172,172,5.7,0,11,348.786832968394,127.45148491859436,0.7582435607910156
frame_000172,172,5.7,0,12,327.09652964274085,128.25482946634293,0.750784158706665
frame_000172,172,5.7,0,13,359.2303123474121,190.91570419073105,0.8066732287406921
frame_000172,172,5.7,0,14,315.04636112848914,185.2922923564911,0.7654868364334106
frame_000172,172,5.7,0,15,378.51058197021484,235.09965431690216,0.8408019542694092
frame_000172,172,5.7,0,16,333.52328618367517,239.116377055645,0.827614426612854
frame_000173,173,5.733333333333333,0,0,313.81375312805176,33.93597948551178,0.9017220735549927
frame_000173,173,5.733333333333333,0,1,319.0652074813843,28.68452513217926,0.8903467655181885
frame_000173,173,5.733333333333333,0,2,313.81375312805176,29.340956926345825,0.9064096212387085
frame_000173,173,5.733333333333333,0,3,334.16313874721527,31.31025230884552,0.9536213278770447
frame_000173,173,5.733333333333333,0,4,315.1266167163849,33.279547691345215,0.5866934061050415
frame_000173,173,5.733333333333333,0,5,351.8867971897125,58.88038766384125,0.856519341468811
frame_000173,173,5.733333333333333,0,6,324.3166618347168,61.50611484050751,0.7914173603057861
frame_000173,173,5.733333333333333,0,7,330.2245479822159,93.67127275466919,0.766951858997345
frame_000173,173,5.733333333333333,0,8,326.94238901138306,92.35840916633606,0.655524492263794
frame_000173,173,5.733333333333333,0,9,305.936571598053,63.4754102230072,0.869259238243103
frame_000173,173,5.733333333333333,0,10,313.1573213338852,98.92272710800171,0.7484312057495117
frame_000173,173,5.733333333333333,0,11,349.91750180721283,132.40074861049652,0.7108520269393921
frame_000173,173,5.733333333333333,0,12,328.2552525997162,133.0571804046631,0.722339391708374
frame_000173,173,5.733333333333333,0,13,350.5739336013794,194.7617690563202,0.7523078918457031
frame_000173,173,5.733333333333333,0,14,320.3780710697174,191.47961008548737,0.7277135848999023
frame_000173,173,5.733333333333333,0,15,381.42622792720795,226.92692697048187,0.8645099401473999
frame_000173,173,5.733333333333333,0,16,330.88097977638245,249.90203976631165,0.8878471851348877
frame_000174,174,5.766666666666667,0,0,314.6401303609212,37.68957847356796,0.8796497583389282
frame_000174,174,5.766666666666667,0,1,319.31604131062824,33.01366740465164,0.8928089141845703
frame_000174,174,5.766666666666667,0,2,313.8608118693034,33.01366740465164,0.9049081802368164
frame_000174,174,5.766666666666667,0,3,334.1230926513672,34.57230442762375,0.9778480529785156
frame_000174,174,5.766666666666667,0,4,314.6401303609212,37.68957847356796,0.6910436153411865
frame_000174,174,5.766666666666667,0,5,351.2680994669596,61.84845232963562,0.864807665348053
frame_000174,174,5.766666666666667,0,6,324.7712707519531,66.52436339855194,0.8191632032394409
frame_000174,174,5.766666666666667,0,7,334.90241114298504,99.25574088096619,0.8099991679191589
frame_000174,174,5.766666666666667,0,8,326.3299077351888,97.69710385799408,0.7124571800231934
frame_000174,174,5.766666666666667,0,9,308.4055824279785,75.09686702489853,0.881182074546814
frame_000174,174,5.766666666666667,0,10,311.5228563944499,102.3730149269104,0.7850733995437622
frame_000174,174,5.766666666666667,0,11,349.709462483724,135.8837109208107,0.7476995587348938
frame_000174,174,5.766666666666667,0,12,328.6678632100423,137.4423479437828,0.7430121898651123
frame_000174,174,5.766666666666667,0,13,341.9162775675456,198.22919183969498,0.7796183824539185
frame_000174,174,5.766666666666667,0,14,323.21263376871747,194.3325992822647,0.7541990280151367
frame_000174,174,5.766666666666667,0,15,380.1028836568197,216.93283611536026,0.8350657820701599
frame_000174,174,5.766666666666667,0,16,330.226500193278,255.89876168966293,0.8831865191459656
frame_000175,175,5.8,0,0,315.73966550827026,45.06230974197388,0.8829379677772522
frame_000175,175,5.8,0,1,320.4364724159241,40.36550283432007,0.8851634860038757
frame_000175,175,5.8,0,2,314.95686435699463,40.36550283432007,0.8750565648078918
frame_000175,175,5.8,0,3,335.30969429016113,41.1483039855957,0.9821252226829529
frame_000175,175,5.8,0,4,315.73966550827026,45.06230974197388,0.7053496837615967
frame_000175,175,5.8,0,5,354.879723072052,68.54634428024292,0.8951940536499023
frame_000175,175,5.8,0,6,324.35047817230225,72.4603500366211,0.8356162309646606
frame_000175,175,5.8,0,7,341.5721035003662,105.33799839019775,0.8365238904953003
frame_000175,175,5.8,0,8,325.9160804748535,102.98959493637085,0.7424663305282593
frame_000175,175,5.8,0,9,311.8256597518921,87.33357191085815,0.8508336544036865
frame_000175,175,5.8,0,10,308.69445514678955,106.90360069274902,0.7886359691619873
frame_000175,175,5.8,0,11,350.1829161643982,144.4780559539795,0.7743878364562988
frame_000175,175,5.8,0,12,329.04728507995605,144.4780559539795,0.7686439752578735
frame_000175,175,5.8,0,13,336.09249544143677,202.40534114837646,0.7633770704269409
frame_000175,175,5.8,0,14,322.00207471847534,201.62253999710083,0.7701190710067749
frame_000175,175,5.8,0,15,376.01535415649414,213.36455726623535,0.8508027791976929
frame_000175,175,5.8,0,16,329.8300862312317,259.5498251914978,0.9021265506744385
frame_000176,176,5.833333333333333,0,0,316.53729248046875,50.863494873046875,0.8991519212722778
frame_000176,176,5.833333333333333,0,1,321.3062286376953,46.09455871582031,0.9121241569519043
frame_000176,176,5.833333333333333,0,2,315.74246978759766,46.09455871582031,0.897671103477478
frame_000176,176,5.833333333333333,0,3,336.4078598022461,47.6842041015625,1.0262629985809326
frame_000176,176,5.833333333333333,0,4,317.33211517333984,51.65831756591797,0.7555494904518127
frame_000176,176,5.833333333333333,0,5,356.27842712402344,74.70817565917969,0.9012556076049805
frame_000176,176,5.833333333333333,0,6,322.8958740234375,79.47711181640625,0.8750537633895874
frame_000176,176,5.833333333333333,0,7,349.1250228881836,114.44931030273438,0.9096415042877197
frame_000176,176,5.833333333333333,0,8,322.8958740234375,111.27001953125,0.7233062982559204
frame_000176,176,5.833333333333333,0,9,314.94764709472656,108.09072875976562,0.8170748353004456
frame_000176,176,5.833333333333333,0,10,304.61495208740234,114.44931030273438,0.6980255842208862
frame_000176,176,5.833333333333333,0,11,352.30431365966797,149.4215087890625,0.778512716293335
frame_000176,176,5.833333333333333,0,12,329.25445556640625,150.2163314819336,0.7689188122749329
frame_000176,176,5.833333333333333,0,13,330.84410095214844,205.05909729003906,0.7485107779502869
frame_000176,176,5.833333333333333,0,14,318.12693786621094,204.26427459716797,0.7579639554023743
frame_000176,176,5.833333333333333,0,15,368.99559020996094,208.23838806152344,0.8628334999084473
frame_000176,176,5.833333333333333,0,16,332.4337463378906,261.4915084838867,0.8820545077323914
frame_000177,177,5.866666666666666,0,0,316.0438041687012,56.73521018028259,0.9011014103889465
frame_000177,177,5.866666666666666,0,1,320.764931678772,52.01408243179321,0.8872418403625488
frame_000177,177,5.866666666666666,0,2,315.25694958368933,52.01408243179321,0.9195103645324707
frame_000177,177,5.866666666666666,0,3,335.71516879399616,53.58779168128967,1.0030064582824707
frame_000177,177,5.866666666666666,0,4,316.830658753713,56.73521018028259,0.7499572038650513
frame_000177,177,5.866666666666666,0,5,355.3865334192912,79.55399429798126,0.8876824975013733
frame_000177,177,5.866666666666666,0,6,321.5517862637838,84.27512204647064,0.8636075258255005
frame_000177,177,5.866666666666666,0,7,355.3865334192912,120.47043478488922,0.8892033100128174
frame_000177,177,5.866666666666666,0,8,321.5517862637838,115.74930703639984,0.7381583452224731
frame_000177,177,5.866666666666666,0,9,322.33864084879554,121.25728940963745,0.717551589012146
frame_000177,177,5.866666666666666,0,10,301.09356705347693,119.68358016014099,0.7735302448272705
frame_000177,177,5.866666666666666,0,11,349.0916967391968,153.51832902431488,0.7205007672309875
frame_000177,177,5.866666666666666,0,12,327.05976835886634,154.3051836490631,0.7208452224731445
frame_000177,177,5.866666666666666,0,13,316.830658753713,202.30331575870514,0.6649127006530762
frame_000177,177,5.866666666666666,0,14,316.0438041687012,207.81129813194275,0.7278181910514832
frame_000177,177,5.866666666666666,0,15,361.6813700993855,207.81129813194275,0.7329307794570923
frame_000177,177,5.866666666666666,0,16,337.2888779640198,261.3174126148224,0.8025608062744141
frame_000178,178,5.9,0,0,313.94727023442584,59.380422711372375,0.9665283560752869
frame_000178,178,5.9,0,1,318.58537848790485,54.74231469631195,1.0113532543182373
frame_000178,178,5.9,0,2,313.1742521921794,54.74231469631195,0.9999443292617798
frame_000178,178,5.9,0,3,333.2727212905884,56.28835070133209,0.99897301197052
frame_000178,178,5.9,0,4,315.4933063189189,58.607404708862305,0.773048996925354
frame_000178,178,5.9,0,5,355.69024451573694,83.34398078918457,0.9268200397491455
frame_000178,178,5.9,0,6,319.35839653015137,85.66303479671478,0.9256762266159058
frame_000178,178,5.9,0,7,364.19344298044837,122.76789891719818,0.9678293466567993
frame_000178,178,5.9,0,8,317.8123604456584,118.90280890464783,0.8677413463592529
frame_000178,178,5.9,0,9,337.1378115018209,132.8171329498291,0.7137916088104248
frame_000178,178,5.9,0,10,296.16785526275635,120.44884490966797,0.86164391040802
frame_000178,178,5.9,0,11,347.1870460510254,159.0997450351715,0.7589818835258484
frame_000178,178,5.9,0,12,325.54254086812335,158.32672703266144,0.7720166444778442
frame_000178,178,5.9,0,13,316.26632436116535,204.7078071832657,0.6445268392562866
frame_000178,178,5.9,0,14,318.58537848790485,210.11893320083618,0.675661563873291
frame_000178,178,5.9,0,15,357.23628060022986,209.3459151983261,0.730731189250946
frame_000178,178,5.9,0,16,344.0949738820394,260.3651033639908,0.7364685535430908
frame_000179,179,5.933333333333334,0,0,311.3458353678385,57.20226991176605,0.973068356513977
frame_000179,179,5.933333333333334,0,1,316.7426300048828,52.5764456987381,1.004486083984375
frame_000179,179,5.933333333333334,0,2,309.80389404296875,53.347416400909424,0.9944077730178833
frame_000179,179,5.933333333333334,0,3,331.3910725911458,55.6603285074234,1.006803035736084
frame_000179,179,5.933333333333334,0,4,313.6587473551432,57.97324061393738,0.7477965354919434
frame_000179,179,5.933333333333334,0,5,355.2911631266276,81.10236167907715,0.9217001795768738
frame_000179,179,5.933333333333334,0,6,315.9716593424479,84.95721518993378,0.9254660606384277
frame_000179,179,5.933333333333334,0,7,371.4815470377605,120.42186748981476,0.9846488237380981
frame_000179,179,5.933333333333334,0,8,312.11680603027344,121.96380889415741,0.9026423096656799
frame_000179,179,5.933333333333334,0,9,344.49757385253906,135.07031083106995,0.73436439037323
frame_000179,179,5.933333333333334,0,10,292.0715688069662,117.33798468112946,0.8745747804641724
frame_000179,179,5.933333333333334,0,11,346.0395151774089,157.4284611940384,0.7487133741378784
frame_000179,179,5.933333333333334,0,12,325.99427795410156,157.4284611940384,0.7416455149650574
frame_000179,179,5.933333333333334,0,13,310.5748647054037,198.28990840911865,0.6978190541267395
frame_000179,179,5.933333333333334,0,14,327.5362192789713,212.16738104820251,0.6857154965400696
frame_000179,179,5.933333333333334,0,15,352.97825113932294,210.62543964385986,0.7934131026268005
frame_000179,179,5.933333333333334,0,16,351.4363098144531,258.42562317848206,0.745985209941864
frame_000180,180,5.966666666666667,0,0,311.13429260253906,51.58906555175781,0.9638063907623291
frame_000180,180,5.966666666666667,0,1,317.40199279785156,46.88829040527344,0.9627465605735779
frame_000180,180,5.966666666666667,0,2,310.350830078125,47.6717529296875,0.9614975452423096
frame_000180,180,5.966666666666667,0,3,331.5043182373047,50.80560302734375,0.9833601117134094
frame_000180,180,5.966666666666667,0,4,312.7012176513672,52.372528076171875,0.7530083060264587
frame_000180,180,5.966666666666667,0,5,355.7916564941406,75.87640380859375,0.8870460987091064
frame_000180,180,5.966666666666667,0,6,314.2681427001953,79.01025390625,0.9215766191482544
frame_000180,180,5.966666666666667,0,7,379.2955322265625,109.56529235839844,0.9407724142074585
frame_000180,180,5.966666666666667,0,8,307.21697998046875,116.616455078125,0.9451761245727539
frame_000180,180,5.966666666666667,0,9,354.2247314453125,132.28570556640625,0.8030341863632202
frame_000180,180,5.966666666666667,0,10,290.76426696777344,107.99836730957031,0.8970741033554077
frame_000180,180,5.966666666666667,0,11,346.3901062011719,150.3053436279297,0.7696459293365479
frame_000180,180,5.966666666666667,0,12,327.5870056152344,151.08880615234375,0.7284380197525024
frame_000180,180,5.966666666666667,0,13,307.21697998046875,189.4784698486328,0.717121958732605
frame_000180,180,5.966666666666667,0,14,334.63816833496094,206.7146453857422,0.6840574741363525
frame_000180,180,5.966666666666667,0,15,346.3901062011719,212.9823455810547,0.7129790782928467
frame_000180,180,5.966666666666667,0,16,357.35858154296875,254.505859375,0.7704532742500305
frame_000181,181,6.0,0,0,311.60057369867957,45.37383306026459,0.9548963308334351
frame_000181,181,6.0,0,1,317.1924629211426,40.58078491687775,0.9774240255355835
frame_000181,181,6.0,0,2,310.0028910636902,41.37962627410889,0.9766061902046204
frame_000181,181,6.0,0,3,331.57160663604736,43.77615034580231,1.003974437713623
frame_000181,181,6.0,0,4,310.80173238118493,45.37383306026459,0.750835657119751
frame_000181,181,6.0,0,5,356.33568747838336,69.33907377719879,0.8942289352416992
frame_000181,181,6.0,0,6,312.3994150161743,73.33328056335449,0.9620352983474731
frame_000181,181,6.0,0,7,384.29513359069824,97.2985212802887,0.9563196897506714
frame_000181,181,6.0,0,8,303.61216052373254,112.47650706768036,0.9527736902236938
frame_000181,181,6.0,0,9,365.1229419708252,121.2637619972229,0.9105069637298584
frame_000181,181,6.0,0,10,289.23301680882776,98.09736263751984,0.9028631448745728
frame_000181,181,6.0,0,11,345.95075035095215,144.43016135692596,0.7972460985183716
frame_000181,181,6.0,0,12,328.3762413660685,146.02784407138824,0.7708476781845093
frame_000181,181,6.0,0,13,308.4052084287008,185.1710705757141,0.7059898376464844
frame_000181,181,6.0,0,14,342.7553850809733,201.94673907756805,0.7631738185882568
frame_000181,181,6.0,0,15,342.7553850809733,216.32588350772858,0.7520577907562256
frame_000181,181,6.0,0,16,365.92178328831983,250.6760618686676,0.8337543606758118
frame_000182,182,6.033333333333333,0,0,312.06713342666626,40.72694110870361,0.9178211688995361
frame_000182,182,6.033333333333333,0,1,316.8888506889343,36.70884358882904,0.9583597779273987
frame_000182,182,6.033333333333333,0,2,309.6562747955322,36.70884358882904,0.922389030456543
frame_000182,182,6.033333333333333,0,3,332.1576220194499,38.31608259677887,0.9672973155975342
frame_000182,182,6.033333333333333,0,4,311.2635138829549,39.9233216047287,0.7431283593177795
frame_000182,182,6.033333333333333,0,5,357.0698278745016,64.03190672397614,0.8533034920692444
frame_000182,182,6.033333333333333,0,6,311.2635138829549,68.05000424385071,0.9433642029762268
frame_000182,182,6.033333333333333,0,7,390.01822916666663,87.33687233924866,0.9271655082702637
frame_000182,182,6.033333333333333,0,8,300.81645981470746,106.6237404346466,0.9172685742378235
frame_000182,182,6.033333333333333,0,9,371.5349796613058,111.4454574584961,0.9248359203338623
frame_000182,182,6.033333333333333,0,10,290.36940574645996,89.7477308511734,0.8611886501312256
frame_000182,182,6.033333333333333,0,11,347.42639334996545,139.5721400976181,0.7847563028335571
frame_000182,182,6.033333333333333,0,12,328.9431438446045,141.98299860954285,0.7615021467208862
frame_000182,182,6.033333333333333,0,13,308.04903570810956,178.94949579238892,0.7306116819381714
frame_000182,182,6.033333333333333,0,14,345.0155347188314,199.03998339176178,0.796645998954773
frame_000182,182,6.033333333333333,0,15,336.97933928171796,229.57752454280853,0.7810124754905701
frame_000182,182,6.033333333333333,0,16,369.12412103017175,244.042675614357,0.8517194986343384
frame_000183,183,6.066666666666666,0,0,310.7674398422241,36.803635120391846,0.9406018257141113
frame_000183,183,6.066666666666666,0,1,316.36407995224,32.00651502609253,0.9959120750427246
frame_000183,183,6.066666666666666,0,2,309.168399810791,32.00651502609253,0.9930544495582581
frame_000183,183,6.066666666666666,0,3,331.5549602508545,34.40507507324219,0.9848472476005554
frame_000183,183,6.066666666666666,0,4,310.7674398422241,36.00411510467529,0.6936067938804626
frame_000183,183,6.066666666666666,0,5,357.93912076950073,59.989715576171875,0.8714494705200195
frame_000183,183,6.066666666666666,0,6,311.5669598579407,65.58635568618774,0.9785439968109131
frame_000183,183,6.066666666666666,0,7,391.51896142959595,79.17819595336914,0.9475903511047363
frame_000183,183,6.066666666666666,0,8,297.9751195907593,101.56475639343262,0.9125558137893677
frame_000183,183,6.066666666666666,0,9,373.9295210838318,103.96331644058228,0.936111569404602
frame_000183,183,6.066666666666666,0,10,289.1803994178772,87.17339611053467,0.8734111785888672
frame_000183,183,6.066666666666666,0,11,346.745840549469,139.1421971321106,0.8203637003898621
frame_000183,183,6.066666666666666,0,12,329.15640020370483,140.7412371635437,0.7911728620529175
frame_000183,183,6.066666666666666,0,13,313.96551990509033,183.115797996521,0.7678858041763306
frame_000183,183,6.066666666666666,0,14,346.745840549469,195.90811824798584,0.8181292414665222
frame_000183,183,6.066666666666666,0,15,331.5549602508545,238.28267908096313,0.8437778353691101
frame_000183,183,6.066666666666666,0,16,372.3304810523987,238.28267908096313,0.9119973182678223
frame_000184,184,6.1,0,0,312.6782976786295,34.611849665641785,0.9567976593971252
frame_000184,184,6.1,0,1,317.35141722361243,29.159876585006714,1.0191348791122437
frame_000184,184,6.1,0,2,311.12059116363525,29.938729882240295,0.9964390993118286
frame_000184,184,6.1,0,3,332.92848237355554,32.27528977394104,1.0290398597717285
frame_000184,184,6.1,0,4,311.89944442113244,34.611849665641785,0.6956139802932739
frame_000184,184,6.1,0,5,359.4094931284587,57.97744858264923,0.8603854179382324
frame_000184,184,6.1,0,6,313.4571509361267,62.65056836605072,0.9573754072189331
frame_000184,184,6.1,0,7,393.67903645833326,76.66992771625519,0.9209612607955933
frame_000184,184,6.1,0,8,299.437792301178,100.03552663326263,0.8792462944984436
frame_000184,184,6.1,0,9,374.9865582784016,101.5932332277298,0.9109611511230469
frame_000184,184,6.1,0,10,291.6492597262064,91.46814036369324,0.8528014421463013
frame_000184,184,6.1,0,11,348.50554752349854,135.86277830600739,0.8071190714836121
frame_000184,184,6.1,0,12,327.47650957107544,138.9781914949417,0.7910493612289429
frame_000184,184,6.1,0,13,328.25536282857263,185.7093893289566,0.7055169343948364
frame_000184,184,6.1,0,14,337.60160191853845,193.49792230129242,0.7570000886917114
frame_000184,184,6.1,0,15,322.80339002609253,250.35421299934387,0.716571569442749
frame_000184,184,6.1,0,16,374.20770502090454,229.32517397403717,0.8108300566673279
frame_000185,185,6.133333333333333,0,0,314.1221834818522,36.991004049777985,0.9514256715774536
frame_000185,185,6.133333333333333,0,1,318.7003800074259,32.412807643413544,1.0103143453598022
frame_000185,185,6.133333333333333,0,2,312.59611797332764,32.412807643413544,0.9837102890014648
frame_000185,185,6.133333333333333,0,3,334.72406784693396,33.93887311220169,1.0232203006744385
frame_000185,185,6.133333333333333,0,4,314.8852162361145,36.22797131538391,0.6626875400543213
frame_000185,185,6.133333333333333,0,5,359.90414873758954,59.118953347206116,0.8459751605987549
frame_000185,185,6.133333333333333,0,6,315.6482489903768,64.46018248796463,0.9459303617477417
frame_000185,185,6.133333333333333,0,7,395.766688187917,79.7208371758461,0.9469776153564453
frame_000185,185,6.133333333333333,0,8,301.91365941365564,100.32272100448608,0.8747698068618774
frame_000185,185,6.133333333333333,0,9,374.401771068573,103.37485194206238,0.9166046380996704
frame_000185,185,6.133333333333333,0,10,292.7572663625082,96.50755733251572,0.8609331846237183
frame_000185,185,6.133333333333333,0,11,349.2216901779175,137.71132498979568,0.7918522357940674
frame_000185,185,6.133333333333333,0,12,327.85677305857337,140.0004231929779,0.7789692878723145
frame_000185,185,6.133333333333333,0,13,331.6719368298849,191.8866491317749,0.7354485988616943
frame_000185,185,6.133333333333333,0,14,331.6719368298849,193.41271460056305,0.7243735790252686
frame_000185,185,6.133333333333333,0,15,323.27857653299964,251.40320241451263,0.67894446849823
frame_000185,185,6.133333333333333,0,16,375.92783657709765,219.35582756996155,0.6801834106445312
frame_000186,186,6.166666666666667,0,0,316.9327712059021,41.0512393116951,0.9382216930389404
frame_000186,186,6.166666666666667,0,1,321.6527028083801,36.33130782842636,0.9837524890899658
frame_000186,186,6.166666666666667,0,2,314.5728054046631,36.33130782842636,0.9623602628707886
frame_000186,186,6.166666666666667,0,3,337.3858081499735,37.11796307563782,1.034096360206604
frame_000186,186,6.166666666666667,0,4,315.3594606717428,40.26458406448364,0.6869562864303589
frame_000186,186,6.166666666666667,0,5,360.98546616236376,63.86424148082733,0.866085410118103
frame_000186,186,6.166666666666667,0,6,316.9327712059021,67.79751771688461,0.9413541555404663
frame_000186,186,6.166666666666667,0,7,394.02498737970996,88.25055414438248,0.9385876655578613
frame_000186,186,6.166666666666667,0,8,305.13294219970703,103.9836590886116,0.8614944219589233
frame_000186,186,6.166666666666667,0,9,367.278708299001,110.27690106630325,0.9163191318511963
frame_000186,186,6.166666666666667,0,10,295.693078994751,103.9836590886116,0.8182588815689087
frame_000186,186,6.166666666666667,0,11,349.9722924232483,141.7431109547615,0.7992511987686157
frame_000186,186,6.166666666666667,0,12,328.73260021209717,144.10307669639587,0.777632474899292
frame_000186,186,6.166666666666667,0,13,330.3059107462565,192.0890467762947,0.6983527541160583
frame_000186,186,6.166666666666667,0,14,327.94594494501746,199.16894400119781,0.7040577530860901
frame_000186,186,6.166666666666667,0,15,323.22601334253943,209.39546221494675,0.6157951354980469
frame_000186,186,6.166666666666667,0,16,322.43935807545984,209.39546221494675,0.6044477224349976
frame_000187,187,6.2,0,0,316.9299761454264,45.034836292266846,0.9412180185317993
frame_000187,187,6.2,0,1,321.7090651194254,40.25574707984924,0.9726859331130981
frame_000187,187,6.2,0,2,314.5404316584269,41.05226194858551,0.9453455805778503
frame_000187,187,6.2,0,3,336.84284687042236,42.645291686058044,1.0212241411209106
frame_000187,187,6.2,0,4,318.52300580342614,45.83135116100311,0.7022206783294678
frame_000187,187,6.2,0,5,363.127836227417,68.93028235435486,0.8882695436477661
frame_000187,187,6.2,0,6,317.72649097442627,72.9128566980362,0.9551953077316284
frame_000187,187,6.2,0,7,389.4128255844116,99.99436223506927,0.9383102655410767
frame_000187,187,6.2,0,8,308.9648278554281,108.75602579116821,0.8659276962280273
frame_000187,187,6.2,0,9,359.14526208241773,115.12814474105835,0.8822489976882935
frame_000187,187,6.2,0,10,296.22059059143066,111.14557039737701,0.8484970331192017
frame_000187,187,6.2,0,11,350.3835989634196,148.58176922798157,0.8044381141662598
frame_000187,187,6.2,0,12,327.2846689224243,150.1747989654541,0.7809698581695557
frame_000187,187,6.2,0,13,328.87769858042395,197.16917622089386,0.6867445707321167
frame_000187,187,6.2,0,14,326.48815409342444,205.13432490825653,0.6736118793487549
frame_000187,187,6.2,0,15,324.8951244354248,199.55872082710266,0.602838397026062
frame_000187,187,6.2,0,16,324.09860960642493,270.44854414463043,0.5603532791137695
frame_000188,188,6.233333333333333,0,0,317.8126424153646,52.412361443042755,0.9619936347007751
frame_000188,188,6.233333333333333,0,1,322.5881551106771,47.636848866939545,0.9740231037139893
frame_000188,188,6.233333333333333,0,2,315.42488606770837,47.636848866939545,0.9909480810165405
frame_000188,188,6.233333333333333,0,3,337.7106119791667,49.22868639230728,0.9737751483917236
frame_000188,188,6.233333333333333,0,4,318.60856119791663,51.61644268035889,0.7704800963401794
frame_000188,188,6.233333333333333,0,5,362.38409423828125,75.49400556087494,0.8898249864578247
frame_000188,188,6.233333333333333,0,6,319.40447998046875,78.67768061161041,0.9362229108810425
frame_000188,188,6.233333333333333,0,7,380.69022623697924,112.10626864433289,0.9353041648864746
frame_000188,188,6.233333333333333,0,8,311.4452921549479,115.28994369506836,0.9198184609413147
frame_000188,188,6.233333333333333,0,9,348.8534749348958,119.2695375084877,0.7636746168136597
frame_000188,188,6.233333333333333,0,10,293.13916015625,118.47361874580383,0.8699284791946411
frame_000188,188,6.233333333333333,0,11,351.24123128255206,150.31036925315857,0.753373384475708
frame_000188,188,6.233333333333333,0,12,326.5677490234375,151.10628801584244,0.7395061254501343
frame_000188,188,6.233333333333333,0,13,319.40447998046875,199.6573325395584,0.664230465888977
frame_000188,188,6.233333333333333,0,14,320.9963175455729,207.6165201663971,0.6526471376419067
frame_000188,188,6.233333333333333,0,15,363.9759318033855,200.45325130224228,0.7201204895973206
frame_000188,188,6.233333333333333,0,16,328.95550537109375,264.12675231695175,0.6885242462158203
frame_000189,189,6.266666666666667,0,0,316.2199366887411,56.2975749373436,0.9385152459144592
frame_000189,189,6.266666666666667,0,1,320.9766410191854,51.54087072610855,0.9468991756439209
frame_000189,189,6.266666666666667,0,2,314.6343685785929,52.33365476131439,0.951296329498291
frame_000189,189,6.266666666666667,0,3,336.03953806559247,53.12643879652023,0.9383153915405273
frame_000189,189,6.266666666666667,0,4,317.80550479888916,55.504790902137756,0.7402980923652649
frame_000189,189,6.266666666666667,0,5,359.8230597178142,78.49552792310715,0.9037908315658569
frame_000189,189,6.266666666666667,0,6,318.59828885396325,81.66666406393051,0.9151585698127747
frame_000189,189,6.266666666666667,0,7,374.0931727091472,117.34194564819336,0.9225101470947266
frame_000189,189,6.266666666666667,0,8,313.0488004684448,118.1347296833992,0.8710199594497681
frame_000189,189,6.266666666666667,0,9,342.3818105061849,118.92751371860504,0.6984161734580994
frame_000189,189,6.266666666666667,0,10,294.0219831466675,122.89143389463425,0.8369566798210144
frame_000189,189,6.266666666666667,0,11,349.5168670018514,155.39557933807373,0.7377403974533081
frame_000189,189,6.266666666666667,0,12,324.94056129455566,154.6027953028679,0.7324796915054321
frame_000189,189,6.266666666666667,0,13,320.1838569641113,204.54818952083588,0.6494829654693604
frame_000189,189,6.266666666666667,0,14,311.46323235829675,207.71932566165924,0.624485433101654
frame_000189,189,6.266666666666667,0,15,364.57976404825854,195.82756513357162,0.5231099128723145
frame_000189,189,6.266666666666667,0,16,336.03953806559247,193.4492130279541,0.4379722476005554
frame_000190,190,6.3,0,0,315.15797233581543,57.58632719516754,0.9768389463424683
frame_000190,190,6.3,0,1,320.4410227139791,52.30327695608139,0.9782714247703552
frame_000190,190,6.3,0,2,314.4032508532206,53.05799841880798,0.9892440438270569
frame_000190,190,6.3,0,3,336.29017384847003,54.56744134426117,0.9783838391304016
frame_000190,190,6.3,0,4,317.42213678359985,57.58632719516754,0.790575385093689
frame_000190,190,6.3,0,5,358.1770968437195,80.98269253969193,0.9372456669807434
frame_000190,190,6.3,0,6,319.6863012313843,84.75629985332489,0.9167853593826294
frame_000190,190,6.3,0,7,359.6865398089091,120.98293006420135,0.9392878413200378
frame_000190,190,6.3,0,8,316.667415301005,116.4546012878418,0.8481384515762329
frame_000190,190,6.3,0,9,328.742959022522,114.94515836238861,0.7173547744750977
frame_000190,190,6.3,0,10,296.2899352709452,125.51125884056091,0.8307690620422363
frame_000190,190,6.3,0,11,350.6298820177714,157.9642817378044,0.7703200578689575
frame_000190,190,6.3,0,12,325.72407309214276,157.9642817378044,0.7579034566879272
frame_000190,190,6.3,0,13,331.7618449529012,206.26645535230637,0.6438771486282349
frame_000190,190,6.3,0,14,301.5729856491089,201.7381265759468,0.5415129661560059
frame_000190,190,6.3,0,15,345.34683163960773,266.6441723704338,0.5586898922920227
frame_000190,190,6.3,0,16,343.0826671918233,188.90786170959473,0.5133065581321716
frame_000191,191,6.333333333333333,0,0,313.04601796468097,54.32073438167572,0.9901136159896851
frame_000191,191,6.333333333333333,0,1,317.97240686416626,50.09811556339264,0.9985838532447815
frame_000191,191,6.333333333333333,0,2,313.04601796468097,50.09811556339264,1.011837363243103
frame_000191,191,6.333333333333333,0,3,334.8628830909729,52.20942497253418,0.9624528884887695
frame_000191,191,6.333333333333333,0,4,318.6761767069499,53.61696457862854,0.7798017263412476
frame_000191,191,6.333333333333333,0,5,355.9759783744812,77.54513788223267,0.936375617980957
frame_000191,191,6.333333333333333,0,6,320.7874862353007,82.47152650356293,0.8930805921554565
frame_000191,191,6.333333333333333,0,7,350.3458196322123,116.95624685287476,0.9215866327285767
frame_000191,191,6.333333333333333,0,8,318.6761767069499,113.43739783763885,0.7933450937271118
frame_000191,191,6.333333333333333,0,9,317.97240686416626,103.58462059497833,0.7963534593582153
frame_000191,191,6.333333333333333,0,10,299.6743909517924,123.29017508029938,0.8057829737663269
frame_000191,191,6.333333333333333,0,11,348.93827994664514,154.2560464143753,0.8054656386375427
frame_000191,191,6.333333333333333,0,12,325.713875134786,153.55227661132812,0.7883487939834595
frame_000191,191,6.333333333333333,0,13,336.27042277654016,209.85386085510254,0.7923976182937622
frame_000191,191,6.333333333333333,0,14,296.15554173787433,191.55584597587585,0.7638506889343262
frame_000191,191,6.333333333333333,0,15,350.3458196322123,259.11774706840515,0.9240034222602844
frame_000191,191,6.333333333333333,0,16,346.8269704182943,200.7048534154892,0.686735987663269
frame_000192,192,6.366666666666666,0,0,313.7608685493469,46.81539136171341,0.9898597002029419
frame_000192,192,6.366666666666666,0,1,318.3681058883667,42.208154141902924,0.9779110550880432
frame_000192,192,6.366666666666666,0,2,312.99299565951026,42.97602701187134,1.016686201095581
frame_000192,192,6.366666666666666,0,3,334.4934365749359,43.74389988183975,1.0086630582809448
frame_000192,192,6.366666666666666,0,4,316.8323601086935,46.81539136171341,0.7764763832092285
frame_000192,192,6.366666666666666,0,5,355.9938774903615,70.61945033073425,0.925893247127533
frame_000192,192,6.366666666666666,0,6,320.6717245578766,75.22668755054474,0.8913626670837402
frame_000192,192,6.366666666666666,0,7,347.54727570215863,109.78096669912338,0.9174859523773193
frame_000192,192,6.366666666666666,0,8,319.9038516680399,105.1737294793129,0.8416127562522888
frame_000192,192,6.366666666666666,0,9,313.7608685493469,94.4235092997551,0.8527342081069946
frame_000192,192,6.366666666666666,0,10,301.4749023119608,118.22756826877594,0.8393239974975586
frame_000192,192,6.366666666666666,0,11,349.8508943716685,148.1746101975441,0.8061786890029907
frame_000192,192,6.366666666666666,0,12,326.04683478673303,145.87099158763885,0.7967190742492676
frame_000192,192,6.366666666666666,0,13,346.01152992248535,208.83656692504883,0.8392660617828369
frame_000192,192,6.366666666666666,0,14,299.9391565322876,187.33612656593323,0.735466480255127
frame_000192,192,6.366666666666666,0,15,356.7617503801982,257.98043060302734,0.9072036147117615
frame_000192,192,6.366666666666666,0,16,341.4042925834656,190.40761804580688,0.5997644066810608
frame_000193,193,6.4,0,0,313.2815936406453,40.403262078762054,0.9834858179092407
frame_000193,193,6.4,0,1,318.1035826206207,35.58127295970917,0.9621026515960693
frame_000193,193,6.4,0,2,312.59273807207745,36.270128548145294,1.0161113739013672
frame_000193,193,6.4,0,3,333.25840512911475,36.95898413658142,1.0753401517868042
frame_000193,193,6.4,0,4,316.7258714834849,41.09211766719818,0.6860193610191345
frame_000193,193,6.4,0,5,353.9240721861521,65.20206326246262,0.9121808409690857
frame_000193,193,6.4,0,6,322.2367160320282,67.95748561620712,0.8895944952964783
frame_000193,193,6.4,0,7,342.2135275204977,103.08912062644958,0.9350359439849854
frame_000193,193,6.4,0,8,324.99213830629986,100.33369827270508,0.7680204510688782
frame_000193,193,6.4,0,9,310.5261713663737,87.24544209241867,0.8738143444061279
frame_000193,193,6.4,0,10,307.77074909210205,107.91110974550247,0.808191180229187
frame_000193,193,6.4,0,11,349.79093877474463,143.04274475574493,0.8296754956245422
frame_000193,193,6.4,0,12,325.68099387486774,143.04274475574493,0.8063758611679077
frame_000193,193,6.4,0,13,352.54636104901635,200.21775859594345,0.8690052032470703
frame_000193,193,6.4,0,14,302.2599045435588,185.7517912387848,0.8188880681991577
frame_000193,193,6.4,0,15,361.50148344039917,251.19307214021683,0.9456915259361267
frame_000193,193,6.4,0,16,342.90238308906555,208.48402565717697,0.8180880546569824
frame_000194,194,6.433333333333334,0,0,313.26581025123596,36.15125834941864,1.0270217657089233
frame_000194,194,6.433333333333334,0,1,317.8805011510849,30.877325892448425,0.9953241348266602
frame_000194,194,6.433333333333334,0,2,312.6065686941147,31.536567449569702,1.0943260192871094
frame_000194,194,6.433333333333334,0,3,333.70229852199554,32.19580900669098,1.0725114345550537
frame_000194,194,6.433333333333334,0,4,316.56201803684235,34.17353367805481,0.6275993585586548
frame_000194,194,6.433333333333334,0,5,353.47954523563385,60.543195962905884,0.8841836452484131
frame_000194,194,6.433333333333334,0,6,321.83595049381256,65.15788686275482,0.8915185332298279
frame_000194,194,6.433333333333334,0,7,338.97623097896576,98.11996471881866,0.9240092635154724
frame_000194,194,6.433333333333334,0,8,328.42836606502533,96.14224004745483,0.741299569606781
frame_000194,194,6.433333333333334,0,9,307.99187779426575,81.63892579078674,0.9137599468231201
frame_000194,194,6.433333333333334,0,10,313.92505180835724,104.05313873291016,0.7907477617263794
frame_000194,194,6.433333333333334,0,11,349.5240958929062,138.99294126033783,0.8085100650787354
frame_000194,194,6.433333333333334,0,12,325.7913998365402,138.99294126033783,0.7851883769035339
frame_000194,194,6.433333333333334,0,13,355.4572699069977,195.68771517276764,0.8487591743469238
frame_000194,194,6.433333333333334,0,14,306.0141531229019,183.16212558746338,0.8145555853843689
frame_000194,194,6.433333333333334,0,15,365.34589326381683,245.79007351398468,0.9454423189163208
frame_000194,194,6.433333333333334,0,16,339.63547253608704,221.39813590049744,0.7917781472206116
frame_000195,195,6.466666666666667,0,0,313.1032295227051,32.94015645980835,0.9546141624450684
frame_000195,195,6.466666666666667,0,1,318.34312693277997,26.95170259475708,0.9622412919998169
frame_000195,195,6.466666666666667,0,2,312.3546727498372,27.70025932788849,1.0449607372283936
frame_000195,195,6.466666666666667,0,3,334.0628191630046,28.448816061019897,1.0196219682693481
frame_000195,195,6.466666666666667,0,4,316.84601338704425,30.694486260414124,0.6607663631439209
frame_000195,195,6.466666666666667,0,5,353.52529525756836,56.89397192001343,0.8937251567840576
frame_000195,195,6.466666666666667,0,6,322.08591079711914,62.8824257850647,0.9045339226722717
frame_000195,195,6.466666666666667,0,7,340.05127334594727,95.81892204284668,0.8703622817993164
frame_000195,195,6.466666666666667,0,8,326.5772514343262,95.07036530971527,0.7227244973182678
frame_000195,195,6.466666666666667,0,9,305.6176617940267,80.0992306470871,0.9024744629859924
frame_000195,195,6.466666666666667,0,10,313.85178629557294,100.31026244163513,0.7508138418197632
frame_000195,195,6.466666666666667,0,11,349.78251139322913,133.99531543254852,0.7820521593093872
frame_000195,195,6.466666666666667,0,12,325.8286946614583,134.74387216567993,0.762944221496582
frame_000195,195,6.466666666666667,0,13,360.2623062133789,193.1312973499298,0.8311110734939575
frame_000195,195,6.466666666666667,0,14,310.1090024312337,183.4000598192215,0.7671569585800171
frame_000195,195,6.466666666666667,0,15,370.7421010335287,240.29037153720856,0.9343387484550476
frame_000195,195,6.466666666666667,0,16,335.55993270874023,234.3019176721573,0.8508697748184204
frame_000196,196,6.5,0,0,313.4824261665344,32.51285457611084,0.9016703963279724
frame_000196,196,6.5,0,1,318.2434687614441,26.16479778289795,0.9000699520111084
frame_000196,196,6.5,0,2,312.6889190673828,26.16479778289795,0.9656173586845398
frame_000196,196,6.5,0,3,334.1136107444763,28.545319080352783,0.9591030478477478
frame_000196,196,6.5,0,4,316.65645456314087,30.925840377807617,0.6748156547546387
frame_000196,196,6.5,0,5,354.7447953224182,55.52456045150757,0.8841793537139893
frame_000196,196,6.5,0,6,322.21100425720215,63.45963144302368,0.8748071193695068
frame_000196,196,6.5,0,7,343.63569593429565,95.99342250823975,0.8489945530891418
frame_000196,196,6.5,0,8,320.6239900588989,96.78692960739136,0.6915627717971802
frame_000196,196,6.5,0,9,307.13436937332153,84.88432312011719,0.8456293344497681
frame_000196,196,6.5,0,10,309.51489067077637,98.37394380569458,0.6846301555633545
frame_000196,196,6.5,0,11,349.19024562835693,130.11422777175903,0.7490395903587341
frame_000196,196,6.5,0,12,326.1785397529602,130.90773487091064,0.7477800846099854
frame_000196,196,6.5,0,13,353.157781124115,192.80128860473633,0.7799566984176636
frame_000196,196,6.5,0,14,317.4499616622925,188.83375310897827,0.7623029351234436
frame_000196,196,6.5,0,15,376.1694869995117,233.2701506614685,0.8374661207199097
frame_000196,196,6.5,0,16,332.5265965461731,245.17275714874268,0.8326721787452698
frame_000197,197,6.533333333333333,0,0,314.37841971715295,36.066797494888306,0.9096283316612244
frame_000197,197,6.533333333333333,0,1,319.57072035471595,31.61625385284424,0.9289811849594116
frame_000197,197,6.533333333333333,0,2,314.37841971715295,31.61625385284424,0.9261221885681152
frame_000197,197,6.533333333333333,0,3,335.8893795013428,33.09976840019226,1.0085787773132324
frame_000197,197,6.533333333333333,0,4,318.0872058868408,35.325040221214294,0.6439331769943237
frame_000197,197,6.533333333333333,0,5,354.4333103497823,59.803030252456665,0.8765650987625122
frame_000197,197,6.533333333333333,0,6,322.5377492904663,65.73708844184875,0.8328213095664978
frame_000197,197,6.533333333333333,0,7,346.27398077646893,98.37440848350525,0.8679742813110352
frame_000197,197,6.533333333333333,0,8,326.9882926940918,99.85792303085327,0.7006754279136658
frame_000197,197,6.533333333333333,0,9,312.1531480153402,93.92386484146118,0.8696497678756714
frame_000197,197,6.533333333333333,0,10,311.4113907814026,102.0831948518753,0.7486076354980469
frame_000197,197,6.533333333333333,0,11,349.24100971221924,133.9787576198578,0.7294365763664246
frame_000197,197,6.533333333333333,0,12,326.9882926940918,133.9787576198578,0.7279465198516846
frame_000197,197,6.533333333333333,0,13,344.79046630859375,195.54461133480072,0.783242404460907
frame_000197,197,6.533333333333333,0,14,324.02126375834143,193.3193395137787,0.7459390759468079
frame_000197,197,6.533333333333333,0,15,378.9112990697224,225.95665955543518,0.8464412093162537
frame_000197,197,6.533333333333333,0,16,329.95532162984216,251.91816413402557,0.8925967216491699
frame_000198,198,6.566666666666666,0,0,316.6762339274088,41.14619863033295,0.857542872428894
frame_000198,198,6.566666666666666,0,1,320.5643513997396,35.70283389091492,0.85038161277771
frame_000198,198,6.566666666666666,0,2,315.12098693847656,37.25808095932007,0.8500267267227173
frame_000198,198,6.566666666666666,0,3,336.8944447835287,37.25808095932007,0.9742615222930908
frame_000198,198,6.566666666666666,0,4,315.89861043294275,41.92382216453552,0.6865290403366089
frame_000198,198,6.566666666666666,0,5,354.77978515625,65.2525281906128,0.8642305135726929
frame_000198,198,6.566666666666666,0,6,322.89722188313806,70.69589293003082,0.8157398700714111
frame_000198,198,6.566666666666666,0,7,348.5587972005208,106.4665755033493,0.8806687593460083
frame_000198,198,6.566666666666666,0,8,326.00771586100257,105.68895196914673,0.7131808996200562
frame_000198,198,6.566666666666666,0,9,314.3433634440104,103.356081366539,0.8225429654121399
frame_000198,198,6.566666666666666,0,10,309.6776224772135,106.4665755033493,0.6820379495620728
frame_000198,198,6.566666666666666,0,11,348.5587972005208,136.01626980304718,0.7175350785255432
frame_000198,198,6.566666666666666,0,12,327.56296284993493,136.01626980304718,0.7081472277641296
frame_000198,198,6.566666666666666,0,13,340.0049387613932,200.55902314186096,0.7722048759460449
frame_000198,198,6.566666666666666,0,14,323.67484537760413,196.67090547084808,0.7426392436027527
frame_000198,198,6.566666666666666,0,15,379.66373697916674,216.88911736011505,0.8562221527099609
frame_000198,198,6.566666666666666,0,16,329.89583333333337,255.77029407024384,0.8824784755706787
frame_000199,199,6.6,0,0,315.4337935447693,47.28859508037567,0.8920661807060242
frame_000199,199,6.6,0,1,320.1527428627014,43.35613751411438,0.8929966688156128
frame_000199,199,6.6,0,2,314.6473019917806,42.56964600086212,0.8671258687973022
frame_000199,199,6.6,0,3,336.66906547546387,44.14262902736664,0.9988715648651123
frame_000199,199,6.6,0,4,317.00677665074664,47.28859508037567,0.710525393486023
frame_000199,199,6.6,0,5,356.33135430018103,71.66983199119568,0.8910524845123291
frame_000199,199,6.6,0,6,323.2987090746562,74.81579804420471,0.8670732975006104
frame_000199,199,6.6,0,7,353.97187964121497,113.35388219356537,0.9064114093780518
frame_000199,199,6.6,0,8,328.80414994557697,110.20791614055634,0.7453064918518066
frame_000199,199,6.6,0,9,319.3662513097127,112.56739068031311,0.7425183653831482
frame_000199,199,6.6,0,10,309.92835267384845,113.35388219356537,0.7111305594444275
frame_000199,199,6.6,0,11,347.67994721730554,145.60003423690796,0.7741694450378418
frame_000199,199,6.6,0,12,326.4446752866109,145.60003423690796,0.7670829892158508
frame_000199,199,6.6,0,13,334.3095908164978,206.9463722705841,0.7744961977005005
frame_000199,199,6.6,0,14,318.57975975672406,204.58689773082733,0.7719568014144897
frame_000199,199,6.6,0,15,374.4206600189209,210.09233832359314,0.8609344959259033
frame_000199,199,6.6,0,16,331.16362460454303,258.85481214523315,0.8874414563179016
frame_000200,200,6.633333333333333,0,0,314.62662267684937,53.41986584663391,0.9116753339767456
frame_000200,200,6.633333333333333,0,1,319.3644380569458,49.471686363220215,0.9193757772445679
frame_000200,200,6.633333333333333,0,2,314.62662267684937,48.682050466537476,0.8972522020339966
frame_000200,200,6.633333333333333,0,3,335.1571559906006,50.261322259902954,1.0422217845916748
frame_000200,200,6.633333333333333,0,4,316.20589447021484,53.41986584663391,0.7370880842208862
frame_000200,200,6.633333333333333,0,5,355.6876893043518,77.89857864379883,0.8701951503753662
frame_000200,200,6.633333333333333,0,6,322.52298164367676,81.05712223052979,0.8725082874298096
frame_000200,200,6.633333333333333,0,7,358.84623289108276,119.74928116798401,0.8937374353408813
frame_000200,200,6.633333333333333,0,8,324.891889333725,114.22182989120483,0.7382379770278931
frame_000200,200,6.633333333333333,0,9,326.47116112709045,126.06636834144592,0.6659019589424133
frame_000200,200,6.633333333333333,0,10,304.36135601997375,116.59073758125305,0.7975686192512512
frame_000200,200,6.633333333333333,0,11,346.21205854415894,152.91398882865906,0.7611037492752075
frame_000200,200,6.633333333333333,0,12,324.891889333725,152.91398882865906,0.7560390830039978
frame_000200,200,6.633333333333333,0,13,326.47116112709045,208.97813749313354,0.7213301658630371
frame_000200,200,6.633333333333333,0,14,314.62662267684937,206.60922980308533,0.7645266056060791
frame_000200,200,6.633333333333333,0,15,368.32186365127563,205.02995800971985,0.8226008415222168
frame_000200,200,6.633333333333333,0,16,335.1571559906006,260.3044707775116,0.8270193934440613
frame_000201,201,6.666666666666667,0,0,312.7812695503235,59.28164625167847,0.938035249710083
frame_000201,201,6.666666666666667,0,1,318.19698429107666,54.6396050453186,0.9555426836013794
frame_000201,201,6.666666666666667,0,2,312.0075960159302,54.6396050453186,0.9688642024993896
frame_000201,201,6.666666666666667,0,3,332.89678144454956,55.413278579711914,1.036985158920288
frame_000201,201,6.666666666666667,0,4,315.1022901535034,58.507972717285156,0.7442330718040466
frame_000201,201,6.666666666666667,0,5,355.33331394195557,83.2655258178711,0.8978060483932495
frame_000201,201,6.666666666666667,0,6,318.97065782546997,85.58654642105103,0.8863962888717651
frame_000201,201,6.666666666666667,0,7,363.843722820282,123.49654960632324,0.9178604483604431
frame_000201,201,6.666666666666667,0,8,321.2916784286499,117.30716133117676,0.7897175550460815
frame_000201,201,6.666666666666667,0,9,332.89678144454956,133.55430555343628,0.6973581314086914
frame_000201,201,6.666666666666667,0,10,298.0814723968506,118.08083486557007,0.8336396217346191
frame_000201,201,6.666666666666667,0,11,343.7282109260559,157.5381851196289,0.736740231513977
frame_000201,201,6.666666666666667,0,12,321.2916784286499,156.7645115852356,0.7311632633209229
frame_000201,201,6.666666666666667,0,13,315.1022901535034,208.6006383895874,0.6787072420120239
frame_000201,201,6.666666666666667,0,14,311.23392248153687,211.69533252716064,0.7077495455741882
frame_000201,201,6.666666666666667,0,15,361.52270221710205,206.27961778640747,0.7471164464950562
frame_000201,201,6.666666666666667,0,16,341.407190322876,260.4367651939392,0.739232063293457
frame_000202,202,6.7,0,0,311.8768800099691,59.85097694396973,0.9687077403068542
frame_000202,202,6.7,0,1,316.46588834126794,56.02680313587189,0.9984208941459656
frame_000202,202,6.7,0,2,310.34721056620276,56.02680313587189,0.9915173053741455
frame_000202,202,6.7,0,3,331.76258277893066,57.55647265911102,1.0196278095245361
frame_000202,202,6.7,0,4,313.40654945373535,59.85097694396973,0.7389551401138306
frame_000202,202,6.7,0,5,355.4724591573079,83.56085455417633,0.9105362892150879
frame_000202,202,6.7,0,6,316.46588834126794,85.85535883903503,0.9140967726707458
frame_000202,202,6.7,0,7,370.00431887308764,124.09709692001343,0.9917892813682556
frame_000202,202,6.7,0,8,314.9362188975016,121.80259263515472,0.8528929352760315
frame_000202,202,6.7,0,9,343.99993832906085,137.86412262916565,0.7369840741157532
frame_000202,202,6.7,0,10,294.28568140665686,117.97841882705688,0.8703283071517944
frame_000202,202,6.7,0,11,342.4702688852946,159.27949595451355,0.7398401498794556
frame_000202,202,6.7,0,12,321.05489667256677,159.27949595451355,0.7416542172431946
frame_000202,202,6.7,0,13,314.1713841756185,208.99375545978546,0.6883419752120972
frame_000202,202,6.7,0,14,317.9955577850342,212.8179292678833,0.6928018927574158
frame_000202,202,6.7,0,15,355.4724591573079,209.75859022140503,0.7562088370323181
frame_000202,202,6.7,0,16,347.05927721659344,258.7080149650574,0.7280857563018799
frame_000203,203,6.733333333333333,0,0,310.9968897501627,55.84704661369324,1.0024784803390503
frame_000203,203,6.733333333333333,0,1,316.32461738586426,51.28042268753052,1.04867422580719
frame_000203,203,6.733333333333333,0,2,309.47468185424805,51.28042268753052,1.0034446716308594
frame_000203,203,6.733333333333333,0,3,330.7855923970541,54.324838638305664,1.0385520458221436
frame_000203,203,6.733333333333333,0,4,313.2802015940348,55.84704661369324,0.7221511006355286
frame_000203,203,6.733333333333333,0,5,356.6631266276042,80.9634782075882,0.9079111218452454
frame_000203,203,6.733333333333333,0,6,314.8024094899496,82.48568618297577,0.9494972229003906
frame_000203,203,6.733333333333333,0,7,376.45182927449537,116.73536562919617,1.0050994157791138
frame_000203,203,6.733333333333333,0,8,308.71357790629065,120.5408855676651,0.946082353591919
frame_000203,203,6.733333333333333,0,9,350.5742950439453,135.76296532154083,0.8473513126373291
frame_000203,203,6.733333333333333,0,10,291.2081871032715,112.16874170303345,0.8928633332252502
frame_000203,203,6.733333333333333,0,11,342.96325556437176,157.07387697696686,0.7891138792037964
frame_000203,203,6.733333333333333,0,12,323.93565686543786,157.83498096466064,0.7734666466712952
frame_000203,203,6.733333333333333,0,13,309.47468185424805,199.6957002878189,0.7856324911117554
frame_000203,203,6.733333333333333,0,14,328.502280553182,214.91778004169464,0.746972918510437
frame_000203,203,6.733333333333333,0,15,352.8576068878174,210.35115611553192,0.8511888980865479
frame_000203,203,6.733333333333333,0,16,354.3798147837321,257.5396033525467,0.7700749635696411
frame_000204,204,6.766666666666667,0,0,309.51468205451965,49.81102681159973,1.0028090476989746
frame_000204,204,6.766666666666667,0,1,314.9993152618408,45.109912633895874,1.0235090255737305
frame_000204,204,6.766666666666667,0,2,307.94764399528503,45.893431663513184,0.9960229992866516
frame_000204,204,6.766666666666667,0,3,330.669695854187,48.24398875236511,1.0774109363555908
frame_000204,204,6.766666666666667,0,4,311.8652391433716,50.59454584121704,0.7120836973190308
frame_000204,204,6.766666666666667,0,5,356.5258238315582,74.10011672973633,0.9200958609580994
frame_000204,204,6.766666666666667,0,6,312.6487581729889,78.01771187782288,0.9792050123214722
frame_000204,204,6.766666666666667,0,7,381.59843277931213,106.22439694404602,0.9887185096740723
frame_000204,204,6.766666666666667,0,8,305.5970869064331,115.62662529945374,0.967682957649231
frame_000204,204,6.766666666666667,0,9,356.5258238315582,127.37941074371338,0.8732620477676392
frame_000204,204,6.766666666666667,0,10,289.1431872844696,103.87383985519409,0.9247437715530396
frame_000204,204,6.766666666666667,0,11,343.20600032806396,153.2355387210846,0.8173849582672119
frame_000204,204,6.766666666666667,0,12,325.96858167648315,154.8025767803192,0.7948183417320251
frame_000204,204,6.766666666666667,0,13,309.51468205451965,196.32908535003662,0.71502286195755
frame_000204,204,6.766666666666667,0,14,340.85544323921204,209.64890885353088,0.7834233641624451
frame_000204,204,6.766666666666667,0,15,346.3400764465332,215.91706109046936,0.7681353092193604
frame_000204,204,6.766666666666667,0,16,362.7939760684967,253.52597451210022,0.8761980533599854
frame_000205,205,6.8,0,0,310.86540110905963,43.318734526634216,0.9362627267837524
frame_000205,205,6.8,0,1,316.48488998413086,38.50203001499176,0.9727655053138733
frame_000205,205,6.8,0,2,308.4570487340291,39.3048141002655,0.9483065605163574
frame_000205,205,6.8,0,3,330.93500423431396,40.91038227081299,1.0067853927612305
frame_000205,205,6.8,0,4,310.0626169840495,43.318734526634216,0.7387003898620605
frame_000205,205,6.8,0,5,356.6240962346395,67.4022570848465,0.8739964962005615
frame_000205,205,6.8,0,6,310.86540110905963,69.81060934066772,0.9487482309341431
frame_000205,205,6.8,0,7,386.32710886001587,94.69691598415375,0.9450743794441223
frame_000205,205,6.8,0,8,300.4292074839274,110.7525976896286,0.9405959844589233
frame_000205,205,6.8,0,9,365.45472160975135,115.56930220127106,0.9112952351570129
frame_000205,205,6.8,0,10,289.190229733785,94.69691598415375,0.8962234258651733
frame_000205,205,6.8,0,11,344.58233435948694,142.8639611005783,0.7862733602523804
frame_000205,205,6.8,0,12,325.31551535924274,145.27231335639954,0.7647514343261719
frame_000205,205,6.8,0,13,310.86540110905963,190.22822213172913,0.6788740158081055
frame_000205,205,6.8,0,14,346.1879026095072,200.66441524028778,0.7707030177116394
frame_000205,205,6.8,0,15,344.58233435948694,219.12844920158386,0.6985547542572021
frame_000205,205,6.8,0,16,367.86307398478186,248.0286762714386,0.823054850101471
frame_000206,206,6.833333333333333,0,0,311.0418791770935,38.131593346595764,0.9224895238876343
frame_000206,206,6.833333333333333,0,1,316.66519323984784,33.3116101026535,1.0008248090744019
frame_000206,206,6.833333333333333,0,2,308.6318874359131,33.3116101026535,0.9455561637878418
frame_000206,206,6.833333333333333,0,3,331.9284742673238,35.721601724624634,0.9873364567756653
frame_000206,206,6.833333333333333,0,4,310.2385485967,37.32826280593872,0.7273679971694946
frame_000206,206,6.833333333333333,0,5,356.02839167912805,61.428179025650024,0.8538565635681152
frame_000206,206,6.833333333333333,0,6,310.2385485967,65.44483172893524,0.9564652442932129
frame_000206,206,6.833333333333333,0,7,389.7682760556539,84.72476470470428,0.9427093267440796
frame_000206,206,6.833333333333333,0,8,298.1885898907979,104.00469768047333,0.9105107188224792
frame_000206,206,6.833333333333333,0,9,370.48834212621057,106.41468930244446,0.8992383480072021
frame_000206,206,6.833333333333333,0,10,288.54862292607623,87.13475632667542,0.897556722164154
frame_000206,206,6.833333333333333,0,11,344.7817635536194,139.35124146938324,0.7968091368675232
frame_000206,206,6.833333333333333,0,12,327.91182136535645,141.76123309135437,0.7775079011917114
frame_000206,206,6.833333333333333,0,13,313.4518709182739,188.3544044494629,0.7344598770141602
frame_000206,206,6.833333333333333,0,14,348.7984164555868,194.78104877471924,0.8370226621627808
frame_000206,206,6.833333333333333,0,15,341.56844123204553,231.73425364494324,0.7048665881156921
frame_000206,206,6.833333333333333,0,16,369.685011545817,240.57088959217072,0.8783667087554932
frame_000207,207,6.866666666666666,0,0,310.1773026784261,34.66893827915192,0.9537230730056763
frame_000207,207,6.866666666666666,0,1,315.76095962524414,29.882946848869324,1.0223674774169922
frame_000207,207,6.866666666666666,0,2,308.5819721221924,29.882946848869324,0.9948413968086243
frame_000207,207,6.866666666666666,0,3,331.71426518758136,33.07360780239105,0.9994969367980957
frame_000207,207,6.866666666666666,0,4,310.1773026784261,33.871273040771484,0.6854536533355713
frame_000207,207,6.866666666666666,0,5,358.03721936543786,58.59889543056488,0.8673665523529053
frame_000207,207,6.866666666666666,0,6,310.1773026784261,63.38488686084747,0.969933807849884
frame_000207,207,6.866666666666666,0,7,391.53916104634607,78.54052639007568,0.9438645243644714
frame_000207,207,6.866666666666666,0,8,296.61699295043945,100.07748782634735,0.9032335877418518
frame_000207,207,6.866666666666666,0,9,372.3951943715414,100.87515306472778,0.9043281078338623
frame_000207,207,6.866666666666666,0,10,288.6403401692708,85.71951353549957,0.886454701423645
frame_000207,207,6.866666666666666,0,11,346.86990547180176,136.77008879184723,0.8160686492919922
frame_000207,207,6.866666666666666,0,12,329.3212693532308,139.16308450698853,0.7946616411209106
frame_000207,207,6.866666666666666,0,13,322.9399471282959,185.4276683330536,0.7397569417953491
frame_000207,207,6.866666666666666,0,14,350.06056658426917,191.80899024009705,0.837988018989563
frame_000207,207,6.866666666666666,0,15,335.7025915781657,243.65723073482513,0.8148180246353149
frame_000207,207,6.866666666666666,0,16,373.990524927775,235.6805783510208,0.903510570526123
frame_000208,208,6.8999999999999995,0,0,311.63695335388184,35.24952507019043,0.9372533559799194
frame_000208,208,6.8999999999999995,0,1,316.3583679199219,29.74120807647705,0.9926465153694153
frame_000208,208,6.8999999999999995,0,2,310.06314849853516,29.74120807647705,0.9780125617980957
frame_000208,208,6.8999999999999995,0,3,332.883318901062,32.10191535949707,0.9958100318908691
frame_000208,208,6.8999999999999995,0,4,311.63695335388184,33.67572021484375,0.6665605306625366
frame_000208,208,6.8999999999999995,0,5,358.8510990142822,58.069695472717285,0.8477648496627808
frame_000208,208,6.8999999999999995,0,6,311.63695335388184,62.791110038757324,0.9399309158325195
frame_000208,208,6.8999999999999995,0,7,392.68790340423584,77.74225616455078,0.9286068677902222
frame_000208,208,6.8999999999999995,0,8,298.25961208343506,99.7755241394043,0.8811085224151611
frame_000208,208,6.8999999999999995,0,9,373.01534271240234,101.34932899475098,0.884903073310852
frame_000208,208,6.8999999999999995,0,10,289.6036853790283,87.9719877243042,0.8463431000709534
frame_000208,208,6.8999999999999995,0,11,347.83446502685547,135.1861333847046,0.7741347551345825
frame_000208,208,6.8999999999999995,0,12,328.161904335022,138.33374309539795,0.7607519030570984
frame_000208,208,6.8999999999999995,0,13,331.30951404571533,183.97408390045166,0.6949079632759094
frame_000208,208,6.8999999999999995,0,14,342.3261480331421,191.05620574951172,0.7102776765823364
frame_000208,208,6.8999999999999995,0,15,332.883318901062,250.86079025268555,0.7097488641738892
frame_000208,208,6.8999999999999995,0,16,376.94985485076904,229.61442470550537,0.7396889328956604
frame_000209,209,6.933333333333334,0,0,312.8691086769104,36.75517916679382,0.9226157665252686
frame_000209,209,6.933333333333334,0,1,318.3180796305339,31.306208074092865,0.9617998600006104
frame_000209,209,6.933333333333334,0,2,311.312259833018,32.08463251590729,0.9652657508850098
frame_000209,209,6.933333333333334,0,3,333.886568069458,33.64148139953613,0.9995788335800171
frame_000209,209,6.933333333333334,0,4,312.0906842549642,35.9767547249794,0.6771603226661682
frame_000209,209,6.933333333333334,0,5,358.7961495717367,60.1079124212265,0.8304783701896667
frame_000209,209,6.933333333333334,0,6,313.6475330988566,64.00003463029861,0.9197984337806702
frame_000209,209,6.933333333333334,0,7,394.6036729812622,81.12537235021591,0.9305567741394043
frame_000209,209,6.933333333333334,0,8,301.1927423477173,100.58598339557648,0.8688868880271912
frame_000209,209,6.933333333333334,0,9,372.02936474482215,105.25653004646301,0.8835441470146179
frame_000209,209,6.933333333333334,0,10,291.8516492843628,95.13701230287552,0.8555352687835693
frame_000209,209,6.933333333333334,0,11,348.6766320864359,135.6150832772255,0.7496440410614014
frame_000209,209,6.933333333333334,0,12,326.88074827194214,138.72878104448318,0.7353704571723938
frame_000209,209,6.933333333333334,0,13,331.5512948036194,190.10479420423508,0.706562876701355
frame_000209,209,6.933333333333334,0,14,338.55711460113525,194.7753408551216,0.7257938385009766
frame_000209,209,6.933333333333334,0,15,330.77287038167316,253.93559843301773,0.7382231950759888
frame_000209,209,6.933333333333334,0,16,379.035184542338,222.0201963186264,0.7281395792961121
frame_000210,210,6.966666666666667,0,0,314.8253707885742,40.590712547302246,0.9132509827613831
frame_000210,210,6.966666666666667,0,1,320.36632092793786,35.84132647514343,0.9371243715286255
frame_000210,210,6.966666666666667,0,2,313.2422421773275,36.632890820503235,0.9349037408828735
frame_000210,210,6.966666666666667,0,3,336.1976070404053,37.42445516586304,0.9992073774337769
frame_000210,210,6.966666666666667,0,4,314.8253707885742,39.799148201942444,0.6801872253417969
frame_000210,210,6.966666666666667,0,5,359.94453620910645,64.33764290809631,0.8497374057769775
frame_000210,210,6.966666666666667,0,6,315.61693509419763,67.50390028953552,0.9258525371551514
frame_000210,210,6.966666666666667,0,7,393.9818013509114,88.08457326889038,0.9220521450042725
frame_000210,210,6.966666666666667,0,8,306.11816342671716,103.91586017608643,0.8408654928207397
frame_000210,210,6.966666666666667,0,9,368.6517435709636,111.03993928432465,0.8990778923034668
frame_000210,210,6.966666666666667,0,10,295.03626314798987,103.12429583072662,0.8234220743179321
frame_000210,210,6.966666666666667,0,11,349.6542002360026,140.32782006263733,0.7783135175704956
frame_000210,210,6.966666666666667,0,12,328.2819639841715,143.49407744407654,0.7661322355270386
frame_000210,210,6.966666666666667,0,13,333.82291412353516,192.57106685638428,0.702886164188385
frame_000210,210,6.966666666666667,0,14,332.23978551228845,199.6951459646225,0.7056604027748108
frame_000210,210,6.966666666666667,0,15,329.0735282897949,258.27090752124786,0.5887253284454346
frame_000210,210,6.966666666666667,0,16,328.2819639841715,213.15173983573914,0.5576907992362976
frame_000211,211,7.0,0,0,314.9837188720703,44.371047496795654,0.9309549927711487
frame_000211,211,7.0,0,1,320.6401267051697,39.52269792556763,0.9499951004981995
frame_000211,211,7.0,0,2,313.36760234832764,39.52269792556763,0.9496085047721863
frame_000211,211,7.0,0,3,335.9932336807251,41.94687271118164,1.0062249898910522
frame_000211,211,7.0,0,4,315.79177713394165,44.371047496795654,0.7194498181343079
frame_000211,211,7.0,0,5,361.0430397987366,68.61279535293579,0.8597056269645691
frame_000211,211,7.0,0,6,316.599835395813,71.84502840042114,0.9350720643997192
frame_000211,211,7.0,0,7,389.3250789642334,98.5109510421753,0.9362657070159912
frame_000211,211,7.0,0,8,312.5595440864563,109.01570844650269,0.8280849456787109
frame_000211,211,7.0,0,9,361.0430397987366,118.71240758895874,0.8629671931266785
frame_000211,211,7.0,0,10,298.82255363464355,111.4398832321167,0.8309977054595947
frame_000211,211,7.0,0,11,350.5382823944092,145.3783302307129,0.7603809833526611
frame_000211,211,7.0,0,12,327.1045928001404,147.8025050163269,0.7512170076370239
frame_000211,211,7.0,0,13,331.9529423713684,199.51823377609253,0.7089076042175293
frame_000211,211,7.0,0,14,331.9529423713684,203.55852508544922,0.6872296333312988
frame_000211,211,7.0,0,15,331.9529423713684,263.3548364639282,0.6228291988372803
frame_000211,211,7.0,0,16,331.14488410949707,203.55852508544922,0.5279648303985596
frame_000212,212,7.033333333333333,0,0,314.4108786582947,48.21764397621155,0.9398453235626221
frame_000212,212,7.033333333333333,0,1,319.25912714004517,44.17743670940399,0.9407888650894165
frame_000212,212,7.033333333333333,0,2,313.60283724466956,44.17743670940399,0.9700543880462646
frame_000212,212,7.033333333333333,0,3,334.61191399892175,46.601561069488525,1.0082299709320068
frame_000212,212,7.033333333333333,0,4,316.8350028991699,49.02568542957306,0.7362464666366577
frame_000212,212,7.033333333333333,0,5,359.6611978212993,74.07497048377991,0.8865403532981873
frame_000212,212,7.033333333333333,0,6,317.64304431279504,77.30713629722595,0.9490505456924438
frame_000212,212,7.033333333333333,0,7,381.4783159891765,108.82075297832489,0.9664647579193115
frame_000212,212,7.033333333333333,0,8,316.8350028991699,112.86096024513245,0.86794513463974
frame_000212,212,7.033333333333333,0,9,351.5807836850484,124.1735405921936,0.7914962768554688
frame_000212,212,7.033333333333333,0,10,296.63396755854285,120.94137477874756,0.8514566421508789
frame_000212,212,7.033333333333333,0,11,351.5807836850484,148.41478419303894,0.7633808851242065
frame_000212,212,7.033333333333333,0,12,327.339541276296,150.03086709976196,0.7415978908538818
frame_000212,212,7.033333333333333,0,13,326.5314998626709,200.93747866153717,0.6936805844306946
frame_000212,212,7.033333333333333,0,14,330.57170693079627,206.59376883506775,0.6965633630752563
frame_000212,212,7.033333333333333,0,15,370.1657361984253,200.12943720817566,0.6421343088150024
frame_000212,212,7.033333333333333,0,16,337.84407965342206,265.58079493045807,0.5949342250823975
frame_000213,213,7.066666666666666,0,0,313.9682388305664,51.40119296312332,0.899726152420044
frame_000213,213,7.066666666666666,0,1,318.59579277038574,47.5448979139328,0.9397253394126892
frame_000213,213,7.066666666666666,0,2,312.42572085062665,47.5448979139328,0.9381296038627625
frame_000213,213,7.066666666666666,0,3,334.02097256978357,50.62993395328522,0.9797958135604858
frame_000213,213,7.066666666666666,0,4,316.2820158004761,52.94371098279953,0.7228571176528931
frame_000213,213,7.066666666666666,0,5,357.15874226888025,76.85274028778076,0.890685498714447
frame_000213,213,7.066666666666666,0,6,317.82453378041583,79.93777632713318,0.8593050241470337
frame_000213,213,7.066666666666666,0,7,372.58392206827796,116.95820879936218,0.9554288387298584
frame_000213,213,7.066666666666666,0,8,321.6808287302653,113.87317276000977,0.824959397315979
frame_000213,213,7.066666666666666,0,9,340.1910444895426,125.44205790758133,0.67742919921875
frame_000213,213,7.066666666666666,0,10,300.0855770111084,126.98457592725754,0.850591778755188
frame_000213,213,7.066666666666666,0,11,352.5311883290609,148.57982820272446,0.7379787564277649
frame_000213,213,7.066666666666666,0,12,328.6221596399943,150.12234622240067,0.7227597236633301
frame_000213,213,7.066666666666666,0,13,334.02097256978357,201.02544087171555,0.6702580451965332
frame_000213,213,7.066666666666666,0,14,310.111943880717,204.88173592090607,0.6519891023635864
frame_000213,213,7.066666666666666,0,15,344.81859842936194,265.0399386882782,0.6217125654220581
frame_000213,213,7.066666666666666,0,16,357.15874226888025,199.48292285203934,0.5673072338104248
frame_000214,214,7.1,0,0,312.2592183748881,51.224265933036804,0.931565523147583
frame_000214,214,7.1,0,1,317.96568632125854,47.65772366523743,0.9808272123336792
frame_000214,214,7.1,0,2,312.2592183748881,46.94441521167755,0.9683650135993958
frame_000214,214,7.1,0,3,332.94516468048096,50.51095747947693,0.974000096321106
frame_000214,214,7.1,0,4,315.1124523480733,51.93757438659668,0.7772467136383057
frame_000214,214,7.1,0,5,355.0577279726664,76.19006180763245,0.9115493893623352
frame_000214,214,7.1,0,6,318.67899481455487,81.18322098255157,0.8297100067138672
frame_000214,214,7.1,0,7,359.3375789324442,116.84864366054535,0.9094037413597107
frame_000214,214,7.1,0,8,322.2455372810364,114.70871829986572,0.7339403629302979
frame_000214,214,7.1,0,9,322.9588457743327,117.56195211410522,0.796592116355896
frame_000214,214,7.1,0,10,304.4128249486287,125.40834510326385,0.7322746515274048
frame_000214,214,7.1,0,11,350.77787701288855,151.08744943141937,0.7634557485580444
frame_000214,214,7.1,0,12,327.23869673411053,151.80075788497925,0.7548117637634277
frame_000214,214,7.1,0,13,340.078249613444,207.43881726264954,0.7326595187187195
frame_000214,214,7.1,0,14,302.98620796203613,197.45249891281128,0.5817745327949524
frame_000214,214,7.1,0,15,351.49118550618493,263.0768766403198,0.6948418617248535
frame_000214,214,7.1,0,16,352.2044939994812,200.30573272705078,0.628959059715271
frame_000215,215,7.133333333333333,0,0,311.9456217288971,46.72787523269653,0.995932936668396
frame_000215,215,7.133333333333333,0,1,317.25420594215393,42.0828640460968,0.9748520851135254
frame_000215,215,7.133333333333333,0,2,311.9456217288971,42.0828640460968,1.0691604614257812
frame_000215,215,7.133333333333333,0,3,332.51638555526733,45.400729179382324,1.0457662343978882
frame_000215,215,7.133333333333333,0,4,315.2634868621826,48.05502128601074,0.700218677520752
frame_000215,215,7.133333333333333,0,5,354.4142954349518,71.9436502456665,0.8891657590866089
frame_000215,215,7.133333333333333,0,6,318.58135199546814,77.25223445892334,0.83750319480896
frame_000215,215,7.133333333333333,0,7,349.10571122169495,113.08517789840698,0.9200772047042847
frame_000215,215,7.133333333333333,0,8,321.23564410209656,107.77659368515015,0.7181870937347412
frame_000215,215,7.133333333333333,0,9,313.2727677822113,103.79515552520752,0.8211960792541504
frame_000215,215,7.133333333333333,0,10,307.30061054229736,117.73018908500671,0.7321596145629883
frame_000215,215,7.133333333333333,0,11,351.09643030166626,146.9274022579193,0.7533330321311951
frame_000215,215,7.133333333333333,0,12,327.2078013420105,146.9274022579193,0.7353397011756897
frame_000215,215,7.133333333333333,0,13,350.43285727500916,205.9854016304016,0.8407678604125977
frame_000215,215,7.133333333333333,0,14,302.65559935569763,192.05036807060242,0.7334339022636414
frame_000215,215,7.133333333333333,0,15,357.7321605682373,258.40767073631287,0.8989648818969727
frame_000215,215,7.133333333333333,0,16,349.76928424835205,196.69537925720215,0.5648583173751831
frame_000216,216,7.166666666666667,0,0,311.88226997852325,42.09687554836273,1.0400094985961914
frame_000216,216,7.166666666666667,0,1,316.93257534503937,37.04657018184662,0.9647493958473206
frame_000216,216,7.166666666666667,0,2,311.25098180770874,37.04657018184662,1.0729172229766846
frame_000216,216,7.166666666666667,0,3,332.0834914445877,40.20301103591919,1.0364221334457397
frame_000216,216,7.166666666666667,0,4,315.0387108325958,42.728163719177246,0.599349856376648
frame_000216,216,7.166666666666667,0,5,351.02213656902313,67.97969055175781,0.8628009557723999
frame_000216,216,7.166666666666667,0,6,321.35159254074097,71.13613140583038,0.8543890714645386
frame_000216,216,7.166666666666667,0,7,338.39637315273285,105.85698080062866,0.8816885352134705
frame_000216,216,7.166666666666667,0,8,324.50803339481354,98.912810921669,0.7483543753623962
frame_000216,216,7.166666666666667,0,9,308.09454095363617,86.91833567619324,0.8985463380813599
frame_000216,216,7.166666666666667,0,10,310.6196936368942,111.53857433795929,0.8313646912574768
frame_000216,216,7.166666666666667,0,11,351.65342473983765,144.36555922031403,0.7721552848815918
frame_000216,216,7.166666666666667,0,12,328.2957624197006,143.7342710494995,0.7519294023513794
frame_000216,216,7.166666666666667,0,13,354.1785774230957,202.44407093524933,0.8411723971366882
frame_000216,216,7.166666666666667,0,14,303.67552375793457,187.293154835701,0.7257192730903625
frame_000216,216,7.166666666666667,0,15,363.6478999853134,253.57841277122498,0.9500985145568848
frame_000216,216,7.166666666666667,0,16,346.60311937332153,209.38824081420898,0.6991539001464844
frame_000217,217,7.2,0,0,311.05094718933105,37.514240980148315,0.9804927706718445
frame_000217,217,7.2,0,1,316.20714569091797,33.002567291259766,0.9346301555633545
frame_000217,217,7.2,0,2,311.6954720020294,32.3580424785614,1.019309639930725
frame_000217,217,7.2,0,3,331.6757411956787,34.93614172935486,1.0029484033584595
frame_000217,217,7.2,0,4,314.91809606552124,36.86971616744995,0.5888241529464722
frame_000217,217,7.2,0,5,350.3669607639313,63.295233488082886,0.8623143434524536
frame_000217,217,7.2,0,6,320.7188193798065,67.16238236427307,0.8485184907913208
frame_000217,217,7.2,0,7,331.6757411956787,99.38862299919128,0.8242793679237366
frame_000217,217,7.2,0,8,327.16406750679016,95.5214741230011,0.7193156480789185
frame_000217,217,7.2,0,9,305.89474868774414,74.89668011665344,0.9065625667572021
frame_000217,217,7.2,0,10,314.91809606552124,104.5448215007782,0.7576278448104858
frame_000217,217,7.2,0,11,351.01148557662964,139.34916138648987,0.7614619731903076
frame_000217,217,7.2,0,12,327.16406750679016,139.34916138648987,0.740561842918396
frame_000217,217,7.2,0,13,356.8122088909149,198.00091934204102,0.846764087677002
frame_000217,217,7.2,0,14,306.5392735004425,186.39947271347046,0.7812095284461975
frame_000217,217,7.2,0,15,368.4136555194855,248.27385473251343,0.9467461109161377
frame_000217,217,7.2,0,16,343.92171263694763,219.27023816108704,0.7836906909942627
frame_000218,218,7.233333333333333,0,0,311.47237141927087,34.078507244586945,0.9481633901596069
frame_000218,218,7.233333333333333,0,1,316.0623652140299,30.14422696828842,0.9689632654190063
frame_000218,218,7.233333333333333,0,2,311.47237141927087,30.14422696828842,0.9769894480705261
frame_000218,218,7.233333333333333,0,3,331.79948679606116,31.455653727054596,1.0385746955871582
frame_000218,218,7.233333333333333,0,4,314.095225016276,33.42279386520386,0.5666526556015015
frame_000218,218,7.233333333333333,0,5,350.15946197509766,60.96275579929352,0.8801685571670532
frame_000218,218,7.233333333333333,0,6,321.3080724080404,62.27418255805969,0.8528916835784912
frame_000218,218,7.233333333333333,0,7,327.2094930013021,94.40413814783096,0.8304166793823242
frame_000218,218,7.233333333333333,0,8,324.5866394042969,91.78128463029861,0.7183966636657715
frame_000218,218,7.233333333333333,0,9,305.57095082600915,64.89703607559204,0.9226027727127075
frame_000218,218,7.233333333333333,0,10,314.095225016276,99.64984518289566,0.7933223843574524
frame_000218,218,7.233333333333333,0,11,350.81517537434894,138.3369345664978,0.8159266710281372
frame_000218,218,7.233333333333333,0,12,327.2094930013021,138.3369345664978,0.8019722104072571
frame_000218,218,7.233333333333333,0,13,359.9951629638672,193.41685843467712,0.8278294801712036
frame_000218,218,7.233333333333333,0,14,310.1609446207682,183.58115774393082,0.8097484111785889
frame_000218,218,7.233333333333333,0,15,373.76514434814453,242.59536188840866,0.95703125
frame_000218,218,7.233333333333333,0,16,339.01233418782556,228.82538092136383,0.9092741012573242
frame_000219,219,7.266666666666667,0,0,313.1768728892008,31.96413505077362,0.9013597369194031
frame_000219,219,7.266666666666667,0,1,318.01112238566077,27.12988531589508,0.9072881937026978
frame_000219,219,7.266666666666667,0,2,312.3711646397909,27.12988531589508,1.0068994760513306
frame_000219,219,7.266666666666667,0,3,333.3195791244507,29.54701018333435,0.9424291849136353
frame_000219,219,7.266666666666667,0,4,312.3711646397909,32.769843339920044,0.668535053730011
frame_000219,219,7.266666666666667,0,5,350.23945236206055,57.74680030345917,0.8655965328216553
frame_000219,219,7.266666666666667,0,6,321.2339553833008,60.16392517089844,0.8203167915344238
frame_000219,219,7.266666666666667,0,7,326.06820487976074,90.78084015846252,0.8581236004829407
frame_000219,219,7.266666666666667,0,8,326.06820487976074,93.1979650259018,0.6735066175460815
frame_000219,219,7.266666666666667,0,9,305.92549864451087,59.358216881752014,0.9415305852890015
frame_000219,219,7.266666666666667,0,10,313.1768728892008,99.64363133907318,0.7256050109863281
frame_000219,219,7.266666666666667,0,11,349.4337441126506,127.843421459198,0.7598146200180054
frame_000219,219,7.266666666666667,0,12,326.8739131291708,128.64912974834442,0.7604687213897705
frame_000219,219,7.266666666666667,0,13,359.10224310557055,190.68866801261902,0.8114748001098633
frame_000219,219,7.266666666666667,0,14,314.78828938802087,185.04870998859406,0.768296480178833
frame_000219,219,7.266666666666667,0,15,379.2449493408203,235.80833220481873,0.8624821305274963
frame_000219,219,7.266666666666667,0,16,334.1252873738607,239.83687365055084,0.8279024958610535
frame_000220,220,7.3,0,0,313.119282245636,32.791126906871796,0.9269194602966309
frame_000220,220,7.3,0,1,318.11627356211346,28.50799137353897,0.9482161998748779
frame_000220,220,7.3,0,2,313.119282245636,28.50799137353897,0.9485963582992554
frame_000220,220,7.3,0,3,333.8211034138997,30.649559140205383,0.9819351434707642
frame_000220,220,7.3,0,4,314.5469940503438,34.21883875131607,0.6011338829994202
frame_000220,220,7.3,0,5,351.6675009727478,59.20379602909088,0.8768361806869507
frame_000220,220,7.3,0,6,323.8271207809448,62.05921971797943,0.82384192943573
frame_000220,220,7.3,0,7,328.8241120974223,91.32731252908707,0.8136686086654663
frame_000220,220,7.3,0,8,328.11025619506836,93.46888029575348,0.6862654685974121
frame_000220,220,7.3,0,9,306.6945791244507,64.91464340686798,0.8934630155563354
frame_000220,220,7.3,0,10,313.119282245636,98.46587175130844,0.7565840482711792
frame_000220,220,7.3,0,11,349.52593326568604,134.1586678624153,0.7623881101608276
frame_000220,220,7.3,0,12,328.8241120974223,135.5863797068596,0.7627698183059692
frame_000220,220,7.3,0,13,350.2397891680399,194.836421251297,0.7985485792160034
frame_000220,220,7.3,0,14,321.68555307388306,192.69485348463058,0.7579805850982666
frame_000220,220,7.3,0,15,381.64944887161255,226.24608182907104,0.8664498925209045
frame_000220,220,7.3,0,16,330.96567980448407,249.80332726240158,0.8885186314582825
frame_000221,221,7.333333333333333,0,0,315.20158672332764,38.41142022609711,0.8767575025558472
frame_000221,221,7.333333333333333,0,1,319.0955466429392,33.73866844177246,0.8935787677764893
frame_000221,221,7.333333333333333,0,2,313.64400275548303,33.73866844177246,0.9088438153266907
frame_000221,221,7.333333333333333,0,3,334.67138632138574,35.296252369880676,0.9829010963439941
frame_000221,221,7.333333333333333,0,4,315.20158672332764,38.41142022609711,0.6980370283126831
frame_000221,221,7.333333333333333,0,5,351.8048099676768,61.77517914772034,0.8574639558792114
frame_000221,221,7.333333333333333,0,6,324.5470905303955,66.44793093204498,0.8117956519126892
frame_000221,221,7.333333333333333,0,7,335.450178305308,98.3784014582634,0.7835406064987183
frame_000221,221,7.333333333333333,0,8,326.1046744982401,96.82081753015518,0.7090891599655151
frame_000221,221,7.333333333333333,0,9,308.19245886802673,75.01464253664017,0.8643589019775391
frame_000221,221,7.333333333333333,0,10,310.5288348197937,102.27236127853394,0.7734657526016235
frame_000221,221,7.333333333333333,0,11,350.24722599983215,134.98162376880646,0.7393074631690979
frame_000221,221,7.333333333333333,0,12,329.21984243392944,136.53920769691467,0.7367440462112427
frame_000221,221,7.333333333333333,0,13,342.4593061606089,198.06377285718918,0.801179826259613
frame_000221,221,7.333333333333333,0,14,322.9895065625509,194.16981303691864,0.7534857988357544
frame_000221,221,7.333333333333333,0,15,379.8413213888805,217.53357195854187,0.8483039736747742
frame_000221,221,7.333333333333333,0,16,329.9986344178518,255.69437819719315,0.8757230043411255
frame_000222,222,7.366666666666666,0,0,315.988005399704,43.61204791069031,0.860672652721405
frame_000222,222,7.366666666666666,0,1,320.68901085853577,39.69454336166382,0.8575367331504822
frame_000222,222,7.366666666666666,0,2,315.2045044898987,38.91104245185852,0.8506646156311035
frame_000222,222,7.366666666666666,0,3,335.5755281448364,41.261545181274414,0.9547106027603149
frame_000222,222,7.366666666666666,0,4,315.2045044898987,44.395548820495605,0.7002149224281311
frame_000222,222,7.366666666666666,0,5,354.3795499801636,67.90057611465454,0.876564621925354
frame_000222,222,7.366666666666666,0,6,324.60651540756226,71.03457975387573,0.8110365867614746
frame_000222,222,7.366666666666666,0,7,341.8435354232788,105.50861978530884,0.82212233543396
frame_000222,222,7.366666666666666,0,8,326.95701813697815,101.59111523628235,0.743427038192749
frame_000222,222,7.366666666666666,0,9,311.2869999408722,87.48809885978699,0.8378127813339233
frame_000222,222,7.366666666666666,0,10,308.152996301651,107.07562160491943,0.794217586517334
frame_000222,222,7.366666666666666,0,11,351.2455463409424,141.54966163635254,0.7406445741653442
frame_000222,222,7.366666666666666,0,12,329.30752086639404,141.54966163635254,0.737134575843811
frame_000222,222,7.366666666666666,0,13,334.7920272350311,201.87923169136047,0.7502859830856323
frame_000222,222,7.366666666666666,0,14,320.68901085853577,199.52872896194458,0.7561973333358765
frame_000222,222,7.366666666666666,0,15,374.7505736351013,212.84824442863464,0.8325995206832886
frame_000222,222,7.366666666666666,0,16,330.09102177619934,258.2912971973419,0.8927783966064453
frame_000223,223,7.3999999999999995,0,0,316.67403411865234,51.24821090698242,0.9168071746826172
frame_000223,223,7.3999999999999995,0,1,322.2180144786835,46.496227741241455,0.9368610382080078
frame_000223,223,7.3999999999999995,0,2,315.8820369243622,46.496227741241455,0.9128975868225098
frame_000223,223,7.3999999999999995,0,3,336.4739639759064,48.08022212982178,1.0459980964660645
frame_000223,223,7.3999999999999995,0,4,316.67403411865234,51.24821090698242,0.7606492042541504
frame_000223,223,7.3999999999999995,0,5,356.2738938331604,74.2161295413971,0.9115921258926392
frame_000223,223,7.3999999999999995,0,6,323.01001167297363,79.76010990142822,0.8826442956924438
frame_000223,223,7.3999999999999995,0,7,349.14591908454895,114.60798645019531,0.9181095957756042
frame_000223,223,7.3999999999999995,0,8,325.3860032558441,111.43999767303467,0.7239728569984436
frame_000223,223,7.3999999999999995,0,9,315.8820369243622,107.48001170158386,0.8147035837173462
frame_000223,223,7.3999999999999995,0,10,305.5860733985901,114.60798645019531,0.6870772838592529
frame_000223,223,7.3999999999999995,0,11,351.52191066741943,151.03985738754272,0.7932184934616089
frame_000223,223,7.3999999999999995,0,12,329.3459892272949,151.83185458183289,0.779404878616333
frame_000223,223,7.3999999999999995,0,13,328.55399203300476,204.89566659927368,0.7467058897018433
frame_000223,223,7.3999999999999995,0,14,317.4660313129425,204.10366940498352,0.7685742378234863
frame_000223,223,7.3999999999999995,0,15,368.1538517475128,208.06365537643433,0.8636757135391235
frame_000223,223,7.3999999999999995,0,16,332.51397800445557,261.1274673938751,0.8939900398254395
frame_000224,224,7.433333333333334,0,0,315.5054238637288,55.5738970041275,0.9217841625213623
frame_000224,224,7.433333333333334,0,1,320.24616559346515,50.83315551280975,0.9207101464271545
frame_000224,224,7.433333333333334,0,2,314.71530024210614,50.83315551280975,0.9366821050643921
frame_000224,224,7.433333333333334,0,3,335.2585144042969,53.99364984035492,1.0402655601501465
frame_000224,224,7.433333333333334,0,4,317.0856711069743,57.154144167900085,0.7500177025794983
frame_000224,224,7.433333333333334,0,5,355.80172856648767,80.06772804260254,0.9001922607421875
frame_000224,224,7.433333333333334,0,6,321.82641283671063,84.018345952034,0.8685367107391357
frame_000224,224,7.433333333333334,0,7,355.01160494486487,119.57390713691711,0.9103487133979797
frame_000224,224,7.433333333333334,0,8,321.0362892150879,116.41341280937195,0.7415229082107544
frame_000224,224,7.433333333333334,0,9,321.82641283671063,120.3640307188034,0.7361950874328613
frame_000224,224,7.433333333333334,0,10,301.28319867451984,120.3640307188034,0.7722151875495911
frame_000224,224,7.433333333333334,0,11,349.48073959350586,155.12946832180023,0.7386380434036255
frame_000224,224,7.433333333333334,0,12,327.35727818806964,155.12946832180023,0.738205075263977
frame_000224,224,7.433333333333334,0,13,317.0856711069743,203.327006816864,0.6813833713531494
frame_000224,224,7.433333333333334,0,14,316.29554748535156,208.85787189006805,0.7345747351646423
frame_000224,224,7.433333333333334,0,15,362.12271753946936,207.27762472629547,0.7406447529792786
frame_000224,224,7.433333333333334,0,16,336.83876164754236,261.7961518764496,0.8107404708862305
frame_000225,225,7.466666666666667,0,0,314.49867963790894,59.093688011169434,0.9477104544639587
frame_000225,225,7.466666666666667,0,1,319.13715076446533,54.45521700382233,0.9671094417572021
frame_000225,225,7.466666666666667,0,2,312.9525225957235,54.45521700382233,0.9732961654663086
frame_000225,225,7.466666666666667,0,3,333.0525641441345,56.77445250749588,0.9664381742477417
frame_000225,225,7.466666666666667,0,4,315.2717581590017,58.320609509944916,0.7602152228355408
frame_000225,225,7.466666666666667,0,5,356.2449197769165,82.28604304790497,0.9044362306594849
frame_000225,225,7.466666666666667,0,6,319.13715076446533,85.37835705280304,0.8894392251968384
frame_000225,225,7.466666666666667,0,7,363.97570498784376,122.4861251115799,0.9328033924102783
frame_000225,225,7.466666666666667,0,8,317.5909937222799,118.6207326054573,0.8439379930496216
frame_000225,225,7.466666666666667,0,9,336.9179567495982,131.7630671262741,0.6464806795120239
frame_000225,225,7.466666666666667,0,10,296.7178736527761,120.93996810913086,0.8471709489822388
frame_000225,225,7.466666666666667,0,11,349.2872130870819,154.95542216300964,0.7245174646377563
frame_000225,225,7.466666666666667,0,12,326.8679359753927,154.95542216300964,0.7289002537727356
frame_000225,225,7.466666666666667,0,13,317.5909937222799,204.43244624137878,0.6230220794677734
frame_000225,225,7.466666666666667,0,14,317.5909937222799,209.0709172487259,0.680033802986145
frame_000225,225,7.466666666666667,0,15,357.0179982980092,209.8439957499504,0.7216138243675232
frame_000225,225,7.466666666666667,0,16,343.8756634394328,260.8671768307686,0.7402482032775879
frame_000226,226,7.5,0,0,311.21401468912757,57.22805815935135,0.9668927192687988
frame_000226,226,7.5,0,1,315.84903971354163,52.593033254146576,0.997423529624939
frame_000226,226,7.5,0,2,309.66900634765625,53.36553740501404,0.990476131439209
frame_000226,226,7.5,0,3,331.2991231282552,55.683049857616425,1.0026768445968628
frame_000226,226,7.5,0,4,313.5315272013346,58.00056231021881,0.7427199482917786
frame_000226,226,7.5,0,5,355.2467524210612,81.17568683624268,0.9090273380279541
frame_000226,226,7.5,0,6,316.62154388427734,84.26570343971252,0.9126996994018555
frame_000226,226,7.5,0,7,371.4693400065105,120.57339853048325,0.9671120643615723
frame_000226,226,7.5,0,8,312.759023030599,121.34590268135071,0.8842388987541199
frame_000226,226,7.5,0,9,345.9767023722331,136.0234815478325,0.7258819341659546
frame_000226,226,7.5,0,10,292.6739145914713,116.71087777614594,0.8643553256988525
frame_000226,226,7.5,0,11,345.9767023722331,156.1085894703865,0.7342509627342224
frame_000226,226,7.5,0,12,325.89159393310547,156.1085894703865,0.7274483442306519
frame_000226,226,7.5,0,13,313.5315272013346,199.3688219189644,0.6562403440475464
frame_000226,226,7.5,0,14,325.89159393310547,210.95638418197632,0.6687051057815552
frame_000226,226,7.5,0,15,352.9292399088542,210.95638418197632,0.7741560339927673
frame_000226,226,7.5,0,16,351.3842315673828,258.0791373848915,0.7430346012115479
frame_000227,227,7.533333333333333,0,0,310.27927684783936,50.95833206176758,0.968414306640625
frame_000227,227,7.533333333333333,0,1,315.78173089027405,47.0280077457428,1.002408504486084
frame_000227,227,7.533333333333333,0,2,309.4932119846344,47.0280077457428,0.9730109572410583
frame_000227,227,7.533333333333333,0,3,330.7169632911682,50.95833206176758,1.014359951019287
frame_000227,227,7.533333333333333,0,4,312.6374714374542,52.53046178817749,0.7251440286636353
frame_000227,227,7.533333333333333,0,5,355.8710389137268,76.11240768432617,0.9058067798614502
frame_000227,227,7.533333333333333,0,6,314.20960116386414,79.256667137146,0.9473846554756165
frame_000227,227,7.533333333333333,0,7,378.66691994667053,109.91319680213928,0.9783467054367065
frame_000227,227,7.533333333333333,0,8,307.13501739501953,116.98778057098389,0.9673997163772583
frame_000227,227,7.533333333333333,0,9,354.2989091873169,131.92301297187805,0.8408812880516052
frame_000227,227,7.533333333333333,0,10,290.62765526771545,108.34106707572937,0.911219596862793
frame_000227,227,7.533333333333333,0,11,344.8661308288574,153.14676427841187,0.8018897771835327
frame_000227,227,7.533333333333333,0,12,327.5727038383484,153.14676427841187,0.7693249583244324
frame_000227,227,7.533333333333333,0,13,310.27927684783936,190.87787771224976,0.7081968784332275
frame_000227,227,7.533333333333333,0,14,334.647287607193,208.1713047027588,0.6899659633636475
frame_000227,227,7.533333333333333,0,15,347.2243254184723,210.52949929237366,0.7020682096481323
frame_000227,227,7.533333333333333,0,16,357.4431686401367,254.5491316318512,0.7747285962104797
frame_000228,228,7.566666666666666,0,0,311.47466309865314,46.144617795944214,0.956011950969696
frame_000228,228,7.566666666666666,0,1,317.0742416381836,41.34497928619385,0.9820786714553833
frame_000228,228,7.566666666666666,0,2,309.8747835159302,42.14491903781891,0.9751192331314087
frame_000228,228,7.566666666666666,0,3,331.47315788269043,43.74479854106903,1.0063414573669434
frame_000228,228,7.566666666666666,0,4,311.47466309865314,46.144617795944214,0.7438380718231201
frame_000228,228,7.566666666666666,0,5,356.2712914148966,68.54293084144592,0.8869949579238892
frame_000228,228,7.566666666666666,0,6,313.07454268137616,73.34256935119629,0.9589481353759766
frame_000228,228,7.566666666666666,0,7,384.2691841125488,96.54082214832306,0.9540088176727295
frame_000228,228,7.566666666666666,0,8,303.47526518503827,112.53961718082428,0.9487249255180359
frame_000228,228,7.566666666666666,0,9,365.07062911987305,121.33895444869995,0.9182232022285461
frame_000228,228,7.566666666666666,0,10,289.07634894053143,98.14070165157318,0.9004629850387573
frame_000228,228,7.566666666666666,0,11,346.6720139185587,144.53720724582672,0.793304443359375
frame_000228,228,7.566666666666666,0,12,328.27339871724445,146.13708674907684,0.7649663686752319
frame_000228,228,7.566666666666666,0,13,308.2749039332072,186.1340743303299,0.6823217272758484
frame_000228,228,7.566666666666666,0,14,343.4722547531128,202.13286936283112,0.7640690803527832
frame_000228,228,7.566666666666666,0,15,341.8723751703898,214.13196563720703,0.72261643409729
frame_000228,228,7.566666666666666,0,16,365.8705689112345,251.7291339635849,0.8397119045257568
frame_000229,229,7.6,0,0,310.98326873779297,40.839813232421875,0.9097194671630859
frame_000229,229,7.6,0,1,316.63586807250977,36.802242279052734,0.9387516975402832
frame_000229,229,7.6,0,2,309.3682403564453,36.802242279052734,0.8971645832061768
frame_000229,229,7.6,0,3,332.7861518859863,38.41727066040039,0.9475334286689758
frame_000229,229,7.6,0,4,311.7907829284668,40.03229904174805,0.7203332781791687
frame_000229,229,7.6,0,5,356.20406341552734,63.45021057128906,0.8375627994537354
frame_000229,229,7.6,0,6,311.7907829284668,67.4877815246582,0.930070161819458
frame_000229,229,7.6,0,7,389.3121452331543,86.86812210083008,0.9150800704956055
frame_000229,229,7.6,0,8,300.4855842590332,107.05597686767578,0.9013820886611938
frame_000229,229,7.6,0,9,372.3543472290039,111.09354782104492,0.9132063388824463
frame_000229,229,7.6,0,10,290.79541397094727,90.09817886352539,0.8482823371887207
frame_000229,229,7.6,0,11,347.32140731811523,136.93400192260742,0.763600766658783
frame_000229,229,7.6,0,12,327.94106674194336,140.16405868530273,0.7363402843475342
frame_000229,229,7.6,0,13,308.5607261657715,177.30971145629883,0.718780517578125
frame_000229,229,7.6,0,14,344.89886474609375,199.1125946044922,0.7895693778991699
frame_000229,229,7.6,0,15,336.01620864868164,228.99061965942383,0.7678202390670776
frame_000229,229,7.6,0,16,369.1242904663086,244.33338928222656,0.8418129086494446
frame_000230,230,7.633333333333333,0,0,311.35687462488806,36.87724268436432,0.9435895085334778
frame_000230,230,7.633333333333333,0,1,316.9731569290161,32.06328618526459,1.0072684288024902
frame_000230,230,7.633333333333333,0,2,309.7522225379944,32.06328618526459,0.99574214220047
frame_000230,230,7.633333333333333,0,3,332.21735175450647,34.47026443481445,0.9910136461257935
frame_000230,230,7.633333333333333,0,4,311.35687462488806,36.07491660118103,0.7307419776916504
frame_000230,230,7.633333333333333,0,5,357.08945910135907,60.14469909667969,0.8622188568115234
frame_000230,230,7.633333333333333,0,6,311.35687462488806,65.76098167896271,0.962510347366333
frame_000230,230,7.633333333333333,0,7,391.589478969574,79.40052509307861,0.9395761489868164
frame_000230,230,7.633333333333333,0,8,297.7173318862915,101.8656554222107,0.8991674780845642
frame_000230,230,7.633333333333333,0,9,373.93830601374316,105.07495975494385,0.91624915599823
frame_000230,230,7.633333333333333,0,10,288.8917454083761,88.22611200809479,0.8677308559417725
frame_000230,230,7.633333333333333,0,11,346.65922053654987,137.1680030822754,0.7994238138198853
frame_000230,230,7.633333333333333,0,12,328.2057215372721,139.57498133182526,0.7701210975646973
frame_000230,230,7.633333333333333,0,13,313.76385275522864,182.90058982372284,0.7651207447052002
frame_000230,230,7.633333333333333,0,14,346.65922053654987,195.73780715465546,0.8131113052368164
frame_000230,230,7.633333333333333,0,15,331.41502571105957,238.26108956336975,0.8410249948501587
frame_000230,230,7.633333333333333,0,16,372.33365392684937,238.26108956336975,0.9102240204811096
frame_000231,231,7.666666666666667,0,0,312.02964719136554,35.23274505138397,0.9393524527549744
frame_000231,231,7.666666666666667,0,1,317.5343687534332,30.51441216468811,0.9870750904083252
frame_000231,231,7.666666666666667,0,2,311.2432583967845,30.51441216468811,0.9736090898513794
frame_000231,231,7.666666666666667,0,3,333.2621446450551,32.87357860803604,0.9985224604606628
frame_000231,231,7.666666666666667,0,4,312.02964719136554,34.44635623693466,0.6853963136672974
frame_000231,231,7.666666666666667,0,5,359.2129748662313,58.03802067041397,0.8449471592903137
frame_000231,231,7.666666666666667,0,6,312.81603598594666,62.75635355710983,0.9310387372970581
frame_000231,231,7.666666666666667,0,7,394.6004706223806,76.12496340274811,0.9032567739486694
frame_000231,231,7.666666666666667,0,8,299.44742647806805,98.9302390217781,0.8451608419418335
frame_000231,231,7.666666666666667,0,9,375.7271395524343,101.28940546512604,0.886015772819519
frame_000231,231,7.666666666666667,0,10,291.5835385322571,91.85273969173431,0.8203198909759521
frame_000231,231,7.666666666666667,0,11,348.20353174209595,134.31773567199707,0.7742438912391663
frame_000231,231,7.666666666666667,0,12,326.9710342884064,136.676902115345,0.7532845735549927
frame_000231,231,7.666666666666667,0,13,329.33020067214966,183.86023098230362,0.6931828856468201
frame_000231,231,7.666666666666667,0,14,333.2621446450551,191.72411912679672,0.7213854193687439
frame_000231,231,7.666666666666667,0,15,323.0390903155009,246.77133613824844,0.6366952657699585
frame_000231,231,7.666666666666667,0,16,374.94075075785315,231.04355984926224,0.7105591893196106
frame_000232,232,7.7,0,0,314.1407470703125,36.149139404296875,0.9504514932632446
frame_000232,232,7.7,0,1,318.7341766357422,31.555709838867188,1.0125031471252441
frame_000232,232,7.7,0,2,312.60960388183594,31.555709838867188,0.9834165573120117
frame_000232,232,7.7,0,3,334.8111801147461,33.85242462158203,1.0129247903823853
frame_000232,232,7.7,0,4,314.9063186645508,36.149139404296875,0.666438639163971
frame_000232,232,7.7,0,5,360.0750427246094,59.11628723144531,0.8393426537513733
frame_000232,232,7.7,0,6,315.67189025878906,64.47528839111328,0.9378299713134766
frame_000232,232,7.7,0,7,396.0569076538086,79.7867202758789,0.9382422566413879
frame_000232,232,7.7,0,8,302.6571731567383,100.4571533203125,0.8676999807357788
frame_000232,232,7.7,0,9,373.85533142089844,103.51943969726562,0.9131540060043335
frame_000232,232,7.7,0,10,292.7047424316406,95.86372375488281,0.8648378849029541
frame_000232,232,7.7,0,11,348.59146881103516,137.20458984375,0.7735978364944458
frame_000232,232,7.7,0,12,327.92103576660156,139.50130462646484,0.7574781179428101
frame_000232,232,7.7,0,13,330.9833221435547,191.56017303466797,0.7187955379486084
frame_000232,232,7.7,0,14,331.74889373779297,193.8568878173828,0.7108920216560364
frame_000232,232,7.7,0,15,323.3276062011719,251.2747573852539,0.6165167689323425
frame_000232,232,7.7,0,16,376.1520462036133,220.65189361572266,0.6226304769515991
frame_000233,233,7.733333333333333,0,0,316.13863706588745,40.92992424964905,0.9352068901062012
frame_000233,233,7.733333333333333,0,1,320.852219581604,36.216341733932495,0.9760036468505859
frame_000233,233,7.733333333333333,0,2,313.7818458080292,37.001938819885254,0.958246111869812
frame_000233,233,7.733333333333333,0,3,337.34975838661194,37.001938819885254,1.0291404724121094
frame_000233,233,7.733333333333333,0,4,315.3530399799347,40.14432716369629,0.682894229888916
frame_000233,233,7.733333333333333,0,5,360.9176709651947,63.71223974227905,0.8587692975997925
frame_000233,233,7.733333333333333,0,6,316.9242341518402,67.64022517204285,0.9384676218032837
frame_000233,233,7.733333333333333,0,7,393.91274857521057,88.06574940681458,0.9298046827316284
frame_000233,233,7.733333333333333,0,8,305.9258749485016,103.77769112586975,0.8537497520446777
frame_000233,233,7.733333333333333,0,9,367.98804473876953,110.06246781349182,0.9133298993110657
frame_000233,233,7.733333333333333,0,10,295.7131128311157,103.77769112586975,0.81992506980896
frame_000233,233,7.733333333333333,0,11,349.9193117618561,140.7007541656494,0.7899644374847412
frame_000233,233,7.733333333333333,0,12,327.92259335517883,143.84314250946045,0.7708306312561035
frame_000233,233,7.733333333333333,0,13,330.2793846130371,191.76456475257874,0.6982976794242859
frame_000233,233,7.733333333333333,0,14,327.92259335517883,198.83493852615356,0.7037577629089355
frame_000233,233,7.733333333333333,0,15,323.2090108394623,209.8332977294922,0.6303356885910034
frame_000233,233,7.733333333333333,0,16,322.4234137535095,258.54031705856323,0.5930172801017761
frame_000234,234,7.766666666666667,0,0,316.8371744155884,45.003512382507324,0.936402440071106
frame_000234,234,7.766666666666667,0,1,322.42030787467957,40.21796941757202,0.9602582454681396
frame_000234,234,7.766666666666667,0,2,315.2419934272766,41.015559911727905,0.9413101673126221
frame_000234,234,7.766666666666667,0,3,337.57452726364136,42.61074090003967,1.009521245956421
frame_000234,234,7.766666666666667,0,4,318.43235540390015,45.80110287666321,0.7017046213150024
frame_000234,234,7.766666666666667,0,5,363.09742307662964,68.93122720718384,0.8792053461074829
frame_000234,234,7.766666666666667,0,6,318.43235540390015,72.12158918380737,0.9500681757926941
frame_000234,234,7.766666666666667,0,7,389.4179093837738,100.0372564792633,0.9238259792327881
frame_000234,234,7.766666666666667,0,8,309.6588599681854,108.81075191497803,0.861222505569458
frame_000234,234,7.766666666666667,0,9,359.1094706058502,115.1914758682251,0.8654300570487976
frame_000234,234,7.766666666666667,0,10,296.8974120616913,111.20352339744568,0.8418960571289062
frame_000234,234,7.766666666666667,0,11,350.3359751701355,147.09509563446045,0.7764332294464111
frame_000234,234,7.766666666666667,0,12,327.20585083961487,148.69027662277222,0.7571358680725098
frame_000234,234,7.766666666666667,0,13,328.00344133377075,196.54570627212524,0.6722676753997803
frame_000234,234,7.766666666666667,0,14,325.6106698513031,205.31920170783997,0.6708050966262817
frame_000234,234,7.766666666666667,0,15,371.0733280181885,201.33124923706055,0.6516491174697876
frame_000234,234,7.766666666666667,0,16,324.8130793571472,268.3288507461548,0.6120076179504395
frame_000235,235,7.8,0,0,316.9972434043884,52.37119281291962,0.9622980356216431
frame_000235,235,7.8,0,1,321.7718434333801,47.59659254550934,0.9662575721740723
frame_000235,235,7.8,0,2,315.40571006139123,47.59659254550934,0.9891824722290039
frame_000235,235,7.8,0,3,336.8914101918538,49.18812596797943,0.9762222170829773
frame_000235,235,7.8,0,4,318.5887767473856,51.57542610168457,0.7607781291007996
frame_000235,235,7.8,0,5,362.35594367980957,75.44842743873596,0.8844502568244934
frame_000235,235,7.8,0,6,319.3845434188843,78.63149428367615,0.9336014986038208
frame_000235,235,7.8,0,7,380.6585771242778,112.0536961555481,0.9316132068634033
frame_000235,235,7.8,0,8,311.4268767038981,115.23676300048828,0.9164035320281982
frame_000235,235,7.8,0,9,350.4194436073303,118.41982984542847,0.7601724863052368
frame_000235,235,7.8,0,10,293.9200099309286,118.41982984542847,0.8712141513824463
frame_000235,235,7.8,0,11,351.2152102788289,149.45473158359528,0.7502539157867432
frame_000235,235,7.8,0,12,326.5464434623718,151.04626500606537,0.7339881062507629
frame_000235,235,7.8,0,13,320.9760767618815,198.79226768016815,0.6479410529136658
frame_000235,235,7.8,0,14,320.9760767618815,208.3414682149887,0.6531184911727905
frame_000235,235,7.8,0,15,363.9474770228069,199.5880343914032,0.6963076591491699
frame_000235,235,7.8,0,16,328.9337434768677,264.04513800144196,0.6760819554328918
frame_000236,236,7.833333333333333,0,0,316.10133481025696,56.27358651161194,0.9506572484970093
frame_000236,236,7.833333333333333,0,1,320.8349931240082,51.53992819786072,0.9704169034957886
frame_000236,236,7.833333333333333,0,2,314.5234487056732,51.53992819786072,0.9641187191009521
frame_000236,236,7.833333333333333,0,3,335.8249111175537,53.11781430244446,0.945286750793457
frame_000236,236,7.833333333333333,0,4,317.6792209148407,55.48464345932007,0.7559438943862915
frame_000236,236,7.833333333333333,0,5,360.2821457386017,79.15293502807617,0.9057859182357788
frame_000236,236,7.833333333333333,0,6,318.46816396713257,82.30870723724365,0.9132136702537537
frame_000236,236,7.833333333333333,0,7,375.2720637321472,117.02220153808594,0.9267329573631287
frame_000236,236,7.833333333333333,0,8,312.9455626010895,118.60008764266968,0.8767366409301758
frame_000236,236,7.833333333333333,0,9,342.92539858818054,119.38903069496155,0.7331439852714539
frame_000236,236,7.833333333333333,0,10,294.0109293460846,123.3337459564209,0.8479903936386108
frame_000236,236,7.833333333333333,0,11,350.0258860588074,154.8914680480957,0.7378805875778198
frame_000236,236,7.833333333333333,0,12,325.5686514377594,154.8914680480957,0.7289636135101318
frame_000236,236,7.833333333333333,0,13,322.4128792285919,203.80593729019165,0.6454300880432129
frame_000236,236,7.833333333333333,0,14,310.57873344421387,207.750652551651,0.6195570230484009
frame_000236,236,7.833333333333333,0,15,365.0158040523529,196.70544981956482,0.5158566236495972
frame_000236,236,7.833333333333333,0,16,335.03596806526184,266.1324384212494,0.45373302698135376
frame_000237,237,7.866666666666666,0,0,315.4004324277242,56.84613251686096,0.9671972990036011
frame_000237,237,7.866666666666666,0,1,319.6341636975606,51.906779646873474,0.9793573021888733
frame_000237,237,7.866666666666666,0,2,314.69481054941815,51.906779646873474,0.95066237449646
frame_000237,237,7.866666666666666,0,3,335.8634668986002,54.72926700115204,0.9436018466949463
frame_000237,237,7.866666666666666,0,4,318.2229199409485,56.84613251686096,0.7196896076202393
frame_000237,237,7.866666666666666,0,5,357.7377451260885,80.83727502822876,0.9017722010612488
frame_000237,237,7.866666666666666,0,6,320.3397855758667,85.0710060596466,0.8549362421035767
frame_000237,237,7.866666666666666,0,7,360.56023263931274,121.0577198266983,0.8922619819641113
frame_000237,237,7.866666666666666,0,8,316.81167618433636,117.5296106338501,0.8040501475334167
frame_000237,237,7.866666666666666,0,9,328.1016262372335,115.41274511814117,0.6867934465408325
frame_000237,237,7.866666666666666,0,10,295.64301983515423,127.40831637382507,0.8039239645004272
frame_000237,237,7.866666666666666,0,11,350.6815263430277,154.92756807804108,0.7133677005767822
frame_000237,237,7.866666666666666,0,12,326.69038248062134,154.92756807804108,0.7259814739227295
frame_000237,237,7.866666666666666,0,13,328.80724811553955,202.20423126220703,0.5335451364517212
frame_000237,237,7.866666666666666,0,14,299.87675110499066,200.0873657464981,0.5314427614212036
frame_000237,237,7.866666666666666,0,15,347.85903882980347,195.14801287651062,0.6123315095901489
frame_000237,237,7.866666666666666,0,16,344.3309294382731,188.79741632938385,0.5144468545913696
frame_000238,238,7.8999999999999995,0,0,313.3459210395813,54.51063776016235,0.9539749622344971
frame_000238,238,7.8999999999999995,0,1,318.72827196121216,49.80108070373535,0.9616812467575073
frame_000238,238,7.8999999999999995,0,2,313.3459210395813,49.80108070373535,0.9969581365585327
frame_000238,238,7.8999999999999995,0,3,335.5481185913086,51.819462299346924,0.935366153717041
frame_000238,238,7.8999999999999995,0,4,316.03709650039673,53.837843894958496,0.7273017168045044
frame_000238,238,7.8999999999999995,0,5,356.4047284126282,76.71283531188965,0.8958355784416199
frame_000238,238,7.8999999999999995,0,6,320.74665355682373,82.09518623352051,0.8429086804389954
frame_000238,238,7.8999999999999995,0,7,350.34958362579346,117.0804672241211,0.875522255897522
frame_000238,238,7.8999999999999995,0,8,318.72827196121216,113.7164978981018,0.7618259191513062
frame_000238,238,7.8999999999999995,0,9,317.38268423080444,103.62458992004395,0.7728110551834106
frame_000238,238,7.8999999999999995,0,10,299.2172498703003,123.13561201095581,0.7827596664428711
frame_000238,238,7.8999999999999995,0,11,349.6767897605896,152.73854207992554,0.7427467107772827
frame_000238,238,7.8999999999999995,0,12,326.80179834365845,152.06574821472168,0.7338016033172607
frame_000238,238,7.8999999999999995,0,13,336.22091245651245,211.27160835266113,0.7699077725410461
frame_000238,238,7.8999999999999995,0,14,296.52607440948486,193.10617399215698,0.6228063106536865
frame_000238,238,7.8999999999999995,0,15,349.6767897605896,260.3855605125427,0.8713169097900391
frame_000238,238,7.8999999999999995,0,16,344.9672327041626,196.47014331817627,0.5641292333602905
frame_000239,239,7.933333333333334,0,0,314.0230836868286,47.47847497463226,0.972598671913147
frame_000239,239,7.933333333333334,0,1,318.55441093444824,42.947147846221924,0.9408159255981445
frame_000239,239,7.933333333333334,0,2,313.26786247889197,42.947147846221924,0.9955354928970337
frame_000239,239,7.933333333333334,0,3,334.41405630111694,44.457590222358704,0.9759781360626221
frame_000239,239,7.933333333333334,0,4,315.5335261027018,46.72325378656387,0.7767835855484009
frame_000239,239,7.933333333333334,0,5,355.56025012334186,70.89033180475235,0.9112354516983032
frame_000239,239,7.933333333333334,0,6,320.82007455825806,74.6664377450943,0.8620078563690186
frame_000239,239,7.933333333333334,0,7,348.00803804397583,110.16183358430862,0.9098191261291504
frame_000239,239,7.933333333333334,0,8,319.3096321423849,104.8752852678299,0.8216588497161865
frame_000239,239,7.933333333333334,0,9,313.26786247889197,95.81263101100922,0.8321788311004639
frame_000239,239,7.933333333333334,0,10,301.9395443598429,116.95882427692413,0.8197040557861328
frame_000239,239,7.933333333333334,0,11,350.27370166778564,145.65722942352295,0.7862494587898254
frame_000239,239,7.933333333333334,0,12,326.1066230138143,144.14678704738617,0.7720922231674194
frame_000239,239,7.933333333333334,0,13,345.742374420166,207.58536684513092,0.8182843923568726
frame_000239,239,7.933333333333334,0,14,298.91865952809655,187.1943947672844,0.7334071397781372
frame_000239,239,7.933333333333334,0,15,356.3154713312785,258.18518644571304,0.8973202109336853
frame_000239,239,7.933333333333334,0,16,341.966268380483,193.2361642718315,0.6219325065612793
frame_000240,240,7.966666666666667,0,0,312.3984069824219,39.89058589935303,0.9871102571487427
frame_000240,240,7.966666666666667,0,1,317.0164499282837,34.61282253265381,0.9529447555541992
frame_000240,240,7.966666666666667,0,2,312.3984069824219,35.27254295349121,1.0480153560638428
frame_000240,240,7.966666666666667,0,3,332.84974002838135,37.25170421600342,1.0510716438293457
frame_000240,240,7.966666666666667,0,4,317.0164499282837,40.55030632019043,0.6657102704048157
frame_000240,240,7.966666666666667,0,5,353.9607934951782,64.30024147033691,0.8815035820007324
frame_000240,240,7.966666666666667,0,6,322.9539337158203,68.91828441619873,0.8546596765518188
frame_000240,240,7.966666666666667,0,7,340.7663850784302,103.22374629974365,0.9015605449676514
frame_000240,240,7.966666666666667,0,8,325.5928153991699,99.92514419555664,0.7390295267105103
frame_000240,240,7.966666666666667,0,9,310.41924571990967,86.7307357788086,0.8720611333847046
frame_000240,240,7.966666666666667,0,10,307.78036403656006,108.50150966644287,0.782753050327301
frame_000240,240,7.966666666666667,0,11,350.0024709701538,141.487530708313,0.7813990116119385
frame_000240,240,7.966666666666667,0,12,326.9122562408447,140.8278102874756,0.756049394607544
frame_000240,240,7.966666666666667,0,13,351.981632232666,201.5220890045166,0.8638973236083984
frame_000240,240,7.966666666666667,0,14,301.84288024902344,185.02907848358154,0.7705219388008118
frame_000240,240,7.966666666666667,0,15,361.21771812438965,251.66084098815918,0.941359281539917
frame_000240,240,7.966666666666667,0,16,342.7455463409424,210.09845447540283,0.7612872123718262
frame_000241,241,8.0,0,0,312.457440495491,36.82882487773895,1.0120924711227417
frame_000241,241,8.0,0,1,317.0838723182678,30.880555391311646,0.986962080001831
frame_000241,241,8.0,0,2,312.457440495491,31.541474223136902,1.075209617614746
frame_000241,241,8.0,0,3,332.945924282074,32.20239305496216,1.0549389123916626
frame_000241,241,8.0,0,4,316.42295348644257,34.846068382263184,0.6233798265457153
frame_000241,241,8.0,0,5,353.4344080686569,59.960983991622925,0.8786483407020569
frame_000241,241,8.0,0,6,322.3712229728699,65.24833464622498,0.8749968409538269
frame_000241,241,8.0,0,7,338.233274936676,97.63335740566254,0.9115893840789795
frame_000241,241,8.0,0,8,327.6585736274719,96.97243857383728,0.7360659837722778
frame_000241,241,8.0,0,9,307.83100867271423,81.77130544185638,0.9050577878952026
frame_000241,241,8.0,0,10,312.457440495491,104.2425457239151,0.7692310810089111
frame_000241,241,8.0,0,11,349.4688950777054,137.94940614700317,0.7945969104766846
frame_000241,241,8.0,0,12,326.3367359638214,137.94940614700317,0.7720445394515991
frame_000241,241,8.0,0,13,355.4171645641327,196.11026334762573,0.8500173091888428
frame_000241,241,8.0,0,14,306.5091710090637,182.8918867111206,0.7923769354820251
frame_000241,241,8.0,0,15,365.9918658733368,247.00101339817047,0.9379277229309082
frame_000241,241,8.0,0,16,339.55511260032654,222.547016620636,0.7864934206008911
frame_000242,242,8.033333333333333,0,0,313.1432385444641,32.594481468200684,0.9846155047416687
frame_000242,242,8.033333333333333,0,1,317.07397055625916,25.519163846969604,0.9744213819503784
frame_000242,242,8.033333333333333,0,2,312.3570921421051,27.091456651687622,1.0546802282333374
frame_000242,242,8.033333333333333,0,3,333.58304500579834,28.66374945640564,1.013218879699707
frame_000242,242,8.033333333333333,0,4,316.28782415390015,31.022188663482666,0.6845793724060059
frame_000242,242,8.033333333333333,0,5,354.02285146713257,56.17887353897095,0.9085442423820496
frame_000242,242,8.033333333333333,0,6,321.7908489704132,64.04033756256104,0.9035298824310303
frame_000242,242,8.033333333333333,0,7,340.6583626270294,95.48619365692139,0.8790848255157471
frame_000242,242,8.033333333333333,0,8,322.5769953727722,96.2723400592804,0.7107250690460205
frame_000242,242,8.033333333333333,0,9,306.06792092323303,80.54941201210022,0.9177234172821045
frame_000242,242,8.033333333333333,0,10,311.5709457397461,100.20307207107544,0.7194744944572449
frame_000242,242,8.033333333333333,0,11,349.3059730529785,131.6489281654358,0.7809069156646729
frame_000242,242,8.033333333333333,0,12,325.72158098220825,132.4350745677948,0.7611533403396606
frame_000242,242,8.033333333333333,0,13,359.52587628364563,191.39605474472046,0.8444270491600037
frame_000242,242,8.033333333333333,0,14,309.9986529350281,182.74844431877136,0.7800023555755615
frame_000242,242,8.033333333333333,0,15,370.53192591667175,239.35098528862,0.8832104206085205
frame_000242,242,8.033333333333333,0,16,332.79689860343933,231.4895212650299,0.8708097338676453
frame_000243,243,8.066666666666666,0,0,312.84828186035156,32.43106555938721,0.9022809267044067
frame_000243,243,8.066666666666666,0,1,317.6457223892212,26.034478187561035,0.8927282094955444
frame_000243,243,8.066666666666666,0,2,312.84828186035156,26.034478187561035,0.9519738554954529
frame_000243,243,8.066666666666666,0,3,333.6371908187866,28.43319845199585,0.9477211236953735
frame_000243,243,8.066666666666666,0,4,317.6457223892212,30.831918716430664,0.6616398096084595
frame_000243,243,8.066666666666666,0,5,354.4260997772217,55.61869478225708,0.8737255334854126
frame_000243,243,8.066666666666666,0,6,321.64358949661255,63.614428997039795,0.8566029667854309
frame_000243,243,8.066666666666666,0,7,343.2320718765259,95.59736585617065,0.8343064188957214
frame_000243,243,8.066666666666666,0,8,318.44529581069946,98.79565954208374,0.6785606145858765
frame_000243,243,8.066666666666666,0,9,307.25126791000366,84.40333795547485,0.8254333734512329
frame_000243,243,8.066666666666666,0,10,308.8504147529602,97.1965126991272,0.6829986572265625
frame_000243,243,8.066666666666666,0,11,348.8290858268738,128.37987613677979,0.7432352304458618
frame_000243,243,8.066666666666666,0,12,326.4410300254822,129.17944955825806,0.7419829368591309
frame_000243,243,8.066666666666666,0,13,352.82695293426514,193.14532327651978,0.7774581909179688
frame_000243,243,8.066666666666666,0,14,317.6457223892212,188.34788274765015,0.7541199922561646
frame_000243,243,8.066666666666666,0,15,376.014582157135,233.12399435043335,0.8348128199577332
frame_000243,243,8.066666666666666,0,16,332.83761739730835,245.11759567260742,0.8156982660293579
frame_000244,244,8.1,0,0,314.4673458735148,35.43228781223297,0.8753727674484253
frame_000244,244,8.1,0,1,319.106530825297,30.019905507564545,0.8879871368408203
frame_000244,244,8.1,0,2,313.69414838155114,30.793102979660034,0.8959715366363525
frame_000244,244,8.1,0,3,334.57048066457116,32.33949792385101,0.9578680396080017
frame_000244,244,8.1,0,4,316.7869383494059,35.43228781223297,0.6513469219207764
frame_000244,244,8.1,0,5,354.67361545562744,59.401409447193146,0.8655925393104553
frame_000244,244,8.1,0,6,323.7457157770792,66.36018669605255,0.8245075941085815
frame_000244,244,8.1,0,7,346.9416405359904,98.83448052406311,0.8618461489677429
frame_000244,244,8.1,0,8,327.6117032368978,100.38087546825409,0.6852277517318726
frame_000244,244,8.1,0,9,312.9209508895874,93.42209821939468,0.8382720351219177
frame_000244,244,8.1,0,10,312.14775339762366,101.15407294034958,0.730542778968811
frame_000244,244,8.1,0,11,348.4880355199178,131.30877435207367,0.70920729637146
frame_000244,244,8.1,0,12,327.6117032368978,132.08197182416916,0.7110333442687988
frame_000244,244,8.1,0,13,346.1684430440267,194.7109670639038,0.7709559202194214
frame_000244,244,8.1,0,14,323.7457157770792,191.61817717552185,0.7432235479354858
frame_000244,244,8.1,0,15,379.41593519846606,226.41206341981888,0.8420535922050476
frame_000244,244,8.1,0,16,329.93129571278894,251.92757999897003,0.8554902076721191
frame_000245,245,8.133333333333333,0,0,316.0859082539876,41.031524300575256,0.8806269764900208
frame_000245,245,8.133333333333333,0,1,320.7656186421712,35.57186245918274,0.8798017501831055
frame_000245,245,8.133333333333333,0,2,315.3059565226237,36.35181415081024,0.8846141695976257
frame_000245,245,8.133333333333333,0,3,336.3646532694499,37.131765842437744,0.9875715970993042
frame_000245,245,8.133333333333333,0,4,316.0859082539876,41.81147599220276,0.692459225654602
frame_000245,245,8.133333333333333,0,5,355.0834948221842,65.21002674102783,0.8713030815124512
frame_000245,245,8.133333333333333,0,6,323.105473836263,71.44964027404785,0.823278546333313
frame_000245,245,8.133333333333333,0,7,348.0639292399088,104.98756301403046,0.8836031556129456
frame_000245,245,8.133333333333333,0,8,326.22528076171875,105.76751470565796,0.7128549814224243
frame_000245,245,8.133333333333333,0,9,313.7460530598958,103.42765963077545,0.8355758786201477
frame_000245,245,8.133333333333333,0,10,309.8462944030762,106.54746639728546,0.6266446113586426
frame_000245,245,8.133333333333333,0,11,348.0639292399088,136.96558237075806,0.7278825640678406
frame_000245,245,8.133333333333333,0,12,327.0052324930827,137.74553406238556,0.7155156135559082
frame_000245,245,8.133333333333333,0,13,340.26441192626953,200.14166939258575,0.7630529403686523
frame_000245,245,8.133333333333333,0,14,323.105473836263,196.24191093444824,0.7491899132728577
frame_000245,245,8.133333333333333,0,15,380.0419502258301,217.3006066083908,0.8406825065612793
frame_000245,245,8.133333333333333,0,16,330.1250394185384,255.51823949813843,0.8879324197769165
frame_000246,246,8.166666666666666,0,0,315.5103840827942,47.286616802215576,0.8729482889175415
frame_000246,246,8.166666666666666,0,1,320.2412600517273,43.34422016143799,0.8694214820861816
frame_000246,246,8.166666666666666,0,2,314.7219047546387,42.55574083328247,0.8452836871147156
frame_000246,246,8.166666666666666,0,3,336.79932594299316,44.132699489593506,0.974032998085022
frame_000246,246,8.166666666666666,0,4,317.0873427391052,47.286616802215576,0.7014186382293701
frame_000246,246,8.166666666666666,0,5,356.5113091468811,71.72947597503662,0.8813904523849487
frame_000246,246,8.166666666666666,0,6,323.39517736434937,74.88339328765869,0.848668098449707
frame_000246,246,8.166666666666666,0,7,354.14587116241455,112.73040103912354,0.8937642574310303
frame_000246,246,8.166666666666666,0,8,329.7030119895935,109.57648372650146,0.7274019718170166
frame_000246,246,8.166666666666666,0,9,319.4527807235718,112.73040103912354,0.7411880493164062
frame_000246,246,8.166666666666666,0,10,309.99102878570557,114.30735969543457,0.6873996257781982
frame_000246,246,8.166666666666666,0,11,347.8380365371704,145.05805349349976,0.7549784183502197
frame_000246,246,8.166666666666666,0,12,326.54909467697144,145.05805349349976,0.7463220357894897
frame_000246,246,8.166666666666666,0,13,333.6454086303711,206.55944108963013,0.7475210428237915
frame_000246,246,8.166666666666666,0,14,318.66430139541626,204.19400310516357,0.7486481666564941
frame_000246,246,8.166666666666666,0,15,373.8578543663025,210.50183773040771,0.8299157619476318
frame_000246,246,8.166666666666666,0,16,331.27997064590454,260.1760354042053,0.8580209016799927
frame_000247,247,8.2,0,0,315.1391224861145,53.15254896879196,0.9081383347511292
frame_000247,247,8.2,0,1,319.8855948448181,48.40607649087906,0.9119844436645508
frame_000247,247,8.2,0,2,314.3480437596639,48.40607649087906,0.8974883556365967
frame_000247,247,8.2,0,3,335.70716937383014,49.98823398351669,1.0384353399276733
frame_000247,247,8.2,0,4,316.7212799390157,53.15254896879196,0.7375022172927856
frame_000247,247,8.2,0,5,355.4841375350952,78.46706885099411,0.8769958019256592
frame_000247,247,8.2,0,6,322.2588310241699,80.84030508995056,0.8732444047927856
frame_000247,247,8.2,0,7,358.6484524408976,119.6031636595726,0.9083443880081177
frame_000247,247,8.2,0,8,323.8409884770711,113.27453368902206,0.7406991720199585
frame_000247,247,8.2,0,9,326.2142246564229,125.93179363012314,0.6795897483825684
frame_000247,247,8.2,0,10,303.27294158935547,116.43884867429733,0.7943069934844971
frame_000247,247,8.2,0,11,345.991192817688,152.0373922586441,0.7545612454414368
frame_000247,247,8.2,0,12,324.63206720352173,152.82847100496292,0.7475440502166748
frame_000247,247,8.2,0,13,325.42314592997235,208.20398324728012,0.7145683765411377
frame_000247,247,8.2,0,14,314.3480437596639,206.6218257546425,0.7426810264587402
frame_000247,247,8.2,0,15,367.35031843185425,205.83074700832367,0.7986665368080139
frame_000247,247,8.2,0,16,334.9160906473796,260.41518050432205,0.8106322288513184
frame_000248,248,8.233333333333333,0,0,312.70800526936847,58.4998836517334,0.9108572006225586
frame_000248,248,8.233333333333333,0,1,318.10826683044434,53.87108826637268,0.9340466260910034
frame_000248,248,8.233333333333333,0,2,312.70800526936847,53.87108826637268,0.93011474609375
frame_000248,248,8.233333333333333,0,3,332.7661196390788,55.41402006149292,1.0213239192962646
frame_000248,248,8.233333333333333,0,4,315.0224030812581,58.4998836517334,0.7259542942047119
frame_000248,248,8.233333333333333,0,5,354.3671658833822,83.18679237365723,0.8856339454650879
frame_000248,248,8.233333333333333,0,6,318.8797327677409,85.50119006633759,0.8810913562774658
frame_000248,248,8.233333333333333,0,7,363.6247571309408,124.07448494434357,0.8843948245048523
frame_000248,248,8.233333333333333,0,8,321.19413057963055,117.90275776386261,0.771388053894043
frame_000248,248,8.233333333333333,0,9,332.7661196390788,133.332075715065,0.665236234664917
frame_000248,248,8.233333333333333,0,10,298.8216183980306,118.67422366142273,0.8101376295089722
frame_000248,248,8.233333333333333,0,11,343.56664276123047,156.4760526418686,0.7288917303085327
frame_000248,248,8.233333333333333,0,12,321.19413057963055,155.70458674430847,0.7221667766571045
frame_000248,248,8.233333333333333,0,13,317.33680089314777,210.47866547107697,0.6912723779678345
frame_000248,248,8.233333333333333,0,14,311.93653933207196,211.25013136863708,0.7058213949203491
frame_000248,248,8.233333333333333,0,15,362.08182525634766,207.3928018808365,0.7285324335098267
frame_000248,248,8.233333333333333,0,16,340.4807790120443,259.8524829149246,0.7284224629402161
frame_000249,249,8.266666666666666,0,0,312.0519925753276,59.77179431915283,0.9600788950920105
frame_000249,249,8.266666666666666,0,1,316.6271239916484,55.95918470621109,0.9997550249099731
frame_000249,249,8.266666666666666,0,2,310.52694876988727,55.95918470621109,0.9854702353477478
frame_000249,249,8.266666666666666,0,3,331.877562046051,57.48422855138779,1.0121593475341797
frame_000249,249,8.266666666666666,0,4,313.5770363807678,59.77179431915283,0.7169180512428284
frame_000249,249,8.266666666666666,0,5,355.5157410303751,83.40997391939163,0.9009690284729004
frame_000249,249,8.266666666666666,0,6,316.6271239916484,84.93501776456833,0.9016686677932739
frame_000249,249,8.266666666666666,0,7,370.00365718205774,123.8236358165741,0.9728216528892517
frame_000249,249,8.266666666666666,0,8,316.6271239916484,121.53607004880905,0.8312981128692627
frame_000249,249,8.266666666666666,0,9,341.7903467814127,137.54903042316437,0.7425047159194946
frame_000249,249,8.266666666666666,0,10,294.51398881276447,117.72346043586731,0.8607754707336426
frame_000249,249,8.266666666666666,0,11,341.7903467814127,159.66216617822647,0.716357409954071
frame_000249,249,8.266666666666666,0,12,320.439733505249,158.89964425563812,0.7130714654922485
frame_000249,249,8.266666666666666,0,13,312.0519925753276,209.98861306905746,0.6672146916389465
frame_000249,249,8.266666666666666,0,14,317.38964589436847,213.8012226819992,0.6645065546035767
frame_000249,249,8.266666666666666,0,15,354.75321912765503,209.98861306905746,0.7258889079093933
frame_000249,249,8.266666666666666,0,16,346.3654781977335,258.0274941921234,0.6902526617050171
frame_000250,250,8.3,0,0,309.9882527987162,56.917051553726196,0.996997058391571
frame_000250,250,8.3,0,1,315.9166954358419,51.729664385318756,1.0456352233886719
frame_000250,250,8.3,0,2,309.24719746907556,51.729664385318756,0.9924449920654297
frame_000250,250,8.3,0,3,330.737802028656,53.95283031463623,1.029563307762146
frame_000250,250,8.3,0,4,314.4345847765604,56.175996243953705,0.6862396597862244
frame_000250,250,8.3,0,5,356.67473856608075,80.63082146644592,0.8912102580070496
frame_000250,250,8.3,0,6,314.4345847765604,82.8539873957634,0.9283237457275391
frame_000250,250,8.3,0,7,376.6832324663799,116.942531645298,0.986745297908783
frame_000250,250,8.3,0,8,309.24719746907556,121.38886350393295,0.921949028968811
frame_000250,250,8.3,0,9,351.48735125859577,134.7278590798378,0.8879280090332031
frame_000250,250,8.3,0,10,292.20292488733924,112.49619978666306,0.881213903427124
frame_000250,250,8.3,0,11,342.5946873029073,155.47740775346756,0.7703620195388794
frame_000250,250,8.3,0,12,323.3272487322489,156.95951837301254,0.7534733414649963
frame_000250,250,8.3,0,13,308.5061421394348,199.94072633981705,0.7495282292366028
frame_000250,250,8.3,0,14,328.5146360397339,213.2797219157219,0.731361448764801
frame_000250,250,8.3,0,15,352.9694619178772,210.31550067663193,0.794538140296936
frame_000250,250,8.3,0,16,355.93368323644,257.7430405020714,0.7286934852600098
frame_000251,251,8.333333333333334,0,0,309.25824936230975,50.381538808345795,0.9917928576469421
frame_000251,251,8.333333333333334,0,1,314.7581310272217,45.6673544049263,1.032737135887146
frame_000251,251,8.333333333333334,0,2,308.4725519816081,46.453051805496216,0.9943983554840088
frame_000251,251,8.333333333333334,0,3,330.4720786412557,48.81014400720596,1.0644176006317139
frame_000251,251,8.333333333333334,0,4,312.4010388851166,51.16723620891571,0.7161545753479004
frame_000251,251,8.333333333333334,0,5,356.40009220441186,74.73815822601318,0.909896194934845
frame_000251,251,8.333333333333334,0,6,313.1867362658183,77.88094782829285,0.972541868686676
frame_000251,251,8.333333333333334,0,7,381.5424083868662,106.16605424880981,0.9810534119606018
frame_000251,251,8.333333333333334,0,8,304.54406507809955,115.5944230556488,0.9625598192214966
frame_000251,251,8.333333333333334,0,9,356.40009220441186,128.16558146476746,0.8776261806488037
frame_000251,251,8.333333333333334,0,10,289.61581484476727,104.59465944766998,0.9140102863311768
frame_000251,251,8.333333333333334,0,11,343.0432367324829,153.30789828300476,0.8118458986282349
frame_000251,251,8.333333333333334,0,12,325.7578943570455,154.09359568357468,0.7879627346992493
frame_000251,251,8.333333333333334,0,13,312.4010388851166,195.7355579137802,0.6812610626220703
frame_000251,251,8.333333333333334,0,14,339.11474982897437,207.52101892232895,0.7583207488059998
frame_000251,251,8.333333333333334,0,15,347.7574210166931,216.94938772916794,0.6848109364509583
frame_000251,251,8.333333333333334,0,16,361.89997386932373,253.87716555595398,0.8222058415412903
frame_000252,252,8.366666666666667,0,0,310.3756332397461,43.20643401145935,0.9577924013137817
frame_000252,252,8.366666666666667,0,1,315.9775321483612,38.40480637550354,1.0013511180877686
frame_000252,252,8.366666666666667,0,2,308.7750906944275,38.40480637550354,0.9709731340408325
frame_000252,252,8.366666666666667,0,3,331.18268632888794,40.805620193481445,1.033118724822998
frame_000252,252,8.366666666666667,0,4,310.3756332397461,43.20643401145935,0.7198499441146851
frame_000252,252,8.366666666666667,0,5,355.9910957813263,67.2145721912384,0.8902608156204224
frame_000252,252,8.366666666666667,0,6,310.3756332397461,70.41565728187561,0.9740418195724487
frame_000252,252,8.366666666666667,0,7,385.60113286972046,95.22406673431396,0.9636560082435608
frame_000252,252,8.366666666666667,0,8,300.7723779678345,110.4292209148407,0.957912266254425
frame_000252,252,8.366666666666667,0,9,365.5943510532379,115.23084855079651,0.9310826659202576
frame_000252,252,8.366666666666667,0,10,288.76830887794495,94.42379546165466,0.901757001876831
frame_000252,252,8.366666666666667,0,11,343.98702669143677,145.64115691184998,0.8124232292175293
frame_000252,252,8.366666666666667,0,12,326.38105869293213,147.24169945716858,0.7907251119613647
frame_000252,252,8.366666666666667,0,13,310.3756332397461,191.25661945343018,0.7032501697540283
frame_000252,252,8.366666666666667,0,14,346.3878405094147,200.8598747253418,0.7940129041671753
frame_000252,252,8.366666666666667,0,15,344.78729796409607,219.26611399650574,0.6914912462234497
frame_000252,252,8.366666666666667,0,16,367.9951648712158,248.0758798122406,0.8383753895759583
frame_000253,253,8.4,0,0,310.4951607386271,38.85446631908417,0.9374386072158813
frame_000253,253,8.4,0,1,316.09921312332153,33.250414073467255,1.0163910388946533
frame_000253,253,8.4,0,2,308.8940029144287,33.250414073467255,0.9615287780761719
frame_000253,253,8.4,0,3,331.3102124532064,35.65215075016022,0.9965550899505615
frame_000253,253,8.4,0,4,309.69458182652795,37.25330853462219,0.7246747016906738
frame_000253,253,8.4,0,5,356.1281587282817,61.27067530155182,0.860010027885437
frame_000253,253,8.4,0,6,310.4951607386271,65.27356976270676,0.9681156873703003
frame_000253,253,8.4,0,7,389.75247303644824,84.48746317625046,0.9469320774078369
frame_000253,253,8.4,0,8,297.6858981450399,103.70135658979416,0.9221001863479614
frame_000253,253,8.4,0,9,370.5385791460674,106.10309326648712,0.9183935523033142
frame_000253,253,8.4,0,10,288.0789511998495,87.68977874517441,0.8960109949111938
frame_000253,253,8.4,0,11,344.9200539588928,140.5279856324196,0.8079444169998169
frame_000253,253,8.4,0,12,328.10789680480957,142.92972230911255,0.7892615795135498
frame_000253,253,8.4,0,13,313.6974763870239,188.56271916627884,0.7422630786895752
frame_000253,253,8.4,0,14,348.92294851938885,196.56850808858871,0.8437016010284424
frame_000253,253,8.4,0,15,341.71773831049603,232.59455823898315,0.7105593681335449
frame_000253,253,8.4,0,16,369.738000233968,240.60034716129303,0.8846113681793213
frame_000254,254,8.433333333333334,0,0,309.7690747578939,34.59758120775223,0.9434876441955566
frame_000254,254,8.433333333333334,0,1,315.32671419779456,29.039941906929016,1.0048832893371582
frame_000254,254,8.433333333333334,0,2,308.18117777506507,29.83389037847519,0.9735718369483948
frame_000254,254,8.433333333333334,0,3,331.2056840260824,32.21573579311371,0.9832391738891602
frame_000254,254,8.433333333333334,0,4,311.35697174072266,33.803632736206055,0.6823625564575195
frame_000254,254,8.433333333333334,0,5,358.19993273417157,57.62208688259125,0.8406441807746887
frame_000254,254,8.433333333333334,0,6,310.56302324930823,63.17972618341446,0.9348289370536804
frame_000254,254,8.433333333333334,0,7,391.5457693735759,79.05869561433792,0.9155426621437073
frame_000254,254,8.433333333333334,0,8,297.0658988952637,99.70135587453842,0.894548773765564
frame_000254,254,8.433333333333334,0,9,372.4910055796306,101.28925281763077,0.8738094568252563
frame_000254,254,8.433333333333334,0,10,288.33246548970544,84.61633491516113,0.8649494647979736
frame_000254,254,8.433333333333334,0,11,347.0846538543701,133.0471916794777,0.7680400609970093
frame_000254,254,8.433333333333334,0,12,328.0298900604248,136.22298556566238,0.7381632328033447
frame_000254,254,8.433333333333334,0,13,322.47225062052405,183.85989385843277,0.7004182934761047
frame_000254,254,8.433333333333334,0,14,349.4664993286133,191.7993785738945,0.797864556312561
frame_000254,254,8.433333333333334,0,15,335.9693749745687,243.40602922439575,0.7885321974754333
frame_000254,254,8.433333333333334,0,16,373.2849540710449,235.46654450893402,0.8671284914016724
frame_000255,255,8.466666666666667,0,0,310.70377604166663,33.765668869018555,0.9563919901847839
frame_000255,255,8.466666666666667,0,1,316.20059967041016,29.05410587787628,1.0142836570739746
frame_000255,255,8.466666666666667,0,2,309.9185155232748,29.05410587787628,0.9827882051467896
frame_000255,255,8.466666666666667,0,3,331.90581003824866,32.19514787197113,1.002536654472351
frame_000255,255,8.466666666666667,0,4,311.4890365600586,33.765668869018555,0.667631983757019
frame_000255,255,8.466666666666667,0,5,357.8194071451823,58.10874432325363,0.8441431522369385
frame_000255,255,8.466666666666667,0,6,312.27429707845056,62.820307314395905,0.9339380264282227
frame_000255,255,8.466666666666667,0,7,393.1561304728191,77.74025678634644,0.9281322956085205
frame_000255,255,8.466666666666667,0,8,297.3543472290039,99.72755074501038,0.8870052099227905
frame_000255,255,8.466666666666667,0,9,373.52461751302076,100.51281124353409,0.8798714280128479
frame_000255,255,8.466666666666667,0,10,288.71648152669275,87.16338276863098,0.8534330129623413
frame_000255,255,8.466666666666667,0,11,347.6110204060872,134.2790126800537,0.7693340182304382
frame_000255,255,8.466666666666667,0,12,327.1942469278971,138.20531517267227,0.7574120759963989
frame_000255,255,8.466666666666667,0,13,331.90581003824866,184.5356845855713,0.6868082284927368
frame_000255,255,8.466666666666667,0,14,341.3289362589518,192.3882895708084,0.6905051469802856
frame_000255,255,8.466666666666667,0,15,332.6910705566406,248.14178496599197,0.6866392493247986
frame_000255,255,8.466666666666667,0,16,376.6656595865886,232.43657499551773,0.6904117465019226
frame_000256,256,8.5,0,0,313.0138463973999,36.55310297012329,0.9175424575805664
frame_000256,256,8.5,0,1,318.4359842936198,31.905556440353394,0.9533669948577881
frame_000256,256,8.5,0,2,311.4646641413371,31.905556440353394,0.951149046421051
frame_000256,256,8.5,0,3,333.92780685424805,33.45473861694336,0.9897453784942627
frame_000256,256,8.5,0,4,313.0138463973999,35.77851188182831,0.6624263525009155
frame_000256,256,8.5,0,5,358.7147229512533,59.79083561897278,0.8209812045097351
frame_000256,256,8.5,0,6,313.78843752543133,64.43838214874268,0.9132106304168701
frame_000256,256,8.5,0,7,394.34591484069824,80.70479500293732,0.9223279356956482
frame_000256,256,8.5,0,8,300.6203883488973,100.84416329860687,0.8631000518798828
frame_000256,256,8.5,0,9,372.6573632558187,104.71711874008179,0.8794840574264526
frame_000256,256,8.5,0,10,291.3252948125203,95.42202568054199,0.8503303527832031
frame_000256,256,8.5,0,11,347.8704471588135,135.7007622718811,0.7376853227615356
frame_000256,256,8.5,0,12,326.95648670196533,138.79912662506104,0.722058892250061
frame_000256,256,8.5,0,13,331.6040334701538,192.24591171741486,0.6884363293647766
frame_000256,256,8.5,0,14,339.34994475046796,195.3442760705948,0.7157832384109497
frame_000256,256,8.5,0,15,330.8294423421224,253.4386076927185,0.7013669013977051
frame_000256,256,8.5,0,16,379.62868340810144,222.4549641609192,0.7002774477005005
frame_000257,257,8.533333333333333,0,0,314.3240772883097,40.42191219329834,0.9205434918403625
frame_000257,257,8.533333333333333,0,1,319.0636269251505,35.68236231803894,0.9366425275802612
frame_000257,257,8.533333333333333,0,2,312.7442274093628,36.47228729724884,0.9349023103713989
frame_000257,257,8.533333333333333,0,3,335.6520506540934,37.26221227645874,0.9986410140991211
frame_000257,257,8.533333333333333,0,4,315.1140022277832,39.63198721408844,0.6422314047813416
frame_000257,257,8.533333333333333,0,5,360.139723777771,64.11966156959534,0.861045241355896
frame_000257,257,8.533333333333333,0,6,315.9039271672567,67.27936148643494,0.9469873905181885
frame_000257,257,8.533333333333333,0,7,394.10649617513013,87.81741094589233,0.9423738718032837
frame_000257,257,8.533333333333333,0,8,305.63490295410156,104.40583550930023,0.8546059131622314
frame_000257,257,8.533333333333333,0,9,368.82889811197924,110.72523534297943,0.919846773147583
frame_000257,257,8.533333333333333,0,10,295.3658787409464,103.61591053009033,0.836442232131958
frame_000257,257,8.533333333333333,0,11,349.8706995646159,142.32223451137543,0.7995215654373169
frame_000257,257,8.533333333333333,0,12,328.54272619883216,145.48193442821503,0.7883745431900024
frame_000257,257,8.533333333333333,0,13,334.86212571462,195.24720811843872,0.7188474535942078
frame_000257,257,8.533333333333333,0,14,333.282275835673,199.98675799369812,0.7075972557067871
frame_000257,257,8.533333333333333,0,15,329.33265113830566,256.8613564968109,0.6401766538619995
frame_000257,257,8.533333333333333,0,16,378.3079973856609,214.20540761947632,0.630164384841919
frame_000258,258,8.566666666666666,0,0,314.83115641276044,44.10698401927948,0.9396953582763672
frame_000258,258,8.566666666666666,0,1,320.49424107869464,39.25291168689728,0.9604454040527344
frame_000258,258,8.566666666666666,0,2,313.21313222249347,39.25291168689728,0.9619508981704712
frame_000258,258,8.566666666666666,0,3,335.86547088623047,41.67994785308838,1.0233285427093506
frame_000258,258,8.566666666666666,0,4,315.64016850789386,44.10698401927948,0.7326143980026245
frame_000258,258,8.566666666666666,0,5,360.9448458353678,68.37734568119049,0.8642463684082031
frame_000258,258,8.566666666666666,0,6,316.44918060302734,71.61339390277863,0.9412811398506165
frame_000258,258,8.566666666666666,0,7,389.26026916503906,98.31079173088074,0.9432408809661865
frame_000258,258,8.566666666666666,0,8,312.40412012736004,108.82794845104218,0.838103175163269
frame_000258,258,8.566666666666666,0,9,361.75385793050134,118.53609311580658,0.8735909461975098
frame_000258,258,8.566666666666666,0,10,298.6509145100911,111.25498461723328,0.8298047184944153
frame_000258,258,8.566666666666666,0,11,350.4276885986328,145.2334909439087,0.7624001502990723
frame_000258,258,8.566666666666666,0,12,327.7753499348958,147.6605271100998,0.7517303228378296
frame_000258,258,8.566666666666666,0,13,332.6294225056966,201.05532276630402,0.7144991755485535
frame_000258,258,8.566666666666666,0,14,331.82041041056317,203.48235893249512,0.6865416765213013
frame_000258,258,8.566666666666666,0,15,331.82041041056317,265.7762871980667,0.6841529607772827
frame_000258,258,8.566666666666666,0,16,373.8890393575033,206.71840715408325,0.6201528906822205
frame_000259,259,8.6,0,0,313.3957856496175,48.92588412761688,0.9475905895233154
frame_000259,259,8.6,0,1,319.05958795547485,44.880311250686646,0.9510430097579956
frame_000259,259,8.6,0,2,312.58667103449505,44.880311250686646,0.9709539413452148
frame_000259,259,8.6,0,3,333.62365102767944,47.30765497684479,1.0091805458068848
frame_000259,259,8.6,0,4,316.6322441101074,48.92588412761688,0.7248262763023376
frame_000259,259,8.6,0,5,359.51531871159875,74.00843596458435,0.8795298337936401
frame_000259,259,8.6,0,6,318.25047334035236,77.24489426612854,0.9429696798324585
frame_000259,259,8.6,0,7,382.1705279350281,108.80036270618439,0.961166501045227
frame_000259,259,8.6,0,8,316.6322441101074,112.84593558311462,0.8685357570648193
frame_000259,259,8.6,0,9,352.23328717549646,124.17353963851929,0.772697925567627
frame_000259,259,8.6,0,10,297.21349334716797,120.12796676158905,0.846139669418335
frame_000259,259,8.6,0,11,351.4241725603739,148.4469769001007,0.7627453207969666
frame_000259,259,8.6,0,12,327.15073410669964,150.0652060508728,0.7486246824264526
frame_000259,259,8.6,0,13,327.15073410669964,200.23030972480774,0.6812862157821655
frame_000259,259,8.6,0,14,329.5780779520671,205.89411175251007,0.6897438764572144
frame_000259,259,8.6,0,15,370.0338087081909,199.4211951494217,0.6453449726104736
frame_000259,259,8.6,0,16,337.66922410329187,264.9594757556915,0.5975969433784485
frame_000260,260,8.633333333333333,0,0,313.3209228515625,50.9266517162323,0.8964642882347107
frame_000260,260,8.633333333333333,0,1,318.9002939860026,46.9413868188858,0.9033950567245483
frame_000260,260,8.633333333333333,0,2,312.52386983235675,46.9413868188858,0.9257094860076904
frame_000260,260,8.633333333333333,0,3,333.2472483317057,50.129598736763,0.9584094882011414
frame_000260,260,8.633333333333333,0,4,315.7120819091797,51.7237046957016,0.6992244720458984
frame_000260,260,8.633333333333333,0,5,357.15883890787757,76.43234705924988,0.8787956237792969
frame_000260,260,8.633333333333333,0,6,318.1032409667969,81.21466493606567,0.8529375791549683
frame_000260,260,8.633333333333333,0,7,372.3028462727865,116.28499603271484,0.9332414865493774
frame_000260,260,8.633333333333333,0,8,321.2914530436198,113.89383709430695,0.8168808817863464
frame_000260,260,8.633333333333333,0,9,342.01483154296875,123.45847284793854,0.6416178941726685
frame_000260,260,8.633333333333333,0,10,299.7710215250651,125.84963178634644,0.8449633121490479
frame_000260,260,8.633333333333333,0,11,352.3765207926432,148.16711521148682,0.7335062026977539
frame_000260,260,8.633333333333333,0,12,328.4649302164714,148.96416819095612,0.7143911123275757
frame_000260,260,8.633333333333333,0,13,331.65314229329425,200.77261185646057,0.6450278759002686
frame_000260,260,8.633333333333333,0,14,330.85608927408856,204.75787675380707,0.6063509583473206
frame_000260,260,8.633333333333333,0,15,346.00009663899743,195.19324100017548,0.4788776636123657
frame_000260,260,8.633333333333333,0,16,346.00009663899743,193.59913504123688,0.43967318534851074
frame_000261,261,8.666666666666666,0,0,313.34954023361206,52.414793968200684,0.9077269434928894
frame_000261,261,8.666666666666666,0,1,318.0749864578247,47.68934786319733,0.9623991250991821
frame_000261,261,8.666666666666666,0,2,313.34954023361206,47.68934786319733,0.9704691171646118
frame_000261,261,8.666666666666666,0,3,333.8264738718669,50.8396452665329,0.9822673797607422
frame_000261,261,8.666666666666666,0,4,314.92468897501624,53.202368319034576,0.8026658892631531
frame_000261,261,8.666666666666666,0,5,355.8785562515259,76.82959884405136,0.9214448928833008
frame_000261,261,8.666666666666666,0,6,318.86256082852685,80.76747059822083,0.8744958639144897
frame_000261,261,8.666666666666666,0,7,359.81642810503644,117.78346508741379,0.9324747323989868
frame_000261,261,8.666666666666666,0,8,323.5880070527395,113.05801898241043,0.7590939402580261
frame_000261,261,8.666666666666666,0,9,322.0128583113352,117.78346508741379,0.7749674320220947
frame_000261,261,8.666666666666666,0,10,304.6862221558889,123.29648554325104,0.6490719318389893
frame_000261,261,8.666666666666666,0,11,351.15311002731323,151.64916217327118,0.7722369432449341
frame_000261,261,8.666666666666666,0,12,327.52587890625,151.64916217327118,0.7587888836860657
frame_000261,261,8.666666666666666,0,13,340.1270688374837,207.56694108247757,0.7489732503890991
frame_000261,261,8.666666666666666,0,14,305.47379652659095,187.87758231163025,0.5192344784736633
frame_000261,261,8.666666666666666,0,15,351.15311002731323,261.1219969391823,0.7627139091491699
frame_000261,261,8.666666666666666,0,16,355.0909818808238,199.69119757413864,0.6264421939849854
frame_000262,262,8.7,0,0,312.53126605351764,46.938923478126526,0.9498323202133179
frame_000262,262,8.7,0,1,317.7020330429077,42.50683772563934,0.9171789884567261
frame_000262,262,8.7,0,2,312.53126605351764,42.50683772563934,1.00198233127594
frame_000262,262,8.7,0,3,333.2143340110779,45.4615615606308,1.0253459215164185
frame_000262,262,8.7,0,4,314.00862805048627,48.41628539562225,0.7748137712478638
frame_000262,262,8.7,0,5,353.1587209701538,72.0540760755539,0.895648181438446
frame_000262,262,8.7,0,6,318.440714041392,75.74748086929321,0.8418393135070801
frame_000262,262,8.7,0,7,348.72663497924805,111.94284784793854,0.9228310585021973
frame_000262,262,8.7,0,8,322.1341190338135,106.03340017795563,0.7235308885574341
frame_000262,262,8.7,0,9,313.26994705200195,105.29471921920776,0.8197863101959229
frame_000262,262,8.7,0,10,308.0991800626119,116.37493360042572,0.6993914842605591
frame_000262,262,8.7,0,11,352.42003997166955,146.66085290908813,0.7768084406852722
frame_000262,262,8.7,0,12,327.30488602320355,145.92217195034027,0.7623307704925537
frame_000262,262,8.7,0,13,350.9426779747009,206.4940105676651,0.8484950661659241
frame_000262,262,8.7,0,14,301.45105107625324,188.0269865989685,0.7081204652786255
frame_000262,262,8.7,0,15,358.3294879595438,259.6790395975113,0.8798459768295288
frame_000262,262,8.7,0,16,345.7719109853109,196.152477145195,0.5754860639572144
frame_000263,263,8.733333333333333,0,0,311.81721448898315,42.097843170166016,1.0001137256622314
frame_000263,263,8.733333333333333,0,1,316.8776812553406,37.037376403808594,0.9165878295898438
frame_000263,263,8.733333333333333,0,2,311.1846561431885,37.037376403808594,1.0241056680679321
frame_000263,263,8.733333333333333,0,3,332.05908155441284,40.20016813278198,0.9921663999557495
frame_000263,263,8.733333333333333,0,4,313.7148895263672,42.73040151596069,0.5988665819168091
frame_000263,263,8.733333333333333,0,5,351.66839027404785,67.40017700195312,0.8393853306770325
frame_000263,263,8.733333333333333,0,6,320.67303133010864,70.56296873092651,0.8249634504318237
frame_000263,263,8.733333333333333,0,7,340.28234004974365,105.98623609542847,0.8311793804168701
frame_000263,263,8.733333333333333,0,8,324.4683814048767,99.66065263748169,0.7423403263092041
frame_000263,263,8.733333333333333,0,9,308.65442276000977,87.64204406738281,0.8556536436080933
frame_000263,263,8.733333333333333,0,10,309.9195394515991,112.31181955337524,0.7988117933273315
frame_000263,263,8.733333333333333,0,11,351.66839027404785,140.77694511413574,0.7417256832122803
frame_000263,263,8.733333333333333,0,12,327.6311731338501,140.77694511413574,0.7236062288284302
frame_000263,263,8.733333333333333,0,13,353.5660653114319,202.13510465621948,0.8197572231292725
frame_000263,263,8.733333333333333,0,14,303.59395599365234,186.95370435714722,0.7295849323272705
frame_000263,263,8.733333333333333,0,15,363.68699884414673,252.7397723197937,0.9288590550422668
frame_000263,263,8.733333333333333,0,16,345.97536516189575,210.3583631515503,0.6794314384460449
frame_000264,264,8.766666666666666,0,0,310.72485733032227,36.979249477386475,0.9506689310073853
frame_000264,264,8.766666666666666,0,1,315.91514587402344,32.43774700164795,0.9114706516265869
frame_000264,264,8.766666666666666,0,2,311.3736433982849,32.43774700164795,0.9839301109313965
frame_000264,264,8.766666666666666,0,3,331.48601150512695,35.032891273498535,0.9845103621482849
frame_000264,264,8.766666666666666,0,4,315.2663598060608,36.979249477386475,0.5916815400123596
frame_000264,264,8.766666666666666,0,5,350.3008074760437,62.930692195892334,0.8453169465065002
frame_000264,264,8.766666666666666,0,6,321.75422048568726,65.52583646774292,0.8230384588241577
frame_000264,264,8.766666666666666,0,7,332.1347975730896,98.61392593383789,0.8047774434089661
frame_000264,264,8.766666666666666,0,8,327.5932950973511,94.07242345809937,0.7170018553733826
frame_000264,264,8.766666666666666,0,9,305.5345687866211,74.60884141921997,0.8775233626365662
frame_000264,264,8.766666666666666,0,10,314.61757373809814,104.45300054550171,0.7543843984603882
frame_000264,264,8.766666666666666,0,11,350.94959354400635,137.54109001159668,0.7457089424133301
frame_000264,264,8.766666666666666,0,12,327.5932950973511,137.54109001159668,0.7248355150222778
frame_000264,264,8.766666666666666,0,13,356.78866815567017,197.22940826416016,0.8421763181686401
frame_000264,264,8.766666666666666,0,14,306.18335485458374,185.55125904083252,0.8041127920150757
frame_000264,264,8.766666666666666,0,15,368.4668173789978,247.83472156524658,0.946382999420166
frame_000264,264,8.766666666666666,0,16,343.81294679641724,219.28813457489014,0.7906402945518494
frame_000265,265,8.8,0,0,311.17091512680054,34.448692321777344,0.9145511388778687
frame_000265,265,8.8,0,1,315.89376187324524,29.72584557533264,0.940345048904419
frame_000265,265,8.8,0,2,311.17091512680054,29.72584557533264,0.956375241279602
frame_000265,265,8.8,0,3,332.0863792896271,31.74992275238037,1.047999620437622
frame_000265,265,8.8,0,4,314.54437708854675,33.7739999294281,0.5931907892227173
frame_000265,265,8.8,0,5,349.6283814907074,60.76169562339783,0.8791618347167969
frame_000265,265,8.8,0,6,322.64068579673767,62.11108040809631,0.8455007076263428
frame_000265,265,8.8,0,7,327.3635325431824,93.82162284851074,0.8233708143234253
frame_000265,265,8.8,0,8,325.33945536613464,93.1469304561615,0.7035791873931885
frame_000265,265,8.8,0,9,307.1227607727051,66.15923476219177,0.9167473316192627
frame_000265,265,8.8,0,10,315.219069480896,100.56854677200317,0.736527681350708
frame_000265,265,8.8,0,11,350.9777662754059,138.3513207435608,0.815034031867981
frame_000265,265,8.8,0,12,327.3635325431824,139.02601313591003,0.7988764643669128
frame_000265,265,8.8,0,13,359.74876737594604,193.67609691619873,0.837035596370697
frame_000265,265,8.8,0,14,310.4962227344513,184.90509581565857,0.7930023670196533
frame_000265,265,8.8,0,15,373.91730761528015,242.92864155769348,0.9607279300689697
frame_000265,265,8.8,0,16,339.50799560546875,229.43479371070862,0.9032238125801086
frame_000266,266,8.833333333333334,0,0,312.9298594792684,32.08535045385361,0.901614785194397
frame_000266,266,8.833333333333334,0,1,317.75415738423663,27.261052429676056,0.9103371500968933
frame_000266,266,8.833333333333334,0,2,312.12580982844037,27.261052429676056,1.0065171718597412
frame_000266,266,8.833333333333334,0,3,333.0311007499695,29.67320144176483,0.949999988079071
frame_000266,266,8.833333333333334,0,4,312.12580982844037,32.889400124549866,0.6790608763694763
frame_000266,266,8.833333333333334,0,5,349.9161434173584,57.81493991613388,0.861153244972229
frame_000266,266,8.833333333333334,0,6,321.7744056383769,60.227088928222656,0.8200392723083496
frame_000266,266,8.833333333333334,0,7,325.7946538925171,91.58502608537674,0.8655829429626465
frame_000266,266,8.833333333333334,0,8,328.2068028450012,93.19312542676926,0.679352879524231
frame_000266,266,8.833333333333334,0,9,305.693412621816,60.227088928222656,0.9492678642272949
frame_000266,266,8.833333333333334,0,10,314.5379587809245,99.62552279233932,0.7236126661300659
frame_000266,266,8.833333333333334,0,11,349.1120937665304,127.76726126670837,0.7598342895507812
frame_000266,266,8.833333333333334,0,12,327.40275319417316,129.3753606081009,0.7596966624259949
frame_000266,266,8.833333333333334,0,13,358.7606895764669,190.48313558101654,0.8143715858459473
frame_000266,266,8.833333333333334,0,14,315.3420084317525,185.658837556839,0.765548825263977
frame_000266,266,8.833333333333334,0,15,378.86193084716797,234.70586746931076,0.846917986869812
frame_000266,266,8.833333333333334,0,16,333.83515040079754,239.5301654934883,0.8400874733924866
frame_000267,267,8.866666666666667,0,0,313.08686780929565,34.25589573383331,0.8935211300849915
frame_000267,267,8.866666666666667,0,1,318.30398265520734,29.784082889556885,0.9245514869689941
frame_000267,267,8.866666666666667,0,2,313.08686780929565,29.038780748844147,0.9337689280509949
frame_000267,267,8.866666666666667,0,3,333.2100250720978,32.0199893116951,1.0012083053588867
frame_000267,267,8.866666666666667,0,4,315.3227741718292,35.00119787454605,0.652857780456543
frame_000267,267,8.866666666666667,0,5,351.09727597236633,59.596168518066406,0.8844915628433228
frame_000267,267,8.866666666666667,0,6,322.7757953802745,61.08677279949188,0.845770001411438
frame_000267,267,8.866666666666667,0,7,329.4835144678752,93.13476485013962,0.8414185047149658
frame_000267,267,8.866666666666667,0,8,327.9929102261861,93.13476485013962,0.6909021139144897
frame_000267,267,8.866666666666667,0,9,306.37914872169495,64.81328350305557,0.9066763520240784
frame_000267,267,8.866666666666667,0,10,313.8321699301402,99.09718197584152,0.7831929922103882
frame_000267,267,8.866666666666667,0,11,349.60667173067725,134.1263825893402,0.769406795501709
frame_000267,267,8.866666666666667,0,12,328.73821234703064,134.87168473005295,0.7787873148918152
frame_000267,267,8.866666666666667,0,13,350.35197385152185,194.495855987072,0.7956056594848633
frame_000267,267,8.866666666666667,0,14,322.03049325942993,191.51464742422104,0.7627507448196411
frame_000267,267,8.866666666666667,0,15,380.9093608061472,225.05324375629425,0.8542357683181763
frame_000267,267,8.866666666666667,0,16,330.9741187095642,249.6482143998146,0.8970965147018433
frame_000268,268,8.9,0,0,315.02914905548096,38.503185749053955,0.8678769469261169
frame_000268,268,8.9,0,1,319.70758962631226,33.824745178222656,0.8815402388572693
frame_000268,268,8.9,0,2,314.2494089603424,33.824745178222656,0.9002374410629272
frame_000268,268,8.9,0,3,334.5226514339447,34.604485273361206,0.9754883646965027
frame_000268,268,8.9,0,4,315.02914905548096,38.503185749053955,0.6952462196350098
frame_000268,268,8.9,0,5,352.45667362213135,61.89538860321045,0.8530330657958984
frame_000268,268,8.9,0,6,324.38603019714355,66.57382917404175,0.8099868297576904
frame_000268,268,8.9,0,7,335.30239152908325,99.32291316986084,0.7900905013084412
frame_000268,268,8.9,0,8,325.94551038742065,96.20395278930664,0.7063299417495728
frame_000268,268,8.9,0,9,308.011488199234,75.1509702205658,0.8671668171882629
frame_000268,268,8.9,0,10,311.1304485797882,103.22161364555359,0.7719048857688904
frame_000268,268,8.9,0,11,350.1174533367157,135.19095754623413,0.7346808910369873
frame_000268,268,8.9,0,12,329.06447076797485,135.97069764137268,0.7367827892303467
frame_000268,268,8.9,0,13,342.3200523853302,197.57016515731812,0.7750592231750488
frame_000268,268,8.9,0,14,323.606290102005,193.67146468162537,0.7431399822235107
frame_000268,268,8.9,0,15,379.7475769519806,217.8434076309204,0.8337019681930542
frame_000268,268,8.9,0,16,329.8442108631134,256.05067229270935,0.8674377799034119
frame_000269,269,8.933333333333334,0,0,315.8014724254608,43.701210737228394,0.8531959056854248
frame_000269,269,8.933333333333334,0,1,319.72875213623047,39.77393102645874,0.8565147519111633
frame_000269,269,8.933333333333334,0,2,315.0160164833069,38.98847508430481,0.844393789768219
frame_000269,269,8.933333333333334,0,3,335.4378709793091,40.55938696861267,0.948387861251831
frame_000269,269,8.933333333333334,0,4,315.8014724254608,43.701210737228394,0.6915066242218018
frame_000269,269,8.933333333333334,0,5,354.2888135910034,67.26488900184631,0.8721363544464111
frame_000269,269,8.933333333333334,0,6,324.44148778915405,70.40671277046204,0.8125600814819336
frame_000269,269,8.933333333333334,0,7,342.50697445869446,105.75223016738892,0.8035235404968262
frame_000269,269,8.933333333333334,0,8,326.0123996734619,101.82495045661926,0.7421971559524536
frame_000269,269,8.933333333333334,0,9,310.3032808303833,86.90128755569458,0.8257240056991577
frame_000269,269,8.933333333333334,0,10,307.1614570617676,108.10859799385071,0.7833741903305054
frame_000269,269,8.933333333333334,0,11,351.1469898223877,141.0977475643158,0.7440469264984131
frame_000269,269,8.933333333333334,0,12,329.15422344207764,141.88320350646973,0.7464059591293335
frame_000269,269,8.933333333333334,0,13,335.4378709793091,200.79239916801453,0.7471094727516174
frame_000269,269,8.933333333333334,0,14,319.72875213623047,198.43603134155273,0.7525286674499512
frame_000269,269,8.933333333333334,0,15,375.49612402915955,214.14515018463135,0.8228425979614258
frame_000269,269,8.933333333333334,0,16,329.93967938423157,259.7015948295593,0.8828175663948059
frame_000270,270,8.966666666666667,0,0,315.88452672958374,50.975504875183105,0.9190611839294434
frame_000270,270,8.966666666666667,0,1,321.4391520818075,46.21439754962921,0.9435118436813354
frame_000270,270,8.966666666666667,0,2,315.88452672958374,46.21439754962921,0.908823549747467
frame_000270,270,8.966666666666667,0,3,335.72247441609704,48.59495121240616,1.0493741035461426
frame_000270,270,8.966666666666667,0,4,316.6780446370443,50.975504875183105,0.7574077248573303
frame_000270,270,8.966666666666667,0,5,355.5604221026103,74.78104150295258,0.9173468351364136
frame_000270,270,8.966666666666667,0,6,323.0261878967285,79.54214882850647,0.8828209042549133
frame_000270,270,8.966666666666667,0,7,348.4187609354655,114.45693588256836,0.9188098311424255
frame_000270,270,8.966666666666667,0,8,323.0261878967285,112.07638221979141,0.7215551137924194
frame_000270,270,8.966666666666667,0,9,315.88452672958374,108.10879278182983,0.8096531629562378
frame_000270,270,8.966666666666667,0,10,304.77527602513635,115.25045377016068,0.6863100528717041
frame_000270,270,8.966666666666667,0,11,351.5928325653076,152.5457944869995,0.8183397054672241
frame_000270,270,8.966666666666667,0,12,330.1678490638733,152.5457944869995,0.7992751598358154
frame_000270,270,8.966666666666667,0,13,328.58081324895227,204.12445718050003,0.7394108176231384
frame_000270,270,8.966666666666667,0,14,318.26508045196533,203.33093929290771,0.7670698165893555
frame_000270,270,8.966666666666667,0,15,368.25670862197876,207.2985287308693,0.8617864847183228
frame_000270,270,8.966666666666667,0,16,332.5484027862549,260.46422719955444,0.8917809724807739
frame_000271,271,9.0,0,0,315.3704294363657,56.25755703449249,0.9267032146453857
frame_000271,271,9.0,0,1,320.905152797699,51.513508558273315,0.9267427921295166
frame_000271,271,9.0,0,2,314.57975467046106,51.513508558273315,0.9499256610870361
frame_000271,271,9.0,0,3,335.9279733498891,53.885532796382904,1.0435869693756104
frame_000271,271,9.0,0,4,316.9517789681753,56.25755703449249,0.758230984210968
frame_000271,271,9.0,0,5,355.69484249750775,79.18712466955185,0.9045693874359131
frame_000271,271,9.0,0,6,321.69582756360376,83.93117314577103,0.8857018947601318
frame_000271,271,9.0,0,7,354.90416773160297,119.51153671741486,0.9128880500793457
frame_000271,271,9.0,0,8,320.905152797699,116.34883773326874,0.7520376443862915
frame_000271,271,9.0,0,9,322.4865023295084,120.30221146345139,0.7398296594619751
frame_000271,271,9.0,0,10,299.5569341182709,120.30221146345139,0.7587764263153076
frame_000271,271,9.0,0,11,349.3694443702698,155.88257503509521,0.7454527616500854
frame_000271,271,9.0,0,12,327.2305509249369,155.88257503509521,0.7433289289474487
frame_000271,271,9.0,0,13,316.9517789681753,202.53238505125046,0.6821656227111816
frame_000271,271,9.0,0,14,316.1611042022705,208.8577830195427,0.7258540987968445
frame_000271,271,9.0,0,15,362.0202406247456,206.4857587814331,0.7344256639480591
frame_000271,271,9.0,0,16,337.5093228816986,261.8329910039902,0.8038021326065063
frame_000272,272,9.033333333333333,0,0,313.9426407814026,58.63341522216797,0.9674509763717651
frame_000272,272,9.033333333333333,0,1,318.5852370262146,53.99081897735596,0.9952009916305542
frame_000272,272,9.033333333333333,0,2,313.1688747406006,54.76458501815796,1.0014140605926514
frame_000272,272,9.033333333333333,0,3,333.28679180145264,56.31211709976196,0.9987613558769226
frame_000272,272,9.033333333333333,0,4,315.4901728630066,58.63341522216797,0.7752657532691956
frame_000272,272,9.033333333333333,0,5,355.7260069847107,82.62016248703003,0.9079114198684692
frame_000272,272,9.033333333333333,0,6,319.3590030670166,85.71522665023804,0.9022064208984375
frame_000272,272,9.033333333333333,0,7,364.2374334335327,122.85599660873413,0.9500961303710938
frame_000272,272,9.033333333333333,0,8,317.0377049446106,118.98716640472412,0.8574579954147339
frame_000272,272,9.033333333333333,0,9,336.38185596466064,130.59365701675415,0.6599003076553345
frame_000272,272,9.033333333333333,0,10,295.37225580215454,120.53469848632812,0.8559960126876831
frame_000272,272,9.033333333333333,0,11,347.9883465766907,156.90170240402222,0.7360357046127319
frame_000272,272,9.033333333333333,0,12,325.5491313934326,156.90170240402222,0.747063159942627
frame_000272,272,9.033333333333333,0,13,317.8114709854126,205.64896297454834,0.6267694234848022
frame_000272,272,9.033333333333333,0,14,317.8114709854126,209.51779317855835,0.6749023199081421
frame_000272,272,9.033333333333333,0,15,358.0473051071167,209.51779317855835,0.711575984954834
frame_000272,272,9.033333333333333,0,16,344.11951637268066,261.3601179122925,0.7314711809158325
frame_000273,273,9.066666666666666,0,0,310.5930703481039,57.39419013261795,0.9897729158401489
frame_000273,273,9.066666666666666,0,1,315.9864603678385,52.77128452062607,1.0172845125198364
frame_000273,273,9.066666666666666,0,2,309.8225860595703,53.54176878929138,1.004223108291626
frame_000273,273,9.066666666666666,0,3,331.3961461385091,55.85322159528732,1.015357494354248
frame_000273,273,9.066666666666666,0,4,313.6750075022379,58.164674401283264,0.7442975044250488
frame_000273,273,9.066666666666666,0,5,355.2811590830485,80.50871819257736,0.9165704250335693
frame_000273,273,9.066666666666666,0,6,315.9864603678385,84.36113953590393,0.9307445287704468
frame_000273,273,9.066666666666666,0,7,371.4613291422527,120.57390016317368,0.9863588213920593
frame_000273,273,9.066666666666666,0,8,312.1340389251709,121.34438443183899,0.908584713935852
frame_000273,273,9.066666666666666,0,9,346.0353476206462,135.98358553647995,0.743750810623169
frame_000273,273,9.066666666666666,0,10,292.1014474232992,116.7214788198471,0.880616307258606
frame_000273,273,9.066666666666666,0,11,346.0353476206462,158.32762932777405,0.7389941215515137
frame_000273,273,9.066666666666666,0,12,326.0027561187744,158.32762932777405,0.7321487665176392
frame_000273,273,9.066666666666666,0,13,311.36355463663733,199.933779835701,0.6812173128128052
frame_000273,273,9.066666666666666,0,14,326.773240407308,212.261528134346,0.686266303062439
frame_000273,273,9.066666666666666,0,15,352.96970621744794,210.72055959701538,0.8046272993087769
frame_000273,273,9.066666666666666,0,16,352.19922192891437,259.26106852293015,0.7659199833869934
frame_000274,274,9.1,0,0,310.3141326904297,52.487831115722656,0.9780819416046143
frame_000274,274,9.1,0,1,315.8109474182129,47.776275634765625,1.0077463388442993
frame_000274,274,9.1,0,2,308.74361419677734,47.776275634765625,0.9798398613929749
frame_000274,274,9.1,0,3,330.73087310791016,51.702571868896484,1.0156983137130737
frame_000274,274,9.1,0,4,312.6699104309082,53.27309036254883,0.7301657199859619
frame_000274,274,9.1,0,5,355.85916900634766,76.04560852050781,0.9124992489814758
frame_000274,274,9.1,0,6,314.24042892456055,79.1866455078125,0.9536507725715637
frame_000274,274,9.1,0,7,378.63168716430664,109.8117561340332,0.984455406665802
frame_000274,274,9.1,0,8,307.173095703125,116.87908935546875,0.9672670960426331
frame_000274,274,9.1,0,9,354.2886505126953,131.79901504516602,0.8396518230438232
frame_000274,274,9.1,0,10,290.6826515197754,108.24123764038086,0.9123290777206421
frame_000274,274,9.1,0,11,344.86553955078125,153.78627395629883,0.8102797865867615
frame_000274,274,9.1,0,12,327.58983612060547,154.571533203125,0.7793341875076294
frame_000274,274,9.1,0,13,308.74361419677734,189.90819931030273,0.7045443058013916
frame_000274,274,9.1,0,14,335.4424285888672,207.9691619873047,0.6936110258102417
frame_000274,274,9.1,0,15,346.4360580444336,211.89545822143555,0.7197782397270203
frame_000274,274,9.1,0,16,357.4296875,254.29945755004883,0.7853375673294067
frame_000275,275,9.133333333333333,0,0,310.7690734863281,45.33913516998291,0.9644252061843872
frame_000275,275,9.133333333333333,0,1,317.15699005126953,41.34668731689453,0.9915156364440918
frame_000275,275,9.133333333333333,0,2,309.1720943450928,41.34668731689453,0.9856492280960083
frame_000275,275,9.133333333333333,0,3,331.5298023223877,44.540645599365234,1.0287061929702759
frame_000275,275,9.133333333333333,0,4,310.7690734863281,46.137624740600586,0.7491739988327026
frame_000275,275,9.133333333333333,0,5,356.28297901153564,69.29382228851318,0.9082739949226379
frame_000275,275,9.133333333333333,0,6,312.3660526275635,73.28627014160156,0.9767876863479614
frame_000275,275,9.133333333333333,0,7,384.2301139831543,97.24095726013184,0.9719836711883545
frame_000275,275,9.133333333333333,0,8,303.58266735076904,112.41225910186768,0.9582082033157349
frame_000275,275,9.133333333333333,0,9,365.86485385894775,121.19564437866211,0.9385852813720703
frame_000275,275,9.133333333333333,0,10,290.00834465026855,99.63642597198486,0.901402473449707
frame_000275,275,9.133333333333333,0,11,345.90261459350586,146.74731063842773,0.8175539970397949
frame_000275,275,9.133333333333333,0,12,329.13433361053467,148.3442897796631,0.7907660603523254
frame_000275,275,9.133333333333333,0,13,308.3736047744751,185.87329959869385,0.7089135050773621
frame_000275,275,9.133333333333333,0,14,343.50714588165283,203.44007015228271,0.7852227687835693
frame_000275,275,9.133333333333333,0,15,342.70865631103516,215.41741371154785,0.7668895721435547
frame_000275,275,9.133333333333333,0,16,365.86485385894775,251.34944438934326,0.8642244935035706
frame_000276,276,9.166666666666666,0,0,311.11982758839923,41.570825695991516,0.9200401306152344
frame_000276,276,9.166666666666666,0,1,316.75096559524536,36.74413621425629,0.9598281979560852
frame_000276,276,9.166666666666666,0,2,308.7064827283223,36.74413621425629,0.920529842376709
frame_000276,276,9.166666666666666,0,3,332.0354830423991,38.35303270816803,0.9542732238769531
frame_000276,276,9.166666666666666,0,4,311.11982758839923,40.766377449035645,0.7204269170761108
frame_000276,276,9.166666666666666,0,5,356.97337992986047,64.09537661075592,0.8639332056045532
frame_000276,276,9.166666666666666,0,6,311.11982758839923,67.3131695985794,0.9606024622917175
frame_000276,276,9.166666666666666,0,7,389.1513113975525,86.61992752552032,0.9428107738494873
frame_000276,276,9.166666666666666,0,8,300.66199986139935,107.53558194637299,0.9240543842315674
frame_000276,276,9.166666666666666,0,9,372.25789737701416,111.55782318115234,0.9495682716369629
frame_000276,276,9.166666666666666,0,10,291.00862042109173,90.64216876029968,0.8670564293861389
frame_000276,276,9.166666666666666,0,11,347.32000048955285,141.3224083185196,0.8088172674179077
frame_000276,276,9.166666666666666,0,12,328.8176898956299,143.7357530593872,0.7892458438873291
frame_000276,276,9.166666666666666,0,13,308.7064827283223,179.13147592544556,0.746559739112854
frame_000276,276,9.166666666666666,0,14,345.7111039161682,200.04713034629822,0.8084976673126221
frame_000276,276,9.166666666666666,0,15,336.0577244758606,229.0072672367096,0.7942793369293213
frame_000276,276,9.166666666666666,0,16,369.040104230245,245.09623217582703,0.8678762316703796
frame_000277,277,9.2,0,0,311.21324157714844,37.677093505859375,0.9514310359954834
frame_000277,277,9.2,0,1,316.8265075683594,32.86572265625,1.018372893333435
frame_000277,277,9.2,0,2,309.6094512939453,32.86572265625,1.0088768005371094
frame_000277,277,9.2,0,3,332.06251525878906,35.27140808105469,1.0009188652038574
frame_000277,277,9.2,0,4,311.21324157714844,36.87519836425781,0.7209877967834473
frame_000277,277,9.2,0,5,357.72315979003906,60.130157470703125,0.8698772192001343
frame_000277,277,9.2,0,6,311.21324157714844,65.74342346191406,0.967302680015564
frame_000277,277,9.2,0,7,391.4027557373047,79.37564086914062,0.9501665830612183
frame_000277,277,9.2,0,8,297.5810241699219,101.82870483398438,0.9010612964630127
frame_000277,277,9.2,0,9,373.7610626220703,104.23439025878906,0.9357138276100159
frame_000277,277,9.2,0,10,289.56207275390625,88.19648742675781,0.8559353351593018
frame_000277,277,9.2,0,11,347.29852294921875,138.71588134765625,0.812973141670227
frame_000277,277,9.2,0,12,328.8549346923828,141.12156677246094,0.7883316278457642
frame_000277,277,9.2,0,13,313.6189270019531,182.8201141357422,0.77269047498703
frame_000277,277,9.2,0,14,347.29852294921875,197.2542266845703,0.8204348087310791
frame_000277,277,9.2,0,15,330.45872497558594,238.15087890625,0.8463437557220459
frame_000277,277,9.2,0,16,372.95916748046875,238.95277404785156,0.91459059715271
frame_000278,278,9.233333333333333,0,0,312.4822690486908,35.34021329879761,0.9390991926193237
frame_000278,278,9.233333333333333,0,1,317.2159445285797,30.60653781890869,0.9864726066589355
frame_000278,278,9.233333333333333,0,2,310.90437722206116,30.60653781890869,0.9793962240219116
frame_000278,278,9.233333333333333,0,3,332.9948627948761,32.97337555885315,0.9998956918716431
frame_000278,278,9.233333333333333,0,4,311.693323135376,34.55126738548279,0.6737618446350098
frame_000278,278,9.233333333333333,0,5,359.03007793426514,58.21964478492737,0.8610948324203491
frame_000278,278,9.233333333333333,0,6,312.4822690486908,62.953320264816284,0.9465639591217041
frame_000278,278,9.233333333333333,0,7,394.532644033432,76.36540079116821,0.9219526648521423
frame_000278,278,9.233333333333333,0,8,299.07018852233887,99.24483227729797,0.8667885065078735
frame_000278,278,9.233333333333333,0,9,375.59794211387634,101.61167001724243,0.9098616242408752
frame_000278,278,9.233333333333333,0,10,291.1807293891907,92.1443190574646,0.8259100317955017
frame_000278,278,9.233333333333333,0,11,347.98483514785767,135.53634428977966,0.7971279621124268
frame_000278,278,9.233333333333333,0,12,328.2611873149872,137.90318202972412,0.7809784412384033
frame_000278,278,9.233333333333333,0,13,329.8390791416168,183.66204500198364,0.7000720500946045
frame_000278,278,9.233333333333333,0,14,333.7838087081909,192.34045004844666,0.736688494682312
frame_000278,278,9.233333333333333,0,15,324.3164577484131,248.35560989379883,0.6872698068618774
frame_000278,278,9.233333333333333,0,16,374.0200502872467,230.20985388755798,0.7598966360092163
frame_000279,279,9.266666666666666,0,0,314.02114995320636,36.916682839393616,0.9569469690322876
frame_000279,279,9.266666666666666,0,1,318.6143687566121,32.32346427440643,1.0180425643920898
frame_000279,279,9.266666666666666,0,2,312.4900770187378,32.32346427440643,0.9912841320037842
frame_000279,279,9.266666666666666,0,3,334.6906345685323,33.85453712940216,1.0221929550170898
frame_000279,279,9.266666666666666,0,4,314.02114995320636,36.15114641189575,0.6680953502655029
frame_000279,279,9.266666666666666,0,5,359.95333798726404,59.117239236831665,0.8456012010574341
frame_000279,279,9.266666666666666,0,6,315.552222887675,64.47599422931671,0.9416992664337158
frame_000279,279,9.266666666666666,0,7,395.93355194727576,79.02118635177612,0.9481284618377686
frame_000279,279,9.266666666666666,0,8,301.7725664774577,99.69066989421844,0.8595549464225769
frame_000279,279,9.266666666666666,0,9,374.4985308647156,103.51835203170776,0.9181127548217773
frame_000279,279,9.266666666666666,0,10,293.35166533788043,96.62852418422699,0.8572485446929932
frame_000279,279,9.266666666666666,0,11,348.47029097874963,137.20195484161377,0.7830467224121094
frame_000279,279,9.266666666666666,0,12,328.56634283065796,140.26410055160522,0.7684159278869629
frame_000279,279,9.266666666666666,0,13,331.62848869959515,190.78950476646423,0.7221988439559937
frame_000279,279,9.266666666666666,0,14,332.3940251668294,193.08611404895782,0.7184406518936157
frame_000279,279,9.266666666666666,0,15,323.9731240272522,251.26688253879547,0.6921651363372803
frame_000279,279,9.266666666666666,0,16,375.26406733194983,219.1143525838852,0.6978581547737122
frame_000280,280,9.3,0,0,316.18463706970215,41.00890064239502,0.9335129261016846
frame_000280,280,9.3,0,1,321.6855173110962,36.29386043548584,0.9755202531814575
frame_000280,280,9.3,0,2,313.82711696624756,37.0797004699707,0.9624569416046143
frame_000280,280,9.3,0,3,337.40231800079346,37.0797004699707,1.0250438451766968
frame_000280,280,9.3,0,4,315.3987970352173,40.223060607910156,0.6853505373001099
frame_000280,280,9.3,0,5,360.97751903533936,63.798261642456055,0.8655449151992798
frame_000280,280,9.3,0,6,316.970477104187,67.72746181488037,0.9366868138313293
frame_000280,280,9.3,0,7,393.9828004837036,88.15930271148682,0.9407646656036377
frame_000280,280,9.3,0,8,305.9687166213989,103.09026336669922,0.8357089757919312
frame_000280,280,9.3,0,9,367.26423931121826,110.16282367706299,0.9141717553138733
frame_000280,280,9.3,0,10,296.53863620758057,103.87610340118408,0.8113303184509277
frame_000280,280,9.3,0,11,349.97575855255127,142.38226509094238,0.8024792671203613
frame_000280,280,9.3,0,12,327.9722375869751,144.73978519439697,0.7843263149261475
frame_000280,280,9.3,0,13,331.11559772491455,192.67602729797363,0.7013624310493469
frame_000280,280,9.3,0,14,327.18639755249023,198.96274757385254,0.7006630897521973
frame_000280,280,9.3,0,15,323.2571973800659,256.32907009124756,0.627993106842041
frame_000280,280,9.3,0,16,375.1226396560669,209.96450805664062,0.621181070804596
frame_000281,281,9.333333333333334,0,0,316.1074252128601,44.85580253601074,0.9462938904762268
frame_000281,281,9.333333333333334,0,1,321.6667947769165,40.0906286239624,0.9754948616027832
frame_000281,281,9.333333333333334,0,2,314.519033908844,40.88482427597046,0.9461944103240967
frame_000281,281,9.333333333333334,0,3,336.7565121650696,42.47321557998657,1.0130648612976074
frame_000281,281,9.333333333333334,0,4,318.4900121688843,45.6499981880188,0.6858714818954468
frame_000281,281,9.333333333333334,0,5,362.96496868133545,68.68167209625244,0.8905962705612183
frame_000281,281,9.333333333333334,0,6,317.6958165168762,72.65265035629272,0.9582688808441162
frame_000281,281,9.333333333333334,0,7,389.1734251976013,99.65530252456665,0.9418063163757324
frame_000281,281,9.333333333333334,0,8,308.9596643447876,109.18565034866333,0.8805812001228333
frame_000281,281,9.333333333333334,0,9,358.99399042129517,115.53921556472778,0.8860557079315186
frame_000281,281,9.333333333333334,0,10,296.2525339126587,110.77404165267944,0.8558482527732849
frame_000281,281,9.333333333333334,0,11,350.25783824920654,148.1012372970581,0.8018884658813477
frame_000281,281,9.333333333333334,0,12,327.2261643409729,149.68962860107422,0.7821877598762512
frame_000281,281,9.333333333333334,0,13,328.814555644989,196.54717206954956,0.6871534585952759
frame_000281,281,9.333333333333334,0,14,327.2261643409729,206.07751989364624,0.6811505556106567
frame_000281,281,9.333333333333334,0,15,324.84357738494873,201.3123459815979,0.6146191358566284
frame_000281,281,9.333333333333334,0,16,324.84357738494873,269.61317205429077,0.5648808479309082
frame_000282,282,9.366666666666667,0,0,316.9348032474518,52.21192270517349,0.9638876914978027
frame_000282,282,9.366666666666667,0,1,321.71643137931824,47.43029469251633,0.9660332202911377
frame_000282,282,9.366666666666667,0,2,315.34092720349634,48.227232694625854,0.9919204711914062
frame_000282,282,9.366666666666667,0,3,336.8582537968953,49.02417069673538,0.9798946976661682
frame_000282,282,9.366666666666667,0,4,318.52867929140723,52.21192270517349,0.7612491250038147
frame_000282,282,9.366666666666667,0,5,362.3602705001831,75.32312476634979,0.883967936038971
frame_000282,282,9.366666666666667,0,6,319.325617313385,78.5108767747879,0.9291018843650818
frame_000282,282,9.366666666666667,0,7,380.68984500567126,111.98227286338806,0.9327054023742676
frame_000282,282,9.366666666666667,0,8,311.35623709360755,115.17002487182617,0.9116029739379883
frame_000282,282,9.366666666666667,0,9,348.01538610458374,119.95165288448334,0.7586871981620789
frame_000282,282,9.366666666666667,0,10,293.0266625881195,118.35777688026428,0.860840916633606
frame_000282,282,9.366666666666667,0,11,351.2031381924947,150.23529696464539,0.7478700876235962
frame_000282,282,9.366666666666667,0,12,325.7011214892069,151.0322349667549,0.7283117175102234
frame_000282,282,9.366666666666667,0,13,319.325617313385,198.84851509332657,0.6506725549697876
frame_000282,282,9.366666666666667,0,14,322.513369401296,208.4117711186409,0.6523157358169556
frame_000282,282,9.366666666666667,0,15,363.95414654413867,199.6454530954361,0.7132936120033264
frame_000282,282,9.366666666666667,0,16,328.8888735771179,264.19743126630783,0.6915353536605835
frame_000283,283,9.4,0,0,316.1336716016134,56.785287380218506,0.9505510330200195
frame_000283,283,9.4,0,1,320.8922041257223,52.02675461769104,0.9859691262245178
frame_000283,283,9.4,0,2,314.54749409357703,52.02675461769104,0.9709550142288208
frame_000283,283,9.4,0,3,335.9608904520671,52.81984341144562,0.9557402729988098
frame_000283,283,9.4,0,4,317.71984910964966,55.99219858646393,0.7579997777938843
frame_000283,283,9.4,0,5,359.75355307261157,78.99177360534668,0.9247348308563232
frame_000283,283,9.4,0,6,318.51293786366784,82.16412878036499,0.9366865754127502
frame_000283,283,9.4,0,7,374.8222393989563,117.0600357055664,0.9584696888923645
frame_000283,283,9.4,0,8,312.96131658554077,118.64621329307556,0.8981764316558838
frame_000283,283,9.4,0,9,342.3056004842122,119.43930208683014,0.7675917148590088
frame_000283,283,9.4,0,10,293.9271864891052,123.40474605560303,0.862830400466919
frame_000283,283,9.4,0,11,348.6503105163574,158.30065298080444,0.7649306654930115
frame_000283,283,9.4,0,12,324.857647895813,157.50756418704987,0.7597346305847168
frame_000283,283,9.4,0,13,319.3060266176859,205.09289181232452,0.6642296314239502
frame_000283,283,9.4,0,14,320.8922041257223,209.0583357810974,0.6236953735351562
frame_000283,283,9.4,0,15,366.0982631047566,194.78273749351501,0.4950959384441376
frame_000283,283,9.4,0,16,335.9608904520671,196.36891508102417,0.4476873278617859
frame_000284,284,9.433333333333334,0,0,314.8418836593628,56.8373498916626,0.9737598299980164
frame_000284,284,9.433333333333334,0,1,319.99549293518066,52.41997051239014,0.9765495657920837
frame_000284,284,9.433333333333334,0,2,314.1056537628174,52.41997051239014,0.9700314998626709
frame_000284,284,9.433333333333334,0,3,336.1925506591797,54.62866020202637,0.9570753574371338
frame_000284,284,9.433333333333334,0,4,317.78680324554443,56.8373498916626,0.7572842240333557
frame_000284,284,9.433333333333334,0,5,358.279447555542,81.13293647766113,0.9235419631004333
frame_000284,284,9.433333333333334,0,6,319.99549293518066,85.5503158569336,0.8792197704315186
frame_000284,284,9.433333333333334,0,7,360.4881372451782,121.62558078765869,0.9277270436286926
frame_000284,284,9.433333333333334,0,8,315.5781135559082,117.20820140838623,0.8318731188774109
frame_000284,284,9.433333333333334,0,9,328.0940217971802,115.73574161529541,0.7177159786224365
frame_000284,284,9.433333333333334,0,10,296.43613624572754,125.30673027038574,0.8213000893592834
frame_000284,284,9.433333333333334,0,11,350.1809186935425,156.96461582183838,0.7424193620681763
frame_000284,284,9.433333333333334,0,12,325.14910221099854,156.96461582183838,0.7433958053588867
frame_000284,284,9.433333333333334,0,13,329.566481590271,204.08332920074463,0.6018425226211548
frame_000284,284,9.433333333333334,0,14,301.5897455215454,201.8746395111084,0.540885865688324
frame_000284,284,9.433333333333334,0,15,347.23599910736084,193.7761106491089,0.586236834526062
frame_000284,284,9.433333333333334,0,16,344.2910795211792,187.1500415802002,0.5359127521514893
frame_000285,285,9.466666666666667,0,0,313.51843102773034,53.51977527141571,0.9898912906646729
frame_000285,285,9.466666666666667,0,1,318.6665183703104,49.107128739356995,0.9819218516349792
frame_000285,285,9.466666666666667,0,2,312.7829899787903,49.84256982803345,1.0390682220458984
frame_000285,285,9.466666666666667,0,3,334.84622144699097,51.31345200538635,0.9654076099395752
frame_000285,285,9.466666666666667,0,4,315.7247541745504,53.51977527141571,0.7776594161987305
frame_000285,285,9.466666666666667,0,5,356.17401186625165,77.0538901090622,0.9433118104934692
frame_000285,285,9.466666666666667,0,6,320.8728415171305,82.93741881847382,0.895533561706543
frame_000285,285,9.466666666666667,0,7,351.02592452367145,117.50314998626709,0.9210144877433777
frame_000285,285,9.466666666666667,0,8,317.1956362724304,111.61962127685547,0.8329784870147705
frame_000285,285,9.466666666666667,0,9,316.46019522349036,107.20697474479675,0.7743827104568481
frame_000285,285,9.466666666666667,0,10,298.8096100489298,122.65123760700226,0.8291370868682861
frame_000285,285,9.466666666666667,0,11,348.8196013768514,154.27520442008972,0.8053340911865234
frame_000285,285,9.466666666666667,0,12,325.2854878107707,153.53976333141327,0.7896510362625122
frame_000285,285,9.466666666666667,0,13,338.5234266916911,210.90416824817657,0.753670334815979
frame_000285,285,9.466666666666667,0,14,296.60328690210974,191.04725885391235,0.6603109836578369
frame_000285,285,9.466666666666667,0,15,350.29048347473145,260.1787211894989,0.8698068261146545
frame_000285,285,9.466666666666667,0,16,345.1423961321513,194.72446429729462,0.5851383209228516
frame_000286,286,9.5,0,0,312.61415243148804,47.287992000579834,1.0448157787322998
frame_000286,286,9.5,0,1,317.73319005966187,42.168954372406006,0.9829564094543457
frame_000286,286,9.5,0,2,312.61415243148804,42.168954372406006,1.078700304031372
frame_000286,286,9.5,0,3,333.09030294418335,44.08859348297119,1.049499750137329
frame_000286,286,9.5,0,4,320.9325885772705,47.287992000579834,0.6947822570800781
frame_000286,286,9.5,0,5,354.8462128639221,70.32366132736206,0.9076800346374512
frame_000286,286,9.5,0,6,320.9325885772705,75.44269895553589,0.8613930940628052
frame_000286,286,9.5,0,7,345.2480173110962,109.99620294570923,0.8986281156539917
frame_000286,286,9.5,0,8,320.9325885772705,106.15692472457886,0.8133325576782227
frame_000286,286,9.5,0,9,312.61415243148804,92.71945095062256,0.871317982673645
frame_000286,286,9.5,0,10,302.3760771751404,117.03487968444824,0.8711613416671753
frame_000286,286,9.5,0,11,349.08729553222656,148.38898515701294,0.7752182483673096
frame_000286,286,9.5,0,12,326.69150590896606,146.46934604644775,0.76460862159729
frame_000286,286,9.5,0,13,345.8878970146179,206.61803817749023,0.8273667693138123
frame_000286,286,9.5,0,14,298.53679895401,186.78176736831665,0.7520197629928589
frame_000286,286,9.5,0,15,356.1259722709656,256.52865505218506,0.9150668978691101
frame_000286,286,9.5,0,16,344.60813760757446,204.05851936340332,0.6658939123153687
frame_000287,287,9.533333333333333,0,0,312.36801528930664,40.880839467048645,1.0173956155776978
frame_000287,287,9.533333333333333,0,1,316.94388020038605,35.65127956867218,0.9752524495124817
frame_000287,287,9.533333333333333,0,2,312.36801528930664,35.65127956867218,1.0640580654144287
frame_000287,287,9.533333333333333,0,3,332.63255989551544,37.612364530563354,1.0677242279052734
frame_000287,287,9.533333333333333,0,4,316.94388020038605,40.880839467048645,0.663162887096405
frame_000287,287,9.533333333333333,0,5,353.5507994890213,65.0675539970398,0.8802943229675293
frame_000287,287,9.533333333333333,0,6,322.1734400987625,68.98972392082214,0.8519343137741089
frame_000287,287,9.533333333333333,0,7,341.78428971767426,102.98186326026917,0.9100041389465332
frame_000287,287,9.533333333333333,0,8,326.09561002254486,99.05969333648682,0.7606016397476196
frame_000287,287,9.533333333333333,0,9,310.40693032741547,87.29318356513977,0.8734292984008789
frame_000287,287,9.533333333333333,0,10,307.1384553909302,110.1725081205368,0.8131530284881592
frame_000287,287,9.533333333333333,0,11,350.282324552536,140.89617252349854,0.7722960710525513
frame_000287,287,9.533333333333333,0,12,326.7493050098419,140.24247753620148,0.752000093460083
frame_000287,287,9.533333333333333,0,13,352.2434095144272,201.68980634212494,0.856374979019165
frame_000287,287,9.533333333333333,0,14,301.9088954925537,186.00112664699554,0.7976204752922058
frame_000287,287,9.533333333333333,0,15,361.395139336586,252.0243203639984,0.9577306509017944
frame_000287,287,9.533333333333333,0,16,342.4379847049713,210.84153616428375,0.8034699559211731
frame_000288,288,9.566666666666666,0,0,313.3376347223917,36.63761246204376,1.041307806968689
frame_000288,288,9.566666666666666,0,1,317.94223165512085,31.375216126441956,1.0132780075073242
frame_000288,288,9.566666666666666,0,2,312.67983516057336,31.375216126441956,1.1131086349487305
frame_000288,288,9.566666666666666,0,3,333.7294211387634,32.69081521034241,1.0862181186676025
frame_000288,288,9.566666666666666,0,4,315.31103340784705,34.00641429424286,0.6219313740730286
frame_000288,288,9.566666666666666,0,5,353.46340799331665,60.31839597225189,0.8917487859725952
frame_000288,288,9.566666666666666,0,6,321.8890290260315,65.5807923078537,0.8871546387672424
frame_000288,288,9.566666666666666,0,7,338.3340180714925,97.81296986341476,0.9329549670219421
frame_000288,288,9.566666666666666,0,8,328.46702464421594,96.49737077951431,0.7499350309371948
frame_000288,288,9.566666666666666,0,9,308.7330377896627,82.02578085660934,0.9103381633758545
frame_000288,288,9.566666666666666,0,10,313.3376347223917,104.39096528291702,0.7942423820495605
frame_000288,288,9.566666666666666,0,11,349.516610622406,139.91214054822922,0.8209302425384521
frame_000288,288,9.566666666666666,0,12,326.4936259587606,139.254341006279,0.7976225018501282
frame_000288,288,9.566666666666666,0,13,355.436806678772,196.48290115594864,0.8582279682159424
frame_000288,288,9.566666666666666,0,14,306.1018395423889,183.32691031694412,0.8234362602233887
frame_000288,288,9.566666666666666,0,15,365.961599667867,246.4756663441658,0.962486743927002
frame_000288,288,9.566666666666666,0,16,340.3074167569478,222.13708329200745,0.8110929727554321
frame_000289,289,9.6,0,0,312.7772504488627,32.81650674343109,0.9697359204292297
frame_000289,289,9.6,0,1,317.44969479242957,25.80783987045288,0.975227415561676
frame_000289,289,9.6,0,2,311.99850972493493,27.365321397781372,1.0474388599395752
frame_000289,289,9.6,0,3,333.02450927098596,28.922802925109863,1.0187551975250244
frame_000289,289,9.6,0,4,315.892213344574,30.480284452438354,0.6956111192703247
frame_000289,289,9.6,0,5,354.0505088170369,56.17872965335846,0.8983482122421265
frame_000289,289,9.6,0,6,322.12213913599646,63.18739652633667,0.8988164663314819
frame_000289,289,9.6,0,7,341.5906572341919,95.11576783657074,0.8653590679168701
frame_000289,289,9.6,0,8,325.23710203170776,95.11576783657074,0.7304055094718933
frame_000289,289,9.6,0,9,308.1048061052958,81.09843409061432,0.8927021026611328
frame_000289,289,9.6,0,10,311.2197690010071,101.3456939458847,0.7100345492362976
frame_000289,289,9.6,0,11,349.37806447347003,130.93784296512604,0.7707031965255737
frame_000289,289,9.6,0,12,326.0158427556356,131.71658372879028,0.7563749551773071
frame_000289,289,9.6,0,13,359.5016938845317,191.6796225309372,0.8392235636711121
frame_000289,289,9.6,0,14,310.4410282770792,182.33473336696625,0.7891411781311035
frame_000289,289,9.6,0,15,370.404064019521,239.96154987812042,0.8804305791854858
frame_000289,289,9.6,0,16,333.02450927098596,232.17414224147797,0.8797065019607544
frame_000290,290,9.633333333333333,0,0,313.04455216725665,32.65547049045563,0.9166712760925293
frame_000290,290,9.633333333333333,0,1,317.85867913564044,26.236634373664856,0.9175218343734741
frame_000290,290,9.633333333333333,0,2,312.24219767252606,26.236634373664856,0.9779418110847473
frame_000290,290,9.633333333333333,0,3,333.9057690302531,28.643697917461395,0.9731030464172363
frame_000290,290,9.633333333333333,0,4,317.05632464090985,31.050761461257935,0.6785640120506287
frame_000290,290,9.633333333333333,0,5,354.7669858932495,55.12139689922333,0.888704776763916
frame_000290,290,9.633333333333333,0,6,321.87045160929364,63.94729655981064,0.8792312145233154
frame_000290,290,9.633333333333333,0,7,343.53402296702063,95.23912262916565,0.8404862284660339
frame_000290,290,9.633333333333333,0,8,322.67280610402423,96.84383165836334,0.7006300091743469
frame_000290,290,9.633333333333333,0,9,307.42807070414227,84.80851393938065,0.8376756310462952
frame_000290,290,9.633333333333333,0,10,310.63748868306476,98.44854068756104,0.6907579898834229
frame_000290,290,9.633333333333333,0,11,348.3481499354044,129.74036675691605,0.7537142038345337
frame_000290,290,9.633333333333333,0,12,325.8822240829468,130.5427212715149,0.7554869055747986
frame_000290,290,9.633333333333333,0,13,353.1622769037882,192.32401889562607,0.77909255027771
frame_000290,290,9.633333333333333,0,14,317.05632464090985,189.11460083723068,0.7590161561965942
frame_000290,290,9.633333333333333,0,15,376.43055725097656,233.24409914016724,0.8411718606948853
frame_000290,290,9.633333333333333,0,16,332.3010600407918,245.27941685914993,0.8189883232116699
frame_000291,291,9.666666666666666,0,0,315.4486961364746,36.50642681121826,0.9169334173202515
frame_000291,291,9.666666666666666,0,1,319.9862241744995,31.21264410018921,0.9305668473243713
frame_000291,291,9.666666666666666,0,2,314.69244146347046,31.21264410018921,0.9323551058769226
frame_000291,291,9.666666666666666,0,3,336.6238269805908,32.72515344619751,0.991612434387207
frame_000291,291,9.666666666666666,0,4,316.9612054824829,34.99391746520996,0.6711459755897522
frame_000291,291,9.666666666666666,0,5,354.77393913269043,59.950321674346924,0.8791097402572632
frame_000291,291,9.666666666666666,0,6,323.0112428665161,65.24410438537598,0.8281475901603699
frame_000291,291,9.666666666666666,0,7,347.2113924026489,98.5193099975586,0.8658475875854492
frame_000291,291,9.666666666666666,0,8,325.28000688552856,99.27556467056274,0.6932919025421143
frame_000291,291,9.666666666666666,0,9,311.66742277145386,93.22552728652954,0.8583230972290039
frame_000291,291,9.666666666666666,0,10,310.9111680984497,100.78807401657104,0.7426153421401978
frame_000291,291,9.666666666666666,0,11,348.7239017486572,134.06327962875366,0.7315868139266968
frame_000291,291,9.666666666666666,0,12,327.548770904541,134.06327962875366,0.7280815839767456
frame_000291,291,9.666666666666666,0,13,346.4551377296448,195.31990814208984,0.7815678715705872
frame_000291,291,9.666666666666666,0,14,323.76749753952026,192.29488945007324,0.7525739669799805
frame_000291,291,9.666666666666666,0,15,379.7303433418274,226.32634973526,0.8393514156341553
frame_000291,291,9.666666666666666,0,16,329.81753492355347,250.52649927139282,0.8612288236618042
frame_000292,292,9.7,0,0,315.7705748875936,41.192355036735535,0.9076975584030151
frame_000292,292,9.7,0,1,320.44882710774743,35.73439383506775,0.912898600101471
frame_000292,292,9.7,0,2,314.9908661842346,36.51410257816315,0.903348445892334
frame_000292,292,9.7,0,3,336.82270987828576,37.293811321258545,1.0188016891479492
frame_000292,292,9.7,0,4,316.5502835909525,41.97206377983093,0.702143669128418
frame_000292,292,9.7,0,5,354.756010055542,65.36332607269287,0.8988267779350281
frame_000292,292,9.7,0,6,323.56766192118323,71.60099601745605,0.848098874092102
frame_000292,292,9.7,0,7,347.7386317253113,105.12847197055817,0.9158185720443726
frame_000292,292,9.7,0,8,326.68649673461914,106.68788945674896,0.7237762808799744
frame_000292,292,9.7,0,9,313.4314487775167,102.78934574127197,0.8608513474464417
frame_000292,292,9.7,0,10,310.3126139640808,106.68788945674896,0.6132202744483948
frame_000292,292,9.7,0,11,347.7386317253113,140.21536540985107,0.7742602229118347
frame_000292,292,9.7,0,12,327.46620543797815,140.99507415294647,0.7558906078338623
frame_000292,292,9.7,0,13,339.16183598836267,200.25293862819672,0.784957766532898
frame_000292,292,9.7,0,14,324.34737062454224,198.69352114200592,0.7661644220352173
frame_000292,292,9.7,0,15,379.70668856302905,217.40653097629547,0.8551983833312988
frame_000292,292,9.7,0,16,330.58504025141394,256.39196813106537,0.9075472354888916
frame_000293,293,9.733333333333333,0,0,315.42135071754456,47.21263861656189,0.8820893168449402
frame_000293,293,9.733333333333333,0,1,320.1357915401459,43.28393793106079,0.8822295665740967
frame_000293,293,9.733333333333333,0,2,314.63561058044434,42.49819779396057,0.8571839332580566
frame_000293,293,9.733333333333333,0,3,335.85059428215027,44.06967806816101,0.9808173179626465
frame_000293,293,9.733333333333333,0,4,316.2070908546448,47.21263861656189,0.7028282880783081
frame_000293,293,9.733333333333333,0,5,356.279837846756,71.5705828666687,0.8770592212677002
frame_000293,293,9.733333333333333,0,6,323.27875208854675,74.71354341506958,0.8519432544708252
frame_000293,293,9.733333333333333,0,7,353.1368772983551,113.21481013298035,0.8772231936454773
frame_000293,293,9.733333333333333,0,8,329.5646731853485,109.28610944747925,0.7343910336494446
frame_000293,293,9.733333333333333,0,9,319.35005140304565,112.42906999588013,0.7051142454147339
frame_000293,293,9.733333333333333,0,10,309.921169757843,113.21481013298035,0.6990528106689453
frame_000293,293,9.733333333333333,0,11,347.63669633865356,144.64441561698914,0.7582639455795288
frame_000293,293,9.733333333333333,0,12,326.42171263694763,144.64441561698914,0.750807523727417
frame_000293,293,9.733333333333333,0,13,334.27911400794983,205.14640617370605,0.7644122838973999
frame_000293,293,9.733333333333333,0,14,318.56431126594543,202.7891857624054,0.7620149850845337
frame_000293,293,9.733333333333333,0,15,375.13760113716125,210.6465871334076,0.8568481802940369
frame_000293,293,9.733333333333333,0,16,331.13615345954895,259.3624756336212,0.8846981525421143
frame_000294,294,9.766666666666666,0,0,314.46289857228595,54.25169396400452,0.914631187915802
frame_000294,294,9.766666666666666,0,1,319.19961484273273,49.51497793197632,0.9230865240097046
frame_000294,294,9.766666666666666,0,2,314.46289857228595,48.72552525997162,0.9005873203277588
frame_000294,294,9.766666666666666,0,3,334.98866907755536,50.30443060398102,1.0456913709640503
frame_000294,294,9.766666666666666,0,4,316.04180399576825,53.46224129199982,0.7328728437423706
frame_000294,294,9.766666666666666,0,5,355.5144395828247,77.93527412414551,0.8743606805801392
frame_000294,294,9.766666666666666,0,6,322.35742568969727,81.0930848121643,0.8760733604431152
frame_000294,294,9.766666666666666,0,7,358.6722504297892,118.98681306838989,0.9069962501525879
frame_000294,294,9.766666666666666,0,8,324.72578382492065,114.2500970363617,0.744895875453949
frame_000294,294,9.766666666666666,0,9,327.09414196014404,125.30243444442749,0.6601194739341736
frame_000294,294,9.766666666666666,0,10,304.2000133196513,116.6184550523758,0.802855372428894
frame_000294,294,9.766666666666666,0,11,345.25155433019006,152.93327796459198,0.7589845657348633
frame_000294,294,9.766666666666666,0,12,324.72578382492065,152.93327796459198,0.7561113834381104
frame_000294,294,9.766666666666666,0,13,324.72578382492065,208.98441767692566,0.7164502143859863
frame_000294,294,9.766666666666666,0,14,314.46289857228595,207.40551233291626,0.7580125331878662
frame_000294,294,9.766666666666666,0,15,367.35623025894165,205.82660698890686,0.8234204649925232
frame_000294,294,9.766666666666666,0,16,334.98866907755536,261.08829402923584,0.8290756940841675
frame_000295,295,9.8,0,0,313.08293358484906,58.20169925689697,0.9174689054489136
frame_000295,295,9.8,0,1,317.7162796656291,54.34057742357254,0.9353529214859009
frame_000295,295,9.8,0,2,312.31070923805237,54.34057742357254,0.949714183807373
frame_000295,295,9.8,0,3,333.1607666015625,55.11280179023743,1.0261187553405762
frame_000295,295,9.8,0,4,315.3996066252391,58.20169925689697,0.7268433570861816
frame_000295,295,9.8,0,5,354.78304831186927,83.68510335683823,0.890997052192688
frame_000295,295,9.8,0,6,318.4885040124257,85.229552090168,0.8809184432029724
frame_000295,295,9.8,0,7,363.2775161266327,123.84077042341232,0.916838526725769
frame_000295,295,9.8,0,8,320.80517705281574,116.89075112342834,0.7795865535736084
frame_000295,295,9.8,0,9,332.3885422547658,135.42413592338562,0.7342087030410767
frame_000295,295,9.8,0,10,298.4106709957123,117.66297549009323,0.8226016163825989
frame_000295,295,9.8,0,11,343.97190745671594,157.04641819000244,0.7341649532318115
frame_000295,295,9.8,0,12,321.5774013996124,157.04641819000244,0.7216012477874756
frame_000295,295,9.8,0,13,315.3996066252391,209.55767512321472,0.6796882748603821
frame_000295,295,9.8,0,14,313.08293358484906,212.64657258987427,0.6908992528915405
frame_000295,295,9.8,0,15,362.50529177983606,206.46877765655518,0.7524917125701904
frame_000295,295,9.8,0,16,340.8830100695292,260.52448332309723,0.7371178269386292
frame_000296,296,9.833333333333334,0,0,311.3408317565918,60.09027576446533,0.9717840552330017
frame_000296,296,9.833333333333334,0,1,316.6671363512675,55.524871706962585,1.0177643299102783
frame_000296,296,9.833333333333334,0,2,310.57993110020954,55.524871706962585,1.0024816989898682
frame_000296,296,9.833333333333334,0,3,331.88514947891235,57.0466730594635,1.031036138534546
frame_000296,296,9.833333333333334,0,4,313.6235337257385,60.09027576446533,0.7266309261322021
frame_000296,296,9.833333333333334,0,5,355.47306982676184,83.67819672822952,0.9205992817878723
frame_000296,296,9.833333333333334,0,6,316.6671363512675,85.9608987569809,0.9246442914009094
frame_000296,296,9.833333333333334,0,7,369.93018229802453,124.00593256950378,1.0030663013458252
frame_000296,296,9.833333333333334,0,8,315.90623569488525,121.72323054075241,0.8573107719421387
frame_000296,296,9.833333333333334,0,9,343.298659324646,136.94124406576157,0.743415355682373
frame_000296,296,9.833333333333334,0,10,294.60101731618244,117.91872715950012,0.8807328939437866
frame_000296,296,9.833333333333334,0,11,342.5377586682638,161.29006570577621,0.7489216327667236
frame_000296,296,9.833333333333334,0,12,320.4716396331787,160.52916502952576,0.74663245677948
frame_000296,296,9.833333333333334,0,13,312.86263306935626,209.22680830955505,0.6982195377349854
frame_000296,296,9.833333333333334,0,14,319.71073897679645,214.55311304330826,0.6928023099899292
frame_000296,296,9.833333333333334,0,15,355.47306982676184,209.9877089858055,0.783661961555481
frame_000296,296,9.833333333333334,0,16,347.10316260655725,258.6853522658348,0.727112889289856
frame_000297,297,9.866666666666667,0,0,310.6224850813548,56.32454043626785,0.9902938604354858
frame_000297,297,9.866666666666667,0,1,315.89505847295123,51.805191695690155,1.0319950580596924
frame_000297,297,9.866666666666667,0,2,309.8692603111267,51.805191695690155,0.9699363708496094
frame_000297,297,9.866666666666667,0,3,330.95955387751263,54.064866065979004,1.0171401500701904
frame_000297,297,9.866666666666667,0,4,313.63538416226703,56.32454043626785,0.6984047889709473
frame_000297,297,9.866666666666667,0,5,356.56919606526696,80.42773371934891,0.883617639541626
frame_000297,297,9.866666666666667,0,6,315.1418337027232,82.68740808963776,0.9218834638595581
frame_000297,297,9.866666666666667,0,7,376.15304009119666,116.58252364397049,0.97199547290802
frame_000297,297,9.866666666666667,0,8,309.8692603111267,121.10187238454819,0.9240094423294067
frame_000297,297,9.866666666666667,0,9,349.79017313321435,135.41314339637756,0.8294169902801514
frame_000297,297,9.866666666666667,0,10,291.7918658256531,112.81639969348907,0.881647527217865
frame_000297,297,9.866666666666667,0,11,342.2579254309336,154.99698793888092,0.7646799087524414
frame_000297,297,9.866666666666667,0,12,323.42730617523193,155.7502127289772,0.7474136352539062
frame_000297,297,9.866666666666667,0,13,308.3628107706706,201.69692492485046,0.7621349096298218
frame_000297,297,9.866666666666667,0,14,329.45310433705646,213.748521566391,0.7451042532920837
frame_000297,297,9.866666666666667,0,15,352.8030722141266,210.73562240600586,0.7692251205444336
frame_000297,297,9.866666666666667,0,16,354.30952175458276,257.4355593919754,0.7251273393630981
frame_000298,298,9.9,0,0,309.38501048088074,49.37199783325195,0.9751248359680176
frame_000298,298,9.9,0,1,314.8765697479248,44.66494703292847,1.0052731037139893
frame_000298,298,9.9,0,2,307.8159935474396,45.44945549964905,0.9733525514602661
frame_000298,298,9.9,0,3,330.5667390823364,47.80298089981079,1.041774034500122
frame_000298,298,9.9,0,4,312.52304434776306,50.941014766693115,0.7038015127182007
frame_000298,298,9.9,0,5,356.4555184841156,74.47626876831055,0.9009748697280884
frame_000298,298,9.9,0,6,312.52304434776306,78.39881110191345,0.9567089676856995
frame_000298,298,9.9,0,7,381.5597894191742,105.85660743713379,0.9676450490951538
frame_000298,298,9.9,0,8,305.46246814727783,116.05521750450134,0.9504193663597107
frame_000298,298,9.9,0,9,357.2400269508362,127.82284450531006,0.8686057329177856
frame_000298,298,9.9,0,10,289.7722988128662,104.28759050369263,0.9090432524681091
frame_000298,298,9.9,0,11,343.1188745498657,152.92711544036865,0.7997212409973145
frame_000298,298,9.9,0,12,325.85968828201294,153.71162390708923,0.7796764373779297
frame_000298,298,9.9,0,13,312.52304434776306,196.8595895767212,0.6685796976089478
frame_000298,298,9.9,0,14,339.9808406829834,207.84270811080933,0.7735633850097656
frame_000298,298,9.9,0,15,348.6104338169098,216.47230124473572,0.6841514110565186
frame_000298,298,9.9,0,16,362.73158621788025,254.1287076473236,0.8312804102897644
frame_000299,299,9.933333333333334,0,0,310.36177571614587,43.365398824214935,0.9492583274841309
frame_000299,299,9.933333333333334,0,1,315.9810320536295,38.54889351129532,0.9925642609596252
frame_000299,299,9.933333333333334,0,2,308.75627390543616,39.35164439678192,0.9592001438140869
frame_000299,299,9.933333333333334,0,3,331.2332992553711,41.75989705324173,1.027289628982544
frame_000299,299,9.933333333333334,0,4,310.36177571614587,43.365398824214935,0.7275131940841675
frame_000299,299,9.933333333333334,0,5,356.1185773213704,67.44792538881302,0.8837388753890991
frame_000299,299,9.933333333333334,0,6,311.1645266215006,69.85617804527283,0.9602453708648682
frame_000299,299,9.933333333333334,0,7,385.8203608194988,95.54420638084412,0.9583340883255005
frame_000299,299,9.933333333333334,0,8,300.72876485188806,110.79647320508957,0.9515358209609985
frame_000299,299,9.933333333333334,0,9,365.7515881856282,115.61297851800919,0.9312152862548828
frame_000299,299,9.933333333333334,0,10,288.6875012715658,94.74145549535751,0.9053531885147095
frame_000299,299,9.933333333333334,0,11,344.07731374104816,144.5120103955269,0.8054339289665222
frame_000299,299,9.933333333333334,0,12,325.61404291788733,146.1175121665001,0.7846823930740356
frame_000299,299,9.933333333333334,0,13,310.36177571614587,191.07156175374985,0.6994629502296448
frame_000299,299,9.933333333333334,0,14,345.6828155517578,201.50732326507568,0.7690227627754211
frame_000299,299,9.933333333333334,0,15,344.880064646403,219.97059363126755,0.7106674909591675
frame_000299,299,9.933333333333334,0,16,368.15984090169263,248.86962550878525,0.8290548324584961
frame_000300,300,9.966666666666667,0,0,310.57960319519043,38.86672019958496,0.9329814910888672
frame_000300,300,9.966666666666667,0,1,316.1769075393677,34.06903076171875,1.011000633239746
frame_000300,300,9.966666666666667,0,2,308.1807584762573,34.06903076171875,0.9559653401374817
frame_000300,300,9.966666666666667,0,3,331.36959075927734,35.66826057434082,0.999488115310669
frame_000300,300,9.966666666666667,0,4,309.7799882888794,37.26749038696289,0.7279870510101318
frame_000300,300,9.966666666666667,0,5,356.15765285491943,61.255937576293945,0.861128568649292
frame_000300,300,9.966666666666667,0,6,309.7799882888794,66.05362701416016,0.9608720541000366
frame_000300,300,9.966666666666667,0,7,389.7414789199829,84.44476985931396,0.9481852054595947
frame_000300,300,9.966666666666667,0,8,297.78576469421387,103.63552761077881,0.9134775400161743
frame_000300,300,9.966666666666667,0,9,370.55072116851807,106.03437232971191,0.9125069379806519
frame_000300,300,9.966666666666667,0,10,288.19038581848145,87.6432294845581,0.8973602056503296
frame_000300,300,9.966666666666667,0,11,344.96304416656494,139.6181983947754,0.8118805885314941
frame_000300,300,9.966666666666667,0,12,328.1711311340332,142.0170431137085,0.7926050424575806
frame_000300,300,9.966666666666667,0,13,313.77806282043457,187.5950927734375,0.7359504103660583
frame_000300,300,9.966666666666667,0,14,348.9611186981201,196.3908567428589,0.8382894992828369
frame_000300,300,9.966666666666667,0,15,341.7645845413208,230.7742977142334,0.7168142795562744
frame_000300,300,9.966666666666667,0,16,369.75110626220703,240.36967658996582,0.883087158203125
frame_000301,301,10.0,0,0,310.37543845176697,34.676032304763794,0.9329787492752075
frame_000301,301,10.0,0,1,315.95516061782837,29.893413305282593,1.0006380081176758
frame_000301,301,10.0,0,2,308.78123211860657,29.893413305282593,0.9741358160972595
frame_000301,301,10.0,0,3,331.8972239494324,32.28472280502319,0.990249514579773
frame_000301,301,10.0,0,4,311.17254161834717,34.676032304763794,0.6864405870437622
frame_000301,301,10.0,0,5,358.201628446579,58.5891273021698,0.863348662853241
frame_000301,301,10.0,0,6,310.37543845176697,63.371746301651,0.9606136679649353
frame_000301,301,10.0,0,7,390.8828582763672,78.5167064666748,0.93559730052948
frame_000301,301,10.0,0,8,296.82468461990356,100.03849196434021,0.900243878364563
frame_000301,301,10.0,0,9,373.3465886116028,100.03849196434021,0.8973697423934937
frame_000301,301,10.0,0,10,288.85365295410156,84.8935317993164,0.8755964040756226
frame_000301,301,10.0,0,11,347.0421841144562,135.90813446044922,0.802161693572998
frame_000301,301,10.0,0,12,328.7088112831116,138.29944396018982,0.7799023985862732
frame_000301,301,10.0,0,13,323.12908911705017,185.32853078842163,0.7184368371963501
frame_000301,301,10.0,0,14,349.4334936141968,192.50245928764343,0.8227300643920898
frame_000301,301,10.0,0,15,335.8827397823334,243.51706194877625,0.8036641478538513
frame_000301,301,10.0,0,16,373.3465886116028,236.34313344955444,0.8938153982162476
frame_000302,302,10.033333333333333,0,0,310.4302616119385,34.4307382106781,0.9375854730606079
frame_000302,302,10.033333333333333,0,1,315.1422390937805,28.933431148529053,0.9932002425193787
frame_000302,302,10.033333333333333,0,2,309.64493203163147,29.71876072883606,0.9625430107116699
frame_000302,302,10.033333333333333,0,3,331.63416028022766,32.07474946975708,0.9909786581993103
frame_000302,302,10.033333333333333,0,4,312.0009207725525,33.645408630371094,0.6547643542289734
frame_000302,302,10.033333333333333,0,5,358.3353660106659,57.990625619888306,0.8476101756095886
frame_000302,302,10.033333333333333,0,6,311.2155911922455,63.48793268203735,0.9318020343780518
frame_000302,302,10.033333333333333,0,7,392.8898675441742,77.62386512756348,0.9233630299568176
frame_000302,302,10.033333333333333,0,8,297.86498832702637,99.61309337615967,0.883786678314209
frame_000302,302,10.033333333333333,0,9,373.256628036499,100.39842295646667,0.8803607225418091
frame_000302,302,10.033333333333333,0,10,289.2263629436493,87.83314967155457,0.85044264793396
frame_000302,302,10.033333333333333,0,11,348.1260814666748,134.95292448997498,0.7709254026412964
frame_000302,302,10.033333333333333,0,12,327.7075123786926,138.094242811203,0.7593631148338318
frame_000302,302,10.033333333333333,0,13,331.63416028022766,184.4286880493164,0.6901201009750366
frame_000302,302,10.033333333333333,0,14,341.05811524391174,191.49665427207947,0.6884684562683105
frame_000302,302,10.033333333333333,0,15,332.41948986053467,247.25505447387695,0.6849770545959473
frame_000302,302,10.033333333333333,0,16,376.39794635772705,233.11912202835083,0.6788880825042725
frame_000303,303,10.066666666666666,0,0,313.02720856666565,36.69529056549072,0.921524703502655
frame_000303,303,10.066666666666666,0,1,318.4534225463867,32.04425001144409,0.9601778984069824
frame_000303,303,10.066666666666666,0,2,311.4768617153168,32.04425001144409,0.9625407457351685
frame_000303,303,10.066666666666666,0,3,333.9568910598755,33.59459686279297,1.0022754669189453
frame_000303,303,10.066666666666666,0,4,313.02720856666565,35.920117139816284,0.6757466793060303
frame_000303,303,10.066666666666666,0,5,359.53761410713196,59.95049333572388,0.8267934322357178
frame_000303,303,10.066666666666666,0,6,313.8023819923401,63.82636046409607,0.9182630777359009
frame_000303,303,10.066666666666666,0,7,394.4204182624817,80.88017582893372,0.9275610446929932
frame_000303,303,10.066666666666666,0,8,301.3996071815491,101.03468489646912,0.8564560413360596
frame_000303,303,10.066666666666666,0,9,372.7155623435974,104.91055202484131,0.8813177347183228
frame_000303,303,10.066666666666666,0,10,292.0975260734558,95.60847091674805,0.8442088961601257
frame_000303,303,10.066666666666666,0,11,347.9100127220154,135.1423156261444,0.7460651397705078
frame_000303,303,10.066666666666666,0,12,326.98033022880554,139.0181827545166,0.7333486080169678
frame_000303,303,10.066666666666666,0,13,332.4065442085266,191.72997570037842,0.6964154243469238
frame_000303,303,10.066666666666666,0,14,340.158278465271,194.83066940307617,0.731237530708313
frame_000303,303,10.066666666666666,0,15,330.85619735717773,253.7438497543335,0.7452807426452637
frame_000303,303,10.066666666666666,0,16,379.69212317466736,221.96173930168152,0.7448474764823914
frame_000304,304,10.1,0,0,314.4251817067464,41.113752007484436,0.9181860685348511
frame_000304,304,10.1,0,1,319.1620095570882,36.37692439556122,0.9394853711128235
frame_000304,304,10.1,0,2,312.8462390899658,36.37692439556122,0.9436584711074829
frame_000304,304,10.1,0,3,335.7409070332845,37.16639566421509,1.0018932819366455
frame_000304,304,10.1,0,4,314.4251817067464,39.5348094701767,0.6668000817298889
frame_000304,304,10.1,0,5,360.2145175933838,64.00841879844666,0.8507802486419678
frame_000304,304,10.1,0,6,316.00412432352704,67.16630387306213,0.9300340414047241
frame_000304,304,10.1,0,7,394.16178385416663,88.48202812671661,0.9302033185958862
frame_000304,304,10.1,0,8,305.7409973144531,104.271453499794,0.844249963760376
frame_000304,304,10.1,0,9,368.8987019856771,110.58722364902496,0.909852921962738
frame_000304,304,10.1,0,10,295.4778703053792,103.48198223114014,0.8335669040679932
frame_000304,304,10.1,0,11,349.95139058430993,140.587131857872,0.7810014486312866
frame_000304,304,10.1,0,12,327.84619394938153,143.7450169324875,0.7678452730178833
frame_000304,304,10.1,0,13,334.1619644165039,194.27117812633514,0.7083605527877808
frame_000304,304,10.1,0,14,331.793550491333,199.79747700691223,0.704490602016449
frame_000304,304,10.1,0,15,328.6356652577718,258.2183508872986,0.611085057258606
frame_000304,304,10.1,0,16,377.58288637797034,213.21848857402802,0.6025722026824951
frame_000305,305,10.133333333333333,0,0,315.28360239664715,44.03011828660965,0.9315062165260315
frame_000305,305,10.133333333333333,0,1,320.9382839997609,39.18324822187424,0.9569640755653381
frame_000305,305,10.133333333333333,0,2,312.8601674238841,39.18324822187424,0.9470333456993103
frame_000305,305,10.133333333333333,0,3,335.4788938363393,41.60668325424194,1.0107935667037964
frame_000305,305,10.133333333333333,0,4,315.28360239664715,44.03011828660965,0.7194676399230957
frame_000305,305,10.133333333333333,0,5,361.32886687914527,69.07228028774261,0.8737341165542603
frame_000305,305,10.133333333333333,0,6,316.0914140542348,72.30352699756622,0.9421787858009338
frame_000305,305,10.133333333333333,0,7,389.60227489471436,98.15350067615509,0.9484624862670898
frame_000305,305,10.133333333333333,0,8,312.0523557662964,109.46286416053772,0.827521026134491
frame_000305,305,10.133333333333333,0,9,361.32886687914527,118.34879261255264,0.8770612478256226
frame_000305,305,10.133333333333333,0,10,299.1273692448934,111.88629919290543,0.8250941038131714
frame_000305,305,10.133333333333333,0,11,350.82731533050537,146.62220132350922,0.7788363695144653
frame_000305,305,10.133333333333333,0,12,327.40077726046246,149.04563635587692,0.7659915685653687
frame_000305,305,10.133333333333333,0,13,333.05545886357623,199.93777203559875,0.71363365650177
frame_000305,305,10.133333333333333,0,14,331.4398355484009,203.97683042287827,0.694044291973114
frame_000305,305,10.133333333333333,0,15,332.2476472059886,264.5627062320709,0.6549736261367798
frame_000305,305,10.133333333333333,0,16,374.25385340054834,204.78464210033417,0.5692232847213745
frame_000306,306,10.166666666666666,0,0,314.417680978775,48.053956508636475,0.930861234664917
frame_000306,306,10.166666666666666,0,1,319.27348494529724,44.007453203201294,0.9366960525512695
frame_000306,306,10.166666666666666,0,2,312.79907965660095,44.81675386428833,0.9541813731193542
frame_000306,306,10.166666666666666,0,3,334.6501975059509,47.24465584754944,0.9959838390350342
frame_000306,306,10.166666666666666,0,4,316.84558296203613,48.86325716972351,0.7217545509338379
frame_000306,306,10.166666666666666,0,5,359.73851799964905,73.95157766342163,0.8844983577728271
frame_000306,306,10.166666666666666,0,6,318.4641842842102,77.18878030776978,0.9453667402267456
frame_000306,306,10.166666666666666,0,7,382.39893651008606,108.75150609016418,0.9577063322067261
frame_000306,306,10.166666666666666,0,8,316.0362823009491,112.79800939559937,0.8587665557861328
frame_000306,306,10.166666666666666,0,9,351.6455113887787,123.31891798973083,0.7781583666801453
frame_000306,306,10.166666666666666,0,10,296.61306643486023,120.08171534538269,0.8417507410049438
frame_000306,306,10.166666666666666,0,11,351.6455113887787,148.40723848342896,0.75846266746521
frame_000306,306,10.166666666666666,0,12,327.3664915561676,150.02583980560303,0.7418831586837769
frame_000306,306,10.166666666666666,0,13,328.17579221725464,201.0117814540863,0.679611325263977
frame_000306,306,10.166666666666666,0,14,330.60369420051575,205.86758542060852,0.6811190843582153
frame_000306,306,10.166666666666666,0,15,371.06872725486755,198.5838794708252,0.5899826884269714
frame_000306,306,10.166666666666666,0,16,337.8874001502991,268.1837363243103,0.531025767326355
frame_000307,307,10.2,0,0,313.5664367675781,50.73700022697449,0.9031553268432617
frame_000307,307,10.2,0,1,319.0656458536784,46.02339267730713,0.9267406463623047
frame_000307,307,10.2,0,2,312.7808354695638,46.80899393558502,0.9309632778167725
frame_000307,307,10.2,0,3,333.99207051595056,49.951398968696594,0.9622439742088318
frame_000307,307,10.2,0,4,315.9232406616211,52.30820274353027,0.7143594026565552
frame_000307,307,10.2,0,5,357.56010945638025,76.66184175014496,0.8864507675170898
frame_000307,307,10.2,0,6,318.28004455566406,80.58984804153442,0.858992874622345
frame_000307,307,10.2,0,7,372.48653411865234,115.94190466403961,0.9489039182662964
frame_000307,307,10.2,0,8,321.4224497477214,112.79949963092804,0.8171815276145935
frame_000307,307,10.2,0,9,339.4912796020508,125.36911976337433,0.675676703453064
frame_000307,307,10.2,0,10,300.21121470133465,126.15472102165222,0.8497183322906494
frame_000307,307,10.2,0,11,352.0609003702799,148.15155625343323,0.7352273464202881
frame_000307,307,10.2,0,12,328.4928614298503,149.722758769989,0.7185986042022705
frame_000307,307,10.2,0,13,333.20646921793616,202.35804307460785,0.6915338635444641
frame_000307,307,10.2,0,14,310.4240315755208,203.92924559116364,0.6414182186126709
frame_000307,307,10.2,0,15,344.990488688151,267.562947511673,0.49738672375679016
frame_000307,307,10.2,0,16,352.0609003702799,196.8588342666626,0.46394971013069153
frame_000308,308,10.233333333333333,0,0,313.5364179611206,51.73009955883026,0.9044514894485474
frame_000308,308,10.233333333333333,0,1,319.0619994799296,47.78325581550598,0.9547985196113586
frame_000308,308,10.233333333333333,0,2,313.5364179611206,47.78325581550598,0.962712287902832
frame_000308,308,10.233333333333333,0,3,334.0600064595541,50.15136206150055,0.9607190489768982
frame_000308,308,10.233333333333333,0,4,315.11515553792316,53.30883705615997,0.7921760678291321
frame_000308,308,10.233333333333333,0,5,355.3729637463888,76.98989951610565,0.9035971164703369
frame_000308,308,10.233333333333333,0,6,318.2726306915283,80.14737451076508,0.8585615754127502
frame_000308,308,10.233333333333333,0,7,360.1091764767965,117.2477056980133,0.9125887155532837
frame_000308,308,10.233333333333333,0,8,323.00884342193604,111.72212445735931,0.7611165046691895
frame_000308,308,10.233333333333333,0,9,323.00884342193604,118.03707444667816,0.7576974034309387
frame_000308,308,10.233333333333333,0,10,304.8533612887065,124.35202443599701,0.6884089708328247
frame_000308,308,10.233333333333333,0,11,351.4261198043823,151.1905618906021,0.7552132606506348
frame_000308,308,10.233333333333333,0,12,327.74505615234375,151.1905618906021,0.7409899234771729
frame_000308,308,10.233333333333333,0,13,340.3749567667643,206.44637429714203,0.7153387069702148
frame_000308,308,10.233333333333333,0,14,305.64273007710773,192.23773682117462,0.5193063020706177
frame_000308,308,10.233333333333333,0,15,351.4261198043823,260.9128179550171,0.7132161855697632
frame_000308,308,10.233333333333333,0,16,353.7942261695862,197.7633180618286,0.6058135628700256
frame_000309,309,10.266666666666666,0,0,312.1535415649414,46.21241807937622,0.9556059837341309
frame_000309,309,10.266666666666666,0,1,317.4647868474325,42.41867125034332,0.9531517028808594
frame_000309,309,10.266666666666666,0,2,312.1535415649414,42.41867125034332,1.021586298942566
frame_000309,309,10.266666666666666,0,3,332.63977336883545,45.45366871356964,1.0306167602539062
frame_000309,309,10.266666666666666,0,4,314.42978954315186,48.48866617679596,0.8009717464447021
frame_000309,309,10.266666666666666,0,5,353.1260051727295,72.00989651679993,0.9145903587341309
frame_000309,309,10.266666666666666,0,6,318.22353617350257,77.32114207744598,0.868903398513794
frame_000309,309,10.266666666666666,0,7,349.3322585423787,112.98236227035522,0.9336867332458496
frame_000309,309,10.266666666666666,0,8,321.2585334777832,107.67111670970917,0.754295825958252
frame_000309,309,10.266666666666666,0,9,313.67104021708167,104.63611924648285,0.8060512542724609
frame_000309,309,10.266666666666666,0,10,307.6010456085205,117.5348584651947,0.6832499504089355
frame_000309,309,10.266666666666666,0,11,352.36725584665936,147.88483309745789,0.798502504825592
frame_000309,309,10.266666666666666,0,12,327.32852808634436,147.1260837316513,0.7873232364654541
frame_000309,309,10.266666666666666,0,13,350.84975719451904,207.82603299617767,0.8381720781326294
frame_000309,309,10.266666666666666,0,14,303.8072989781698,191.13354694843292,0.7180759310722351
frame_000309,309,10.266666666666666,0,15,358.4372504552205,260.17973923683167,0.8997982740402222
frame_000309,309,10.266666666666666,0,16,348.5735092163086,197.96229124069214,0.5960463881492615
frame_000310,310,10.3,0,0,311.77555362383526,42.14950805902481,1.0209864377975464
frame_000310,310,10.3,0,1,316.8327429294586,37.09231859445572,0.9316269755363464
frame_000310,310,10.3,0,2,311.77555362383526,37.09231859445572,1.0453351736068726
frame_000310,310,10.3,0,3,332.00431084632874,40.2530620098114,0.9931901693344116
frame_000310,310,10.3,0,4,314.3041482766469,42.78165674209595,0.5989346504211426
frame_000310,310,10.3,0,5,351.60091940561927,67.43545538187027,0.8478012681007385
frame_000310,310,10.3,0,6,320.62563490867615,71.22834748029709,0.8297212719917297
frame_000310,310,10.3,0,7,339.5900948047638,105.36437636613846,0.8540936708450317
frame_000310,310,10.3,0,8,324.4185268878937,99.67503821849823,0.740013837814331
frame_000310,310,10.3,0,9,307.98266164461774,87.0320645570755,0.8607568740844727
frame_000310,310,10.3,0,10,309.8791076342265,112.9501605629921,0.786792516708374
frame_000310,310,10.3,0,11,351.60091940561927,140.7647026181221,0.7460787296295166
frame_000310,310,10.3,0,12,327.57927020390827,140.7647026181221,0.7254217267036438
frame_000310,310,10.3,0,13,353.49736539522803,201.4509761929512,0.8171606063842773
frame_000310,310,10.3,0,14,303.55762100219727,186.91155648231506,0.7115069627761841
frame_000310,310,10.3,0,15,363.61174400647485,252.65501952171326,0.918666660785675
frame_000310,310,10.3,0,16,345.91158143679297,207.14031434059143,0.6458760499954224
frame_000311,311,10.333333333333334,0,0,311.20668474833167,37.03047424554825,0.9296998977661133
frame_000311,311,10.333333333333334,0,1,315.7509081363678,32.48625099658966,0.890649676322937
frame_000311,311,10.333333333333334,0,2,311.20668474833167,32.48625099658966,0.9604408144950867
frame_000311,311,10.333333333333334,0,3,331.3311026096344,35.08294999599457,0.9691022634506226
frame_000311,311,10.333333333333334,0,4,315.7509081363678,37.679648995399475,0.5958904027938843
frame_000311,311,10.333333333333334,0,5,350.15717093149823,62.348289489746094,0.8412555456161499
frame_000311,311,10.333333333333334,0,6,321.5934810638428,64.944988489151,0.820172905921936
frame_000311,311,10.333333333333334,0,7,331.9802773793539,98.7020754814148,0.801605224609375
frame_000311,311,10.333333333333334,0,8,327.43605399131775,94.80702698230743,0.721956193447113
frame_000311,311,10.333333333333334,0,9,305.3641118208567,74.03343498706818,0.8740087747573853
frame_000311,311,10.333333333333334,0,10,314.45255859692895,104.54464823007584,0.7628607153892517
frame_000311,311,10.333333333333334,0,11,350.80634570121765,137.00338572263718,0.7432771921157837
frame_000311,311,10.333333333333334,0,12,327.43605399131775,137.00338572263718,0.7244116067886353
frame_000311,311,10.333333333333334,0,13,356.6489186286926,197.37663745880127,0.8364540338516235
frame_000311,311,10.333333333333334,0,14,306.66246136029565,185.6914919614792,0.7991750836372375
frame_000311,311,10.333333333333334,0,15,368.3340644836426,248.6614426970482,0.9455467462539673
frame_000311,311,10.333333333333334,0,16,343.6654232343038,219.44857895374298,0.7892425656318665
frame_000312,312,10.366666666666667,0,0,311.4284100532532,34.03639626502991,0.8941010236740112
frame_000312,312,10.366666666666667,0,1,316.14275972048443,29.995525002479553,0.9100524187088013
frame_000312,312,10.366666666666667,0,2,311.4284100532532,29.32204645872116,0.9416958093643188
frame_000312,312,10.366666666666667,0,3,332.3062442938487,31.342482089996338,1.0092415809631348
frame_000312,312,10.366666666666667,0,4,315.46928119659424,34.03639626502991,0.5868814587593079
frame_000312,312,10.366666666666667,0,5,349.8166859149933,60.30205947160721,0.8695209622383118
frame_000312,312,10.366666666666667,0,6,322.20406643549603,61.64901655912399,0.834109902381897
frame_000312,312,10.366666666666667,0,7,327.59189462661743,94.64946520328522,0.8237155675888062
frame_000312,312,10.366666666666667,0,8,325.5714590549469,91.95555102825165,0.7033376097679138
frame_000312,312,10.366666666666667,0,9,305.3671033382416,65.68988782167435,0.9106249809265137
frame_000312,312,10.366666666666667,0,10,315.46928119659424,100.03729355335236,0.7682744264602661
frame_000312,312,10.366666666666667,0,11,350.4901644388834,136.40513491630554,0.7864489555358887
frame_000312,312,10.366666666666667,0,12,326.91841610272724,137.07861346006393,0.7733486890792847
frame_000312,312,10.366666666666667,0,13,359.91886377334595,193.6508111357689,0.8236308097839355
frame_000312,312,10.366666666666667,0,14,310.08145300547284,183.548632979393,0.7955754995346069
frame_000312,312,10.366666666666667,0,15,374.0619127750397,243.48822337388992,0.9509493112564087
frame_000312,312,10.366666666666667,0,16,339.7145080566406,228.6716954112053,0.8594528436660767
frame_000313,313,10.4,0,0,312.6174014409383,32.79450190067291,0.8827419281005859
frame_000313,313,10.4,0,1,317.44496091206867,27.966942310333252,0.8828086853027344
frame_000313,313,10.4,0,2,311.81280819574994,27.162349045276642,0.9816193580627441
frame_000313,313,10.4,0,3,333.5368258158366,29.576128840446472,0.9230057001113892
frame_000313,313,10.4,0,4,312.6174014409383,32.79450190067291,0.6534518003463745
frame_000313,313,10.4,0,5,350.43328396479285,56.932299852371216,0.8498454093933105
frame_000313,313,10.4,0,6,322.27252038319904,60.955266177654266,0.8158268332481384
frame_000313,313,10.4,0,7,325.49089336395264,91.52981024980545,0.8433459401130676
frame_000313,313,10.4,0,8,327.1000798543294,93.94359004497528,0.6703130006790161
frame_000313,313,10.4,0,9,306.18065547943115,60.150672912597656,0.9383662939071655
frame_000313,313,10.4,0,10,313.4219946861267,98.77114963531494,0.7089221477508545
frame_000313,313,10.4,0,11,348.82409747441613,127.7365071773529,0.7551091909408569
frame_000313,313,10.4,0,12,327.1000798543294,128.54110044240952,0.7494323253631592
frame_000313,313,10.4,0,13,358.4792164166769,190.4947818517685,0.8070573806762695
frame_000313,313,10.4,0,14,314.2265879313151,184.86262899637222,0.7641990184783936
frame_000313,313,10.4,0,15,378.5940475463867,234.74741142988205,0.8483005166053772
frame_000313,313,10.4,0,16,333.5368258158366,239.5749710202217,0.8350315093994141
frame_000314,314,10.433333333333334,0,0,313.08453369140625,34.395376205444336,0.9282344579696655
frame_000314,314,10.433333333333334,0,1,317.7656955718994,29.04547691345215,0.9374884366989136
frame_000314,314,10.433333333333334,0,2,313.08453369140625,29.714214324951172,0.9399608373641968
frame_000314,314,10.433333333333334,0,3,333.815393447876,31.720426559448242,0.9958928227424622
frame_000314,314,10.433333333333334,0,4,315.0907459259033,33.05790138244629,0.5849483013153076
frame_000314,314,10.433333333333334,0,5,351.8713035583496,59.1386604309082,0.8664838075637817
frame_000314,314,10.433333333333334,0,6,323.7843322753906,61.8136100769043,0.8125275373458862
frame_000314,314,10.433333333333334,0,7,329.80296897888184,93.91300582885742,0.7917287349700928
frame_000314,314,10.433333333333334,0,8,325.1218070983887,92.57553100585938,0.6674889326095581
frame_000314,314,10.433333333333334,0,9,307.06589698791504,64.48855972290039,0.8884981870651245
frame_000314,314,10.433333333333334,0,10,312.4157962799072,98.59416770935059,0.7790602445602417
frame_000314,314,10.433333333333334,0,11,349.86509132385254,134.03725051879883,0.7224799394607544
frame_000314,314,10.433333333333334,0,12,328.4654941558838,134.70598793029785,0.7317793965339661
frame_000314,314,10.433333333333334,0,13,350.53382873535156,194.89235496520996,0.7783822417259216
frame_000314,314,10.433333333333334,0,14,319.7719078063965,190.87993049621582,0.7469757199287415
frame_000314,314,10.433333333333334,0,15,380.6270122528076,225.65427589416504,0.8864349126815796
frame_000314,314,10.433333333333334,0,16,331.1404438018799,250.3975601196289,0.9004966020584106
frame_000315,315,10.466666666666667,0,0,314.407870610555,38.4337842464447,0.8648151755332947
frame_000315,315,10.466666666666667,0,1,319.08120663960773,33.76044845581055,0.8768532276153564
frame_000315,315,10.466666666666667,0,2,313.6289812723796,33.76044845581055,0.8917051553726196
frame_000315,315,10.466666666666667,0,3,334.6589934031169,35.3182270526886,0.9732605814933777
frame_000315,315,10.466666666666667,0,4,315.18675994873047,37.654894948005676,0.6877763867378235
frame_000315,315,10.466666666666667,0,5,351.7945588429769,62.579352498054504,0.8517546057701111
frame_000315,315,10.466666666666667,0,6,323.75454266866046,65.69490969181061,0.8051303625106812
frame_000315,315,10.466666666666667,0,7,335.4378827412923,99.18714952468872,0.7943953275680542
frame_000315,315,10.466666666666667,0,8,326.09121068318683,96.85048162937164,0.7077846527099609
frame_000315,315,10.466666666666667,0,9,308.17675590515137,75.04158127307892,0.8689478635787964
frame_000315,315,10.466666666666667,0,10,310.51342391967773,102.30270671844482,0.7823256254196167
frame_000315,315,10.466666666666667,0,11,350.236780166626,135.0160572528839,0.73484206199646
frame_000315,315,10.466666666666667,0,12,328.4278786977132,136.57383584976196,0.732699990272522
frame_000315,315,10.466666666666667,0,13,342.4478867848714,198.106090426445,0.7890225648880005
frame_000315,315,10.466666666666667,0,14,322.97565333048504,194.21164393424988,0.7405158281326294
frame_000315,315,10.466666666666667,0,15,379.83457501729333,217.57832288742065,0.8533772826194763
frame_000315,315,10.466666666666667,0,16,329.98565737406415,256.52278780937195,0.8792481422424316
frame_000316,316,10.5,0,0,315.61791213353473,45.15036624670029,0.8593599796295166
frame_000316,316,10.5,0,1,320.3220413525899,40.44623690843582,0.8577102422714233
frame_000316,316,10.5,0,2,314.8338905970256,39.66221535205841,0.85136479139328
frame_000316,316,10.5,0,3,336.00247208277386,41.23025846481323,0.962916374206543
frame_000316,316,10.5,0,4,315.61791213353473,44.366344690322876,0.6922515034675598
frame_000316,316,10.5,0,5,354.03496742248535,67.8869913816452,0.8752251863479614
frame_000316,316,10.5,0,6,325.0261705716451,71.02307760715485,0.8163637518882751
frame_000316,316,10.5,0,7,343.0586659113566,105.52002608776093,0.8113868832588196
frame_000316,316,10.5,0,8,326.5942136446635,101.59991830587387,0.744450032711029
frame_000316,316,10.5,0,9,311.69780445098877,87.48753029108047,0.8249820470809937
frame_000316,316,10.5,0,10,307.7776967684428,107.08806920051575,0.7994136810302734
frame_000316,316,10.5,0,11,350.8988812764486,141.58501768112183,0.7385890483856201
frame_000316,316,10.5,0,12,329.73029979070026,142.36903923749924,0.7376731634140015
frame_000316,316,10.5,0,13,336.00247208277386,201.17065596580505,0.757532000541687
frame_000316,316,10.5,0,14,321.1060628890991,199.60261285305023,0.7432847023010254
frame_000316,316,10.5,0,15,375.9875704447428,213.71500086784363,0.8471331596374512
frame_000316,316,10.5,0,16,329.73029979070026,259.18825113773346,0.8909586071968079
frame_000317,317,10.533333333333333,0,0,316.0517373085022,50.796488761901855,0.9039782881736755
frame_000317,317,10.533333333333333,0,1,321.6131652196249,46.029550671577454,0.9237735867500305
frame_000317,317,10.533333333333333,0,2,316.0517373085022,46.029550671577454,0.8994183540344238
frame_000317,317,10.533333333333333,0,3,336.7084695498148,48.413019716739655,1.0360219478607178
frame_000317,317,10.533333333333333,0,4,316.8462270100912,50.796488761901855,0.75867760181427
frame_000317,317,10.533333333333333,0,5,355.77622238794964,74.63117921352386,0.9055371880531311
frame_000317,317,10.533333333333333,0,6,323.20214462280273,78.60362762212753,0.8819668292999268
frame_000317,317,10.533333333333333,0,7,348.6258150736491,114.35566329956055,0.9087601900100708
frame_000317,317,10.533333333333333,0,8,323.20214462280273,110.38321489095688,0.7242617607116699
frame_000317,317,10.533333333333333,0,9,316.0517373085022,107.99974584579468,0.8018615245819092
frame_000317,317,10.533333333333333,0,10,305.7233711878458,113.56117361783981,0.6907250881195068
frame_000317,317,10.533333333333333,0,11,351.00928417841595,150.9021886587143,0.7892864346504211
frame_000317,317,10.533333333333333,0,12,329.5580622355143,150.9021886587143,0.7787612676620483
frame_000317,317,10.533333333333333,0,13,327.17459313074744,204.13299733400345,0.7278454303741455
frame_000317,317,10.533333333333333,0,14,318.43520641326904,203.33850765228271,0.7519016265869141
frame_000317,317,10.533333333333333,0,15,367.69356791178393,208.10544574260712,0.8395559787750244
frame_000317,317,10.533333333333333,0,16,332.7360210418701,261.33625441789627,0.8796653747558594
frame_000318,318,10.566666666666666,0,0,314.8697649637858,55.63960897922516,0.9259598851203918
frame_000318,318,10.566666666666666,0,1,320.39587720235187,50.9029415845871,0.9383300542831421
frame_000318,318,10.566666666666666,0,2,314.8697649637858,50.9029415845871,0.9534016847610474
frame_000318,318,10.566666666666666,0,3,336.18476931254065,54.06071984767914,1.0643692016601562
frame_000318,318,10.566666666666666,0,4,318.02754338582355,57.21849811077118,0.7526226043701172
frame_000318,318,10.566666666666666,0,5,355.92088445027673,80.11239051818848,0.934791088104248
frame_000318,318,10.566666666666666,0,6,321.9747664133708,84.05961334705353,0.9177398681640625
frame_000318,318,10.566666666666666,0,7,355.1314398447672,120.374063372612,0.9509600400924683
frame_000318,318,10.566666666666666,0,8,320.39587720235187,115.63739597797394,0.7663286924362183
frame_000318,318,10.566666666666666,0,9,323.55365562438965,120.374063372612,0.7720688581466675
frame_000318,318,10.566666666666666,0,10,301.4492066701253,119.58461880683899,0.806837797164917
frame_000318,318,10.566666666666666,0,11,348.81588300069177,159.0568470954895,0.7896387577056885
frame_000318,318,10.566666666666666,0,12,327.50087865193683,158.2674025297165,0.7844126224517822
frame_000318,318,10.566666666666666,0,13,317.23809878031415,204.8446319103241,0.7145584225654602
frame_000318,318,10.566666666666666,0,14,317.23809878031415,210.37074387073517,0.7419381141662598
frame_000318,318,10.566666666666666,0,15,363.0258858998617,206.42352104187012,0.7786693572998047
frame_000318,318,10.566666666666666,0,16,337.76365852355957,262.47408521175385,0.836651086807251
frame_000319,319,10.6,0,0,313.5245367685954,59.299134373664856,0.9745745658874512
frame_000319,319,10.6,0,1,318.16463057200116,54.65904080867767,1.0051745176315308
frame_000319,319,10.6,0,2,312.7511878013611,55.43238973617554,1.0007145404815674
frame_000319,319,10.6,0,3,333.631609916687,56.2057386636734,1.014814853668213
frame_000319,319,10.6,0,4,315.8445836702983,59.299134373664856,0.7658861875534058
frame_000319,319,10.6,0,5,356.05872996648156,82.49960219860077,0.9145468473434448
frame_000319,319,10.6,0,6,318.9379795392354,85.59299790859222,0.9185069799423218
frame_000319,319,10.6,0,7,363.79221963882446,123.48709535598755,0.9463081955909729
frame_000319,319,10.6,0,8,316.61793263753253,119.62035071849823,0.8622400164604187
frame_000319,319,10.6,0,9,336.72500578562415,131.99393355846405,0.6654398441314697
frame_000319,319,10.6,0,10,296.5108594894409,120.3936996459961,0.8678562641143799
frame_000319,319,10.6,0,11,348.32524029413855,158.28779709339142,0.7570433616638184
frame_000319,319,10.6,0,12,325.89812024434406,158.28779709339142,0.7699087858200073
frame_000319,319,10.6,0,13,318.16463057200116,203.14203488826752,0.637603759765625
frame_000319,319,10.6,0,14,318.16463057200116,210.87552416324615,0.6871670484542847
frame_000319,319,10.6,0,15,356.8320789337158,209.32882630825043,0.73866206407547
frame_000319,319,10.6,0,16,343.6851464907328,260.36985552310944,0.7683839797973633
frame_000320,320,10.633333333333333,0,0,311.3236373265584,57.18017113208771,0.9747899770736694
frame_000320,320,10.633333333333333,0,1,316.73629236221313,53.31398916244507,1.0059216022491455
frame_000320,320,10.633333333333333,0,2,309.7771644592285,53.31398916244507,1.0010154247283936
frame_000320,320,10.633333333333333,0,3,331.4277846018473,55.63369834423065,1.0137088298797607
frame_000320,320,10.633333333333333,0,4,313.6433466275533,57.953407526016235,0.7557476758956909
frame_000320,320,10.633333333333333,0,5,355.39811404546106,80.37726294994354,0.9194118976593018
frame_000320,320,10.633333333333333,0,6,316.73629236221313,84.24344491958618,0.9241610765457153
frame_000320,320,10.633333333333333,0,7,370.86284271876013,119.81231904029846,0.9812940359115601
frame_000320,320,10.633333333333333,0,8,312.87011019388837,121.35879182815552,0.8987436294555664
frame_000320,320,10.633333333333333,0,9,346.11927684148156,135.27704691886902,0.724294126033783
frame_000320,320,10.633333333333333,0,10,291.9927264849345,116.71937346458435,0.8693622946739197
frame_000320,320,10.633333333333333,0,11,346.11927684148156,156.9276659488678,0.7411138415336609
frame_000320,320,10.633333333333333,0,12,326.0151295661926,156.9276659488678,0.7384952306747437
frame_000320,320,10.633333333333333,0,13,312.87011019388837,201.00214040279388,0.680254340171814
frame_000320,320,10.633333333333333,0,14,326.7883659998576,211.82744991779327,0.6894258856773376
frame_000320,320,10.633333333333333,0,15,353.8516411781311,211.05421352386475,0.7866915464401245
frame_000320,320,10.633333333333333,0,16,351.53193187713623,258.9948699474335,0.7444862127304077
frame_000321,321,10.666666666666666,0,0,310.34779771169025,51.77007430791855,0.9719010591506958
frame_000321,321,10.666666666666666,0,1,315.8374321460724,47.064673244953156,0.9983376264572144
frame_000321,321,10.666666666666666,0,2,309.56356422106427,47.84890675544739,0.9762887954711914
frame_000321,321,10.666666666666666,0,3,330.73786846796673,50.985840797424316,1.013895034790039
frame_000321,321,10.666666666666666,0,4,312.7004981835683,52.55430781841278,0.7367395162582397
frame_000321,321,10.666666666666666,0,5,355.83334016799927,76.08131313323975,0.9073273539543152
frame_000321,321,10.666666666666666,0,6,314.2689651648204,79.21824717521667,0.9550027847290039
frame_000321,321,10.666666666666666,0,7,379.3603448867798,109.80335408449173,0.9783486723899841
frame_000321,321,10.666666666666666,0,8,307.2108637491862,116.86145567893982,0.9654722809791565
frame_000321,321,10.666666666666666,0,9,354.2648731867472,131.76189237833023,0.83417809009552
frame_000321,321,10.666666666666666,0,10,289.9577269554138,109.0191205739975,0.9045463800430298
frame_000321,321,10.666666666666666,0,11,345.6383047898611,152.9361971616745,0.8037728071212769
frame_000321,321,10.666666666666666,0,12,327.60093450546265,153.72043067216873,0.7726057767868042
frame_000321,321,10.666666666666666,0,13,310.34779771169025,190.57940566539764,0.7178584337234497
frame_000321,321,10.666666666666666,0,14,334.6590359210968,207.83254289627075,0.6897764205932617
frame_000321,321,10.666666666666666,0,15,347.99100526173913,211.7537104487419,0.718124508857727
frame_000321,321,10.666666666666666,0,16,357.40180714925134,254.10232001543045,0.7730576992034912
frame_000322,322,10.7,0,0,310.6000061035156,45.44301509857178,0.9616661071777344
frame_000322,322,10.7,0,1,316.21799182891846,41.43016815185547,0.990127444267273
frame_000322,322,10.7,0,2,308.9948673248291,41.43016815185547,0.9823563098907471
frame_000322,322,10.7,0,3,331.46681022644043,43.837876319885254,1.0233476161956787
frame_000322,322,10.7,0,4,311.4025754928589,46.24558448791504,0.7365906238555908
frame_000322,322,10.7,0,5,356.34646129608154,69.52009677886963,0.9015109539031982
frame_000322,322,10.7,0,6,313.0077142715454,73.53294372558594,0.9757938981056213
frame_000322,322,10.7,0,7,384.4363899230957,97.61002540588379,0.9680269956588745
frame_000322,322,10.7,0,8,304.17945098876953,112.85884380340576,0.9585776925086975
frame_000322,322,10.7,0,9,365.1747245788574,121.68710708618164,0.9314368963241577
frame_000322,322,10.7,0,10,289.7332019805908,99.21516418457031,0.9012492299079895
frame_000322,322,10.7,0,11,345.91305923461914,145.7641887664795,0.8114539384841919
frame_000322,322,10.7,0,12,328.2565326690674,147.36932754516602,0.7861484885215759
frame_000322,322,10.7,0,13,308.19229793548584,184.28751945495605,0.6691952347755432
frame_000322,322,10.7,0,14,343.50535106658936,203.54918479919434,0.7681646347045898
frame_000322,322,10.7,0,15,342.7027816772461,214.78515625,0.7411398887634277
frame_000322,322,10.7,0,16,365.9772939682007,252.5059175491333,0.8590787053108215
frame_000323,323,10.733333333333333,0,0,311.2215175628662,41.49116230010986,0.9159393310546875
frame_000323,323,10.733333333333333,0,1,316.8483819961548,36.66813564300537,0.9484745264053345
frame_000323,323,10.733333333333333,0,2,308.81000423431396,36.66813564300537,0.9113780856132507
frame_000323,323,10.733333333333333,0,3,332.12129974365234,38.275811195373535,0.9585046172142029
frame_000323,323,10.733333333333333,0,4,311.2215175628662,40.68732452392578,0.7325501441955566
frame_000323,323,10.733333333333333,0,5,357.0402708053589,63.99862003326416,0.8388348817825317
frame_000323,323,10.733333333333333,0,6,311.2215175628662,67.21397113800049,0.9224569797515869
frame_000323,323,10.733333333333333,0,7,389.99761962890625,87.30991554260254,0.9126734733581543
frame_000323,323,10.733333333333333,0,8,300.77162647247314,106.60202217102051,0.9062260389328003
frame_000323,323,10.733333333333333,0,9,371.50935077667236,112.22888660430908,0.9099560976028442
frame_000323,323,10.733333333333333,0,10,291.12557315826416,89.72142887115479,0.8565863370895386
frame_000323,323,10.733333333333333,0,11,347.3942174911499,137.14785766601562,0.7705397605895996
frame_000323,323,10.733333333333333,0,12,327.29827308654785,140.36320877075195,0.7423553466796875
frame_000323,323,10.733333333333333,0,13,308.81000423431396,177.33974647521973,0.7140406370162964
frame_000323,323,10.733333333333333,0,14,344.98270416259766,199.84720420837402,0.7773382663726807
frame_000323,323,10.733333333333333,0,15,336.14048862457275,227.9815263748169,0.7609403133392334
frame_000323,323,10.733333333333333,0,16,368.29399967193604,244.86211967468262,0.8413057327270508
frame_000324,324,10.766666666666666,0,0,310.61848958333337,37.47809147834778,0.9456021785736084
frame_000324,324,10.766666666666666,0,1,316.2133127848307,32.68252885341644,1.0029399394989014
frame_000324,324,10.766666666666666,0,2,309.01996866861975,32.68252885341644,0.9963463544845581
frame_000324,324,10.766666666666666,0,3,332.1985219319662,35.08031016588211,0.9948491454124451
frame_000324,324,10.766666666666666,0,4,310.61848958333337,36.67883104085922,0.7210314273834229
frame_000324,324,10.766666666666666,0,5,357.7748565673828,59.857383728027344,0.8544478416442871
frame_000324,324,10.766666666666666,0,6,311.41775004069007,65.45220679044724,0.9551577568054199
frame_000324,324,10.766666666666666,0,7,391.3437957763672,79.83889466524124,0.9365019798278809
frame_000324,324,10.766666666666666,0,8,297.830322265625,102.2181869149208,0.893275260925293
frame_000324,324,10.766666666666666,0,9,373.7600657145183,104.61596822738647,0.9119497537612915
frame_000324,324,10.766666666666666,0,10,289.03845723470056,88.63075947761536,0.8593614101409912
frame_000324,324,10.766666666666666,0,11,346.585210164388,137.38564616441727,0.7943588495254517
frame_000324,324,10.766666666666666,0,12,329.00148010253906,139.78342747688293,0.7635700702667236
frame_000324,324,10.766666666666666,0,13,313.8155314127604,183.7427515387535,0.7462868690490723
frame_000324,324,10.766666666666666,0,14,346.585210164388,195.73165810108185,0.80690598487854
frame_000324,324,10.766666666666666,0,15,331.3992614746094,238.0924612879753,0.8163185119628906
frame_000324,324,10.766666666666666,0,16,372.1615447998047,237.29320085048676,0.8902350664138794
frame_000325,325,10.8,0,0,312.46932458877563,35.91102170944214,0.9294397830963135
frame_000325,325,10.8,0,1,317.17164754867554,30.424978256225586,0.9743093848228455
frame_000325,325,10.8,0,2,310.90188360214233,31.208698749542236,0.9673279523849487
frame_000325,325,10.8,0,3,332.84605741500854,32.77613973617554,0.9912221431732178
frame_000325,325,10.8,0,4,312.46932458877563,35.12730121612549,0.6934577226638794
frame_000325,325,10.8,0,5,359.49255418777466,57.85519552230835,0.8400887846946716
frame_000325,325,10.8,0,6,313.2530450820923,62.55751848220825,0.9277554750442505
frame_000325,325,10.8,0,7,393.9762558937073,76.66448736190796,0.9020818471908569
frame_000325,325,10.8,0,8,299.92979669570923,100.17610216140747,0.8437795639038086
frame_000325,325,10.8,0,9,375.16696405410767,101.74354314804077,0.8789266347885132
frame_000325,325,10.8,0,10,292.0925917625427,92.33889722824097,0.823445200920105
frame_000325,325,10.8,0,11,348.52046728134155,133.87608337402344,0.7648312449455261
frame_000325,325,10.8,0,12,327.360013961792,136.2272448539734,0.7459772825241089
frame_000325,325,10.8,0,13,328.9274549484253,184.03419494628906,0.6795669794082642
frame_000325,325,10.8,0,14,334.41349840164185,192.65512037277222,0.7223289012908936
frame_000325,325,10.8,0,15,325.00885248184204,247.51555490493774,0.6439931392669678
frame_000325,325,10.8,0,16,374.383243560791,230.27370405197144,0.7290440797805786
frame_000326,326,10.833333333333334,0,0,314.45023226737976,36.932442009449005,0.9376595616340637
frame_000326,326,10.833333333333334,0,1,319.0613434314728,32.32133096456528,0.994803249835968
frame_000326,326,10.833333333333334,0,2,312.9131952126821,32.32133096456528,0.9767394661903381
frame_000326,326,10.833333333333334,0,3,335.20023250579834,33.85836797952652,1.0151535272598267
frame_000326,326,10.833333333333334,0,4,314.45023226737976,36.163923501968384,0.6769147515296936
frame_000326,326,10.833333333333334,0,5,359.7928253809611,59.219478726387024,0.8373544812202454
frame_000326,326,10.833333333333334,0,6,315.21875079472863,63.83058977127075,0.9371854066848755
frame_000326,326,10.833333333333334,0,7,395.91319616635633,79.20095992088318,0.9368379712104797
frame_000326,326,10.833333333333334,0,8,302.15393582979834,99.95095962285995,0.8627526760101318
frame_000326,326,10.833333333333334,0,9,373.62615887324023,103.79355216026306,0.9022401571273804
frame_000326,326,10.833333333333334,0,10,292.9317135016123,96.10836708545685,0.857883095741272
frame_000326,326,10.833333333333334,0,11,348.2650474707286,136.83984798192978,0.7692630290985107
frame_000326,326,10.833333333333334,0,12,327.51504723230994,139.14540350437164,0.7507994174957275
frame_000326,326,10.833333333333334,0,13,330.5891213417053,190.63614350557327,0.7154114842414856
frame_000326,326,10.833333333333334,0,14,332.12615839640296,192.94169902801514,0.7115892171859741
frame_000326,326,10.833333333333334,0,15,323.6724545955658,250.58058708906174,0.682499885559082
frame_000326,326,10.833333333333334,0,16,375.93171445528674,219.07132828235626,0.6798138618469238
frame_000327,327,10.866666666666667,0,0,316.9438693523407,40.955643713474274,0.9333489537239075
frame_000327,327,10.866666666666667,0,1,321.64834427833557,36.25116890668869,0.9734770655632019
frame_000327,327,10.866666666666667,0,2,314.59163188934326,36.25116890668869,0.9662909507751465
frame_000327,327,10.866666666666667,0,3,337.3299273649851,37.035248041152954,1.03240168094635
frame_000327,327,10.866666666666667,0,4,315.3757110436758,40.17156457901001,0.6984685659408569
frame_000327,327,10.866666666666667,0,5,360.85230199495953,63.69393861293793,0.8509443402290344
frame_000327,327,10.866666666666667,0,6,316.9438693523407,67.61433428525925,0.9240343570709229
frame_000327,327,10.866666666666667,0,7,393.7836264769237,88.00039178133011,0.925599217414856
frame_000327,327,10.866666666666667,0,8,305.96676119168603,102.89789533615112,0.8344134092330933
frame_000327,327,10.866666666666667,0,9,367.9090143839519,109.9546075463295,0.9020970463752747
frame_000327,327,10.866666666666667,0,10,295.77373218536377,104.46605360507965,0.8132759928703308
frame_000327,327,10.866666666666667,0,11,349.8751938343048,139.74961465597153,0.7758471369743347
frame_000327,327,10.866666666666667,0,12,327.92097751299536,142.88593119382858,0.7569081783294678
frame_000327,327,10.866666666666667,0,13,331.0572941303253,191.49883753061295,0.6877999305725098
frame_000327,327,10.866666666666667,0,14,327.13689835866296,198.55554974079132,0.6907954216003418
frame_000327,327,10.866666666666667,0,15,323.2165025870005,255.7933265566826,0.6098688840866089
frame_000327,327,10.866666666666667,0,16,374.9657267729442,210.31673675775528,0.6058037281036377
frame_000328,328,10.9,0,0,316.9580284754435,44.98960757255554,0.9525653123855591
frame_000328,328,10.9,0,1,322.53144097328186,40.21239697933197,0.9750744104385376
frame_000328,328,10.9,0,2,314.56942311922705,41.00859874486923,0.952605128288269
frame_000328,328,10.9,0,3,337.65927489598596,41.804800510406494,1.0229203701019287
frame_000328,328,10.9,0,4,318.5504320462545,44.98960757255554,0.6945556402206421
frame_000328,328,10.9,0,5,362.3415302435558,68.8756605386734,0.8861438035964966
frame_000328,328,10.9,0,6,317.754230260849,72.85666936635971,0.9598774313926697
frame_000328,328,10.9,0,7,388.6161891619365,99.92752939462662,0.9365081191062927
frame_000328,328,10.9,0,8,308.9960106213888,109.48195058107376,0.8779340386390686
frame_000328,328,10.9,0,9,358.3605213165283,115.0553629398346,0.8624347448348999
frame_000328,328,10.9,0,10,295.4605802694956,111.07435411214828,0.8493322134017944
frame_000328,328,10.9,0,11,350.39850346247357,147.69963532686234,0.7930572032928467
frame_000328,328,10.9,0,12,327.3086516857147,149.29203885793686,0.771757960319519
frame_000328,328,10.9,0,13,328.10485347112024,196.26794302463531,0.684518039226532
frame_000328,328,10.9,0,14,326.5124499003092,205.82236421108246,0.6716171503067017
frame_000328,328,10.9,0,15,371.8959516684215,202.6375571489334,0.6767792701721191
frame_000328,328,10.9,0,16,324.9200463294983,267.9261019229889,0.6325993537902832
frame_000329,329,10.933333333333334,0,0,317.0612254142761,51.333659172058105,0.9599119424819946
frame_000329,329,10.933333333333334,0,1,321.83759927749634,47.35334771871567,0.9596186876296997
frame_000329,329,10.933333333333334,0,2,315.46910079320276,47.35334771871567,0.9819028973579407
frame_000329,329,10.933333333333334,0,3,336.96278317769367,48.94547230005264,0.9707518219947815
frame_000329,329,10.933333333333334,0,4,318.6533500353495,51.333659172058105,0.7593933343887329
frame_000329,329,10.933333333333334,0,5,362.43677711486816,75.21552789211273,0.8793835043907166
frame_000329,329,10.933333333333334,0,6,319.44941234588623,78.39977705478668,0.918036937713623
frame_000329,329,10.933333333333334,0,7,381.542272567749,111.83439326286316,0.9223556518554688
frame_000329,329,10.933333333333334,0,8,310.69272692998254,115.01864242553711,0.9040212631225586
frame_000329,329,10.933333333333334,0,9,350.4958424568176,118.99895387887955,0.7789672017097473
frame_000329,329,10.933333333333334,0,10,293.9754184087118,118.20289158821106,0.8604835271835327
frame_000329,329,10.933333333333334,0,11,351.2919047673543,148.4532586336136,0.7432662844657898
frame_000329,329,10.933333333333334,0,12,325.8179108301798,150.04538321495056,0.7209429740905762
frame_000329,329,10.933333333333334,0,13,321.0415369669596,197.80912065505981,0.6566047668457031
frame_000329,329,10.933333333333334,0,14,321.0415369669596,208.15793043375015,0.6537342667579651
frame_000329,329,10.933333333333334,0,15,364.02890173594164,199.4012452363968,0.6942459344863892
frame_000329,329,10.933333333333334,0,16,329.00216007232666,264.67835307121277,0.6807719469070435
frame_000330,330,10.966666666666667,0,0,316.1379696528117,56.07024276256561,0.9450900554656982
frame_000330,330,10.966666666666667,0,1,320.89727942148846,51.310933232307434,0.9703749418258667
frame_000330,330,10.966666666666667,0,2,314.55153306325275,52.104151487350464,0.9665117859840393
frame_000330,330,10.966666666666667,0,3,335.9684270222982,52.897369742393494,0.9436590671539307
frame_000330,330,10.966666666666667,0,4,316.9311879475911,55.27702450752258,0.7480971813201904
frame_000330,330,10.966666666666667,0,5,359.764975865682,79.07357215881348,0.9135680198669434
frame_000330,330,10.966666666666667,0,6,318.5176245371501,82.2464451789856,0.9248251914978027
frame_000330,330,10.966666666666667,0,7,374.0429051717123,117.1480484008789,0.9487628936767578
frame_000330,330,10.966666666666667,0,8,312.96509647369385,118.73448491096497,0.8800092935562134
frame_000330,330,10.966666666666667,0,9,341.5209550857544,119.527703166008,0.7558261752128601
frame_000330,330,10.966666666666667,0,10,293.13463910420734,123.49379444122314,0.8538696765899658
frame_000330,330,10.966666666666667,0,11,349.45313803354895,156.01574289798737,0.7465094923973083
frame_000330,330,10.966666666666667,0,12,324.86337089538574,155.22252464294434,0.7403636574745178
frame_000330,330,10.966666666666667,0,13,316.9311879475911,204.40205645561218,0.6611210107803345
frame_000330,330,10.966666666666667,0,14,320.89727942148846,208.36814773082733,0.630232036113739
frame_000330,330,10.966666666666667,0,15,363.7310673395792,197.26309216022491,0.5447317957878113
frame_000330,330,10.966666666666667,0,16,335.1752087275187,267.85951685905457,0.4882553219795227
frame_000331,331,11.0,0,0,315.39945793151855,55.89090156555176,0.948910117149353
frame_000331,331,11.0,0,1,320.6498239835104,51.39058756828308,0.9452227354049683
frame_000331,331,11.0,0,2,314.64940563837683,52.140639901161194,0.9623984098434448
frame_000331,331,11.0,0,3,336.40092213948566,54.39079689979553,0.9445309042930603
frame_000331,331,11.0,0,4,316.8995625178019,56.64095389842987,0.7818389534950256
frame_000331,331,11.0,0,5,358.1524386405945,80.64262855052948,0.9161138534545898
frame_000331,331,11.0,0,6,319.89977169036865,85.14294254779816,0.8766467571258545
frame_000331,331,11.0,0,7,360.40259552001953,121.89550685882568,0.9112282395362854
frame_000331,331,11.0,0,8,316.1495102246603,116.6451405286789,0.8332428932189941
frame_000331,331,11.0,0,9,330.40050379435223,115.14503586292267,0.6886605024337769
frame_000331,331,11.0,0,10,295.89809830983484,125.64576852321625,0.8257559537887573
frame_000331,331,11.0,0,11,350.6519157091777,154.89780950546265,0.7389911413192749
frame_000331,331,11.0,0,12,325.90019003550213,154.89780950546265,0.7328585386276245
frame_000331,331,11.0,0,13,331.90060838063556,202.90115880966187,0.6157922744750977
frame_000331,331,11.0,0,14,301.14846436182654,202.15110647678375,0.6014301776885986
frame_000331,331,11.0,0,15,346.90165424346924,190.90032148361206,0.5414604544639587
frame_000331,331,11.0,0,16,343.1513927777608,187.1500598192215,0.5189195871353149
frame_000332,332,11.033333333333333,0,0,313.7088190714518,54.23542541265488,0.9416998028755188
frame_000332,332,11.033333333333333,0,1,318.4876790046692,49.456565618515015,0.9597277045249939
frame_000332,332,11.033333333333333,0,2,313.02612479527795,49.456565618515015,0.9811679124832153
frame_000332,332,11.033333333333333,0,3,335.5550359090169,51.5046483874321,0.9319185018539429
frame_000332,332,11.033333333333333,0,4,315.7569018999735,53.55273115634918,0.7283093929290771
frame_000332,332,11.033333333333333,0,5,356.71855847040814,77.44703012704849,0.8840456604957581
frame_000332,332,11.033333333333333,0,6,321.21845610936487,82.22588992118835,0.832557737827301
frame_000332,332,11.033333333333333,0,7,350.57430998484296,117.72599124908447,0.864281415939331
frame_000332,332,11.033333333333333,0,8,319.17037328084314,113.6298257112503,0.7559565901756287
frame_000332,332,11.033333333333333,0,9,317.1222904523214,104.07210612297058,0.7616384029388428
frame_000332,332,11.033333333333333,0,10,298.68954499562585,123.87023955583572,0.7766901254653931
frame_000332,332,11.033333333333333,0,11,349.891615708669,151.1780098080635,0.7304474115371704
frame_000332,332,11.033333333333333,0,12,327.36270459493,150.4953155517578,0.724055290222168
frame_000332,332,11.033333333333333,0,13,335.5550359090169,211.25510436296463,0.7504899501800537
frame_000332,332,11.033333333333333,0,14,295.9587678909302,191.4569709300995,0.5582916140556335
frame_000332,332,11.033333333333333,0,15,349.891615708669,259.72639656066895,0.8327280282974243
frame_000332,332,11.033333333333333,0,16,347.1608386039734,196.23583072423935,0.5605359077453613
frame_000333,333,11.066666666666666,0,0,312.7824845314026,47.48190975189209,0.9881268739700317
frame_000333,333,11.066666666666666,0,1,317.40841817855835,42.85597610473633,0.9715656638145447
frame_000333,333,11.066666666666666,0,2,312.7824845314026,42.85597610473633,1.0155301094055176
frame_000333,333,11.066666666666666,0,3,334.37017488479614,44.39795398712158,1.0072791576385498
frame_000333,333,11.066666666666666,0,4,315.8664402961731,47.48190975189209,0.7711935043334961
frame_000333,333,11.066666666666666,0,5,355.9578652381897,70.6115779876709,0.9253137111663818
frame_000333,333,11.066666666666666,0,6,321.2633628845215,75.23751163482666,0.8814346790313721
frame_000333,333,11.066666666666666,0,7,347.4769868850708,109.93201398849487,0.9105757474899292
frame_000333,333,11.066666666666666,0,8,320.49237394332886,105.30608034133911,0.8280878067016602
frame_000333,333,11.066666666666666,0,9,312.7824845314026,95.28322410583496,0.8446441888809204
frame_000333,333,11.066666666666666,0,10,301.2176504135132,117.64190340042114,0.8361889123916626
frame_000333,333,11.066666666666666,0,11,350.5609426498413,147.7104721069336,0.7987847328186035
frame_000333,333,11.066666666666666,0,12,325.88929653167725,145.3975052833557,0.7899277210235596
frame_000333,333,11.066666666666666,0,13,345.93500900268555,208.61859846115112,0.8367413878440857
frame_000333,333,11.066666666666666,0,14,299.67567253112793,188.57288599014282,0.7284517884254456
frame_000333,333,11.066666666666666,0,15,355.9578652381897,258.7328796386719,0.893514096736908
frame_000333,333,11.066666666666666,0,16,341.3090753555298,190.8858528137207,0.5939711332321167
frame_000334,334,11.1,0,0,313.22760550181073,40.76250106096268,0.9888415336608887
frame_000334,334,11.1,0,1,318.32907851537067,35.661027908325195,0.9550645351409912
frame_000334,334,11.1,0,2,312.4988236427307,36.38980978727341,1.0092905759811401
frame_000334,334,11.1,0,3,333.63349755605066,37.84737354516983,1.050323486328125
frame_000334,334,11.1,0,4,316.1427329381307,41.49128293991089,0.7301355004310608
frame_000334,334,11.1,0,5,354.0393896102905,64.81230306625366,0.9113494157791138
frame_000334,334,11.1,0,6,322.70176966985065,68.45621246099472,0.8860695958137512
frame_000334,334,11.1,0,7,340.9213161468506,103.43774265050888,0.930118203163147
frame_000334,334,11.1,0,8,325.61689710617065,99.79383325576782,0.8057616949081421
frame_000334,334,11.1,0,9,309.5836962064107,86.67575943470001,0.8990051746368408
frame_000334,334,11.1,0,10,307.3973506291707,110.725561439991,0.8094280958175659
frame_000334,334,11.1,0,11,349.66669845581055,143.52074599266052,0.8077229261398315
frame_000334,334,11.1,0,12,326.34567896525067,142.0631822347641,0.7965717315673828
frame_000334,334,11.1,0,13,351.85304403305054,201.82329630851746,0.8565855622291565
frame_000334,334,11.1,0,14,302.2958776156108,184.33253121376038,0.8176573514938354
frame_000334,334,11.1,0,15,360.5984263420105,252.10924595594406,0.9481838345527649
frame_000334,334,11.1,0,16,343.83644358317054,209.11111509799957,0.8069358468055725
frame_000335,335,11.133333333333333,0,0,313.2861223220825,36.85146999359131,1.0285123586654663
frame_000335,335,11.133333333333333,0,1,317.8996157646179,31.578906059265137,0.9985726475715637
frame_000335,335,11.133333333333333,0,2,312.62705183029175,31.578906059265137,1.098625659942627
frame_000335,335,11.133333333333333,0,3,333.71730756759644,32.89704704284668,1.0681111812591553
frame_000335,335,11.133333333333333,0,4,315.26333379745483,34.874258518218994,0.615470290184021
frame_000335,335,11.133333333333333,0,5,353.4894223213196,60.57800769805908,0.8910242319107056
frame_000335,335,11.133333333333333,0,6,321.85403871536255,65.85057163238525,0.8928329348564148
frame_000335,335,11.133333333333333,0,7,338.33080101013184,98.14502573013306,0.9187933206558228
frame_000335,335,11.133333333333333,0,8,328.44474363327026,97.48595523834229,0.7387160062789917
frame_000335,335,11.133333333333333,0,9,308.01355838775635,81.66826343536377,0.9142361879348755
frame_000335,335,11.133333333333333,0,10,313.9451928138733,104.73573064804077,0.7789378762245178
frame_000335,335,11.133333333333333,0,11,349.53499937057495,139.66646671295166,0.8204907178878784
frame_000335,335,11.133333333333333,0,12,326.46753215789795,139.0073962211609,0.7937874794006348
frame_000335,335,11.133333333333333,0,13,355.4666337966919,195.68745851516724,0.8545643091201782
frame_000335,335,11.133333333333333,0,14,306.03634691238403,184.48326015472412,0.807952880859375
frame_000335,335,11.133333333333333,0,15,366.01176166534424,246.43588638305664,0.9433715343475342
frame_000335,335,11.133333333333333,0,16,340.30801248550415,221.39120769500732,0.7827564477920532
frame_000336,336,11.166666666666666,0,0,313.62338757514954,32.29571658372879,0.9541191458702087
frame_000336,336,11.166666666666666,0,1,318.4783465862274,25.822438061237335,0.9210495948791504
frame_000336,336,11.166666666666666,0,2,312.81422773996985,26.631597876548767,1.0121350288391113
frame_000336,336,11.166666666666666,0,3,333.85238345464074,29.059077322483063,0.9930163621902466
frame_000336,336,11.166666666666666,0,4,315.2417072455088,30.677396953105927,0.6929072141647339
frame_000336,336,11.166666666666666,0,5,354.0813793341319,55.761351227760315,0.8999190330505371
frame_000336,336,11.166666666666666,0,6,320.90582609176636,63.0437895655632,0.8861861824989319
frame_000336,336,11.166666666666666,0,7,341.9439818064372,94.60102236270905,0.8732489347457886
frame_000336,336,11.166666666666666,0,8,324.142465432485,95.41018217802048,0.7239000797271729
frame_000336,336,11.166666666666666,0,9,305.53178922335303,80.8453055024147,0.907270073890686
frame_000336,336,11.166666666666666,0,10,312.0050679047903,101.0743008852005,0.6825685501098633
frame_000336,336,11.166666666666666,0,11,350.03558015823364,127.77657479047775,0.7736638784408569
frame_000336,336,11.166666666666666,0,12,326.5699449380239,128.58573460578918,0.7648913860321045
frame_000336,336,11.166666666666666,0,13,358.93633834520983,190.081880569458,0.8418172597885132
frame_000336,336,11.166666666666666,0,14,310.3867482344309,181.9902824163437,0.7627657055854797
frame_000336,336,11.166666666666666,0,15,370.26457603772474,239.44062930345535,0.87464439868927
frame_000336,336,11.166666666666666,0,16,333.04322361946106,232.15819096565247,0.8468105792999268
frame_000337,337,11.2,0,0,313.57191228866577,32.58325755596161,0.9213727712631226
frame_000337,337,11.2,0,1,318.37032890319824,26.1853688955307,0.9229284524917603
frame_000337,337,11.2,0,2,312.77217618624366,26.1853688955307,0.9791730046272278
frame_000337,337,11.2,0,3,334.3650509516398,28.58457714319229,0.9774202108383179
frame_000337,337,11.2,0,4,317.5705928007761,30.983785390853882,0.684271514415741
frame_000337,337,11.2,0,5,354.3584535121918,55.77560395002365,0.8854858875274658
frame_000337,337,11.2,0,6,322.3690094153086,62.97322869300842,0.8797882795333862
frame_000337,337,11.2,0,7,343.96188418070477,94.96267199516296,0.8453081846237183
frame_000337,337,11.2,0,8,322.3690094153086,96.56214416027069,0.70368492603302
frame_000337,337,11.2,0,9,307.9737595717112,84.56610292196274,0.8507084846496582
frame_000337,337,11.2,0,10,310.3729678789774,98.16161632537842,0.6893196702003479
frame_000337,337,11.2,0,11,348.76030079523724,128.55158746242523,0.7535960674285889
frame_000337,337,11.2,0,12,326.36768992741906,129.3513235449791,0.7544903755187988
frame_000337,337,11.2,0,13,352.7589813073476,191.73073798418045,0.7790089249610901
frame_000337,337,11.2,0,14,317.5705928007761,187.73205757141113,0.7604032754898071
frame_000337,337,11.2,0,15,376.7510643800099,232.5172781944275,0.836721658706665
frame_000337,337,11.2,0,16,331.96584264437354,244.51331943273544,0.8257253766059875
frame_000338,338,11.233333333333333,0,0,315.01131312052405,36.21294021606445,0.884290337562561
frame_000338,338,11.233333333333333,0,1,319.57563940683997,30.887892603874207,0.8965306282043457
frame_000338,338,11.233333333333333,0,2,314.2505920728048,30.887892603874207,0.8957827687263489
frame_000338,338,11.233333333333333,0,3,336.31150245666504,32.409334778785706,0.9700820446014404
frame_000338,338,11.233333333333333,0,4,317.293476263682,36.21294021606445,0.6685115098953247
frame_000338,338,11.233333333333333,0,5,354.5688076019287,59.79529392719269,0.8749411106109619
frame_000338,338,11.233333333333333,0,6,322.6185235977173,65.88106262683868,0.8231545686721802
frame_000338,338,11.233333333333333,0,7,346.2008760770162,98.59206938743591,0.8594904541969299
frame_000338,338,11.233333333333333,0,8,324.90068674087524,99.35279047489166,0.6908621788024902
frame_000338,338,11.233333333333333,0,9,311.96842892964685,94.02774286270142,0.8586602807044983
frame_000338,338,11.233333333333333,0,10,310.44698683420813,100.87423264980316,0.7326886653900146
frame_000338,338,11.233333333333333,0,11,349.2437602678935,131.30307614803314,0.7153512239456177
frame_000338,338,11.233333333333333,0,12,327.1828498840332,131.30307614803314,0.7133076190948486
frame_000338,338,11.233333333333333,0,13,345.4401550292969,194.44292640686035,0.7725659608840942
frame_000338,338,11.233333333333333,0,14,324.1399656931559,192.1607631444931,0.740509033203125
frame_000338,338,11.233333333333333,0,15,378.911881128947,226.39321208000183,0.836926281452179
frame_000338,338,11.233333333333333,0,16,329.46501302719116,250.73628687858582,0.8477116823196411
frame_000339,339,11.266666666666666,0,0,315.8653402328491,41.06880331039429,0.8964188098907471
frame_000339,339,11.266666666666666,0,1,320.53245544433594,35.62383556365967,0.9069054126739502
frame_000339,339,11.266666666666666,0,2,315.0874876976013,36.40168809890747,0.9054824113845825
frame_000339,339,11.266666666666666,0,3,336.8673586845398,37.17954063415527,1.0123790502548218
frame_000339,339,11.266666666666666,0,4,315.8653402328491,41.84665584564209,0.7060990929603577
frame_000339,339,11.266666666666666,0,5,354.75796699523926,65.18223190307617,0.8925853967666626
frame_000339,339,11.266666666666666,0,6,322.86601305007935,71.4050521850586,0.8452295064926147
frame_000339,339,11.266666666666666,0,7,347.75729417800903,105.63056373596191,0.9133300185203552
frame_000339,339,11.266666666666666,0,8,325.97742319107056,105.63056373596191,0.7198261022567749
frame_000339,339,11.266666666666666,0,9,312.7539300918579,102.5191535949707,0.8650110960006714
frame_000339,339,11.266666666666666,0,10,309.6425199508667,106.40841627120972,0.6597090363502502
frame_000339,339,11.266666666666666,0,11,348.53514671325684,139.07822275161743,0.7567927241325378
frame_000339,339,11.266666666666666,0,12,327.53312826156616,139.07822275161743,0.7434618473052979
frame_000339,339,11.266666666666666,0,13,339.2009162902832,200.52857303619385,0.7783420085906982
frame_000339,339,11.266666666666666,0,14,324.42171812057495,198.19501543045044,0.7548608779907227
frame_000339,339,11.266666666666666,0,15,379.64924812316895,216.8634762763977,0.8476604223251343
frame_000339,339,11.266666666666666,0,16,329.86668586730957,256.53395557403564,0.893189549446106
frame_000340,340,11.3,0,0,315.50496006011963,47.351030707359314,0.8664621114730835
frame_000340,340,11.3,0,1,320.23294734954834,42.62304365634918,0.8586002588272095
frame_000340,340,11.3,0,2,314.71696217854816,42.62304365634918,0.8387389183044434
frame_000340,340,11.3,0,3,336.7809028625488,43.411041498184204,0.9696508646011353
frame_000340,340,11.3,0,4,317.0809558232625,46.56303286552429,0.6928292512893677
frame_000340,340,11.3,0,5,356.4808499018351,71.778963804245,0.8761235475540161
frame_000340,340,11.3,0,6,323.38493887583417,74.14295732975006,0.8431902527809143
frame_000340,340,11.3,0,7,353.3288583755493,113.54284942150116,0.8912664651870728
frame_000340,340,11.3,0,8,328.9009240468343,108.81486237049103,0.720157265663147
frame_000340,340,11.3,0,9,319.44494946797687,112.75485157966614,0.731712818145752
frame_000340,340,11.3,0,10,309.98897488911945,113.54284942150116,0.6941244602203369
frame_000340,340,11.3,0,11,347.8128732045492,143.486767411232,0.7503911256790161
frame_000340,340,11.3,0,12,326.53693040211994,143.486767411232,0.7379642724990845
frame_000340,340,11.3,0,13,333.628911336263,205.73859691619873,0.7527981996536255
frame_000340,340,11.3,0,14,318.65695158640546,203.37460339069366,0.7531509399414062
frame_000340,340,11.3,0,15,373.8168032964071,210.46658396720886,0.8341079950332642
frame_000340,340,11.3,0,16,331.26491769154865,260.11044800281525,0.8710726499557495
frame_000341,341,11.333333333333334,0,0,314.7315896352132,53.36171597242355,0.9124640226364136
frame_000341,341,11.333333333333334,0,1,319.47956975301105,49.4050657749176,0.926545262336731
frame_000341,341,11.333333333333334,0,2,313.94025961558026,48.61373573541641,0.8999272584915161
frame_000341,341,11.333333333333334,0,3,335.3061701456706,50.19639581441879,1.0460031032562256
frame_000341,341,11.333333333333334,0,4,316.3142496744792,53.36171597242355,0.7302169799804688
frame_000341,341,11.333333333333334,0,5,355.88075065612793,78.68427723646164,0.8753184080123901
frame_000341,341,11.333333333333334,0,6,321.85355981191,81.05826735496521,0.8822755813598633
frame_000341,341,11.333333333333334,0,7,358.25474071502686,119.83343929052353,0.9107159376144409
frame_000341,341,11.333333333333334,0,8,324.2275498708089,113.50279897451401,0.7424813508987427
frame_000341,341,11.333333333333334,0,9,325.8102099100749,122.99875944852829,0.6677517890930176
frame_000341,341,11.333333333333334,0,10,304.44429937998456,116.66811913251877,0.7920657396316528
frame_000341,341,11.333333333333334,0,11,345.5934604008993,153.06930094957352,0.7698433995246887
frame_000341,341,11.333333333333334,0,12,324.2275498708089,153.06930094957352,0.7679806351661682
frame_000341,341,11.333333333333334,0,13,326.6015399297078,209.25373375415802,0.718685507774353
frame_000341,341,11.333333333333334,0,14,314.7315896352132,206.87974363565445,0.7545644044876099
frame_000341,341,11.333333333333334,0,15,367.75070095062256,205.29708355665207,0.8205491900444031
frame_000341,341,11.333333333333334,0,16,335.3061701456706,260.6901863217354,0.8195338249206543
frame_000342,342,11.366666666666667,0,0,313.13743416468304,58.05802249908447,0.9124893546104431
frame_000342,342,11.366666666666667,0,1,318.55695684750873,54.186934769153595,0.914243757724762
frame_000342,342,11.366666666666667,0,2,312.36321663856506,54.186934769153595,0.9331855773925781
frame_000342,342,11.366666666666667,0,3,333.26708984375,54.96115231513977,1.005574107170105
frame_000342,342,11.366666666666667,0,4,314.68586921691895,58.05802249908447,0.7242482900619507
frame_000342,342,11.366666666666667,0,5,354.94518057505286,82.83298397064209,0.8826044797897339
frame_000342,342,11.366666666666667,0,6,319.3311743736267,85.15563660860062,0.8706645965576172
frame_000342,342,11.366666666666667,0,7,363.46157336235046,123.8665139079094,0.891841471195221
frame_000342,342,11.366666666666667,0,8,321.6538269519806,117.67277354001999,0.7668201923370361
frame_000342,342,11.366666666666667,0,9,331.7186547915141,134.70555955171585,0.6807835102081299
frame_000342,342,11.366666666666667,0,10,298.4273011684418,117.67277354001999,0.8187604546546936
frame_000342,342,11.366666666666667,0,11,344.1061352094015,155.6094332933426,0.724507749080658
frame_000342,342,11.366666666666667,0,12,321.6538269519806,155.6094332933426,0.7133554220199585
frame_000342,342,11.366666666666667,0,13,316.23430426915485,209.0304439663887,0.6809138059616089
frame_000342,342,11.366666666666667,0,14,311.5889991124471,211.35309660434723,0.7017646431922913
frame_000342,342,11.366666666666667,0,15,362.68735583623254,206.70779132843018,0.7290226221084595
frame_000342,342,11.366666666666667,0,16,340.23504757881165,260.1288020014763,0.731110692024231
frame_000343,343,11.4,0,0,311.2056465148926,59.89208221435547,0.9726133346557617
frame_000343,343,11.4,0,1,316.5539164543152,55.30785083770752,1.010166883468628
frame_000343,343,11.4,0,2,310.4416079521179,56.07188940048218,0.9939291477203369
frame_000343,343,11.4,0,3,331.83468770980835,56.835927963256836,1.025596022605896
frame_000343,343,11.4,0,4,313.49776220321655,59.89208221435547,0.7265201807022095
frame_000343,343,11.4,0,5,356.2839217185974,83.57727766036987,0.9142874479293823
frame_000343,343,11.4,0,6,316.5539164543152,85.10535478591919,0.9259423017501831
frame_000343,343,11.4,0,7,370.03661584854126,124.07132148742676,0.9948441982269287
frame_000343,343,11.4,0,8,315.02583932876587,121.77920579910278,0.8589298725128174
frame_000343,343,11.4,0,9,343.2952661514282,137.05997705459595,0.7363322377204895
frame_000343,343,11.4,0,10,294.3967981338501,117.95901298522949,0.8769170641899109
frame_000343,343,11.4,0,11,342.53122758865356,159.9811339378357,0.7426382303237915
frame_000343,343,11.4,0,12,321.13814783096313,159.21709537506104,0.7419252395629883
frame_000343,343,11.4,0,13,314.2618007659912,209.64364051818848,0.6839758157730103
frame_000343,343,11.4,0,14,317.31795501708984,213.46383333206177,0.6879583597183228
frame_000343,343,11.4,0,15,355.51988315582275,209.64364051818848,0.7660853862762451
frame_000343,343,11.4,0,16,347.1154589653015,258.5421085357666,0.7308518886566162
frame_000344,344,11.433333333333334,0,0,311.066398302714,56.75762814283371,0.9860215783119202
frame_000344,344,11.433333333333334,0,1,316.41345381736755,52.17443782091141,1.0351451635360718
frame_000344,344,11.433333333333334,0,2,310.30253322919214,52.17443782091141,0.9657793045043945
frame_000344,344,11.433333333333334,0,3,330.9268902142843,54.46603298187256,1.0149683952331543
frame_000344,344,11.433333333333334,0,4,313.3579935232798,56.75762814283371,0.7128478288650513
frame_000344,344,11.433333333333334,0,5,356.134437640508,81.20130985975266,0.8870719075202942
frame_000344,344,11.433333333333334,0,6,314.8857236703237,82.72903996706009,0.9325070381164551
frame_000344,344,11.433333333333334,0,7,375.99492955207825,117.10296738147736,0.9867856502532959
frame_000344,344,11.433333333333334,0,8,309.53866815567017,120.15842759609222,0.920499324798584
frame_000344,344,11.433333333333334,0,9,349.2596519788106,135.43572866916656,0.8206738829612732
frame_000344,344,11.433333333333334,0,10,291.2059063911438,112.51977705955505,0.8873083591461182
frame_000344,344,11.433333333333334,0,11,343.1487313906352,156.06008511781693,0.7671695351600647
frame_000344,344,11.433333333333334,0,12,323.28823947906494,156.82395017147064,0.7494004964828491
frame_000344,344,11.433333333333334,0,13,309.53866815567017,201.12812328338623,0.7613487839698792
frame_000344,344,11.433333333333334,0,14,327.87142992019653,214.11382919549942,0.7241603136062622
frame_000344,344,11.433333333333334,0,15,353.0789773464203,211.05836898088455,0.7899434566497803
frame_000344,344,11.433333333333334,0,16,354.60670749346417,258.418002307415,0.7193594574928284
frame_000345,345,11.466666666666667,0,0,309.31915728251136,50.30906045436859,0.980746865272522
frame_000345,345,11.466666666666667,0,1,314.83522033691406,45.58100616931915,1.0112940073013306
frame_000345,345,11.466666666666667,0,2,307.7431392669678,45.58100616931915,0.980401873588562
frame_000345,345,11.466666666666667,0,3,330.5954004923502,48.73304235935211,1.0472402572631836
frame_000345,345,11.466666666666667,0,4,311.6831843058268,51.09706950187683,0.7019579410552979
frame_000345,345,11.466666666666667,0,5,356.59969774882,74.73734092712402,0.9093284606933594
frame_000345,345,11.466666666666667,0,6,312.47119331359863,77.88937711715698,0.965338945388794
frame_000345,345,11.466666666666667,0,7,381.8159859975178,106.25770282745361,0.9713255763053894
frame_000345,345,11.466666666666667,0,8,305.37911224365234,115.71381139755249,0.9526314735412598
frame_000345,345,11.466666666666667,0,9,356.59969774882,127.53394711017609,0.8605377674102783
frame_000345,345,11.466666666666667,0,10,289.6189320882162,104.68168473243713,0.9135501980781555
frame_000345,345,11.466666666666667,0,11,343.2035446166992,152.75023663043976,0.8143872022628784
frame_000345,345,11.466666666666667,0,12,325.86734644571936,154.32625472545624,0.7895479202270508
frame_000345,345,11.466666666666667,0,13,310.89517529805505,195.3027251958847,0.6954972147941589
frame_000345,345,11.466666666666667,0,14,339.26349957784015,208.69887900352478,0.7610658407211304
frame_000345,345,11.466666666666667,0,15,347.1435896555583,215.79096043109894,0.7194260358810425
frame_000345,345,11.466666666666667,0,16,362.9037698109944,253.61539471149445,0.8315942287445068
frame_000346,346,11.5,0,0,311.00575844446814,43.35151445865631,0.9457823038101196
frame_000346,346,11.5,0,1,316.6388969421387,38.523109793663025,0.9863921999931335
frame_000346,346,11.5,0,2,308.5915562311808,38.523109793663025,0.9599820971488953
frame_000346,346,11.5,0,3,331.1241102218628,40.93731212615967,1.019754409790039
frame_000346,346,11.5,0,4,310.20102437337243,43.35151445865631,0.73203444480896
frame_000346,346,11.5,0,5,356.0708664258321,67.49353778362274,0.8813679814338684
frame_000346,346,11.5,0,6,310.20102437337243,69.90774011611938,0.9570916891098022
frame_000346,346,11.5,0,7,385.8460270563762,94.85449755191803,0.9513622522354126
frame_000346,346,11.5,0,8,300.544215520223,110.94917976856232,0.9491978883743286
frame_000346,346,11.5,0,9,364.92294120788574,115.7775844335556,0.9233560562133789
frame_000346,346,11.5,0,10,288.47320445378625,94.85449755191803,0.8866690397262573
frame_000346,346,11.5,0,11,344.80458943049115,143.9432783126831,0.7974517941474915
frame_000346,346,11.5,0,12,325.49097172419226,145.55274653434753,0.7739428281784058
frame_000346,346,11.5,0,13,310.20102437337243,190.61785674095154,0.7015043497085571
frame_000346,346,11.5,0,14,345.6093235015869,201.07940018177032,0.7682478427886963
frame_000346,346,11.5,0,15,344.80458943049115,220.39301884174347,0.7171502113342285
frame_000346,346,11.5,0,16,368.1418774922688,248.55871272087097,0.8249647617340088
frame_000347,347,11.533333333333333,0,0,310.6456136703491,38.906588554382324,0.9138510227203369
frame_000347,347,11.533333333333333,0,1,316.2530083656311,33.29919385910034,0.9889305233955383
frame_000347,347,11.533333333333333,0,2,309.04350090026855,34.100250244140625,0.931280791759491
frame_000347,347,11.533333333333333,0,3,331.4730796813965,35.70236301422119,0.981830358505249
frame_000347,347,11.533333333333333,0,4,309.84455728530884,37.30447578430176,0.727602481842041
frame_000347,347,11.533333333333333,0,5,356.30582761764526,61.336167335510254,0.8562370538711548
frame_000347,347,11.533333333333333,0,6,309.84455728530884,66.14250564575195,0.9532044529914856
frame_000347,347,11.533333333333333,0,7,389.1491394042969,85.36785888671875,0.9329158067703247
frame_000347,347,11.533333333333333,0,8,297.8287115097046,103.79215574264526,0.9083213806152344
frame_000347,347,11.533333333333333,0,9,370.72484254837036,106.9963812828064,0.9122755527496338
frame_000347,347,11.533333333333333,0,10,288.2160348892212,87.7710280418396,0.8818216323852539
frame_000347,347,11.533333333333333,0,11,345.0910382270813,139.839693069458,0.7964038848876953
frame_000347,347,11.533333333333333,0,12,328.26885414123535,142.24286222457886,0.7779620289802551
frame_000347,347,11.533333333333333,0,13,313.84983921051025,187.903076171875,0.7268943786621094
frame_000347,347,11.533333333333333,0,14,349.0963201522827,195.91364002227783,0.8306154012680054
frame_000347,347,11.533333333333333,0,15,341.0857563018799,231.1601209640503,0.6935251951217651
frame_000347,347,11.533333333333333,0,16,369.9237861633301,240.7727975845337,0.8777008056640625
frame_000348,348,11.566666666666666,0,0,310.11814991633094,34.63824927806854,0.9252229928970337
frame_000348,348,11.566666666666666,0,1,315.68122005462646,29.869903206825256,0.9828990697860718
frame_000348,348,11.566666666666666,0,2,308.5287013053894,29.869903206825256,0.9495276212692261
frame_000348,348,11.566666666666666,0,3,331.5757061640421,32.2540762424469,0.9756989479064941
frame_000348,348,11.566666666666666,0,4,310.91287422180176,34.63824927806854,0.6822613477706909
frame_000348,348,11.566666666666666,0,5,357.80160824457806,57.68525528907776,0.8344604969024658
frame_000348,348,11.566666666666666,0,6,310.11814991633094,63.24832570552826,0.9207080006599426
frame_000348,348,11.566666666666666,0,7,391.18002907435107,78.34808826446533,0.9050990343093872
frame_000348,348,11.566666666666666,0,8,296.60783672332764,99.80564558506012,0.8800694942474365
frame_000348,348,11.566666666666666,0,9,372.10664574305224,100.60036993026733,0.8674196600914001
frame_000348,348,11.566666666666666,0,10,288.66059366861975,84.70588302612305,0.8545281887054443
frame_000348,348,11.566666666666666,0,11,347.4701922734578,131.5946193933487,0.7540351152420044
frame_000348,348,11.566666666666666,0,12,327.60208463668823,134.77351677417755,0.7229565382003784
frame_000348,348,11.566666666666666,0,13,322.0390144983927,183.25170183181763,0.6986826658248901
frame_000348,348,11.566666666666666,0,14,349.0596408843994,190.40422093868256,0.7919713258743286
frame_000348,348,11.566666666666666,0,15,335.5493276913961,243.65075206756592,0.7765957117080688
frame_000348,348,11.566666666666666,0,16,373.69609435399366,234.90878427028656,0.8680605888366699
frame_000349,349,11.6,0,0,310.79760122299194,35.21071910858154,0.9238986968994141
frame_000349,349,11.6,0,1,316.31007385253906,29.698246479034424,0.9726529121398926
frame_000349,349,11.6,0,2,310.01010513305664,30.485742568969727,0.9562656879425049
frame_000349,349,11.6,0,3,332.0599956512451,32.06073474884033,0.9811447858810425
frame_000349,349,11.6,0,4,311.58509731292725,34.42322301864624,0.6541485786437988
frame_000349,349,11.6,0,5,358.8348627090454,58.04810571670532,0.8332699537277222
frame_000349,349,11.6,0,6,311.58509731292725,62.77308225631714,0.9171872138977051
frame_000349,349,11.6,0,7,392.6971945762634,77.73550796508789,0.9107915163040161
frame_000349,349,11.6,0,8,298.1976637840271,99.78539848327637,0.8733692169189453
frame_000349,349,11.6,0,9,373.00979232788086,100.57289457321167,0.8612827062606812
frame_000349,349,11.6,0,10,288.74771070480347,87.97295713424683,0.8354109525680542
frame_000349,349,11.6,0,11,347.8099174499512,132.86023426055908,0.7484631538391113
frame_000349,349,11.6,0,12,327.3350191116333,136.0102186203003,0.7308620810508728
frame_000349,349,11.6,0,13,331.2724995613098,184.83497619628906,0.6820888519287109
frame_000349,349,11.6,0,14,343.87243700027466,191.13494491577148,0.7086291313171387
frame_000349,349,11.6,0,15,332.8474917411804,250.1971516609192,0.7068443298339844
frame_000349,349,11.6,0,16,376.9472727775574,229.72225332260132,0.7490924596786499
frame_000350,350,11.633333333333333,0,0,312.68703746795654,35.99339759349823,0.9145392179489136
frame_000350,350,11.633333333333333,0,1,317.3562135696411,31.32422173023224,0.9502972364425659
frame_000350,350,11.633333333333333,0,2,311.1306454340617,31.32422173023224,0.9489920139312744
frame_000350,350,11.633333333333333,0,3,333.6983299255371,33.658809661865234,0.9884558916091919
frame_000350,350,11.633333333333333,0,4,312.68703746795654,35.99339759349823,0.6661621332168579
frame_000350,350,11.633333333333333,0,5,358.60060246785486,60.117472887039185,0.8181716799736023
frame_000350,350,11.633333333333333,0,6,313.465233484904,64.00845277309418,0.9070860147476196
frame_000350,350,11.633333333333333,0,7,394.3976192474365,80.35056829452515,0.9197860956192017
frame_000350,350,11.633333333333333,0,8,301.0140972137451,100.58366370201111,0.8435148596763611
frame_000350,350,11.633333333333333,0,9,372.60813077290857,105.2528395652771,0.8750734329223633
frame_000350,350,11.633333333333333,0,10,291.675745010376,95.13629186153412,0.841185450553894
frame_000350,350,11.633333333333333,0,11,348.4840542475382,134.04609072208405,0.7347663640975952
frame_000350,350,11.633333333333333,0,12,326.69456577301025,137.15887463092804,0.7165144085884094
frame_000350,350,11.633333333333333,0,13,332.14193789164227,190.07620108127594,0.6972012519836426
frame_000350,350,11.633333333333333,0,14,338.3675060272217,194.74537694454193,0.7196688652038574
frame_000350,350,11.633333333333333,0,15,330.5855458577474,253.88827121257782,0.7450690269470215
frame_000350,350,11.633333333333333,0,16,378.8336989084879,221.98223614692688,0.7335934638977051
frame_000351,351,11.666666666666666,0,0,314.12120628356934,40.47666931152344,0.9167942404747009
frame_000351,351,11.666666666666666,0,1,318.8641986846924,35.73367691040039,0.9370989799499512
frame_000351,351,11.666666666666666,0,2,312.5402088165283,35.73367691040039,0.9388090372085571
frame_000351,351,11.666666666666666,0,3,335.46467208862305,37.314674377441406,0.9977369904518127
frame_000351,351,11.666666666666666,0,4,314.91170501708984,39.68617057800293,0.652347207069397
frame_000351,351,11.666666666666666,0,5,359.9701328277588,64.19163131713867,0.8598520755767822
frame_000351,351,11.666666666666666,0,6,315.70220375061035,67.3536262512207,0.94391930103302
frame_000351,351,11.666666666666666,0,7,393.9615783691406,87.9065933227539,0.9405151605606079
frame_000351,351,11.666666666666666,0,8,305.42572021484375,103.71656799316406,0.8487622737884521
frame_000351,351,11.666666666666666,0,9,369.4561176300049,110.83105659484863,0.9166686534881592
frame_000351,351,11.666666666666666,0,10,295.14923667907715,102.92606925964355,0.8385929465293884
frame_000351,351,11.666666666666666,0,11,350.4841480255127,141.66050720214844,0.8005501627922058
frame_000351,351,11.666666666666666,0,12,329.140682220459,144.82250213623047,0.7884136438369751
frame_000351,351,11.666666666666666,0,13,334.67417335510254,193.83342361450195,0.7132803201675415
frame_000351,351,11.666666666666666,0,14,333.0931758880615,199.3669147491455,0.7126206159591675
frame_000351,351,11.666666666666666,0,15,329.140682220459,257.8638210296631,0.6046515107154846
frame_000351,351,11.666666666666666,0,16,378.15160369873047,212.80539321899414,0.563636302947998
frame_000352,352,11.7,0,0,314.9320246378581,43.355059027671814,0.942904531955719
frame_000352,352,11.7,0,1,320.59759100278217,39.3082258105278,0.9749352931976318
frame_000352,352,11.7,0,2,313.3132913907369,39.3082258105278,0.9626379609107971
frame_000352,352,11.7,0,3,335.97555685043335,41.73632574081421,1.0246847867965698
frame_000352,352,11.7,0,4,314.9320246378581,44.16442567110062,0.7180871367454529
frame_000352,352,11.7,0,5,360.256555557251,68.44542497396469,0.8817237019538879
frame_000352,352,11.7,0,6,316.55075788497925,71.6828915476799,0.9636889696121216
frame_000352,352,11.7,0,7,389.39375400543213,98.39199078083038,0.959894061088562
frame_000352,352,11.7,0,8,312.50392476717633,108.91375714540482,0.8428725004196167
frame_000352,352,11.7,0,9,361.8752888043722,117.81679022312164,0.8992547988891602
frame_000352,352,11.7,0,10,299.5540587902069,111.34185707569122,0.8380569219589233
frame_000352,352,11.7,0,11,350.5441560745239,147.76335602998734,0.7955895662307739
frame_000352,352,11.7,0,12,327.88189061482746,149.38208931684494,0.7841783761978149
frame_000352,352,11.7,0,13,332.738090356191,200.3721878528595,0.7201256155967712
frame_000352,352,11.7,0,14,332.738090356191,204.4190210700035,0.7011219263076782
frame_000352,352,11.7,0,15,331.92872373263043,264.3121526837349,0.6324479579925537
frame_000352,352,11.7,0,16,331.1193571090698,203.6096544265747,0.5407707691192627
frame_000353,353,11.733333333333333,0,0,314.40326619148254,48.00517952442169,0.9292824268341064
frame_000353,353,11.733333333333333,0,1,319.25648188591003,43.96083301305771,0.927320659160614
frame_000353,353,11.733333333333333,0,2,313.59439690907794,43.96083301305771,0.9409096240997314
frame_000353,353,11.733333333333333,0,3,334.6249982515971,46.3874409198761,0.9845144748687744
frame_000353,353,11.733333333333333,0,4,316.8298740386963,48.81404882669449,0.7245643138885498
frame_000353,353,11.733333333333333,0,5,359.69994600613916,73.88899719715118,0.8686288595199585
frame_000353,353,11.733333333333333,0,6,318.44761260350543,76.31560510396957,0.9305888414382935
frame_000353,353,11.733333333333333,0,7,382.3482859134674,108.67037719488144,0.9447776079177856
frame_000353,353,11.733333333333333,0,8,316.0210047562917,112.71472370624542,0.855073094367981
frame_000353,353,11.733333333333333,0,9,351.61125318209326,124.84776324033737,0.7721582651138306
frame_000353,353,11.733333333333333,0,10,296.6081419785817,119.99454742670059,0.8385086059570312
frame_000353,353,11.733333333333333,0,11,351.61125318209326,146.68723440170288,0.7482571601867676
frame_000353,353,11.733333333333333,0,12,327.34517470995587,149.11384230852127,0.733351469039917
frame_000353,353,11.733333333333333,0,13,328.1540439923604,201.69034695625305,0.6777704954147339
frame_000353,353,11.733333333333333,0,14,329.7717825571696,205.73469346761703,0.6833758354187012
frame_000353,353,11.733333333333333,0,15,370.2152466773987,199.26373904943466,0.6132206916809082
frame_000353,353,11.733333333333333,0,16,337.86047538121545,265.591021835804,0.5648022890090942
frame_000354,354,11.766666666666666,0,0,313.65495681762695,51.5142480134964,0.9286917448043823
frame_000354,354,11.766666666666666,0,1,318.3755407333374,46.79366385936737,0.9486351013183594
frame_000354,354,11.766666666666666,0,2,312.8681928316752,47.58042788505554,0.9670422077178955
frame_000354,354,11.766666666666666,0,3,333.3240564664205,49.940719962120056,0.999159574508667
frame_000354,354,11.766666666666666,0,4,316.0152487754822,52.30101203918457,0.716439425945282
frame_000354,354,11.766666666666666,0,5,356.9269760449727,75.90393280982971,0.8997485041618347
frame_000354,354,11.766666666666666,0,6,318.3755407333374,80.62451696395874,0.8871102929115295
frame_000354,354,11.766666666666666,0,7,372.66225576400757,116.81566214561462,0.9719190001487732
frame_000354,354,11.766666666666666,0,8,321.5225966771444,112.88184201717377,0.8357700705528259
frame_000354,354,11.766666666666666,0,9,340.40493233998615,125.47006642818451,0.6903360486030579
frame_000354,354,11.766666666666666,0,10,300.2799690564474,125.47006642818451,0.856776237487793
frame_000354,354,11.766666666666666,0,11,352.20639212926227,149.85975122451782,0.750809907913208
frame_000354,354,11.766666666666666,0,12,328.6034725507101,151.43327927589417,0.7366018295288086
frame_000354,354,11.766666666666666,0,13,333.3240564664205,202.5729409456253,0.6786356568336487
frame_000354,354,11.766666666666666,0,14,330.9637645085653,204.93323302268982,0.6108014583587646
frame_000354,354,11.766666666666666,0,15,345.1255162556966,193.13177263736725,0.4760161340236664
frame_000354,354,11.766666666666666,0,16,345.9122802416484,195.49206471443176,0.4500739574432373
frame_000355,355,11.8,0,0,312.9411247571309,51.67617976665497,0.9060487747192383
frame_000355,355,11.8,0,1,318.4396495819092,47.74866223335266,0.9507688283920288
frame_000355,355,11.8,0,2,312.9411247571309,47.74866223335266,0.9646368026733398
frame_000355,355,11.8,0,3,334.14972050984704,50.89067625999451,0.9658483862876892
frame_000355,355,11.8,0,4,315.2976353963216,53.24718677997589,0.7949497699737549
frame_000355,355,11.8,0,5,355.3583162625631,76.81229197978973,0.9078632593154907
frame_000355,355,11.8,0,6,318.4396495819092,79.95430600643158,0.8630334138870239
frame_000355,355,11.8,0,7,360.8568410873413,117.65847432613373,0.9354903697967529
frame_000355,355,11.8,0,8,323.1526708602905,111.37444627285004,0.773807168006897
frame_000355,355,11.8,0,9,323.1526708602905,117.65847432613373,0.7815108299255371
frame_000355,355,11.8,0,10,305.08608929316205,123.15699887275696,0.7130217552185059
frame_000355,355,11.8,0,11,351.4307985305786,150.6496216058731,0.7605299949645996
frame_000355,355,11.8,0,12,327.8656921386719,150.6496216058731,0.7453329563140869
frame_000355,355,11.8,0,13,340.4337488810221,206.42037057876587,0.7430217862129211
frame_000355,355,11.8,0,14,305.8715928395589,187.5682864189148,0.5216383934020996
frame_000355,355,11.8,0,15,351.4307985305786,261.40561604499817,0.7485969066619873
frame_000355,355,11.8,0,16,354.57281271616614,199.35083901882172,0.6362142562866211
frame_000356,356,11.833333333333334,0,0,312.2970790863037,46.65928936004639,0.9275587797164917
frame_000356,356,11.833333333333334,0,1,317.0032501220703,42.73748016357422,0.9244660139083862
frame_000356,356,11.833333333333334,0,2,312.2970790863037,41.953118324279785,0.9784470200538635
frame_000356,356,11.833333333333334,0,3,332.690486907959,45.87492752075195,0.9959195256233215
frame_000356,356,11.833333333333334,0,4,313.8658027648926,48.228013038635254,0.7936477661132812
frame_000356,356,11.833333333333334,0,5,353.8682565689087,72.5432300567627,0.9078778028488159
frame_000356,356,11.833333333333334,0,6,318.5719738006592,76.46503925323486,0.8554531335830688
frame_000356,356,11.833333333333334,0,7,349.9464473724365,112.54568386077881,0.9349424839019775
frame_000356,356,11.833333333333334,0,8,320.14069747924805,107.8395128250122,0.7561588287353516
frame_000356,356,11.833333333333334,0,9,314.650164604187,103.91770362854004,0.8149106502532959
frame_000356,356,11.833333333333334,0,10,306.8065462112427,118.82057857513428,0.6920614838600159
frame_000356,356,11.833333333333334,0,11,351.5151710510254,147.0576047897339,0.7862265110015869
frame_000356,356,11.833333333333334,0,12,327.19995403289795,146.27324295043945,0.7653933167457581
frame_000356,356,11.833333333333334,0,13,349.9464473724365,205.8847427368164,0.8408840894699097
frame_000356,356,11.833333333333334,0,14,303.66909885406494,190.19750595092773,0.6549183130264282
frame_000356,356,11.833333333333334,0,15,357.79006576538086,260.0057096481323,0.9180735349655151
frame_000356,356,11.833333333333334,0,16,330.3374013900757,186.27569675445557,0.5197281241416931
frame_000357,357,11.866666666666667,0,0,311.08171129226685,42.53617572784424,1.031197428703308
frame_000357,357,11.866666666666667,0,1,316.13991498947144,37.47797203063965,0.9467240571975708
frame_000357,357,11.866666666666667,0,2,311.08171129226685,36.845696568489075,1.062138557434082
frame_000357,357,11.866666666666667,0,3,331.9468015432358,40.00707387924194,1.011093020439148
frame_000357,357,11.866666666666667,0,4,314.8753640651703,43.16845118999481,0.5993105173110962
frame_000357,357,11.866666666666667,0,5,351.54734086990356,67.19491875171661,0.8657500743865967
frame_000357,357,11.866666666666667,0,6,320.56584322452545,71.62084698677063,0.8485777378082275
frame_000357,357,11.866666666666667,0,7,338.2695561647415,105.76372194290161,0.8774594068527222
frame_000357,357,11.866666666666667,0,8,324.3594959974289,99.44096732139587,0.75417560338974
frame_000357,357,11.866666666666667,0,9,308.55260944366455,87.42773354053497,0.8876327276229858
frame_000357,357,11.866666666666667,0,10,309.8171603679657,112.08647656440735,0.8174612522125244
frame_000357,357,11.866666666666667,0,11,351.54734086990356,143.70024967193604,0.7756475210189819
frame_000357,357,11.866666666666667,0,12,328.15314877033234,143.06797420978546,0.7526848316192627
frame_000357,357,11.866666666666667,0,13,352.8118917942047,201.86959218978882,0.8269630670547485
frame_000357,357,11.866666666666667,0,14,304.7589566707611,189.22408294677734,0.7401834726333618
frame_000357,357,11.866666666666667,0,15,362.9282991886139,253.0839046239853,0.9300980567932129
frame_000357,357,11.866666666666667,0,16,345.8568617105484,206.29552042484283,0.6384511590003967
frame_000358,358,11.9,0,0,311.3574104309082,36.72023344039917,0.9465907216072083
frame_000358,358,11.9,0,1,315.8958943684896,32.181749641895294,0.8962275385856628
frame_000358,358,11.9,0,2,311.3574104309082,32.181749641895294,0.9820210933685303
frame_000358,358,11.9,0,3,331.4564107259115,35.42352378368378,0.9642786979675293
frame_000358,358,11.9,0,4,314.5991846720377,37.36858826875687,0.5910705327987671
frame_000358,358,11.9,0,5,350.2587013244629,62.65442657470703,0.8460514545440674
frame_000358,358,11.9,0,6,321.0827331542969,65.24784588813782,0.8255717754364014
frame_000358,358,11.9,0,7,331.4564107259115,98.31394213438034,0.8064556121826172
frame_000358,358,11.9,0,8,326.9179267883301,94.42381316423416,0.7262017130851746
frame_000358,358,11.9,0,9,305.522216796875,74.32481348514557,0.8795240521430969
frame_000358,358,11.9,0,10,313.9508298238119,105.445845246315,0.7647624015808105
frame_000358,358,11.9,0,11,350.9070561726888,137.86358666419983,0.7394989728927612
frame_000358,358,11.9,0,12,327.566281636556,137.86358666419983,0.7211347818374634
frame_000358,358,11.9,0,13,356.742249806722,198.1605857014656,0.8371438980102539
frame_000358,358,11.9,0,14,306.17057164510095,185.84184396266937,0.7909934520721436
frame_000358,358,11.9,0,15,368.4126370747884,248.73226231336594,0.9452611207962036
frame_000358,358,11.9,0,16,343.7751528422038,218.9079402089119,0.7822843790054321
frame_000359,359,11.933333333333334,0,0,311.32771825790405,34.22094786167145,0.9128060340881348
frame_000359,359,11.933333333333334,0,1,315.9491583108902,30.259713530540466,0.931454598903656
frame_000359,359,11.933333333333334,0,2,311.32771825790405,29.599507808685303,0.9469078183174133
frame_000359,359,11.933333333333334,0,3,332.4543013572693,31.580124974250793,1.014687418937683
frame_000359,359,11.933333333333334,0,4,316.60936403274536,33.560742139816284,0.5719605684280396
frame_000359,359,11.933333333333334,0,5,350.94006156921387,60.62917673587799,0.8576868772506714
frame_000359,359,11.933333333333334,0,6,322.55121552944183,61.94958817958832,0.8310425281524658
frame_000359,359,11.933333333333334,0,7,327.83286130428314,94.9598742723465,0.7931442260742188
frame_000359,359,11.933333333333334,0,8,324.5318326950073,92.31905138492584,0.7083258628845215
frame_000359,359,11.933333333333334,0,9,305.3858667612076,65.25061678886414,0.8944364786148071
frame_000359,359,11.933333333333334,0,10,314.62874686717987,100.90172576904297,0.7758263349533081
frame_000359,359,11.933333333333334,0,11,350.2798558473587,136.5528347492218,0.7809991836547852
frame_000359,359,11.933333333333334,0,12,327.172655582428,137.21304047107697,0.7719656229019165
frame_000359,359,11.933333333333334,0,13,360.18294167518616,193.99073255062103,0.8157657384872437
frame_000359,359,11.933333333333334,0,14,309.34710109233856,184.08764672279358,0.7774026393890381
frame_000359,359,11.933333333333334,0,15,373.38705611228943,242.84595596790314,0.9500265717506409
frame_000359,359,11.933333333333334,0,16,339.7165642976761,228.9816358089447,0.894686222076416
frame_000360,360,11.966666666666667,0,0,313.34647583961487,32.75248062610626,0.8649196624755859
frame_000360,360,11.966666666666667,0,1,318.16769099235535,27.931265354156494,0.8549352884292603
frame_000360,360,11.966666666666667,0,2,311.7394041220347,27.931265354156494,0.9624329805374146
frame_000360,360,11.966666666666667,0,3,334.2384081681569,29.538337111473083,0.9172390699386597
frame_000360,360,11.966666666666667,0,4,312.54293998082477,33.55601650476456,0.6637524366378784
frame_000360,360,11.966666666666667,0,5,351.11266120274865,56.8585569858551,0.8477144241333008
frame_000360,360,11.966666666666667,0,6,321.3818344275157,61.67977225780487,0.8039972186088562
frame_000360,360,11.966666666666667,0,7,326.20304958025616,91.41059976816177,0.809004545211792
frame_000360,360,11.966666666666667,0,8,327.0065854390462,93.01767152547836,0.6724005937576294
frame_000360,360,11.966666666666667,0,9,306.11465311050415,60.07270050048828,0.9178726077079773
frame_000360,360,11.966666666666667,0,10,314.953547557195,99.44595855474472,0.7081235647201538
frame_000360,360,11.966666666666667,0,11,349.50558948516846,127.56971430778503,0.7477990984916687
frame_000360,360,11.966666666666667,0,12,326.20304958025616,128.37325018644333,0.748113751411438
frame_000360,360,11.966666666666667,0,13,359.1480197906494,191.8525846004486,0.8015303611755371
frame_000360,360,11.966666666666667,0,14,314.953547557195,184.62076169252396,0.7557084560394287
frame_000360,360,11.966666666666667,0,15,378.4328804016113,235.24352204799652,0.846400797367096
frame_000360,360,11.966666666666667,0,16,333.4348723093669,239.261201441288,0.8336837887763977
frame_000361,361,12.0,0,0,313.7331802050273,33.693727135658264,0.8966675400733948
frame_000361,361,12.0,0,1,318.2361909548442,29.19071662425995,0.9280183911323547
frame_000361,361,12.0,0,2,312.9826784133911,29.19071662425995,0.940653920173645
frame_000361,361,12.0,0,3,333.9967285792033,31.442221879959106,1.0135514736175537
frame_000361,361,12.0,0,4,314.4836819966634,34.44422888755798,0.6534549593925476
frame_000361,361,12.0,0,5,352.0087715784708,59.21078670024872,0.8975774049758911
frame_000361,361,12.0,0,6,321.9886999130249,61.462291955947876,0.8658389449119568
frame_000361,361,12.0,0,7,329.4937178293864,92.98336553573608,0.8336227536201477
frame_000361,361,12.0,0,8,327.24221245447796,93.7338672876358,0.7066323161125183
frame_000361,361,12.0,0,9,306.97866408030194,65.21480071544647,0.9143027067184448
frame_000361,361,12.0,0,10,313.7331802050273,99.73788130283356,0.779817521572113
frame_000361,361,12.0,0,11,349.7572662035624,137.26296889781952,0.8195579051971436
frame_000361,361,12.0,0,12,328.74321603775024,138.76397240161896,0.8184457421302795
frame_000361,361,12.0,0,13,350.5077679951986,195.0516037940979,0.8067592978477478
frame_000361,361,12.0,0,14,322.73920170466107,193.55060029029846,0.769976019859314
frame_000361,361,12.0,0,15,381.27834145228064,226.5726773738861,0.8726804256439209
frame_000361,361,12.0,0,16,332.49572499593097,250.58873343467712,0.911846399307251
frame_000362,362,12.033333333333333,0,0,314.55301562945044,37.71447402238846,0.8677535057067871
frame_000362,362,12.033333333333333,0,1,319.22603933016455,33.04145044088364,0.8807068467140198
frame_000362,362,12.033333333333333,0,2,313.77417834599817,33.04145044088364,0.8956761360168457
frame_000362,362,12.033333333333333,0,3,334.80278499921167,34.59912496805191,0.9709608554840088
frame_000362,362,12.033333333333333,0,4,315.33185291290283,37.71447402238846,0.690589189529419
frame_000362,362,12.033333333333333,0,5,352.7160425186157,61.858429193496704,0.855525016784668
frame_000362,362,12.033333333333333,0,6,324.67790031433105,65.75261551141739,0.8062594532966614
frame_000362,362,12.033333333333333,0,7,334.80278499921167,98.46378058195114,0.7854188680648804
frame_000362,362,12.033333333333333,0,8,324.67790031433105,96.90610605478287,0.7138195037841797
frame_000362,362,12.033333333333333,0,9,307.5434800783793,75.09866267442703,0.8615279793739319
frame_000362,362,12.033333333333333,0,10,310.6588292121887,102.35796689987183,0.7574834227561951
frame_000362,362,12.033333333333333,0,11,349.60069338480633,135.06913197040558,0.7379764318466187
frame_000362,362,12.033333333333333,0,12,328.5720867315928,136.62680649757385,0.7368406653404236
frame_000362,362,12.033333333333333,0,13,342.5911578337351,197.37611305713654,0.786408007144928
frame_000362,362,12.033333333333333,0,14,323.1202257474264,194.2607640028,0.7470226883888245
frame_000362,362,12.033333333333333,0,15,380.7541847229004,217.6258819103241,0.8489460945129395
frame_000362,362,12.033333333333333,0,16,330.12976129849756,255.01007056236267,0.8783737421035767
frame_000363,363,12.066666666666666,0,0,315.6080911954244,44.44285988807678,0.8555037975311279
frame_000363,363,12.066666666666666,0,1,320.3185489972432,39.732401967048645,0.8608822822570801
frame_000363,363,12.066666666666666,0,2,314.8230148951213,39.732401967048645,0.846267580986023
frame_000363,363,12.066666666666666,0,3,336.0200750033061,40.51747828722,0.961655855178833
frame_000363,363,12.066666666666666,0,4,315.6080911954244,44.44285988807678,0.6942734718322754
frame_000363,363,12.066666666666666,0,5,354.8619062105814,67.99514949321747,0.872258186340332
frame_000363,363,12.066666666666666,0,6,325.0290067990621,71.1354547739029,0.8146504163742065
frame_000363,363,12.066666666666666,0,7,343.08576170603436,104.89373654127121,0.8021761178970337
frame_000363,363,12.066666666666666,0,8,326.5991593996684,101.75343126058578,0.7358763217926025
frame_000363,363,12.066666666666666,0,9,310.89763339360553,86.83698117733002,0.8290104866027832
frame_000363,363,12.066666666666666,0,10,308.5424044926961,107.24896550178528,0.7961148619651794
frame_000363,363,12.066666666666666,0,11,350.9365247090658,141.0072472691536,0.7406307458877563
frame_000363,363,12.066666666666666,0,12,329.7394646008809,141.79232358932495,0.7380253672599792
frame_000363,363,12.066666666666666,0,13,336.0200750033061,200.67304760217667,0.7383838891983032
frame_000363,363,12.066666666666666,0,14,321.1036252975464,199.10289496183395,0.7433342933654785
frame_000363,363,12.066666666666666,0,15,375.27389001846313,213.23426872491837,0.8328057527542114
frame_000363,363,12.066666666666666,0,16,329.7394646008809,258.768695294857,0.8848990201950073
frame_000364,364,12.1,0,0,316.04449701309204,50.739460945129395,0.91681969165802
frame_000364,364,12.1,0,1,321.6024891535441,45.975467562675476,0.9441738128662109
frame_000364,364,12.1,0,2,316.04449701309204,45.975467562675476,0.9123321771621704
frame_000364,364,12.1,0,3,336.6884678204854,48.357464253902435,1.0564790964126587
frame_000364,364,12.1,0,4,316.8384958902995,50.739460945129395,0.7643841505050659
frame_000364,364,12.1,0,5,355.744440873464,74.55942785739899,0.9264521598815918
frame_000364,364,12.1,0,6,323.190486907959,80.11742013692856,0.8928757309913635
frame_000364,364,12.1,0,7,348.59845097859704,115.0533716082573,0.9328879117965698
frame_000364,364,12.1,0,8,323.98448578516644,112.67137491703033,0.7160060405731201
frame_000364,364,12.1,0,9,316.8384958902995,107.11338263750076,0.8419283628463745
frame_000364,364,12.1,0,10,305.7225116093953,114.25937271118164,0.6832384467124939
frame_000364,364,12.1,0,11,350.98044761021936,153.16531866788864,0.8363784551620483
frame_000364,364,12.1,0,12,329.54247792561847,153.16531866788864,0.8123432397842407
frame_000364,364,12.1,0,13,330.3364768028259,204.7752469778061,0.7611099481582642
frame_000364,364,12.1,0,14,318.42649364471436,203.98124808073044,0.7745004892349243
frame_000364,364,12.1,0,15,368.44842290878296,207.9512425661087,0.8701455593109131
frame_000364,364,12.1,0,16,332.71847343444824,261.9431675672531,0.8976030349731445
frame_000365,365,12.133333333333333,0,0,315.49881855646765,55.57268226146698,0.9385842084884644
frame_000365,365,12.133333333333333,0,1,320.2358647982279,51.62514352798462,0.945356011390686
frame_000365,365,12.133333333333333,0,2,314.7093108495077,51.62514352798462,0.9610020518302917
frame_000365,365,12.133333333333333,0,3,336.0260189374288,53.20415902137756,1.0517617464065552
frame_000365,365,12.133333333333333,0,4,317.0778339703878,56.36219000816345,0.7469372749328613
frame_000365,365,12.133333333333333,0,5,355.76371161142987,79.25791466236115,0.9220778942108154
frame_000365,365,12.133333333333333,0,6,321.81488021214807,83.99496114253998,0.9048389196395874
frame_000365,365,12.133333333333333,0,7,354.9742039044698,119.52280974388123,0.923259973526001
frame_000365,365,12.133333333333333,0,8,321.025372505188,115.57527101039886,0.7563790082931519
frame_000365,365,12.133333333333333,0,9,323.3938956260681,119.52280974388123,0.7530865669250488
frame_000365,365,12.133333333333333,0,10,301.2876798311869,119.52280974388123,0.7833089232444763
frame_000365,365,12.133333333333333,0,11,348.6581422487895,158.20868933200836,0.7763389348983765
frame_000365,365,12.133333333333333,0,12,327.3414341608683,158.20868933200836,0.7739408612251282
frame_000365,365,12.133333333333333,0,13,316.28832626342773,204.78964638710022,0.6973968744277954
frame_000365,365,12.133333333333333,0,14,316.28832626342773,209.52669286727905,0.7393312454223633
frame_000365,365,12.133333333333333,0,15,362.0797732671101,206.36866188049316,0.7476968765258789
frame_000365,365,12.133333333333333,0,16,337.6050343513489,261.6342041492462,0.8211352825164795
frame_000366,366,12.166666666666666,0,0,313.87800669670105,58.578433990478516,0.9655031561851501
frame_000366,366,12.166666666666666,0,1,318.525199174881,54.70577359199524,0.9978600740432739
frame_000366,366,12.166666666666666,0,2,313.1034746170044,54.70577359199524,0.9992919564247131
frame_000366,366,12.166666666666666,0,3,333.24130868911743,56.25483775138855,0.9962475299835205
frame_000366,366,12.166666666666666,0,4,315.42707085609436,58.578433990478516,0.768001914024353
frame_000366,366,12.166666666666666,0,5,355.70273900032043,82.58892846107483,0.9147740006446838
frame_000366,366,12.166666666666666,0,6,319.29973125457764,85.68705677986145,0.9138894081115723
frame_000366,366,12.166666666666666,0,7,364.22259187698364,122.8645966053009,0.9501922130584717
frame_000366,366,12.166666666666666,0,8,316.97613501548767,118.99193620681763,0.8571137189865112
frame_000366,366,12.166666666666666,0,9,337.1139690876007,130.60991740226746,0.6391546726226807
frame_000366,366,12.166666666666666,0,10,296.063768863678,120.54100036621094,0.8574891090393066
frame_000366,366,12.166666666666666,0,11,347.9574182033539,156.94400811195374,0.7413991689682007
frame_000366,366,12.166666666666666,0,12,326.27051997184753,156.16947603225708,0.7539577484130859
frame_000366,366,12.166666666666666,0,13,316.97613501548767,202.6414008140564,0.6330026388168335
frame_000366,366,12.166666666666666,0,14,317.7506670951843,209.6121895313263,0.6844920516014099
frame_000366,366,12.166666666666666,0,15,358.0263352394104,208.83765745162964,0.7393012046813965
frame_000366,366,12.166666666666666,0,16,344.0847578048706,260.73130679130554,0.745151698589325
frame_000367,367,12.2,0,0,311.0426327387492,56.87220537662506,0.9954558610916138
frame_000367,367,12.2,0,1,316.3182118733724,52.35028064250946,1.0207717418670654
frame_000367,367,12.2,0,2,310.28897857666016,53.10393476486206,1.0267493724822998
frame_000367,367,12.2,0,3,331.39129511515296,56.11855125427246,1.0199544429779053
frame_000367,367,12.2,0,4,313.3035952250163,58.37951362133026,0.7492496371269226
frame_000367,367,12.2,0,5,354.75457413991296,80.98913729190826,0.918278694152832
frame_000367,367,12.2,0,6,316.3182118733724,85.51106202602386,0.9109489321708679
frame_000367,367,12.2,0,7,371.3349657058716,120.17915165424347,0.9838811159133911
frame_000367,367,12.2,0,8,312.54994106292725,121.68645989894867,0.891647219657898
frame_000367,367,12.2,0,9,347.2180325190226,135.25223410129547,0.7696799039840698
frame_000367,367,12.2,0,10,292.20127868652344,116.41088104248047,0.8819320201873779
frame_000367,367,12.2,0,11,346.4643783569336,157.86185777187347,0.7652459740638733
frame_000367,367,12.2,0,12,326.1157159805298,157.86185777187347,0.758078932762146
frame_000367,367,12.2,0,13,311.0426327387492,193.28360152244568,0.7179819345474243
frame_000367,367,12.2,0,14,326.86937014261883,215.13957107067108,0.718639612197876
frame_000367,367,12.2,0,15,351.73995749155677,209.86399221420288,0.8449718952178955
frame_000367,367,12.2,0,16,353.24726581573486,260.3588184118271,0.8211562037467957
frame_000368,368,12.233333333333333,0,0,310.2604258855184,51.83245223760605,0.9706028699874878
frame_000368,368,12.233333333333333,0,1,316.54149595896405,47.90678334236145,0.9979809522628784
frame_000368,368,12.233333333333333,0,2,309.4752921263377,47.90678334236145,0.979711651802063
frame_000368,368,12.233333333333333,0,3,331.4590373833974,51.04731845855713,1.001467227935791
frame_000368,368,12.233333333333333,0,4,312.6158271630605,53.40271979570389,0.735093355178833
frame_000368,368,12.233333333333333,0,5,355.79818391799927,76.17159938812256,0.9014445543289185
frame_000368,368,12.233333333333333,0,6,314.18609468142193,80.09726828336716,0.9429054260253906
frame_000368,368,12.233333333333333,0,7,378.56706293423974,110.71748566627502,0.9741130471229553
frame_000368,368,12.233333333333333,0,8,307.1198908487956,116.99855589866638,0.9612826108932495
frame_000368,368,12.233333333333333,0,9,354.2279163996378,131.91609770059586,0.8264937400817871
frame_000368,368,12.233333333333333,0,10,290.6320819060008,109.14721810817719,0.9084340333938599
frame_000368,368,12.233333333333333,0,11,345.59144504865014,153.1147097349167,0.7991689443588257
frame_000368,368,12.233333333333333,0,12,327.5333685874939,153.8998435139656,0.7677154541015625
frame_000368,368,12.233333333333333,0,13,310.2604258855184,189.230863571167,0.7104442119598389
frame_000368,368,12.233333333333333,0,14,334.59957242012024,208.85920804738998,0.6740962266921997
frame_000368,368,12.233333333333333,0,15,347.1617125670115,210.42947560548782,0.7159331440925598
frame_000368,368,12.233333333333333,0,16,357.3684514363607,253.6118334531784,0.7596397995948792
frame_000369,369,12.266666666666666,0,0,311.57798226674396,46.016706109046936,0.9673305749893188
frame_000369,369,12.266666666666666,0,1,317.14820098876953,41.24223279953003,0.9942949414253235
frame_000369,369,12.266666666666666,0,2,309.9864912033081,42.03797835111618,0.9908199310302734
frame_000369,369,12.266666666666666,0,3,332.26736609141034,44.425215005874634,1.0418105125427246
frame_000369,369,12.266666666666666,0,4,311.57798226674396,46.016706109046936,0.745093584060669
frame_000369,369,12.266666666666666,0,5,356.13973204294837,69.09332710504532,0.9138221740722656
frame_000369,369,12.266666666666666,0,6,312.3737277984619,73.86780041456223,0.9878835678100586
frame_000369,369,12.266666666666666,0,7,383.9908256530762,97.74016696214676,0.9725112318992615
frame_000369,369,12.266666666666666,0,8,303.62052694956463,112.85933244228363,0.9762607216835022
frame_000369,369,12.266666666666666,0,9,364.8929328918457,121.61253350973129,0.9374991655349731
frame_000369,369,12.266666666666666,0,10,289.2971073786418,98.53591251373291,0.9144991636276245
frame_000369,369,12.266666666666666,0,11,346.59078566233313,146.28064560890198,0.8260700702667236
frame_000369,369,12.266666666666666,0,12,329.0843839645386,147.87213671207428,0.7936350107192993
frame_000369,369,12.266666666666666,0,13,308.39500013987225,183.68068653345108,0.6954492926597595
frame_000369,369,12.266666666666666,0,14,344.2035490671793,202.7785797715187,0.7694447040557861
frame_000369,369,12.266666666666666,0,15,342.6120580037435,215.51050859689713,0.769164502620697
frame_000369,369,12.266666666666666,0,16,365.6886784235636,251.31905841827393,0.8690407276153564
frame_000370,370,12.3,0,0,311.84825325012207,41.52334821224213,0.9187391996383667
frame_000370,370,12.3,0,1,316.6771297454834,36.69447147846222,0.9634368419647217
frame_000370,370,12.3,0,2,309.4338150024414,36.69447147846222,0.9158753156661987
frame_000370,370,12.3,0,3,332.7733847300211,38.304097056388855,0.9654719233512878
frame_000370,370,12.3,0,4,311.04344050089514,40.71853542327881,0.7423702478408813
frame_000370,370,12.3,0,5,356.9177672068278,64.05810630321503,0.8448168039321899
frame_000370,370,12.3,0,6,311.04344050089514,67.2773574590683,0.9387076497077942
frame_000370,370,12.3,0,7,389.91508992513013,87.39767718315125,0.9180393218994141
frame_000370,370,12.3,0,8,300.5808747609457,106.71318411827087,0.9085367918014526
frame_000370,370,12.3,0,9,371.40439669291186,111.54206085205078,0.922074019908905
frame_000370,370,12.3,0,10,291.72793451944983,90.61692833900452,0.8447213172912598
frame_000370,370,12.3,0,11,348.06482696533203,138.10088288784027,0.7806253433227539
frame_000370,370,12.3,0,12,327.9445082346598,140.51532125473022,0.753176748752594
frame_000370,370,12.3,0,13,308.6290022532145,178.34152233600616,0.729778528213501
frame_000370,370,12.3,0,14,344.8455759684245,198.4618420600891,0.7863953709602356
frame_000370,370,12.3,0,15,336.79744847615564,228.23991525173187,0.7752558588981628
frame_000370,370,12.3,0,16,368.9899584452312,244.33617103099823,0.8449288606643677
frame_000371,371,12.333333333333334,0,0,311.4164537588755,37.59416604042053,0.9379693269729614
frame_000371,371,12.333333333333334,0,1,316.23333827654517,32.777281641960144,0.9947068691253662
frame_000371,371,12.333333333333334,0,2,309.81082558631897,32.777281641960144,0.9850696325302124
frame_000371,371,12.333333333333334,0,3,332.28962000211084,35.18572384119034,0.9893646240234375
frame_000371,371,12.333333333333334,0,4,311.4164537588755,36.79135197401047,0.7194243669509888
frame_000371,371,12.333333333333334,0,5,357.97967076301575,60.072959899902344,0.8729439973831177
frame_000371,371,12.333333333333334,0,6,311.4164537588755,65.6926583647728,0.9732739925384521
frame_000371,371,12.333333333333334,0,7,391.6978623867035,80.14331156015396,0.9488682746887207
frame_000371,371,12.333333333333334,0,8,297.7686142921448,101.81929135322571,0.897278904914856
frame_000371,371,12.333333333333334,0,9,374.0359524885814,105.03054761886597,0.9244791269302368
frame_000371,371,12.333333333333334,0,10,288.93765934308374,88.17145222425461,0.8619651794433594
frame_000371,371,12.333333333333334,0,11,346.7402735551198,137.94592434167862,0.8155600428581238
frame_000371,371,12.333333333333334,0,12,329.0783636569977,140.3543665409088,0.7851356863975525
frame_000371,371,12.333333333333334,0,13,313.82489601771033,182.10069799423218,0.77025306224823
frame_000371,371,12.333333333333334,0,14,346.7402735551198,194.9457230567932,0.8162858486175537
frame_000371,371,12.333333333333334,0,15,330.6839918295542,237.49486857652664,0.8500727415084839
frame_000371,371,12.333333333333334,0,16,372.4303243160248,238.2976826429367,0.9024214744567871
frame_000372,372,12.366666666666667,0,0,312.6512212753296,35.95584017038345,0.926649808883667
frame_000372,372,12.366666666666667,0,1,317.36477756500244,30.456691026687622,0.9730862975120544
frame_000372,372,12.366666666666667,0,2,311.08003584543866,31.242283761501312,0.9608248472213745
frame_000372,372,12.366666666666667,0,3,333.0766318639119,32.81346923112869,0.9895235300064087
frame_000372,372,12.366666666666667,0,4,312.6512212753296,35.17024743556976,0.6888536214828491
frame_000372,372,12.366666666666667,0,5,359.7867841720581,57.95243674516678,0.8420673608779907
frame_000372,372,12.366666666666667,0,6,313.4368139902751,63.45158588886261,0.925676703453064
frame_000372,372,12.366666666666667,0,7,394.35286362965905,76.02106964588165,0.9005999565124512
frame_000372,372,12.366666666666667,0,8,299.29614512125653,99.58885169029236,0.8402329683303833
frame_000372,372,12.366666666666667,0,9,374.7130457560221,101.94562989473343,0.8756054043769836
frame_000372,372,12.366666666666667,0,10,291.44021797180176,92.51851707696915,0.8190435171127319
frame_000372,372,12.366666666666667,0,11,348.002893447876,133.36933928728104,0.7716481685638428
frame_000372,372,12.366666666666667,0,12,326.79189014434814,136.5117102265358,0.7473770380020142
frame_000372,372,12.366666666666667,0,13,329.14866828918457,182.86168158054352,0.6761200428009033
frame_000372,372,12.366666666666667,0,14,333.0766318639119,192.2887943983078,0.7136666774749756
frame_000372,372,12.366666666666667,0,15,323.6495192845662,246.49469310045242,0.6358262300491333
frame_000372,372,12.366666666666667,0,16,373.92745304107666,231.5684311389923,0.7092851400375366
frame_000373,373,12.4,0,0,313.8141886393229,37.05152785778046,0.9464088678359985
frame_000373,373,12.4,0,1,318.41813151041663,31.68026089668274,1.0083307027816772
frame_000373,373,12.4,0,2,312.279541015625,31.68026089668274,0.980243444442749
frame_000373,373,12.4,0,3,334.53193155924475,33.982232451438904,1.0155589580535889
frame_000373,373,12.4,0,4,314.5815124511719,35.51688015460968,0.6601287126541138
frame_000373,373,12.4,0,5,360.6209411621094,58.536595702171326,0.8447705507278442
frame_000373,373,12.4,0,6,315.34883626302087,63.90786266326904,0.9407685399055481
frame_000373,373,12.4,0,7,395.9178365071614,79.2543396949768,0.9395907521247864
frame_000373,373,12.4,0,8,302.3043314615885,99.97208368778229,0.8559391498565674
frame_000373,373,12.4,0,9,374.4327697753906,103.80870294570923,0.9133216738700867
frame_000373,373,12.4,0,10,293.86376953125,96.90278828144073,0.8521662950515747
frame_000373,373,12.4,0,11,349.111083984375,137.5709524154663,0.7782185077667236
frame_000373,373,12.4,0,12,327.62601725260413,139.87292397022247,0.7598830461502075
frame_000373,373,12.4,0,13,330.6953125,191.28362202644348,0.7147170305252075
frame_000373,373,12.4,0,14,332.2299601236979,192.81826972961426,0.7120646238327026
frame_000373,373,12.4,0,15,323.7893981933594,251.90220630168915,0.6840031743049622
frame_000373,373,12.4,0,16,375.9674173990886,218.90728068351746,0.6879428625106812
frame_000374,374,12.433333333333334,0,0,316.15611505508423,40.853142499923706,0.9250296354293823
frame_000374,374,12.433333333333334,0,1,321.65003752708435,36.14406609535217,0.9677069187164307
frame_000374,374,12.433333333333334,0,2,313.80157685279846,36.14406609535217,0.957328200340271
frame_000374,374,12.433333333333334,0,3,337.3469588756561,36.92891216278076,1.0279591083526611
frame_000374,374,12.433333333333334,0,4,316.15611505508423,40.06829643249512,0.6889251470565796
frame_000374,374,12.433333333333334,0,5,360.8923408985138,63.61367845535278,0.8625366687774658
frame_000374,374,12.433333333333334,0,6,316.9409611225128,67.53790879249573,0.9352166652679443
frame_000374,374,12.433333333333334,0,7,393.8558757305145,87.94390654563904,0.9372860193252563
frame_000374,374,12.433333333333334,0,8,305.9531161785126,103.64082789421082,0.8425657749176025
frame_000374,374,12.433333333333334,0,9,367.1711094379425,109.91959643363953,0.9126898050308228
frame_000374,374,12.433333333333334,0,10,295.7501173019409,103.64082789421082,0.8150280714035034
frame_000374,374,12.433333333333334,0,11,349.90449595451355,141.31343913078308,0.7980575561523438
frame_000374,374,12.433333333333334,0,12,327.92880606651306,143.66797733306885,0.7747908234596252
frame_000374,374,12.433333333333334,0,13,330.2833442687988,191.54358744621277,0.7009448409080505
frame_000374,374,12.433333333333334,0,14,327.92880606651306,198.60720205307007,0.7016305327415466
frame_000374,374,12.433333333333334,0,15,323.2197296619415,256.68581104278564,0.597748875617981
frame_000374,374,12.433333333333334,0,16,322.43488359451294,210.3798930644989,0.5867465138435364
frame_000375,375,12.466666666666667,0,0,316.30150389671326,44.15992712974548,0.9448848962783813
frame_000375,375,12.466666666666667,0,1,321.8836827278137,39.37520241737366,0.9684675931930542
frame_000375,375,12.466666666666667,0,2,314.706595659256,40.172656536102295,0.9453003406524658
frame_000375,375,12.466666666666667,0,3,337.03531098365784,41.76756477355957,1.0163320302963257
frame_000375,375,12.466666666666667,0,4,318.69386625289917,44.95738124847412,0.701470136642456
frame_000375,375,12.466666666666667,0,5,362.55384278297424,68.88100481033325,0.8912346363067627
frame_000375,375,12.466666666666667,0,6,317.89641213417053,72.86827540397644,0.9661993980407715
frame_000375,375,12.466666666666667,0,7,388.8698287010193,99.98171544075012,0.942007303237915
frame_000375,375,12.466666666666667,0,8,309.1244168281555,109.55116486549377,0.8807203769683838
frame_000375,375,12.466666666666667,0,9,359.3640263080597,115.13334369659424,0.8820582032203674
frame_000375,375,12.466666666666667,0,10,296.3651509284973,111.14607310295105,0.8492695689201355
frame_000375,375,12.466666666666667,0,11,349.79457688331604,147.82896256446838,0.8042632341384888
frame_000375,375,12.466666666666667,0,12,326.66840744018555,150.2213249206543,0.782707154750824
frame_000375,375,12.466666666666667,0,13,327.4658615589142,195.67620968818665,0.6967565417289734
frame_000375,375,12.466666666666667,0,14,327.4658615589142,206.04311323165894,0.6847504377365112
frame_000375,375,12.466666666666667,0,15,371.32583808898926,204.44820499420166,0.7514816522598267
frame_000375,375,12.466666666666667,0,16,324.27604508399963,265.85217213630676,0.6946195363998413
frame_000376,376,12.5,0,0,317.1978077888489,51.173810958862305,0.9552870988845825
frame_000376,376,12.5,0,1,321.98137044906616,47.187508940696716,0.9587445259094238
frame_000376,376,12.5,0,2,315.6032869021098,47.187508940696716,0.9810056090354919
frame_000376,376,12.5,0,3,337.1293188730875,48.78202974796295,0.9726592302322388
frame_000376,376,12.5,0,4,318.79232867558795,51.173810958862305,0.75733482837677
frame_000376,376,12.5,0,5,361.8443926175436,75.09162306785583,0.8832189440727234
frame_000376,376,12.5,0,6,319.5895891189575,78.2806646823883,0.9289680123329163
frame_000376,376,12.5,0,7,380.9786432584127,111.76560163497925,0.9276119470596313
frame_000376,376,12.5,0,8,310.8197242418925,114.95464324951172,0.9184340238571167
frame_000376,376,12.5,0,9,349.08822552363074,118.94094526767731,0.7576757669448853
frame_000376,376,12.5,0,10,293.27999448776245,118.14368486404419,0.8621869683265686
frame_000376,376,12.5,0,11,350.6827464103699,149.23684060573578,0.7482509016990662
frame_000376,376,12.5,0,12,325.9676726659139,150.0341010093689,0.7287081480026245
frame_000376,376,12.5,0,13,318.79232867558795,198.66698563098907,0.6630550622940063
frame_000376,376,12.5,0,14,321.1841100056966,207.43685007095337,0.6553603410720825
frame_000376,376,12.5,0,15,363.4389135042826,200.2615064382553,0.7158077359199524
frame_000376,376,12.5,0,16,328.3594539960225,264.0423387289047,0.6923855543136597
frame_000377,377,12.533333333333333,0,0,316.16717990239465,56.510690212249756,0.932098925113678
frame_000377,377,12.533333333333333,0,1,320.86125930150354,51.81661057472229,0.9619442224502563
frame_000377,377,12.533333333333333,0,2,314.6024867693583,51.81661057472229,0.9432308673858643
frame_000377,377,12.533333333333333,0,3,336.50819063186646,52.59895718097687,0.9322119951248169
frame_000377,377,12.533333333333333,0,4,318.5142196019491,55.72834360599518,0.7474642992019653
frame_000377,377,12.533333333333333,0,5,359.9785876274109,79.19874179363251,0.9101178646087646
frame_000377,377,12.533333333333333,0,6,318.5142196019491,82.32812821865082,0.9121708869934082
frame_000377,377,12.533333333333333,0,7,374.06082582473755,117.53372550010681,0.9268073439598083
frame_000377,377,12.533333333333333,0,8,313.8201402028402,119.09841871261597,0.867965579032898
frame_000377,377,12.533333333333333,0,9,338.8552303314209,118.31607210636139,0.7247169017791748
frame_000377,377,12.533333333333333,0,10,293.4791294733683,123.79249835014343,0.8558323383331299
frame_000377,377,12.533333333333333,0,11,350.5904288291931,155.86870920658112,0.7502321004867554
frame_000377,377,12.533333333333333,0,12,325.5553387006124,155.86870920658112,0.7438173294067383
frame_000377,377,12.533333333333333,0,13,322.4259524345398,204.37419879436493,0.6458172798156738
frame_000377,377,12.533333333333333,0,14,309.1260608037313,208.28593182563782,0.6449999809265137
frame_000377,377,12.533333333333333,0,15,364.6726670265198,195.76838612556458,0.4879571199417114
frame_000377,377,12.533333333333333,0,16,335.7258440653483,195.76838612556458,0.44714248180389404
frame_000378,378,12.566666666666666,0,0,315.36133193969727,57.313852310180664,0.9623467922210693
frame_000378,378,12.566666666666666,0,1,320.75524044036865,52.69050216674805,0.9622187614440918
frame_000378,378,12.566666666666666,0,2,314.5907735824585,53.461060523986816,0.9832425117492676
frame_000378,378,12.566666666666666,0,3,336.16640758514404,55.002177238464355,0.9624234437942505
frame_000378,378,12.566666666666666,0,4,316.9024486541748,57.313852310180664,0.7657266855239868
frame_000378,378,12.566666666666666,0,5,357.7420415878296,81.20116138458252,0.9392925500869751
frame_000378,378,12.566666666666666,0,6,319.9846820831299,84.2833948135376,0.932948112487793
frame_000378,378,12.566666666666666,0,7,360.0537166595459,121.27019596099854,0.9594738483428955
frame_000378,378,12.566666666666666,0,8,316.9024486541748,115.87628746032715,0.8773242235183716
frame_000378,378,12.566666666666666,0,9,330.0019407272339,114.33517074584961,0.7550432085990906
frame_000378,378,12.566666666666666,0,10,296.097373008728,125.12298774719238,0.8575112819671631
frame_000378,378,12.566666666666666,0,11,350.0364580154419,157.4864387512207,0.7660789489746094
frame_000378,378,12.566666666666666,0,12,326.14914894104004,157.4864387512207,0.7629518508911133
frame_000378,378,12.566666666666666,0,13,331.5430574417114,206.03161525726318,0.6292401552200317
frame_000378,378,12.566666666666666,0,14,326.9197072982788,205.2610569000244,0.5239729881286621
frame_000378,378,12.566666666666666,0,15,346.9542245864868,192.16156482696533,0.5707423686981201
frame_000378,378,12.566666666666666,0,16,343.10143280029297,181.37374782562256,0.5068782567977905
frame_000379,379,12.6,0,0,313.4799536069234,52.92237663269043,0.9718818664550781
frame_000379,379,12.6,0,1,318.6588315963745,49.22317826747894,0.9569878578186035
frame_000379,379,12.6,0,2,313.4799536069234,49.22317826747894,1.0267200469970703
frame_000379,379,12.6,0,3,334.9353052775065,51.442697286605835,0.9568042755126953
frame_000379,379,12.6,0,4,316.43931245803833,53.66221630573273,0.783862829208374
frame_000379,379,12.6,0,5,355.6508172353109,77.33708584308624,0.9332294464111328
frame_000379,379,12.6,0,6,320.8783507347107,83.25580322742462,0.8872782588005066
frame_000379,379,12.6,0,7,351.21177895863855,116.548588514328,0.9104236960411072
frame_000379,379,12.6,0,8,317.1791521708171,111.36971080303192,0.83137047290802
frame_000379,379,12.6,0,9,317.1791521708171,107.67051243782043,0.7450290322303772
frame_000379,379,12.6,0,10,298.6831593513489,122.46730589866638,0.8350951671600342
frame_000379,379,12.6,0,11,348.99225982030237,153.54057216644287,0.7934668064117432
frame_000379,379,12.6,0,12,325.31738901138306,152.80073249340057,0.7790704965591431
frame_000379,379,12.6,0,13,336.41498470306396,211.24806666374207,0.7605338096618652
frame_000379,379,12.6,0,14,300.1628387769063,187.57319712638855,0.5581197142601013
frame_000379,379,12.6,0,15,350.47193924585974,260.817324757576,0.8556894659996033
frame_000379,379,12.6,0,16,346.0329009691874,194.97159385681152,0.5745055675506592
frame_000380,380,12.633333333333333,0,0,313.903581460317,48.02139389514923,0.9795516729354858
frame_000380,380,12.633333333333333,0,1,318.4735325177511,42.68978404998779,0.9654589891433716
frame_000380,380,12.633333333333333,0,2,313.14192295074463,43.45144259929657,1.0035218000411987
frame_000380,380,12.633333333333333,0,3,334.4683612187703,44.21310114860535,0.9874738454818726
frame_000380,380,12.633333333333333,0,4,316.18855698903405,47.259735345840454,0.7750278115272522
frame_000380,380,12.633333333333333,0,5,355.7947994867961,70.87115037441254,0.9223178625106812
frame_000380,380,12.633333333333333,0,6,320.75850804646814,74.67944312095642,0.8789916634559631
frame_000380,380,12.633333333333333,0,7,348.93987290064496,111.23905348777771,0.9179878234863281
frame_000380,380,12.633333333333333,0,8,319.23519102732337,105.1457850933075,0.8188709020614624
frame_000380,380,12.633333333333333,0,9,313.903581460317,96.76754105091095,0.8324567079544067
frame_000380,380,12.633333333333333,0,10,301.7170453071594,117.33232188224792,0.7993994951248169
frame_000380,380,12.633333333333333,0,11,350.4631899197896,147.798663854599,0.7927547693252563
frame_000380,380,12.633333333333333,0,12,326.0901176134745,145.51368820667267,0.7782185673713684
frame_000380,380,12.633333333333333,0,13,345.1315803527832,208.73134779930115,0.8328700661659241
frame_000380,380,12.633333333333333,0,14,299.4320697784424,187.4049084186554,0.7178113460540771
frame_000380,380,12.633333333333333,0,15,356.5564579963684,258.23915350437164,0.8892750144004822
frame_000380,380,12.633333333333333,0,16,345.1315803527832,195.02149391174316,0.6251358985900879
frame_000381,381,12.666666666666666,0,0,314.012353181839,40.56450867652893,0.9430148601531982
frame_000381,381,12.666666666666666,0,1,318.13625597953796,35.75328874588013,0.8941197395324707
frame_000381,381,12.666666666666666,0,2,313.32503604888916,36.440605878829956,0.9741767644882202
frame_000381,381,12.666666666666666,0,3,333.94455003738403,37.127923011779785,1.0182223320007324
frame_000381,381,12.666666666666666,0,4,316.7616217136383,40.56450867652893,0.6920294761657715
frame_000381,381,12.666666666666666,0,5,353.8767468929291,64.62060832977295,0.8700656890869141
frame_000381,381,12.666666666666666,0,6,322.26015877723694,68.0571939945221,0.8287355899810791
frame_000381,381,12.666666666666666,0,7,342.192355632782,103.11036777496338,0.8835731744766235
frame_000381,381,12.666666666666666,0,8,325.6967444419861,99.67378211021423,0.745288610458374
frame_000381,381,12.666666666666666,0,9,309.2011332511902,86.61475658416748,0.8417999744415283
frame_000381,381,12.666666666666666,0,10,307.8264989852905,108.60890483856201,0.7802269458770752
frame_000381,381,12.666666666666666,0,11,349.7528440952301,138.16354155540466,0.7574917078018188
frame_000381,381,12.666666666666666,0,12,325.6967444419861,138.16354155540466,0.7394965887069702
frame_000381,381,12.666666666666666,0,13,351.8147954940796,199.33476638793945,0.8380045294761658
frame_000381,381,12.666666666666666,0,14,302.3279619216919,184.90110659599304,0.7528186440467834
frame_000381,381,12.666666666666666,0,15,360.74991822242737,250.88355135917664,0.9070639610290527
frame_000381,381,12.666666666666666,0,16,342.192355632782,207.5825719833374,0.7479897141456604
frame_000382,382,12.7,0,0,313.08816401163733,36.784860730171204,1.013803482055664
frame_000382,382,12.7,0,1,317.7055950164795,31.50779688358307,0.983335554599762
frame_000382,382,12.7,0,2,312.4285310109457,31.50779688358307,1.080825686454773
frame_000382,382,12.7,0,3,333.53678703308105,32.8270628452301,1.0700442790985107
frame_000382,382,12.7,0,4,316.38632901509607,34.80596178770065,0.6255485415458679
frame_000382,382,12.7,0,5,353.325777053833,60.53164803981781,0.8770707845687866
frame_000382,382,12.7,0,6,322.32302602132165,65.14907890558243,0.8688939809799194
frame_000382,382,12.7,0,7,338.8138510386149,98.13072794675827,0.911550760269165
frame_000382,382,12.7,0,8,328.9193560282389,96.81146198511124,0.7341442108154297
frame_000382,382,12.7,0,9,307.8111000061035,81.63990342617035,0.9031119346618652
frame_000382,382,12.7,0,10,313.08816401163733,104.06742477416992,0.7740318179130554
frame_000382,382,12.7,0,11,350.02761205037433,139.02797275781631,0.7956492900848389
frame_000382,382,12.7,0,12,326.28082402547204,138.3683397769928,0.7732112407684326
frame_000382,382,12.7,0,13,355.3046760559082,195.75640910863876,0.8539639711380005
frame_000382,382,12.7,0,14,306.4918340047201,183.88301545381546,0.8069890737533569
frame_000382,382,12.7,0,15,365.8588040669759,246.54814863204956,0.9442752003669739
frame_000382,382,12.7,0,16,340.13311703999835,221.48209536075592,0.7915749549865723
frame_000383,383,12.733333333333333,0,0,314.11534182230633,32.16111099720001,0.9297593832015991
frame_000383,383,12.733333333333333,0,1,318.9994723002116,25.648937344551086,0.8885015249252319
frame_000383,383,12.733333333333333,0,2,313.30132007598877,27.276980757713318,0.9817472100257874
frame_000383,383,12.733333333333333,0,3,334.46588548024494,28.90502417087555,0.9679614305496216
frame_000383,383,12.733333333333333,0,4,316.55740706125897,30.53306758403778,0.6899570226669312
frame_000383,383,12.733333333333333,0,5,354.0024073918661,55.76774048805237,0.8854484558105469
frame_000383,383,12.733333333333333,0,6,321.44153753916424,63.09393584728241,0.8678550720214844
frame_000383,383,12.733333333333333,0,7,341.7920811971029,95.65480411052704,0.8575282096862793
frame_000383,383,12.733333333333333,0,8,324.6976245244344,95.65480411052704,0.7207680940628052
frame_000383,383,12.733333333333333,0,9,305.1611026128133,81.00241339206696,0.9006504416465759
frame_000383,383,12.733333333333333,0,10,312.4872983296712,101.35295605659485,0.6889294981956482
frame_000383,383,12.733333333333333,0,11,349.9322986602783,127.40165066719055,0.7601845264434814
frame_000383,383,12.733333333333333,0,12,326.3256680170695,128.21567237377167,0.7587145566940308
frame_000383,383,12.733333333333333,0,13,358.88653786977136,190.89534378051758,0.8334323167800903
frame_000383,383,12.733333333333333,0,14,310.04523309071857,181.9411050081253,0.746769905090332
frame_000383,383,12.733333333333333,0,15,370.2828423182169,240.55066788196564,0.8693974018096924
frame_000383,383,12.733333333333333,0,16,332.83784198760986,231.59642910957336,0.8153072595596313
frame_000384,384,12.766666666666666,0,0,313.7917720476786,33.08471465110779,0.9304850101470947
frame_000384,384,12.766666666666666,0,1,318.34341971079505,27.015851259231567,0.931066632270813
frame_000384,384,12.766666666666666,0,2,313.0331641038259,27.774459183216095,0.9915507435798645
frame_000384,384,12.766666666666666,0,3,334.27418653170264,28.533067107200623,0.9945734739303589
frame_000384,384,12.766666666666666,0,4,316.8262038230896,30.808890879154205,0.6568865180015564
frame_000384,384,12.766666666666666,0,5,353.99799307187396,56.60156029462814,0.8817437887191772
frame_000384,384,12.766666666666666,0,6,322.8950673739115,63.42903161048889,0.8702682256698608
frame_000384,384,12.766666666666666,0,7,341.8602659702301,96.04917234182358,0.8535124063491821
frame_000384,384,12.766666666666666,0,8,325.9294991493225,95.29056441783905,0.7044265270233154
frame_000384,384,12.766666666666666,0,9,306.9643005530039,84.67005348205566,0.8644438982009888
frame_000384,384,12.766666666666666,0,10,312.27455615997314,98.32499611377716,0.7386829853057861
frame_000384,384,12.766666666666666,0,11,348.6877374649048,131.70374476909637,0.7473528385162354
frame_000384,384,12.766666666666666,0,12,326.6881070931753,132.4623526930809,0.7500120401382446
frame_000384,384,12.766666666666666,0,13,352.4807771841685,192.39237868785858,0.765974760055542
frame_000384,384,12.766666666666666,0,14,319.8606355985006,187.84073114395142,0.742702841758728
frame_000384,384,12.766666666666666,0,15,375.23901549975085,231.83999073505402,0.8381434082984924
frame_000384,384,12.766666666666666,0,16,331.9983627001444,243.97771751880646,0.8538393378257751
frame_000385,385,12.8,0,0,314.9120109875997,36.93267959356308,0.9375550746917725
frame_000385,385,12.8,0,1,319.9494571685791,31.895233273506165,0.9532807469367981
frame_000385,385,12.8,0,2,314.9120109875997,31.895233273506165,0.9397910833358765
frame_000385,385,12.8,0,3,336.50106604894,32.614868462085724,1.0045872926712036
frame_000385,385,12.8,0,4,318.51018683115643,35.49340921640396,0.6378975510597229
frame_000385,385,12.8,0,5,355.21158043543494,59.96100562810898,0.8858224153518677
frame_000385,385,12.8,0,6,322.10836267471313,66.43772232532501,0.8424314260482788
frame_000385,385,12.8,0,7,346.5759584108988,98.82130581140518,0.8719421625137329
frame_000385,385,12.8,0,8,324.26726818084717,99.54094099998474,0.6962064504623413
frame_000385,385,12.8,0,9,312.75310548146564,93.06422430276871,0.8882311582565308
frame_000385,385,12.8,0,10,310.5941999753316,101.69984656572342,0.7329133749008179
frame_000385,385,12.8,0,11,348.73486391703284,134.0834300518036,0.7310720682144165
frame_000385,385,12.8,0,12,327.14580885569256,134.0834300518036,0.7260459661483765
frame_000385,385,12.8,0,13,346.5759584108988,196.69169145822525,0.7873432636260986
frame_000385,385,12.8,0,14,323.5476330121358,195.25242108106613,0.7410376071929932
frame_000385,385,12.8,0,15,379.6791761716207,226.91636937856674,0.833074688911438
frame_000385,385,12.8,0,16,330.74398469924927,252.10360097885132,0.8677803874015808
frame_000386,386,12.833333333333334,0,0,315.97764046986896,40.47049808502197,0.8651002049446106
frame_000386,386,12.833333333333334,0,1,319.8849283854167,35.00029528141022,0.8701258301734924
frame_000386,386,12.833333333333334,0,2,315.19618288675946,36.56321036815643,0.8694413900375366
frame_000386,386,12.833333333333334,0,3,336.295537630717,37.34466791152954,0.9802330732345581
frame_000386,386,12.833333333333334,0,4,316.7590980529785,42.03341317176819,0.6880388259887695
frame_000386,386,12.833333333333334,0,5,355.0505196253458,64.69568192958832,0.8738645315170288
frame_000386,386,12.833333333333334,0,6,323.79221630096436,70.94734227657318,0.8235456347465515
frame_000386,386,12.833333333333334,0,7,348.01740137736,104.55001664161682,0.8874416351318359
frame_000386,386,12.833333333333334,0,8,327.699504216512,105.33147418498993,0.7100951671600342
frame_000386,386,12.833333333333334,0,9,312.85181013743085,102.2056440114975,0.8407495021820068
frame_000386,386,12.833333333333334,0,10,310.50743738810223,106.11293172836304,0.6492654085159302
frame_000386,386,12.833333333333334,0,11,348.01740137736,136.58977591991425,0.7235443592071533
frame_000386,386,12.833333333333334,0,12,327.699504216512,137.37123346328735,0.7147984504699707
frame_000386,386,12.833333333333334,0,13,339.4213679631551,199.887836933136,0.7668201327323914
frame_000386,386,12.833333333333334,0,14,324.5736738840739,196.76200675964355,0.7351402044296265
frame_000386,386,12.833333333333334,0,15,380.0571622848511,217.86136043071747,0.8500344157218933
frame_000386,386,12.833333333333334,0,16,330.04387696584064,256.15278005599976,0.8787665367126465
frame_000387,387,12.866666666666667,0,0,315.56815481185913,47.1854402422905,0.873758852481842
frame_000387,387,12.866666666666667,0,1,320.2884011268616,43.251901745796204,0.8753371834754944
frame_000387,387,12.866666666666667,0,2,314.781447092692,43.251901745796204,0.8535141944885254
frame_000387,387,12.866666666666667,0,3,336.022555510203,44.03860944509506,0.980086088180542
frame_000387,387,12.866666666666667,0,4,317.14157025019324,47.1854402422905,0.7073831558227539
frame_000387,387,12.866666666666667,0,5,356.47695620854694,71.57337892055511,0.8791375160217285
frame_000387,387,12.866666666666667,0,6,323.4352320035299,73.93350201845169,0.851988673210144
frame_000387,387,12.866666666666667,0,7,353.33012533187866,112.48217928409576,0.888087272644043
frame_000387,387,12.866666666666667,0,8,329.72889375686646,109.33534848690033,0.7319048643112183
frame_000387,387,12.866666666666667,0,9,318.71498568852746,111.6954715847969,0.7475869655609131
frame_000387,387,12.866666666666667,0,10,310.8479084968567,114.05559468269348,0.681010365486145
frame_000387,387,12.866666666666667,0,11,347.82317129770917,143.9504872560501,0.7549089193344116
frame_000387,387,12.866666666666667,0,12,326.5820628801981,144.73719495534897,0.747139036655426
frame_000387,387,12.866666666666667,0,13,334.4491400718689,205.31368780136108,0.7592230439186096
frame_000387,387,12.866666666666667,0,14,318.71498568852746,203.74027240276337,0.7555956840515137
frame_000387,387,12.866666666666667,0,15,374.57123374938965,210.03393399715424,0.8523216247558594
frame_000387,387,12.866666666666667,0,16,331.30230919520056,260.3832267522812,0.8663821220397949
frame_000388,388,12.9,0,0,314.6326127052307,54.06455755233765,0.9219882488250732
frame_000388,388,12.9,0,1,319.36760997772217,49.32956027984619,0.931706428527832
frame_000388,388,12.9,0,2,313.8434464931488,49.32956027984619,0.905310869216919
frame_000388,388,12.9,0,3,335.15093421936035,50.1187264919281,1.0464359521865845
frame_000388,388,12.9,0,4,316.21094512939453,53.27539134025574,0.7406147122383118
frame_000388,388,12.9,0,5,355.66925573349,77.73954391479492,0.8734297156333923
frame_000388,388,12.9,0,6,321.7351086139679,80.89620876312256,0.8769675493240356
frame_000388,388,12.9,0,7,358.8259205818176,119.56535315513611,0.8958144783973694
frame_000388,388,12.9,0,8,324.89177346229553,114.04118967056274,0.7369876503944397
frame_000388,388,12.9,0,9,326.47010588645935,125.08951663970947,0.6582204103469849
frame_000388,388,12.9,0,10,304.3734519481659,116.40868830680847,0.7753670811653137
frame_000388,388,12.9,0,11,346.1992611885071,152.7103340625763,0.76786208152771
frame_000388,388,12.9,0,12,324.89177346229553,152.7103340625763,0.7619707584381104
frame_000388,388,12.9,0,13,328.04843831062317,207.95196890830994,0.7222315669059753
frame_000388,388,12.9,0,14,313.8434464931488,205.5844702720642,0.7614545822143555
frame_000388,388,12.9,0,15,368.29591512680054,205.5844702720642,0.8239370584487915
frame_000388,388,12.9,0,16,335.15093421936035,260.03693890571594,0.8141535520553589
frame_000389,389,12.933333333333334,0,0,313.15791606903076,57.8720588684082,0.9141696691513062
frame_000389,389,12.933333333333334,0,1,317.8047366142273,53.99970841407776,0.9244053959846497
frame_000389,389,12.933333333333334,0,2,312.3834459781647,53.99970841407776,0.9207326173782349
frame_000389,389,12.933333333333334,0,3,332.519668340683,54.77417850494385,1.0223286151885986
frame_000389,389,12.933333333333334,0,4,314.70685625076294,57.8720588684082,0.7305294871330261
frame_000389,389,12.933333333333334,0,5,354.2048308849335,82.65510177612305,0.8816283941268921
frame_000389,389,12.933333333333334,0,6,319.3536767959595,84.97851204872131,0.8747906684875488
frame_000389,389,12.933333333333334,0,7,363.49847197532654,123.70201659202576,0.888384222984314
frame_000389,389,12.933333333333334,0,8,321.67708706855774,117.50625586509705,0.7642791271209717
frame_000389,389,12.933333333333334,0,9,330.9707281589508,132.22118759155273,0.6830798387527466
frame_000389,389,12.933333333333334,0,10,298.4429843425751,117.50625586509705,0.8054248690605164
frame_000389,389,12.933333333333334,0,11,344.1367197036743,155.4552903175354,0.7291936278343201
frame_000389,389,12.933333333333334,0,12,321.67708706855774,155.4552903175354,0.7216295599937439
frame_000389,389,12.933333333333334,0,13,317.8047366142273,208.89372658729553,0.6969869136810303
frame_000389,389,12.933333333333334,0,14,312.3834459781647,211.2171368598938,0.7221698760986328
frame_000389,389,12.933333333333334,0,15,362.72400188446045,207.34478640556335,0.7537303566932678
frame_000389,389,12.933333333333334,0,16,340.2643692493439,260.7832226753235,0.7689226865768433
frame_000390,390,12.966666666666667,0,0,312.0735689798991,59.74216270446777,0.9487582445144653
frame_000390,390,12.966666666666667,0,1,316.64913813273114,55.16659379005432,0.9717580676078796
frame_000390,390,12.966666666666667,0,2,310.5483792622884,55.92918860912323,0.967928946018219
frame_000390,390,12.966666666666667,0,3,331.9010353088379,57.45437824726105,1.0019034147262573
frame_000390,390,12.966666666666667,0,4,313.59875869750977,59.74216270446777,0.7216150164604187
frame_000390,390,12.966666666666667,0,5,355.54147593180335,83.38260209560394,0.8996690511703491
frame_000390,390,12.966666666666667,0,6,316.64913813273114,85.67038655281067,0.891818106174469
frame_000390,390,12.966666666666667,0,7,370.03077824910486,123.8001275062561,0.9658669829368591
frame_000390,390,12.966666666666667,0,8,316.64913813273114,121.51234304904938,0.834092378616333
frame_000390,390,12.966666666666667,0,9,344.10255304972327,136.00164461135864,0.717226505279541
frame_000390,390,12.966666666666667,0,10,293.771292368571,117.69936895370483,0.8614028692245483
frame_000390,390,12.966666666666667,0,11,343.33995819091797,158.8794891834259,0.727042019367218
frame_000390,390,12.966666666666667,0,12,320.4621124267578,158.116894364357,0.7203230261802673
frame_000390,390,12.966666666666667,0,13,312.8361638387044,208.44815242290497,0.6734009981155396
frame_000390,390,12.966666666666667,0,14,315.8865432739258,213.02372133731842,0.6771938800811768
frame_000390,390,12.966666666666667,0,15,355.54147593180335,209.97334206104279,0.7729648351669312
frame_000390,390,12.966666666666667,0,16,346.3903376261393,258.01681566238403,0.7288942337036133
frame_000391,391,13.0,0,0,310.9763358434041,55.66259849071503,0.9815639853477478
frame_000391,391,13.0,0,1,316.3200891017914,51.08223843574524,1.0339230298995972
frame_000391,391,13.0,0,2,310.2129425207774,51.08223843574524,0.972032904624939
frame_000391,391,13.0,0,3,331.58795555432636,54.1358118057251,1.0177524089813232
frame_000391,391,13.0,0,4,313.26651581128436,56.42599183320999,0.7147390246391296
frame_000391,391,13.0,0,5,356.0165418783823,80.85457879304886,0.888217568397522
frame_000391,391,13.0,0,6,314.7933024565379,82.38136547803879,0.9314254522323608
frame_000391,391,13.0,0,7,375.86476826667786,116.7340658903122,0.9890364408493042
frame_000391,391,13.0,0,8,309.44954919815063,120.55103260278702,0.9280309677124023
frame_000391,391,13.0,0,9,349.9093952973684,135.05550611019135,0.832531213760376
frame_000391,391,13.0,0,10,291.8915027777354,112.91709917783737,0.8842183351516724
frame_000391,391,13.0,0,11,343.03885539372766,155.6671263575554,0.7691634893417358
frame_000391,391,13.0,0,12,323.19062900543213,157.19391304254532,0.7525725364685059
frame_000391,391,13.0,0,13,310.9763358434041,201.47072690725327,0.7386053800582886
frame_000391,391,13.0,0,14,327.7709889411926,213.6850203871727,0.7227509021759033
frame_000391,391,13.0,0,15,352.96296858787537,210.63144701719284,0.7928663492202759
frame_000391,391,13.0,0,16,353.7263619105021,257.96183425188065,0.7109799981117249
frame_000392,392,13.033333333333333,0,0,308.61069234212243,49.508012771606445,0.9826634526252747
frame_000392,392,13.033333333333333,0,1,314.87756729125977,44.80785632133484,1.0157339572906494
frame_000392,392,13.033333333333333,0,2,307.8273329734802,45.59121572971344,0.9824544787406921
frame_000392,392,13.033333333333333,0,3,330.54475466410315,48.724653363227844,1.0506505966186523
frame_000392,392,13.033333333333333,0,4,312.52748918533325,50.291372179985046,0.6974246501922607
frame_000392,392,13.033333333333333,0,5,356.39561382929486,75.35887324810028,0.9093997478485107
frame_000392,392,13.033333333333333,0,6,313.31084855397546,77.70895147323608,0.9751266837120056
frame_000392,392,13.033333333333333,0,7,381.46311362584424,106.69324958324432,0.9824992418289185
frame_000392,392,13.033333333333333,0,8,305.4772548675537,116.09356248378754,0.9650640487670898
frame_000392,392,13.033333333333333,0,9,356.39561382929486,127.84395360946655,0.8635534048080444
frame_000392,392,13.033333333333333,0,10,289.8100674947103,104.34317135810852,0.913436770439148
frame_000392,392,13.033333333333333,0,11,343.07850456237793,153.6948140859604,0.8134835958480835
frame_000392,392,13.033333333333333,0,12,325.8445984522501,154.478173494339,0.788025975227356
frame_000392,392,13.033333333333333,0,13,310.17741107940674,195.99622213840485,0.7101854085922241
frame_000392,392,13.033333333333333,0,14,339.16170771916705,208.52997267246246,0.7631696462631226
frame_000392,392,13.033333333333333,0,15,347.77866077423096,214.79684793949127,0.7299910187721252
frame_000392,392,13.033333333333333,0,16,361.87912940979004,253.18145895004272,0.8307232856750488
frame_000393,393,13.066666666666666,0,0,310.96913162867224,43.37027448415756,0.950124979019165
frame_000393,393,13.066666666666666,0,1,316.580867767334,38.560215055942535,0.9877750873565674
frame_000393,393,13.066666666666666,0,2,308.5641018549601,39.36189162731171,0.9611105918884277
frame_000393,393,13.066666666666666,0,3,331.01104640960693,41.76692134141922,1.0206149816513062
frame_000393,393,13.066666666666666,0,4,310.16745503743493,43.37027448415756,0.7475006580352783
frame_000393,393,13.066666666666666,0,5,355.8630207379659,67.4205716252327,0.8843085765838623
frame_000393,393,13.066666666666666,0,6,310.16745503743493,69.82560133934021,0.9592409133911133
frame_000393,393,13.066666666666666,0,7,385.52505461374926,95.47925162315369,0.9550325870513916
frame_000393,393,13.066666666666666,0,8,300.5473359425863,110.71110647916794,0.9561458826065063
frame_000393,393,13.066666666666666,0,9,364.68146324157715,115.52116590738297,0.9239512085914612
frame_000393,393,13.066666666666666,0,10,288.5221870740255,95.47925162315369,0.9031436443328857
frame_000393,393,13.066666666666666,0,11,343.8378718694051,144.38152247667313,0.8028334379196167
frame_000393,393,13.066666666666666,0,12,325.3993102709452,145.98487561941147,0.779653787612915
frame_000393,393,13.066666666666666,0,13,309.3657784461975,191.68044018745422,0.7202826738357544
frame_000393,393,13.066666666666666,0,14,346.24290164311725,201.30055904388428,0.7791755199432373
frame_000393,393,13.066666666666666,0,15,344.6395484606425,218.93744361400604,0.7281348705291748
frame_000393,393,13.066666666666666,0,16,367.8881696065266,248.59947675466537,0.8353598117828369
frame_000394,394,13.1,0,0,310.38494237263996,37.97232735157013,0.9194136261940002
frame_000394,394,13.1,0,1,315.9755153656006,33.180407881736755,0.9948305487632751
frame_000394,394,13.1,0,2,308.78763580322266,33.979061126708984,0.9362332820892334
frame_000394,394,13.1,0,3,331.1499277750651,35.57636761665344,0.9831814765930176
frame_000394,394,13.1,0,4,310.38494237263996,37.1736741065979,0.7116297483444214
frame_000394,394,13.1,0,5,356.7068328857422,61.931924700737,0.8615047335624695
frame_000394,394,13.1,0,6,310.38494237263996,65.12653768062592,0.9624018669128418
frame_000394,394,13.1,0,7,390.25027084350586,85.09286880493164,0.9417798519134521
frame_000394,394,13.1,0,8,297.60648981730145,103.46189343929291,0.916761040687561
frame_000394,394,13.1,0,9,371.08259201049805,106.65650641918182,0.9275983572006226
frame_000394,394,13.1,0,10,288.02265040079754,86.6901752948761,0.8785884380340576
frame_000394,394,13.1,0,11,344.7270336151123,140.19994270801544,0.8142617344856262
frame_000394,394,13.1,0,12,327.95531463623047,142.59590244293213,0.7953178286552429
frame_000394,394,13.1,0,13,313.5795555114746,188.11913740634918,0.7626127004623413
frame_000394,394,13.1,0,14,349.51895332336426,196.9043231010437,0.8320475220680237
frame_000394,394,13.1,0,15,341.5324204762777,231.24641263484955,0.7216167449951172
frame_000394,394,13.1,0,16,369.4852854410807,240.8302515745163,0.8832470178604126
frame_000395,395,13.133333333333333,0,0,309.96045327186584,34.76618266105652,0.9335448741912842
frame_000395,395,13.133333333333333,0,1,315.54520559310913,29.979252099990845,1.0000591278076172
frame_000395,395,13.133333333333333,0,2,308.3648097515106,29.979252099990845,0.9686868190765381
frame_000395,395,13.133333333333333,0,3,331.5016407966614,33.170539140701294,0.9845453500747681
frame_000395,395,13.133333333333333,0,4,311.55609679222107,34.76618266105652,0.6881998181343079
frame_000395,395,13.133333333333333,0,5,357.8297588825226,58.70083546638489,0.8576653003692627
frame_000395,395,13.133333333333333,0,6,309.96045327186584,63.48776602745056,0.9501481652259827
frame_000395,395,13.133333333333333,0,7,391.3382728099823,79.44420123100281,0.9249854683876038
frame_000395,395,13.133333333333333,0,8,297.19530510902405,99.38974523544312,0.8931081295013428
frame_000395,395,13.133333333333333,0,9,372.1905505657196,100.98538875579834,0.8824578523635864
frame_000395,395,13.133333333333333,0,10,288.4192657470703,85.8267753124237,0.8535966277122498
frame_000395,395,13.133333333333333,0,11,346.660254240036,135.29172444343567,0.7890611290931702
frame_000395,395,13.133333333333333,0,12,328.3103537559509,137.6851897239685,0.7678173184394836
frame_000395,395,13.133333333333333,0,13,322.72560143470764,183.95885181427002,0.7185370922088623
frame_000395,395,13.133333333333333,0,14,349.05371952056885,191.93706941604614,0.8109842538833618
frame_000395,395,13.133333333333333,0,15,336.28857135772705,242.99766206741333,0.7913773655891418
frame_000395,395,13.133333333333333,0,16,373.78619408607483,235.81726622581482,0.8926314115524292
frame_000396,396,13.166666666666666,0,0,310.43854331970215,33.670494079589844,0.951679527759552
frame_000396,396,13.166666666666666,0,1,315.920152425766,28.97197198867798,1.0127429962158203
frame_000396,396,13.166666666666666,0,2,309.65545630455017,28.97197198867798,0.9829767346382141
frame_000396,396,13.166666666666666,0,3,331.58189272880554,32.10432004928589,1.0025407075881958
frame_000396,396,13.166666666666666,0,4,312.0047173500061,33.670494079589844,0.664459228515625
frame_000396,396,13.166666666666666,0,5,358.98993825912476,58.729278564453125,0.8487750291824341
frame_000396,396,13.166666666666666,0,6,312.0047173500061,63.42780065536499,0.9374674558639526
frame_000396,396,13.166666666666666,0,7,392.6626799106598,77.52336692810059,0.9267795085906982
frame_000396,396,13.166666666666666,0,8,297.9091510772705,100.23289036750793,0.8850717544555664
frame_000396,396,13.166666666666666,0,9,373.08550453186035,100.23289036750793,0.8918997049331665
frame_000396,396,13.166666666666666,0,10,289.29519391059875,88.48658514022827,0.8463844060897827
frame_000396,396,13.166666666666666,0,11,348.02672004699707,134.68871903419495,0.7799921035766602
frame_000396,396,13.166666666666666,0,12,327.66645765304565,137.82106709480286,0.7679700255393982
frame_000396,396,13.166666666666666,0,13,331.58189272880554,184.8062880039215,0.6969962120056152
frame_000396,396,13.166666666666666,0,14,342.5451109409332,191.8540711402893,0.7173461318016052
frame_000396,396,13.166666666666666,0,15,332.3649797439575,249.80251026153564,0.7139089703559875
frame_000396,396,13.166666666666666,0,16,377.00093960762024,231.00842189788818,0.7334285974502563
frame_000397,397,13.2,0,0,312.7658905982971,36.721991300582886,0.9300167560577393
frame_000397,397,13.2,0,1,318.2118174235026,32.05405390262604,0.9736447334289551
frame_000397,397,13.2,0,2,311.2099115053813,32.05405390262604,0.9682305455207825
frame_000397,397,13.2,0,3,333.77160835266113,33.61003303527832,1.0052118301391602
frame_000397,397,13.2,0,4,313.54388014475506,35.944001734256744,0.6744519472122192
frame_000397,397,13.2,0,5,358.6672738393148,60.06167829036713,0.8328312635421753
frame_000397,397,13.2,0,6,314.32186969121295,63.95162612199783,0.9271085262298584
frame_000397,397,13.2,0,7,394.4547929763794,81.06739658117294,0.9321476817131042
frame_000397,397,13.2,0,8,301.0960474014282,100.51713573932648,0.8652819395065308
frame_000397,397,13.2,0,9,372.6710856755575,105.18507313728333,0.8887396454811096
frame_000397,397,13.2,0,10,291.7601728439331,95.07120877504349,0.8513602018356323
frame_000397,397,13.2,0,11,347.7754201889038,135.52666622400284,0.7529169321060181
frame_000397,397,13.2,0,12,326.7697024345398,138.6386244893074,0.7357243895530701
frame_000397,397,13.2,0,13,332.2156292597453,190.76392543315887,0.6985704302787781
frame_000397,397,13.2,0,14,338.4395456314087,194.65387326478958,0.7277973890304565
frame_000397,397,13.2,0,15,330.6596501668294,254.55906987190247,0.7585601806640625
frame_000397,397,13.2,0,16,378.8950020472208,221.88350808620453,0.7461948990821838
frame_000398,398,13.233333333333333,0,0,314.9669437408447,40.34744596481323,0.9124509692192078
frame_000398,398,13.233333333333333,0,1,319.70429515838623,35.61009442806244,0.933547854423523
frame_000398,398,13.233333333333333,0,2,312.598268032074,36.399653017520905,0.9346214532852173
frame_000398,398,13.233333333333333,0,3,336.2850251197815,36.399653017520905,0.9988573789596558
frame_000398,398,13.233333333333333,0,4,314.9669437408447,39.55788737535477,0.6688157320022583
frame_000398,398,13.233333333333333,0,5,359.971782207489,64.0342036485672,0.8486478328704834
frame_000398,398,13.233333333333333,0,6,315.756502310435,67.19243800640106,0.9298177361488342
frame_000398,398,13.233333333333333,0,7,393.92280069986975,87.72096133232117,0.924403727054596
frame_000398,398,13.233333333333333,0,8,305.4922409057617,103.51213312149048,0.8524137735366821
frame_000398,398,13.233333333333333,0,9,368.6569264729818,110.61816042661667,0.9026453495025635
frame_000398,398,13.233333333333333,0,10,295.22797950108844,102.72257453203201,0.8208867311477661
frame_000398,398,13.233333333333333,0,11,349.7075208028158,140.62138682603836,0.7726815938949585
frame_000398,398,13.233333333333333,0,12,328.38943942387897,142.99006259441376,0.75956130027771
frame_000398,398,13.233333333333333,0,13,333.91634941101074,193.52181231975555,0.7034871578216553
frame_000398,398,13.233333333333333,0,14,332.33723227183026,199.83828103542328,0.7091803550720215
frame_000398,398,13.233333333333333,0,15,378.92118787765503,215.6294528245926,0.635491132736206
frame_000398,398,13.233333333333333,0,16,328.38943942387897,259.0551752448082,0.5859453082084656
frame_000399,399,13.266666666666666,0,0,314.8206481933594,43.34928321838379,0.9443821907043457
frame_000399,399,13.266666666666666,0,1,320.4865789413452,39.30218982696533,0.9692784547805786
frame_000399,399,13.266666666666666,0,2,313.201810836792,39.30218982696533,0.9651777744293213
frame_000399,399,13.266666666666666,0,3,335.86553382873535,41.730445861816406,1.0288923978805542
frame_000399,399,13.266666666666666,0,4,315.63006687164307,43.34928321838379,0.7221787571907043
frame_000399,399,13.266666666666666,0,5,360.9575128555298,68.44126224517822,0.8698610663414001
frame_000399,399,13.266666666666666,0,6,316.43948554992676,71.67893695831299,0.9503941535949707
frame_000399,399,13.266666666666666,0,7,390.0965852737427,98.3897533416748,0.9460722804069519
frame_000399,399,13.266666666666666,0,8,311.5829734802246,109.72161483764648,0.8426830768585205
frame_000399,399,13.266666666666666,0,9,360.9575128555298,118.62522029876709,0.8816287517547607
frame_000399,399,13.266666666666666,0,10,299.44169330596924,111.34045219421387,0.8372254371643066
frame_000399,399,13.266666666666666,0,11,350.4350700378418,146.1454553604126,0.7738591432571411
frame_000399,399,13.266666666666666,0,12,327.77134704589844,147.76429271697998,0.7643436193466187
frame_000399,399,13.266666666666666,0,13,332.6278591156006,200.37650680541992,0.7190477848052979
frame_000399,399,13.266666666666666,0,14,332.6278591156006,202.804762840271,0.6906485557556152
frame_000399,399,13.266666666666666,0,15,331.8184404373169,264.32058238983154,0.6672649383544922
frame_000399,399,13.266666666666666,0,16,374.71763038635254,206.85185623168945,0.5951879024505615
frame_000400,400,13.299999999999999,0,0,313.5561046600342,47.96802616119385,0.9482294321060181
frame_000400,400,13.299999999999999,0,1,318.40423107147217,43.92792081832886,0.9606485366821289
frame_000400,400,13.299999999999999,0,2,312.7480835914612,44.735941886901855,0.9712913632392883
frame_000400,400,13.299999999999999,0,3,333.75663137435913,46.35198402404785,1.0129462480545044
frame_000400,400,13.299999999999999,0,4,316.7881889343262,48.776047229766846,0.714564859867096
frame_000400,400,13.299999999999999,0,5,359.61330556869507,73.01667928695679,0.8906656503677368
frame_000400,400,13.299999999999999,0,6,318.40423107147217,77.05678462982178,0.9603065252304077
frame_000400,400,13.299999999999999,0,7,382.237895488739,108.5696063041687,0.9698320031166077
frame_000400,400,13.299999999999999,0,8,315.9801678657532,113.41773271560669,0.8932251930236816
frame_000400,400,13.299999999999999,0,9,352.3411159515381,123.92200660705566,0.7842398881912231
frame_000400,400,13.299999999999999,0,10,296.5876622200012,120.68992233276367,0.8466641902923584
frame_000400,400,13.299999999999999,0,11,350.7250738143921,149.7786808013916,0.7727745175361633
frame_000400,400,13.299999999999999,0,12,327.29246282577515,151.3947229385376,0.7571791410446167
frame_000400,400,13.299999999999999,0,13,327.29246282577515,201.49202919006348,0.6816250681877136
frame_000400,400,13.299999999999999,0,14,329.71652603149414,206.34015560150146,0.6849039196968079
frame_000400,400,13.299999999999999,0,15,370.92560052871704,198.25994491577148,0.5957088470458984
frame_000400,400,13.299999999999999,0,16,338.6047577857971,267.7497568130493,0.5405335426330566
frame_000401,401,13.333333333333334,0,0,312.69716135660804,50.68941533565521,0.9209083318710327
frame_000401,401,13.333333333333334,0,1,318.26832580566406,46.71001225709915,0.9474401473999023
frame_000401,401,13.333333333333334,0,2,311.9012807210287,47.505892872810364,0.9610691070556641
frame_000401,401,13.333333333333334,0,3,333.39005788167316,49.893534719944,1.0010099411010742
frame_000401,401,13.333333333333334,0,4,315.8806838989258,52.28117656707764,0.7140275239944458
frame_000401,401,13.333333333333334,0,5,357.26647694905597,76.157595038414,0.9004396200180054
frame_000401,401,13.333333333333334,0,6,317.4724451700846,81.72875934839249,0.8825995922088623
frame_000401,401,13.333333333333334,0,7,373.18408966064453,115.95162582397461,0.9729564785957336
frame_000401,401,13.333333333333334,0,8,321.4518483479818,114.35986459255219,0.8397912979125977
frame_000401,401,13.333333333333334,0,9,339.7571029663086,123.91043198108673,0.6812040209770203
frame_000401,401,13.333333333333334,0,10,299.9630711873373,125.50219321250916,0.8468084335327148
frame_000401,401,13.333333333333334,0,11,351.6953125,150.17449229955673,0.7574858665466309
frame_000401,401,13.333333333333334,0,12,327.8188934326172,150.97037291526794,0.7425698041915894
frame_000401,401,13.333333333333334,0,13,332.59417724609375,203.49849355220795,0.6858522295951843
frame_000401,401,13.333333333333334,0,14,311.1054000854492,205.88613539934158,0.6352441310882568
frame_000401,401,13.333333333333334,0,15,344.53238677978516,264.7813009619713,0.49603503942489624
frame_000401,401,13.333333333333334,0,16,350.1035512288411,195.53968739509583,0.485176146030426
frame_000402,402,13.366666666666667,0,0,313.5437526702881,51.811478316783905,0.897024929523468
frame_000402,402,13.366666666666667,0,1,318.29333877563477,47.85348999500275,0.9412451982498169
frame_000402,402,13.366666666666667,0,2,312.7521549860636,47.85348999500275,0.9532095193862915
frame_000402,402,13.366666666666667,0,3,334.1252924601237,50.22828298807144,0.9564761519432068
frame_000402,402,13.366666666666667,0,4,315.12694803873694,53.39467364549637,0.7688807249069214
frame_000402,402,13.366666666666667,0,5,355.4984299341838,76.35100591182709,0.9023109674453735
frame_000402,402,13.366666666666667,0,6,318.29333877563477,81.89218956232071,0.8480207920074463
frame_000402,402,13.366666666666667,0,7,360.2480160395305,117.51408445835114,0.9084080457687378
frame_000402,402,13.366666666666667,0,8,322.25132719675696,111.97290080785751,0.7549036741256714
frame_000402,402,13.366666666666667,0,9,323.83452256520593,117.51408445835114,0.7494878768920898
frame_000402,402,13.366666666666667,0,10,304.0445804595947,123.05526810884476,0.7088558673858643
frame_000402,402,13.366666666666667,0,11,351.5404415130615,148.38639336824417,0.7436552047729492
frame_000402,402,13.366666666666667,0,12,327.7925109863281,149.1779910326004,0.726716160774231
frame_000402,402,13.366666666666667,0,13,339.6664762496948,206.17302286624908,0.7001270651817322
frame_000402,402,13.366666666666667,0,14,307.21097119649255,195.09065556526184,0.5230175256729126
frame_000402,402,13.366666666666667,0,15,350.7488438288371,260.79326170682907,0.6766496896743774
frame_000402,402,13.366666666666667,0,16,353.91523456573486,195.88225322961807,0.6063810586929321
frame_000403,403,13.4,0,0,312.1876633961995,47.50609743595123,0.9121907949447632
frame_000403,403,13.4,0,1,316.9246571858724,42.76910352706909,0.9085157513618469
frame_000403,403,13.4,0,2,312.1876633961995,42.76910352706909,0.9531515836715698
frame_000403,403,13.4,0,3,332.71463648478186,45.92709946632385,0.9743162989616394
frame_000403,403,13.4,0,4,313.7666613260905,48.29559642076492,0.7793146967887878
frame_000403,403,13.4,0,5,353.24160957336426,71.98056596517563,0.8934870362281799
frame_000403,403,13.4,0,6,319.2931540807088,75.92806088924408,0.8335468769073486
frame_000403,403,13.4,0,7,350.0836137135824,113.03451317548752,0.9061785936355591
frame_000403,403,13.4,0,8,319.2931540807088,108.29751926660538,0.7486142516136169
frame_000403,403,13.4,0,9,312.977162361145,103.56052535772324,0.8066613674163818
frame_000403,403,13.4,0,10,305.87167167663574,119.35050505399704,0.6745630502700806
frame_000403,403,13.4,0,11,351.66261164347327,146.1934705376625,0.7745749950408936
frame_000403,403,13.4,0,12,327.97764269510907,145.40397155284882,0.7438704967498779
frame_000403,403,13.4,0,13,349.29411474863684,205.40589439868927,0.8417587280273438
frame_000403,403,13.4,0,14,303.5031747817993,188.82641571760178,0.6294746398925781
frame_000403,403,13.4,0,15,357.9786033630371,259.0918253660202,0.9034287929534912
frame_000403,403,13.4,0,16,328.7671416600545,185.66841977834702,0.5318402051925659
frame_000404,404,13.433333333333334,0,0,311.2295169830322,42.69783926010132,1.0316541194915771
frame_000404,404,13.433333333333334,0,1,316.28192710876465,37.6454291343689,0.9551132917404175
frame_000404,404,13.433333333333334,0,2,311.2295169830322,37.013877868652344,1.0649797916412354
frame_000404,404,13.433333333333334,0,3,332.07070875167847,40.80318546295166,1.0377459526062012
frame_000404,404,13.433333333333334,0,4,314.387273311615,42.69783926010132,0.6050485968589783
frame_000404,404,13.433333333333334,0,5,351.6487979888916,67.95988988876343,0.869576096534729
frame_000404,404,13.433333333333334,0,6,320.07123470306396,72.3807487487793,0.8510847091674805
frame_000404,404,13.433333333333334,0,7,339.6493239402771,106.48451709747314,0.8646264672279358
frame_000404,404,13.433333333333334,0,8,324.49209356307983,100.80055570602417,0.7523869276046753
frame_000404,404,13.433333333333334,0,9,308.703311920166,88.16953039169312,0.8770145177841187
frame_000404,404,13.433333333333334,0,10,309.33486318588257,112.16847848892212,0.8017410039901733
frame_000404,404,13.433333333333334,0,11,351.6487979888916,144.3775930404663,0.7871994972229004
frame_000404,404,13.433333333333334,0,12,327.6498498916626,144.3775930404663,0.7622201442718506
frame_000404,404,13.433333333333334,0,13,354.1750030517578,203.1118607521057,0.8471742272377014
frame_000404,404,13.433333333333334,0,14,304.28245306015015,189.8492841720581,0.7537792921066284
frame_000404,404,13.433333333333334,0,15,363.01672077178955,253.00441074371338,0.9446953535079956
frame_000404,404,13.433333333333334,0,16,346.5963878631592,208.7958221435547,0.703302264213562
frame_000405,405,13.466666666666667,0,0,311.4264430999756,37.2946662902832,0.9310188293457031
frame_000405,405,13.466666666666667,0,1,315.5793037414551,32.44966220855713,0.9405068159103394
frame_000405,405,13.466666666666667,0,2,310.734299659729,32.44966220855713,1.0092437267303467
frame_000405,405,13.466666666666667,0,3,331.49860286712646,35.21823596954346,1.0172450542449951
frame_000405,405,13.466666666666667,0,4,314.1950168609619,38.67895317077637,0.6540160179138184
frame_000405,405,13.466666666666667,0,5,349.4943323135376,62.90397357940674,0.8754186630249023
frame_000405,405,13.466666666666667,0,6,321.8085947036743,65.67254734039307,0.8499178886413574
frame_000405,405,13.466666666666667,0,7,330.8064594268799,97.51114559173584,0.8414149284362793
frame_000405,405,13.466666666666667,0,8,325.9614553451538,95.4347152709961,0.7475247383117676
frame_000405,405,13.466666666666667,0,9,305.88929557800293,73.97826862335205,0.8946645259857178
frame_000405,405,13.466666666666667,0,10,312.81072998046875,104.43257999420166,0.7764286994934082
frame_000405,405,13.466666666666667,0,11,350.87861919403076,139.03975200653076,0.7838113903999329
frame_000405,405,13.466666666666667,0,12,328.73002910614014,139.73189544677734,0.7736413478851318
frame_000405,405,13.466666666666667,0,13,357.10791015625,197.17980098724365,0.8639389276504517
frame_000405,405,13.466666666666667,0,14,307.2735824584961,184.72121906280518,0.7906026840209961
frame_000405,405,13.466666666666667,0,15,368.1822052001953,247.01412868499756,0.9647873640060425
frame_000405,405,13.466666666666667,0,16,344.6493282318115,219.32839107513428,0.8296945095062256
frame_000406,406,13.5,0,0,310.6424392064412,34.047246277332306,0.9517147541046143
frame_000406,406,13.5,0,1,315.8676830927531,29.475157737731934,0.9626484513282776
frame_000406,406,13.5,0,2,310.6424392064412,29.475157737731934,0.9567198753356934
frame_000406,406,13.5,0,3,332.1965702374776,31.43462425470352,1.0215758085250854
frame_000406,406,13.5,0,4,330.89025926589966,32.740935266017914,0.5905932188034058
frame_000406,406,13.5,0,5,350.4849238395691,60.826622009277344,0.8818351030349731
frame_000406,406,13.5,0,6,321.74608246485394,62.132933020591736,0.844619870185852
frame_000406,406,13.5,0,7,326.97132635116577,94.13755279779434,0.8296648263931274
frame_000406,406,13.5,0,8,325.0118598937988,91.52493077516556,0.7178786993026733
frame_000406,406,13.5,0,9,304.7640398343404,64.09239953756332,0.9141243100166321
frame_000406,406,13.5,0,10,314.5613721211751,100.0159523487091,0.7756670713424683
frame_000406,406,13.5,0,11,350.4849238395691,138.55212718248367,0.8100206851959229
frame_000406,406,13.5,0,12,327.62448183695477,138.55212718248367,0.7940144538879395
frame_000406,406,13.5,0,13,359.62910064061487,194.07034516334534,0.8215276002883911
frame_000406,406,13.5,0,14,309.9892837206523,184.9261680841446,0.7857709527015686
frame_000406,406,13.5,0,15,373.9985213279724,242.40385258197784,0.9487127065658569
frame_000406,406,13.5,0,16,339.38128058115643,229.34074246883392,0.8954411745071411
frame_000407,407,13.533333333333333,0,0,313.3430585861206,32.00864112377167,0.8917201161384583
frame_000407,407,13.533333333333333,0,1,318.1727075576782,27.17899191379547,0.8942420482635498
frame_000407,407,13.533333333333333,0,2,311.73317559560144,27.17899191379547,0.9974825978279114
frame_000407,407,13.533333333333333,0,3,333.4665959676107,29.59381651878357,0.9376732110977173
frame_000407,407,13.533333333333333,0,4,312.53811709086096,32.8135826587677,0.6738731265068054
frame_000407,407,13.533333333333333,0,5,350.3703673680623,56.96182870864868,0.8528791666030884
frame_000407,407,13.533333333333333,0,6,322.1974150339762,60.986536383628845,0.8169569969177246
frame_000407,407,13.533333333333333,0,7,326.2221225102743,91.57431471347809,0.839385986328125
frame_000407,407,13.533333333333333,0,8,327.83200550079346,93.18419778347015,0.6766623258590698
frame_000407,407,13.533333333333333,0,9,306.0985851287842,60.18159484863281,0.9329564571380615
frame_000407,407,13.533333333333333,0,10,314.14800008138025,99.62373006343842,0.7106491327285767
frame_000407,407,13.533333333333333,0,11,348.76048437754315,126.99174225330353,0.7571567296981812
frame_000407,407,13.533333333333333,0,12,327.0270640055338,128.6016253232956,0.750967264175415
frame_000407,407,13.533333333333333,0,13,359.22472381591797,190.5821235179901,0.8051146268844604
frame_000407,407,13.533333333333333,0,14,314.14800008138025,184.94753277301788,0.764661431312561
frame_000407,407,13.533333333333333,0,15,378.54331970214844,234.8539079427719,0.8456073999404907
frame_000407,407,13.533333333333333,0,16,334.27153746287024,239.6835571527481,0.8347973823547363
frame_000408,408,13.566666666666666,0,0,313.66902327537537,33.8311105966568,0.9136176705360413
frame_000408,408,13.566666666666666,0,1,317.77866864204407,29.03652447462082,0.9179106950759888
frame_000408,408,13.566666666666666,0,2,312.98408238093054,29.03652447462082,0.9224068522453308
frame_000408,408,13.566666666666666,0,3,334.2172501087189,31.091347098350525,0.975354790687561
frame_000408,408,13.566666666666666,0,4,316.40878685315454,33.8311105966568,0.5832551717758179
frame_000408,408,13.566666666666666,0,5,351.34077246983844,59.17392295598984,0.8567931652069092
frame_000408,408,13.566666666666666,0,6,324.62807758649194,61.91368645429611,0.7969469428062439
frame_000408,408,13.566666666666666,0,7,330.10760474205017,93.42096668481827,0.7808746099472046
frame_000408,408,13.566666666666666,0,8,326.6829002698263,92.05108493566513,0.6789990663528442
frame_000408,408,13.566666666666666,0,9,306.8196143309275,63.96850907802582,0.8658437728881836
frame_000408,408,13.566666666666666,0,10,312.29914148648584,98.21555280685425,0.7791010737419128
frame_000408,408,13.566666666666666,0,11,349.9708906809489,130.40777391195297,0.7069143056869507
frame_000408,408,13.566666666666666,0,12,328.0527820587158,132.46259653568268,0.7142000198364258
frame_000408,408,13.566666666666666,0,13,349.2859497865041,192.73739349842072,0.7630547285079956
frame_000408,408,13.566666666666666,0,14,320.51843221982324,189.99763000011444,0.73100745677948
frame_000408,408,13.566666666666666,0,15,380.7932309309642,225.614555478096,0.8597992658615112
frame_000408,408,13.566666666666666,0,16,330.792545636495,248.90254521369934,0.8911331295967102
frame_000409,409,13.6,0,0,315.24664974212646,38.406081557273865,0.8636471033096313
frame_000409,409,13.6,0,1,319.13307086626685,33.74237632751465,0.8720568418502808
frame_000409,409,13.6,0,2,313.69208129247033,33.74237632751465,0.8891724348068237
frame_000409,409,13.6,0,3,334.6787553628286,34.51966053247452,0.9613901376724243
frame_000409,409,13.6,0,4,315.24664974212646,38.406081557273865,0.6834241151809692
frame_000409,409,13.6,0,5,351.77900830904645,61.724607706069946,0.8454324007034302
frame_000409,409,13.6,0,6,325.3513446648916,65.6110287308693,0.795606255531311
frame_000409,409,13.6,0,7,334.6787553628286,99.03424954414368,0.7755167484283447
frame_000409,409,13.6,0,8,325.3513446648916,95.9251127243042,0.7027212381362915
frame_000409,409,13.6,0,9,307.4738074938456,74.93843919038773,0.8520815372467041
frame_000409,409,13.6,0,10,310.58294439315796,102.92067056894302,0.7669776678085327
frame_000409,409,13.6,0,11,349.4471556345622,134.0120387673378,0.7210673689842224
frame_000409,409,13.6,0,12,328.46048156420386,134.78932297229767,0.7213704586029053
frame_000409,409,13.6,0,13,342.4515976111094,196.97205936908722,0.7815983295440674
frame_000409,409,13.6,0,14,323.79677621523535,193.08563834428787,0.7412923574447632
frame_000409,409,13.6,0,15,380.53852462768555,217.18144869804382,0.84046870470047
frame_000409,409,13.6,0,16,330.0150500138601,256.0456589460373,0.8718460202217102
frame_000410,410,13.633333333333333,0,0,315.691092411677,44.29566836357117,0.8774666786193848
frame_000410,410,13.633333333333333,0,1,320.38196889559424,39.60479199886322,0.8845854997634888
frame_000410,410,13.633333333333333,0,2,314.90927966435754,39.60479199886322,0.8756582736968994
frame_000410,410,13.633333333333333,0,3,336.0182238419851,40.386604726314545,0.9855592250823975
frame_000410,410,13.633333333333333,0,4,315.691092411677,44.29566836357117,0.7047833204269409
frame_000410,410,13.633333333333333,0,5,354.781729777654,67.7500501871109,0.8819243311882019
frame_000410,410,13.633333333333333,0,6,324.291032632192,70.8773010969162,0.8234810829162598
frame_000410,410,13.633333333333333,0,7,343.05453856786096,104.49524837732315,0.810784637928009
frame_000410,410,13.633333333333333,0,8,325.85465812683105,102.14981019496918,0.7422288656234741
frame_000410,410,13.633333333333333,0,9,311.78202867507935,86.51355564594269,0.8441420793533325
frame_000410,410,13.633333333333333,0,10,308.65477768580115,106.84068655967712,0.7899095416069031
frame_000410,410,13.633333333333333,0,11,350.87266604105633,142.02225929498672,0.7526073455810547
frame_000410,410,13.633333333333333,0,12,329.7637218634287,142.80407202243805,0.7468979358673096
frame_000410,410,13.633333333333333,0,13,336.0182238419851,202.2218393087387,0.7529796361923218
frame_000410,410,13.633333333333333,0,14,321.9455943902334,200.65821385383606,0.7533620595932007
frame_000410,410,13.633333333333333,0,15,375.8906739552815,213.94903022050858,0.8482431173324585
frame_000410,410,13.633333333333333,0,16,329.7637218634287,259.2941684126854,0.8936147093772888
frame_000411,411,13.666666666666666,0,0,316.6089274088542,50.96382713317871,0.8976528644561768
frame_000411,411,13.666666666666666,0,1,322.1777175267537,46.19057869911194,0.9198330640792847
frame_000411,411,13.666666666666666,0,2,315.81338596343994,46.19057869911194,0.8976487517356873
frame_000411,411,13.666666666666666,0,3,337.293004989624,47.78166151046753,1.030414342880249
frame_000411,411,13.666666666666666,0,4,316.6089274088542,50.96382713317871,0.7479596138000488
frame_000411,411,13.666666666666666,0,5,355.59045823415124,74.03452789783478,0.8970615863800049
frame_000411,411,13.666666666666666,0,6,322.97325897216797,78.80777633190155,0.8580436110496521
frame_000411,411,13.666666666666666,0,7,349.2261266708374,115.40268099308014,0.8908439874649048
frame_000411,411,13.666666666666666,0,8,323.7688004175822,110.62943255901337,0.7197046279907227
frame_000411,411,13.666666666666666,0,9,315.81338596343994,107.44726693630219,0.7854170799255371
frame_000411,411,13.666666666666666,0,10,305.471347173055,113.81159818172455,0.7082334756851196
frame_000411,411,13.666666666666666,0,11,351.6127510070801,148.81542003154755,0.7653427124023438
frame_000411,411,13.666666666666666,0,12,329.33759053548175,148.81542003154755,0.7562693953514099
frame_000411,411,13.666666666666666,0,13,329.33759053548175,203.70777702331543,0.7240456938743591
frame_000411,411,13.666666666666666,0,14,318.2000102996826,203.70777702331543,0.7491949200630188
frame_000411,411,13.666666666666666,0,15,368.3191213607788,208.4810254573822,0.8432919383049011
frame_000411,411,13.666666666666666,0,16,332.5197563171387,261.7822996377945,0.8684964179992676
frame_000412,412,13.7,0,0,314.9908568064372,55.6056934595108,0.927706778049469
frame_000412,412,13.7,0,1,320.5069621404012,50.8776034116745,0.9337400197982788
frame_000412,412,13.7,0,2,314.9908568064372,50.8776034116745,0.9455106854438782
frame_000412,412,13.7,0,3,335.479248046875,53.24164843559265,1.0508043766021729
frame_000412,412,13.7,0,4,317.35490194956463,56.39370846748352,0.7457545399665833
frame_000412,412,13.7,0,5,355.96763928731286,80.03415870666504,0.9079923629760742
frame_000412,412,13.7,0,6,322.0829922358195,83.97423374652863,0.8932439684867859
frame_000412,412,13.7,0,7,354.39160919189453,120.22292411327362,0.9072349071502686
frame_000412,412,13.7,0,8,321.29497718811035,115.49483406543732,0.7515908479690552
frame_000412,412,13.7,0,9,323.6590223312378,120.22292411327362,0.7367264032363892
frame_000412,412,13.7,0,10,301.59460099538165,119.4349091053009,0.7852556705474854
frame_000412,412,13.7,0,11,348.0874888102213,157.25962948799133,0.7639269828796387
frame_000412,412,13.7,0,12,327.5990975697835,157.25962948799133,0.7601715326309204
frame_000412,412,13.7,0,13,317.35490194956463,205.3285449743271,0.6935261487960815
frame_000412,412,13.7,0,14,316.56688690185547,210.0566350221634,0.7310587763786316
frame_000412,412,13.7,0,15,362.27175966898596,206.90457499027252,0.7458744049072266
frame_000412,412,13.7,0,16,337.05527814229333,262.06562554836273,0.815360426902771
frame_000413,413,13.733333333333333,0,0,314.06410455703735,59.3895001411438,0.9612815380096436
frame_000413,413,13.733333333333333,0,1,318.6974768638611,54.75612783432007,0.9906708002090454
frame_000413,413,13.733333333333333,0,2,312.51964712142944,54.75612783432007,0.991571843624115
frame_000413,413,13.733333333333333,0,3,333.36982250213623,56.30058526992798,0.9878528118133545
frame_000413,413,13.733333333333333,0,4,315.60856199264526,58.617271423339844,0.7606998682022095
frame_000413,413,13.733333333333333,0,5,355.7644553184509,82.55636167526245,0.9071140289306641
frame_000413,413,13.733333333333333,0,6,319.46970558166504,85.64527654647827,0.9021992087364197
frame_000413,413,13.733333333333333,0,7,363.4867424964905,123.48448371887207,0.9364360570907593
frame_000413,413,13.733333333333333,0,8,317.92524814605713,118.85111141204834,0.8563930988311768
frame_000413,413,13.733333333333333,0,9,336.45873737335205,130.43454217910767,0.6585107445716858
frame_000413,413,13.733333333333333,0,10,295.53061532974243,120.39556884765625,0.8560006022453308
frame_000413,413,13.733333333333333,0,11,348.0421681404114,156.69031858444214,0.7348840236663818
frame_000413,413,13.733333333333333,0,12,326.41976404190063,156.69031858444214,0.7463018894195557
frame_000413,413,13.733333333333333,0,13,316.3807907104492,203.02404165267944,0.6260590553283691
frame_000413,413,13.733333333333333,0,14,318.6974768638611,209.97410011291504,0.6723500490188599
frame_000413,413,13.733333333333333,0,15,356.5366840362549,209.97410011291504,0.7365459203720093
frame_000413,413,13.733333333333333,0,16,343.40879583358765,260.9411954879761,0.7565338611602783
frame_000414,414,13.766666666666666,0,0,311.25684897104895,57.424776911735535,0.979562520980835
frame_000414,414,13.766666666666666,0,1,316.65553617477417,52.79733049869537,1.0019028186798096
frame_000414,414,13.766666666666666,0,2,310.48560794194543,53.5685715675354,0.9880810976028442
frame_000414,414,13.766666666666666,0,3,331.3091157277425,55.88229477405548,0.996842622756958
frame_000414,414,13.766666666666666,0,4,313.57057205835974,58.19601798057556,0.7474141120910645
frame_000414,414,13.766666666666666,0,5,355.21758762995404,80.56200897693634,0.9078673124313354
frame_000414,414,13.766666666666666,0,6,316.65553617477417,83.64697325229645,0.9178621768951416
frame_000414,414,13.766666666666666,0,7,371.41364924112963,119.89530348777771,0.9695045948028564
frame_000414,414,13.766666666666666,0,8,312.0280900001526,120.66654455661774,0.898601233959198
frame_000414,414,13.766666666666666,0,9,346.73393630981445,135.32012486457825,0.7128996253013611
frame_000414,414,13.766666666666666,0,10,291.9758232434591,116.8103392124176,0.8671889305114746
frame_000414,414,13.766666666666666,0,11,346.73393630981445,156.14363372325897,0.7365669012069702
frame_000414,414,13.766666666666666,0,12,325.91042852401733,156.14363372325897,0.7278335094451904
frame_000414,414,13.766666666666666,0,13,312.0280900001526,200.1043746471405,0.6851539015769958
frame_000414,414,13.766666666666666,0,14,326.68166955312097,211.6729906797409,0.6840357780456543
frame_000414,414,13.766666666666666,0,15,352.90386454264325,210.90174961090088,0.7833551168441772
frame_000414,414,13.766666666666666,0,16,351.36138248443604,258.71869587898254,0.7439126968383789
frame_000415,415,13.799999999999999,0,0,310.88858675956726,51.80966544151306,0.9710106253623962
frame_000415,415,13.799999999999999,0,1,316.3985643386841,47.87396717071533,1.0040922164916992
frame_000415,415,13.799999999999999,0,2,309.31430745124817,47.87396717071533,0.9778635501861572
frame_000415,415,13.799999999999999,0,3,331.35421776771545,51.022525787353516,1.0202550888061523
frame_000415,415,13.799999999999999,0,4,312.46286606788635,53.38394474983215,0.7389784455299377
frame_000415,415,13.799999999999999,0,5,355.7555470466614,76.21099472045898,0.8973844051361084
frame_000415,415,13.799999999999999,0,6,314.03714537620544,79.35955333709717,0.9405003190040588
frame_000415,415,13.799999999999999,0,7,379.36973667144775,110.845139503479,0.9672605991363525
frame_000415,415,13.799999999999999,0,8,306.95288848876953,117.14225673675537,0.9627693891525269
frame_000415,415,13.799999999999999,0,9,354.96840739250183,132.09791016578674,0.8252087831497192
frame_000415,415,13.799999999999999,0,10,290.42295575141907,108.48372054100037,0.9065552353858948
frame_000415,415,13.799999999999999,0,11,345.5227315425873,153.35068082809448,0.7948511838912964
frame_000415,415,13.799999999999999,0,12,327.4185194969177,153.35068082809448,0.7632343769073486
frame_000415,415,13.799999999999999,0,13,310.1014471054077,190.34624457359314,0.6913847923278809
frame_000415,415,13.799999999999999,0,14,334.50277638435364,206.8761773109436,0.6693960428237915
frame_000415,415,13.799999999999999,0,15,347.0970108509064,210.81187558174133,0.688878059387207
frame_000415,415,13.799999999999999,0,16,357.32982635498047,254.10455656051636,0.7584971189498901
frame_000416,416,13.833333333333334,0,0,310.48015340169275,46.14987874031067,0.9572423100471497
frame_000416,416,13.833333333333334,0,1,316.0977541605631,42.137306571006775,0.9881064295768738
frame_000416,416,13.833333333333334,0,2,308.875124613444,42.137306571006775,0.9714868068695068
frame_000416,416,13.833333333333334,0,3,331.3455276489258,44.54484987258911,1.0358209609985352
frame_000416,416,13.833333333333334,0,4,311.282667795817,46.95239317417145,0.7250604629516602
frame_000416,416,13.833333333333334,0,5,356.2234738667806,69.42279732227325,0.9049072265625
frame_000416,416,13.833333333333334,0,6,312.8876965840658,73.43536949157715,0.9780986309051514
frame_000416,416,13.833333333333334,0,7,384.3114776611328,97.51080250740051,0.970691442489624
frame_000416,416,13.833333333333334,0,8,303.2575238545736,112.75857675075531,0.9673252105712891
frame_000416,416,13.833333333333334,0,9,365.05113220214844,122.38874995708466,0.9285173416137695
frame_000416,416,13.833333333333334,0,10,289.6147791544596,99.11583137512207,0.9105479717254639
frame_000416,416,13.833333333333334,0,11,346.5933011372884,147.2666974067688,0.8197120428085327
frame_000416,416,13.833333333333334,0,12,328.13547007242835,148.06921184062958,0.7920265197753906
frame_000416,416,13.833333333333334,0,13,308.875124613444,184.9848757982254,0.6768711805343628
frame_000416,416,13.833333333333334,0,14,343.383243560791,203.44270777702332,0.7666612863540649
frame_000416,416,13.833333333333334,0,15,343.383243560791,216.28293871879578,0.7900227308273315
frame_000416,416,13.833333333333334,0,16,365.8536465962727,251.59357380867004,0.8677865266799927
frame_000417,417,13.866666666666667,0,0,311.2403127352396,41.61985784769058,0.9192218780517578
frame_000417,417,13.866666666666667,0,1,316.8749248981476,36.790190398693085,0.9591763019561768
frame_000417,417,13.866666666666667,0,2,308.82547895113623,36.790190398693085,0.9206111431121826
frame_000417,417,13.866666666666667,0,3,332.1688721974691,38.40007954835892,0.962934136390686
frame_000417,417,13.866666666666667,0,4,311.2403127352396,40.814913272857666,0.7319943904876709
frame_000417,417,13.866666666666667,0,5,356.317210038503,64.15830594301224,0.8535314798355103
frame_000417,417,13.866666666666667,0,6,311.2403127352396,67.3780842423439,0.942823588848114
frame_000417,417,13.866666666666667,0,7,389.3199384212494,87.50169861316681,0.924889087677002
frame_000417,417,13.866666666666667,0,8,300.776033004125,106.8203684091568,0.9171801805496216
frame_000417,417,13.866666666666667,0,9,371.6111573378246,111.6500358581543,0.9320348501205444
frame_000417,417,13.866666666666667,0,10,291.1166978677114,89.91653233766556,0.8565118312835693
frame_000417,417,13.866666666666667,0,11,347.4628194967906,139.01815140247345,0.7823214530944824
frame_000417,417,13.866666666666667,0,12,328.1441492239634,141.4329851269722,0.7599629163742065
frame_000417,417,13.866666666666667,0,13,308.0205343564352,178.46043556928635,0.7320196628570557
frame_000417,417,13.866666666666667,0,14,345.0479857126872,200.19393908977509,0.794657826423645
frame_000417,417,13.866666666666667,0,15,336.9985397656759,229.17194378376007,0.7827726006507874
frame_000417,417,13.866666666666667,0,16,369.1963235537212,245.2708352804184,0.8591244220733643
frame_000418,418,13.9,0,0,310.7442698478699,36.8135302066803,0.9480610489845276
frame_000418,418,13.9,0,1,316.35782122612,32.001914739608765,1.009368896484375
frame_000418,418,13.9,0,2,309.9423339366913,32.001914739608765,1.00163996219635
frame_000418,418,13.9,0,3,331.5946035385132,35.20965838432312,0.9940343499183655
frame_000418,418,13.9,0,4,310.7442698478699,36.01159429550171,0.7218735218048096
frame_000418,418,13.9,0,5,357.256552696228,60.069671630859375,0.8655822277069092
frame_000418,418,13.9,0,6,311.54620575904846,65.6832230091095,0.9717983603477478
frame_000418,418,13.9,0,7,391.73979687690735,80.1180694103241,0.9497538208961487
frame_000418,418,13.9,0,8,297.91329526901245,101.770339012146,0.9054625630378723
frame_000418,418,13.9,0,9,374.0972068309784,104.97808265686035,0.9233595132827759
frame_000418,418,13.9,0,10,289.092000246048,88.13742852210999,0.8745471239089966
frame_000418,418,13.9,0,11,346.8313858509064,138.65939092636108,0.813037633895874
frame_000418,418,13.9,0,12,329.1887958049774,141.06519865989685,0.7832938432693481
frame_000418,418,13.9,0,13,313.15007758140564,183.56780195236206,0.7669501304626465
frame_000418,418,13.9,0,14,346.8313858509064,196.39877653121948,0.8141068816184998
frame_000418,418,13.9,0,15,331.5946035385132,238.0994439125061,0.8554514646530151
frame_000418,418,13.9,0,16,372.4933350086212,238.9013798236847,0.9150203466415405
frame_000419,419,13.933333333333334,0,0,312.4952299594879,35.98649102449417,0.9239698052406311
frame_000419,419,13.933333333333334,0,1,317.9971644083659,30.484556436538696,0.9663023948669434
frame_000419,419,13.933333333333334,0,2,310.92324868837994,31.270547091960907,0.9620141983032227
frame_000419,419,13.933333333333334,0,3,332.9309864838918,32.84252840280533,0.9954366683959961
frame_000419,419,13.933333333333334,0,4,312.4952299594879,35.20050036907196,0.6971160173416138
frame_000419,419,13.933333333333334,0,5,359.65466809272766,57.99422937631607,0.8340576887130737
frame_000419,419,13.933333333333334,0,6,313.28122059504193,62.710173308849335,0.9245473146438599
frame_000419,419,13.933333333333334,0,7,394.2382560571035,76.85800510644913,0.8963284492492676
frame_000419,419,13.933333333333334,0,8,299.91937979062396,99.65173411369324,0.8394049406051636
frame_000419,419,13.933333333333334,0,9,375.3744808038076,102.00970607995987,0.8753869533538818
frame_000419,419,13.933333333333334,0,10,291.27348279953003,91.79182755947113,0.8143597841262817
frame_000419,419,13.933333333333334,0,11,347.8648085594177,132.6633416414261,0.7575477361679077
frame_000419,419,13.933333333333334,0,12,326.64306139945984,135.02131360769272,0.7391833662986755
frame_000419,419,13.933333333333334,0,13,329.0010333061218,183.75273424386978,0.6837462186813354
frame_000419,419,13.933333333333334,0,14,334.5029677549998,191.6126407980919,0.7271252274513245
frame_000419,419,13.933333333333334,0,15,323.49909885724384,250.5619399547577,0.6621636152267456
frame_000419,419,13.933333333333334,0,16,374.58849016825354,230.1261829137802,0.7624950408935547
frame_000420,420,13.966666666666667,0,0,314.3329391479492,36.27829360961914,0.9433224201202393
frame_000420,420,13.966666666666667,0,1,318.90641593933105,31.704816818237305,0.9917763471603394
frame_000420,420,13.966666666666667,0,2,312.8084468841553,31.704816818237305,0.9797390103340149
frame_000420,420,13.966666666666667,0,3,334.9135847091675,33.99155521392822,1.0073070526123047
frame_000420,420,13.966666666666667,0,4,314.3329391479492,36.27829360961914,0.6785130500793457
frame_000420,420,13.966666666666667,0,5,360.0677070617676,59.14567756652832,0.8253464698791504
frame_000420,420,13.966666666666667,0,6,315.0951852798462,63.719154357910156,0.9230587482452393
frame_000420,420,13.966666666666667,0,7,395.8932752609253,78.96407699584961,0.9262706637382507
frame_000420,420,13.966666666666667,0,8,302.13700103759766,99.54472255706787,0.8450952768325806
frame_000420,420,13.966666666666667,0,9,373.7881374359131,104.1181993484497,0.8933873772621155
frame_000420,420,13.966666666666667,0,10,292.990047454834,95.73349189758301,0.8466137051582336
frame_000420,420,13.966666666666667,0,11,348.634015083313,135.3702907562256,0.7585152983665466
frame_000420,420,13.966666666666667,0,12,327.29112339019775,138.41927528381348,0.7390040159225464
frame_000420,420,13.966666666666667,0,13,331.1023540496826,190.25201225280762,0.7164255380630493
frame_000420,420,13.966666666666667,0,14,330.34010791778564,193.3009967803955,0.7065508365631104
frame_000420,420,13.966666666666667,0,15,322.7176465988159,223.7908420562744,0.5876059532165527
frame_000420,420,13.966666666666667,0,16,376.074875831604,220.74185752868652,0.5999906659126282
frame_000421,421,14.0,0,0,317.0264980792999,41.0223662853241,0.9283926486968994
frame_000421,421,14.0,0,1,321.74072432518005,36.30814003944397,0.967178225517273
frame_000421,421,14.0,0,2,313.8836805820465,36.30814003944397,0.9570633172988892
frame_000421,421,14.0,0,3,337.45481181144714,37.093844413757324,1.0203025341033936
frame_000421,421,14.0,0,4,315.4550893306732,40.23666191101074,0.7029667496681213
frame_000421,421,14.0,0,5,361.0259430408478,63.80779314041138,0.8496845960617065
frame_000421,421,14.0,0,6,316.2407937049866,67.73631501197815,0.9289672374725342
frame_000421,421,14.0,0,7,394.02552676200867,88.16462874412537,0.9196915626525879
frame_000421,421,14.0,0,8,306.02663683891296,103.0930118560791,0.8364623785018921
frame_000421,421,14.0,0,9,368.09728240966797,110.16435122489929,0.9059190154075623
frame_000421,421,14.0,0,10,295.81247997283936,103.87871623039246,0.8164055347442627
frame_000421,421,14.0,0,11,350.0260818004608,140.02111744880676,0.7777636051177979
frame_000421,421,14.0,0,12,328.0263593196869,142.37823057174683,0.7577248215675354
frame_000421,421,14.0,0,13,330.38347244262695,191.0919017791748,0.6919560432434082
frame_000421,421,14.0,0,14,328.0263593196869,198.94894552230835,0.697756290435791
frame_000421,421,14.0,0,15,375.16862177848816,210.73451113700867,0.6454877853393555
frame_000421,421,14.0,0,16,322.5264286994934,259.44818234443665,0.6022400856018066
