frame_name,person_id,left_knee_angle,right_knee_angle,left_hip_angle,right_hip_angle,trunk_lean_angle,knee_angle_asymmetry,hip_angle_asymmetry,mean_pose_confidence,low_confidence_flag
frame_000000.jpg,0,99.25244605035317,79.48583359820117,166.47224683247111,148.1967196162276,1.3818897475633365,19.766612452152003,18.275527216243518,0.8052948222440832,False
frame_000001.jpg,0,129.19930815809164,74.7440757926341,170.49729960909679,147.1834630236399,1.0405943950746412,54.45523236545753,23.313836585456897,0.8014912850716535,False
frame_000002.jpg,0,141.86352012218768,78.88640316642164,173.46306620791242,146.65714843415984,0.7729859681439226,62.977116955766036,26.805917773752583,0.834410267717698,False
frame_000003.jpg,0,157.76177241327974,74.20662170008596,179.36878813005666,146.41418060212973,0.40307674829214096,83.55515071319378,32.954607527926925,0.8576873225324294,False
frame_000004.jpg,0,168.55736634992772,96.42690417957442,175.30230773307926,149.07031850444397,0.2929654122868057,72.1304621703533,26.231989228635285,0.8638849083115073,False
frame_000005.jpg,0,168.19918107652768,117.75708095120058,172.8166923738658,154.68072090098306,0.12022259230664453,50.4421001253271,18.135971472882744,0.874033998040592,False
frame_000006.jpg,0,161.24634683348415,137.64656330915022,172.9641510623467,160.84454661778065,0.18234009507334142,23.59978352433393,12.11960444456605,0.8565943206057829,False
frame_000007.jpg,0,148.43565604109844,152.6249892261395,174.36232980500782,166.16348216813537,0.43179809503829053,4.1893331850410505,8.198847636872443,0.8107699366176829,False
frame_000008.jpg,0,130.40056270007346,159.72283971326186,177.4916740622251,168.67178651116552,0.8293128613444609,29.322277013188398,8.819887551059566,0.816291332244873,False
frame_000009.jpg,0,108.01500551179389,161.14939475737637,177.44924743607297,169.91422821401588,1.2096279901735885,53.13438924558248,7.5350192220570875,0.8210136364488041,False
frame_000010.jpg,0,87.71201844802411,158.3158121167792,171.73178756401725,170.195646805963,1.7482851683176985,70.60379366875509,1.5361407580542448,0.8127311888863059,False
frame_000011.jpg,0,73.78147421204632,152.451899094917,167.08863815514624,170.2204887535053,2.378776003492732,78.67042488287068,3.131850598359051,0.8050204024595373,False
frame_000012.jpg,0,65.8541471905333,149.45653120950945,161.79708540872852,171.24478622790323,2.556736843113589,83.60238401897615,9.447700819174713,0.8301814268617069,False
frame_000013.jpg,0,64.85698156713703,151.5520285853176,157.04298178932362,174.41215616196314,2.031221151760778,86.69504701818057,17.36917437263952,0.8488484585986418,False
frame_000014.jpg,0,69.31868938302739,157.27945294813443,153.72204249213328,179.1299155316537,1.2807788109567526,87.96076356510704,25.40787303952041,0.8850347995758057,False
frame_000015.jpg,0,82.42232431268302,164.06657541047528,153.07700100390662,177.0617182971648,0.22521141799684471,81.64425109779226,23.98471729325817,0.8889493661768296,False
frame_000016.jpg,0,100.56969816714411,169.85985267566235,154.2020319105584,174.4261830324119,0.9800230897650001,69.29015450851824,20.22415112185351,0.8842516120742349,False
frame_000017.jpg,0,121.75671800216539,169.08163091218904,158.1259388584938,173.77999142158,1.7070457708610922,47.324912910023656,15.654052563086196,0.8753875634249519,False
frame_000018.jpg,0,138.17387726456008,162.78868083069815,162.77517957492873,174.28040313773522,1.7770890440241962,24.61480356613808,11.505223562806492,0.866822666981641,False
frame_000019.jpg,0,151.42648667739354,150.05294089968143,166.46022143883283,177.01041614576482,1.6007997868351833,1.3735457777121098,10.55019470693199,0.840706607874702,False
frame_000020.jpg,0,160.4985205221852,135.47535574768946,169.69501062555926,178.7811364331021,1.1240501162505943,25.02316477449574,9.086125807542828,0.8295982655356912,False
frame_000021.jpg,0,153.80607547420786,137.44414710786117,169.44546690772452,178.85326632350015,0.7093645613281451,16.36192836634669,9.407799415775628,0.8183027926613303,False
frame_000022.jpg,0,150.92167411727254,118.28695927335214,168.23501692218906,173.08696243307637,0.7218201483259146,32.634714843920406,4.851945510887305,0.8347254044869367,False
frame_000023.jpg,0,148.01585567697515,105.74437860399121,167.75766394449775,166.3111381053044,0.9743482438937363,42.27147707298394,1.446525839193356,0.833698875763837,False
frame_000024.jpg,0,147.74704662800764,96.37479256273434,169.782760569391,159.94530673042274,1.414320247633308,51.372254065273296,9.837453838968258,0.783135308938868,False
frame_000025.jpg,0,148.09103987953034,95.41914960658457,172.29276974231647,153.15889366496725,1.9233400455062897,52.671890272945774,19.133876077349214,0.8177818024859709,False
frame_000026.jpg,0,164.30246802711866,79.47364141491417,177.08459694019308,147.90721881078653,2.3168313965391767,84.8288266122045,29.17737812940655,0.8323765502256506,False
frame_000027.jpg,0,169.3380196705374,94.47005661666134,177.96528661308503,147.84212853396588,2.354398184756541,74.86796305387605,30.12315807911915,0.8540464534479029,False
frame_000028.jpg,0,170.97039149159042,112.65749793540921,174.26681958912238,152.24348489733552,2.362958624606493,58.31289355618121,22.023334691786857,0.8526155457777136,False
frame_000029.jpg,0,164.55545099795114,130.01436908164203,174.01622907326438,157.68619610827523,2.0059157226139535,34.54108191630911,16.330032964989158,0.8566316751872792,False
frame_000030.jpg,0,152.94447175557988,145.40708336951636,175.94358846872507,162.7097683720674,1.713326475540893,7.537388386063526,13.233820096657666,0.8311441891333636,False
frame_000031.jpg,0,136.15134015740566,155.3681859400158,179.56365138370802,165.8551868925345,1.3162038345711586,19.216845782610136,13.708464491173515,0.8099120890392977,False
frame_000032.jpg,0,115.47245474971618,159.7658529572065,175.04185927883097,167.00110592800317,1.0060548358515298,44.29339820749033,8.0407533508278,0.8088939821018892,False
frame_000033.jpg,0,93.2287384303801,159.09726605219478,167.09134010056727,166.87496731753654,0.5618673378472074,65.86852762181468,0.21637278303072094,0.8380602352759418,False
frame_000034.jpg,0,78.62597403311747,155.09486862157894,161.23305572362594,166.3132279670523,0.1841257183501966,76.46889458846147,5.080172243426375,0.8419273180120131,False
frame_000035.jpg,0,69.442527219499,152.17753735923552,155.4498576755962,167.03175830882768,0.004073762245710029,82.73501013973652,11.58190063323147,0.8283317018957699,False
frame_000036.jpg,0,67.10092755300668,151.9326257411054,150.30097686165945,169.0094300918157,0.18293518358350758,84.83169818809871,18.708453230156238,0.8390790048767539,False
frame_000037.jpg,0,69.75638843673455,155.43420833942596,146.61607666213666,173.10774492057396,0.5465648176313023,85.67781990269141,26.4916682584373,0.8535231737529531,False
frame_000038.jpg,0,81.51111513491561,159.5999599057657,145.13271098106026,177.1327330482145,1.2195279411467792,78.08884477085009,32.00002206715425,0.8761353317429038,False
frame_000039.jpg,0,94.69950691508181,164.37796855126444,144.9267293651193,179.37145639889675,1.8631235301479883,69.67846163618263,34.44472703377747,0.8900748876964345,False
frame_000040.jpg,0,114.80186752351685,161.64768292640835,148.9375619962336,178.89893194603295,2.0314591056387554,46.8458154028915,29.961369949799348,0.8591595747891594,False
frame_000041.jpg,0,132.5243306674258,154.59435487712457,154.59109233799384,179.28492494679347,1.8406422629195915,22.070024209698772,24.693832608799624,0.8822936696164748,False
frame_000042.jpg,0,145.98512051740533,157.98675170182804,159.38694617604673,178.53622726995792,1.3578690454948248,12.001631184422706,19.149281093911185,0.8524350979748894,False
frame_000043.jpg,0,158.09178193656246,162.09695870138648,164.11939927707883,176.28029181014332,0.46368865904168977,4.005176764824029,12.160892533064498,0.8479965609662673,False
frame_000044.jpg,0,148.7704320907415,162.8168897485999,164.56334302410124,173.36900259913224,0.3032314251571279,14.046457657858383,8.805659575031001,0.8313983468448415,False
frame_000045.jpg,0,110.49140388366892,167.09515851945463,161.9582977085976,172.095419096084,0.7702697254354572,56.603754635785705,10.137121387486388,0.8242449970806346,False
frame_000046.jpg,0,100.86692981355506,159.07571144678732,161.05010251295374,167.12107932070094,1.1670319072026478,58.20878163323226,6.070976807747201,0.8444240689277649,False
frame_000047.jpg,0,107.7581753871579,133.00999740013663,162.5948271633792,160.79266323672076,1.3874154116537984,25.25182201297872,1.8021639266584373,0.8073029623312109,False
frame_000048.jpg,0,119.265168436176,105.73437818468734,165.69919522218214,154.45560442184882,0.983542245063166,13.530790251488654,11.243590800333322,0.8089782034649569,False
frame_000049.jpg,0,142.03657775880748,87.42484592582393,172.22904441335743,149.0782158122279,0.6784558060307165,54.61173183298355,23.15082860112952,0.8506917287321651,False
frame_000050.jpg,0,161.89385528583242,76.23665414023785,178.90225705343832,145.46363020658916,0.3275763347497927,85.65720114559457,33.43862684684916,0.8487076373661265,False
frame_000051.jpg,0,168.23313553577708,95.23118325949592,175.92619608903127,148.29212316789005,0.01622053474169787,73.00195227628116,27.63407292114121,0.8791179656982422,False
frame_000052.jpg,0,167.81692544324196,117.59203145253203,173.45505463590172,154.61238534351205,0.17138135082454173,50.22489399070993,18.842669292389672,0.8808637296452242,False
frame_000053.jpg,0,162.03224074690084,137.38359431587466,172.5380994345078,160.93861509540372,0.061883647925840835,24.64864643102618,11.599484339104094,0.869855077827678,False
frame_000054.jpg,0,148.4458554570591,152.10024464624342,174.41960948490325,165.77733718001838,0.3027900104296552,3.6543891891843145,8.64227230488487,0.8230117103632759,False
frame_000055.jpg,0,130.8640235734955,159.85501388301242,177.23757975123485,168.64629697259278,0.7919923048840284,28.990990309516917,8.591282778642068,0.8603939589332131,False
frame_000056.jpg,0,107.27055432551401,161.47420883374824,177.73130116057993,170.31860747186317,1.475245002194573,54.20365450823422,7.412693688716757,0.8240705412976882,False
frame_000057.jpg,0,87.31982207887826,157.76440184235483,172.44924840909673,170.2974379831624,2.012346813572536,70.44457976347657,2.1518104259343147,0.8110929131507874,False
frame_000058.jpg,0,73.1572848516602,152.57206383451035,167.2996308556103,170.60143135226767,2.5448850264386365,79.41477898285015,3.301800496657364,0.8231415994027081,False
frame_000059.jpg,0,65.60329472132379,150.05262992279592,162.36485153289496,172.0098382237111,2.632517875713454,84.44933520147212,9.644986690816154,0.824936123455272,False
frame_000060.jpg,0,64.87932032525566,151.92969694624804,157.49879526510975,175.44559711110864,2.1695838658411826,87.05037662099238,17.94680184599889,0.8520852397469914,False
frame_000061.jpg,0,70.65816581453235,156.9644769792153,154.47797267704485,179.76882127417224,1.3817773986695687,86.30631116468295,25.290848597127393,0.8562193057116341,False
frame_000062.jpg,0,83.68447671780908,164.47002147867983,153.7439063958146,176.3656989391216,0.25574596207483036,80.78554476087075,22.62179254330698,0.8787979097927318,False
frame_000063.jpg,0,102.5504938839397,169.77013372879497,155.14119277937803,174.04028417132997,0.91117754945943,67.21963984485528,18.89909139195194,0.864371005226584,False
frame_000064.jpg,0,122.67401311881164,169.51618305445663,158.55990869832326,173.07387826384638,1.6661707084087471,46.84216993564499,14.513969565523126,0.8671616210657007,False
frame_000065.jpg,0,138.37802364941405,163.4007024494848,162.1989471296337,173.746447423905,1.959882434639493,25.022678800070764,11.547500294271316,0.8583063588422888,False
frame_000066.jpg,0,151.83386110856088,150.83807335933145,166.08972968325833,176.69555247421226,1.95621290794459,0.9957877492294358,10.605822790953937,0.8439503838034237,False
frame_000067.jpg,0,160.17203287968857,142.16343832316088,169.06065667822625,179.12781866725845,1.482813899095858,18.008594556527697,10.0671619890322,0.8470957314266878,False
frame_000068.jpg,0,152.93123023170594,144.90021717048577,168.4908784289176,178.2593961587675,1.0662201412457326,8.031013061220165,9.76851772984989,0.8196503344704124,False
frame_000069.jpg,0,145.62890625282841,124.58016330931456,167.26858991512668,172.07329355039715,1.0897683410305519,21.048742943513858,4.804703635270471,0.8146057760014254,False
frame_000070.jpg,0,142.0262900158411,107.45057240858031,167.46840135095886,165.47774213465723,1.2887960641736276,34.5757176072608,1.9906592163016228,0.834723735556883,False
frame_000071.jpg,0,140.259032201125,98.40869084566035,169.35611784961588,159.55670743318296,1.7194263225625483,41.85034135546465,9.79941041643292,0.7797084924052743,False
frame_000072.jpg,0,139.00771592352933,93.94038919703264,171.83938914444462,153.7683339636683,2.167869662787893,45.06732672649669,18.071055180776312,0.7973746797617745,False
frame_000073.jpg,0,160.1663379016495,78.79830436120517,176.7037727546213,148.76014712037008,2.599198046686463,81.36803354044434,27.94362563425122,0.8460553113152,False
frame_000074.jpg,0,169.26981415455336,92.84976108060098,178.27307626823932,148.99999698144532,2.5794240249109888,76.42005307395237,29.273079286794,0.8441134200376623,False
frame_000075.jpg,0,170.7060577375083,111.22276480983311,174.7842107699861,152.8879510635719,2.429022226664455,59.483292927675194,21.896259706414185,0.8642061633222243,False
frame_000076.jpg,0,163.88170259584922,129.4517064026215,174.6145118410201,157.6911596836923,2.220629704666459,34.42999619322771,16.9233521573278,0.8572937180014217,False
frame_000077.jpg,0,152.61125904987378,145.0122768598443,176.2959343164926,162.59198881131618,1.9248243746350389,7.5989821900294885,13.70394550517642,0.8174818193211275,False
frame_000078.jpg,0,135.92158707296608,155.24137247650793,179.52066282747552,165.74012724070084,1.4201263802922137,19.319785403541857,13.780535586774675,0.8475416548111859,False
frame_000079.jpg,0,114.77206739692187,158.9875769187713,174.81722573717244,166.33249054200715,1.1563135004565577,44.21550952184944,8.484735195165285,0.8134113900801715,False
frame_000080.jpg,0,92.95708040035612,158.06778493891142,167.01996000369783,165.7254772391565,0.8273321025840131,65.1107045385553,1.2944827645413284,0.8431186711086947,False
frame_000081.jpg,0,79.29478728853792,153.78606660234342,161.18083230594942,164.97738551507243,0.36656155002443463,74.4912793138055,3.7965532091230045,0.8242693017510807,False
frame_000082.jpg,0,70.252964261386,150.42092107383579,155.14841974778133,165.2854771438738,0.18317089150267485,80.16795681244979,10.137057396092473,0.8267661087653216,False
frame_000083.jpg,0,68.06625041688615,149.9208268195879,150.13911194325408,167.24260921720432,0.304757106556626,81.85457640270174,17.10349727395024,0.8279541871126961,False
frame_000084.jpg,0,71.34186885276704,154.0324784299498,146.6509596671645,171.65088031228805,0.6680249738226901,82.69060957718277,24.999920645123552,0.8564593862084782,False
frame_000085.jpg,0,82.40733038819428,158.86112879539516,145.2238179513008,176.2102251192378,1.284021710940643,76.45379840720088,30.986407167937017,0.8645359628340777,False
frame_000086.jpg,0,95.38662084207263,163.5937495995662,145.36897777365826,179.87219990081337,1.8144854151218217,68.20712875749356,34.50322212715511,0.8882546880665947,False
frame_000087.jpg,0,115.84991220783996,161.10282704576122,149.93736932048427,179.48508107497798,2.049894076063748,45.25291483792125,29.54771175449372,0.8564541374935823,False
frame_000088.jpg,0,133.3220118855381,154.02516426718304,155.31745511523627,179.87925378946764,1.9199569043965692,20.70315238164494,24.56179867423137,0.8868745495291317,False
frame_000089.jpg,0,147.48241611856938,151.0084942584028,159.88176882759984,178.46538375235778,1.4314968339139011,3.52607813983343,18.58361492475794,0.8508739892174216,False
frame_000090.jpg,0,147.21645052644286,156.9415475284427,164.23854707926765,176.4608705924382,0.5879425376433994,9.725097001999842,12.22232351317055,0.8369856757276198,False
frame_000091.jpg,0,137.30445136041007,159.07590947402736,164.73652031038293,173.65100522463797,0.24327099657604478,21.771458113617285,8.914484914255041,0.8413614139837378,False
frame_000092.jpg,0,109.85282834504812,166.40056754362988,161.3079403917173,173.15115700008712,0.7114424650179196,56.54773919858175,11.84321660836983,0.8344190225881689,False
frame_000093.jpg,0,82.84590074200561,157.2518425690495,159.9046462996982,167.84854576158028,1.0486546352582984,74.40594182704389,7.943899461882097,0.8580326367827023,False
frame_000094.jpg,0,76.74366618786254,134.68359636816808,161.60978063438867,161.319586311033,1.3483570485889165,57.93993018030554,0.29019432335567785,0.8247641815858728,False
frame_000095.jpg,0,99.8007926457113,105.56479488205268,164.9801993577325,154.49134295480346,1.1112506765744905,5.764002236341383,10.48885640292903,0.8209286893115324,False
frame_000096.jpg,0,129.39127922613892,86.68106487606956,171.32899462170633,149.27006785233138,0.7511367893835581,42.710214350069364,22.05892676937495,0.845141193445991,False
frame_000097.jpg,0,156.34371384429681,75.21782092556475,178.73622197688246,144.9663951984503,0.46139699710998683,81.12589291873206,33.76982677843216,0.8806461656794828,False
frame_000098.jpg,0,167.8210334200947,94.12688533703381,175.9427160372039,147.78114060903113,0.18205361391590383,73.69414808306088,28.161575428172767,0.8773440999143264,False
frame_000099.jpg,0,168.33274043673603,115.68612777240176,173.02809660029905,154.39807105861811,0.07087085349826784,52.64661266433427,18.630025541680936,0.8746784329414368,False
frame_000100.jpg,0,162.2293920279041,136.7839342134775,172.72755058635533,160.92635854644166,0.13035514342845966,25.445457814426618,11.801192039913673,0.8653619955567753,False
frame_000101.jpg,0,148.81878297526058,151.56709148858687,174.66477716718643,165.84988039106156,0.3732570938535642,2.7483085133262932,8.814896776124868,0.84396892786026,False
frame_000102.jpg,0,130.8339017431004,158.9896791309239,177.57712749533133,168.43993553609934,0.7973109298389579,28.15577738782349,9.137191959231984,0.8278848143184886,False
frame_000103.jpg,0,107.64534947067531,160.84536296941835,177.05576749651328,169.8807453298957,1.3613901980678695,53.20001349874303,7.175022166617595,0.8312915773952708,False
frame_000104.jpg,0,87.9061639589867,157.15127757714973,171.66123171940475,169.90070570736555,1.9679338001856888,69.24511361816303,1.7605260120392074,0.8211132147732902,False
frame_000105.jpg,0,73.68817888844748,152.64717537222955,167.06611866767773,170.46756439286048,2.5873865390709136,78.95899648378207,3.4014457251827537,0.8190594210344202,False
frame_000106.jpg,0,66.23211119096045,149.59494140450872,162.34389061286566,171.18778730895133,2.549186734657519,83.36283021354826,8.843896696085665,0.8203000426292419,False
frame_000107.jpg,0,65.88055919019787,151.116335585673,158.44699306067577,174.39950726106403,2.1593663814473136,85.23577639547513,15.952514200388265,0.8614495361552519,False
frame_000108.jpg,0,71.16320701476461,156.99214284078283,155.49106046244964,178.93818485576998,1.2464405470586655,85.82893582601822,23.447124393320337,0.8714668189778048,False
frame_000109.jpg,0,84.41051282292726,164.74421025384896,154.33502734705513,176.80662836475256,0.06962945075398692,80.3336974309217,22.471601017697424,0.8798159641378066,False
frame_000110.jpg,0,103.02060529487044,169.43984595743996,155.3330250756634,174.69182788174987,1.1448302633781993,66.41924066256952,19.358802806086487,0.8777570549179526,False
frame_000111.jpg,0,123.05588719880119,169.0972284449925,158.49155448683086,173.5245632036151,1.8283958039284955,46.04134124619132,15.033008716784224,0.8798319136395174,False
frame_000112.jpg,0,137.67885957490634,163.47854564277745,161.51454930647517,173.78149894055787,2.125419556347801,25.799686067871107,12.266949634082692,0.8655505110235775,False
frame_000113.jpg,0,151.25422721526525,150.72498059571242,165.37820842182714,176.66593504324956,2.0611543045584,0.529246619552822,11.287726621422422,0.8373035893720739,False
frame_000114.jpg,0,159.36336558580328,142.30680167939556,168.23089328098885,178.89562084611674,1.5849962363767074,17.056563906407717,10.66472756512789,0.8436220849261564,False
frame_000115.jpg,0,151.95000154679303,145.790065618023,167.70053167967905,178.8365822530108,1.1691993968165737,6.1599359287700395,11.136050573331744,0.8248571578194114,False
frame_000116.jpg,0,145.35707117842765,152.9597109005345,167.03500413765704,177.52725879850314,1.0650867795382424,7.602639722106858,10.4922546608461,0.8363287869621726,False
frame_000117.jpg,0,142.5953014207537,138.94250707896606,167.70284880928295,170.44079933347078,1.1799517266254353,3.6527943417876543,2.7379505241878235,0.8373600349706762,False
frame_000118.jpg,0,140.47208520041465,131.66882111604943,169.7676059595248,164.54917101143775,1.3949786105295547,8.803264084365225,5.218434948087037,0.7891987246625564,False
frame_000119.jpg,0,139.36201262545745,119.71592063295509,172.33350379553124,157.51441941819363,1.9380485017204825,19.646091992502363,14.819084377337617,0.8398919035406673,False
frame_000120.jpg,0,161.50786849112365,103.80300686512786,177.4878244619498,151.9294126648202,2.309789577835908,57.70486162599579,25.558411797129594,0.8607927175129161,False
frame_000121.jpg,0,170.04944539603275,93.2117185037132,177.7593635431411,147.25413828733576,2.417912276696631,76.83772689231955,30.50522525580533,0.862472250181086,False
frame_000122.jpg,0,171.50822531475316,110.66640385970216,174.37164785123622,151.47013148812184,2.454811472538864,60.841821455051004,22.901516363114382,0.8684552662512836,False
frame_000123.jpg,0,164.42726279902237,128.50664092064133,174.49116125983502,156.73928460426785,2.188174164537247,35.92062187838104,17.751876655567173,0.8619719252866858,False
frame_000124.jpg,0,152.7895545273139,143.89371131836685,176.19495216350043,161.8935843685914,1.8539103160924757,8.895843208947042,14.301367794909027,0.8393346351735732,False
frame_000125.jpg,0,136.26937348533968,154.48444736936173,179.40540666169463,165.25440352221258,1.416398848664489,18.215073884022047,14.151003139482043,0.8551726095816669,False
frame_000126.jpg,0,114.960526067994,158.7060424371933,174.87442082053786,166.09799736896136,1.1052459000507608,43.74551636919931,8.776423451576505,0.8202605878605562,False
frame_000127.jpg,0,92.93243856799901,158.5211948876063,167.0845373232602,166.36748874234695,0.48773119196179077,65.58875631960728,0.7170485809132572,0.847469308797051,False
frame_000128.jpg,0,79.03860470599875,154.9172640460723,161.43511684372356,165.78505634242663,0.12141398213787695,75.87865934007354,4.3499394987030655,0.8459572616745444,False
frame_000129.jpg,0,70.16773931919373,152.32807124932387,156.04936399856018,166.6950130114185,0.11531898878770627,82.16033193013014,10.645649012858314,0.8414232836050146,False
frame_000130.jpg,0,67.9425839975632,151.42696179060965,151.1037032039714,168.52361716376168,0.06360471805652042,83.48437779304645,17.41991395979028,0.8418140832115623,False
frame_000131.jpg,0,71.77152866475237,155.54880012308897,147.94642718214848,173.18233940700316,0.3656082206670864,83.7772714583366,25.235912224854673,0.8687241322853986,False
frame_000132.jpg,0,83.45851406601487,159.3572024174753,146.5376468797806,176.903738572419,1.1029021611802847,75.89868835146042,30.366091692638406,0.8597347245496862,False
frame_000133.jpg,0,96.72061576918965,164.0125393659707,146.43115208822093,179.60184868697843,1.8164530951239701,67.29192359678105,33.1706965987575,0.8867221018847298,False
frame_000134.jpg,0,115.99695967140657,161.15769129280986,149.7241357453802,179.49498002388265,2.169656801012844,45.160731621403286,29.770844278502437,0.8484956411754384,False
frame_000135.jpg,0,133.34491438087275,154.33612317184546,155.1548498549546,179.70411550327574,1.9193639804710696,20.991208790972706,24.549265648321153,0.882780695662779,False
frame_000136.jpg,0,147.20410419735836,151.00308354034297,159.66163329350044,178.2088901224245,1.4343321607538189,3.798979342984609,18.54725682892405,0.8408473554779502,False
frame_000137.jpg,0,147.10472578134366,157.00464704798165,164.06911776189648,176.41671422684365,0.5886896704594685,9.899921266637989,12.347596464947173,0.8510604886447682,False
frame_000138.jpg,0,137.40814708376791,158.4234371715072,164.60195985624867,173.64164495653927,0.357745023504629,21.015290087739288,9.039685100290598,0.8333058532546548,False
frame_000139.jpg,0,111.12182843535066,164.83904250653595,161.9311899951337,172.90384764943053,1.0006664432670374,53.71721407118528,10.972657654296825,0.8430019582019133,False
frame_000140.jpg,0,84.39795523760452,154.98776658675519,160.34156414376602,167.73884937560874,1.1771230542168656,70.58981134915066,7.397285231842716,0.8488719358163721,False
frame_000141.jpg,0,79.1688437620783,131.47508750807697,162.27080687691532,162.00806069817432,1.46045266482668,52.30624374599867,0.26274617874099704,0.8159100448384005,False
frame_000142.jpg,0,103.05071845152693,101.738091464526,165.69404779508284,155.48290951891667,1.1170414123088706,1.3126269870009395,10.211138276166167,0.7990309420753928,False
frame_000143.jpg,0,132.18137295062982,83.48735613510881,172.0608742904006,150.216768465552,0.7517351204770101,48.69401681552101,21.844105824848583,0.8233863325680003,False
frame_000144.jpg,0,157.92110839983627,72.58185254793057,179.09220927597121,146.18298821914468,0.39062369538000175,85.3392558519057,32.90922105682654,0.854523735887864,False
frame_000145.jpg,0,168.46718425399436,94.43847616662273,175.571631874715,148.34733745637982,0.2161976478665658,74.02870808737163,27.224294418335177,0.8807915624450234,False
frame_000146.jpg,0,167.89226342223046,116.99178859503512,173.2864774445046,154.48755504405054,0.002268897673189283,50.90047482719534,18.798922400454074,0.8844850203570198,False
frame_000147.jpg,0,161.85028534506588,137.55309975030536,172.98371606826814,161.1039466372563,0.12090065502108555,24.29718559476052,11.879769431011823,0.872004978797015,False
frame_000148.jpg,0,148.84819683393036,152.33707614549607,174.63182045838514,166.18711454807865,0.36637852237050406,3.488879311565711,8.444705910306482,0.8159213416716632,False
frame_000149.jpg,0,131.2174271856888,160.10533213216794,177.46758344131163,169.01279702615025,0.7403157065931311,28.887904946479154,8.45478641516138,0.8406988347277922,False
frame_000150.jpg,0,107.64875370523123,161.8788843309325,177.40755141904359,170.3739885633392,1.2408657485929362,54.230130625701264,7.033562855704389,0.8309304153217989,False
frame_000151.jpg,0,87.71094002569657,158.64359527795148,171.75237047610318,170.36946505060652,1.765307650260592,70.9326552522549,1.3829054254966593,0.8254401929238263,False
frame_000152.jpg,0,73.32542065976048,153.4748890791959,167.0176252636375,170.46644635001542,2.3398197257425855,80.14946841943541,3.4488210863779045,0.8147204272887286,False
frame_000153.jpg,0,65.31273176183545,150.3530948463232,162.27702540560026,171.6994187112028,2.537625259938907,85.04036308448774,9.422393305602554,0.8427179210326251,False
frame_000154.jpg,0,64.0766837989707,152.24039322942562,157.52589368844275,174.7568502469813,2.1573822046872433,88.16370943045492,17.230956558538537,0.8494045033174402,False
frame_000155.jpg,0,69.07392154354795,157.72659231232376,154.1569924777098,179.41166917764204,1.4160520237708456,88.6526707687758,25.254676699932247,0.8736782389528611,False
frame_000156.jpg,0,82.09197126628811,164.65139502878253,153.5223785515589,176.5211199441242,0.3582377929409964,82.55942376249442,22.998741392565307,0.8882278764949125,False
frame_000157.jpg,0,100.39437018116153,169.48763153478038,154.5608803579725,174.24696268146846,0.7972849801215085,69.09326135361884,19.686082323495953,0.8872512929579791,False
frame_000158.jpg,0,121.12431751464285,169.1419672468589,158.16767041796126,173.5913798019216,1.6047110622371663,48.01764973221606,15.423709383960329,0.873732163625605,False
frame_000159.jpg,0,137.4339098676904,163.25816807105204,162.35347053435814,173.62368688842014,1.782900952311553,25.824258203361637,11.270216354062,0.8585871598299812,False
frame_000160.jpg,0,150.90041938037203,166.9648169538934,165.9561926392869,176.59924948870398,1.8438690338417765,16.064397573521376,10.643056849417064,0.8372349914382485,False
frame_000161.jpg,0,159.53661318449934,153.45528635040895,168.98955894397093,178.7803247810388,1.3659933409138092,6.08132683409039,9.790765837067852,0.8562179803848267,False
frame_000162.jpg,0,152.71146026671562,155.74498498481094,168.76885383374247,178.8013140106113,0.9472733326119483,3.0335247180953218,10.032460176868824,0.8224526293137494,False
frame_000163.jpg,0,144.53492280436146,140.0332990031963,167.30346087320007,172.42368871592728,1.0560249897258864,4.501623801165152,5.120227842727218,0.8394654673688552,False
frame_000164.jpg,0,140.9636644488476,127.03402848421582,167.19598390374614,164.81866768365327,1.3101126426506577,13.929635964631771,2.3773162200928653,0.8275329435572905,False
frame_000165.jpg,0,139.88725784925438,98.01879066314133,169.5023343393638,158.83605684627636,1.6075903703426617,41.86846718611305,10.666277493087449,0.7878899171071894,False
frame_000166.jpg,0,138.8207378012398,94.64874914798163,171.9750956595269,152.34729945538783,2.108241337724365,44.17198865325817,19.62779620413906,0.8295885394601261,False
frame_000167.jpg,0,160.30616569251347,78.85549267064607,176.6655849174398,146.992845866456,2.6183909104968714,81.4506730218674,29.67273905098378,0.8459178384612588,False
frame_000168.jpg,0,169.94350966853463,91.70811081734348,178.20160736213788,147.6400192673936,2.572617903499265,78.23539885119115,30.56158809474428,0.8457471097216887,False
frame_000169.jpg,0,171.58930457725964,108.67763072770856,174.63651069739615,152.49738969520686,2.475265253069661,62.91167384955108,22.139121002189285,0.8697823776918299,False
frame_000170.jpg,0,164.9629484116858,128.23177934257782,174.336569070208,157.70929348518948,2.148031915534199,36.73116906910798,16.62727558501851,0.8529850980814766,False
frame_000171.jpg,0,153.3428634662122,144.3946933031005,176.0024600900518,162.53881292685446,1.8988505919754728,8.948170163111712,13.46364716319735,0.8317875476444468,False
frame_000172.jpg,0,136.57533630740906,155.04837134962185,178.9957022223803,165.82673374128032,1.3288620815196872,18.473035042212786,13.168968481099967,0.8451671915895799,False
frame_000173.jpg,0,115.42597064283338,159.86856923030976,175.601794546521,166.77676095443655,1.0626601007764769,44.44259858747638,8.825033592084452,0.8492192976615008,False
frame_000174.jpg,0,93.728585419877,159.59810858581503,167.92861041360092,166.95586957926292,0.5093650891737005,65.86952316593802,0.9727408343379977,0.8450095758718603,False
frame_000175.jpg,0,79.02208555824993,155.17134512248472,161.82644825666574,165.9171644904053,0.17969713718548563,76.1492595642348,4.090716233739556,0.8500272912137649,False
frame_000176.jpg,0,70.41802912987066,152.2332989320755,156.22051329614587,166.51030551387254,0.05764028833482457,81.81526980220485,10.28979221772667,0.8124210799441618,False
frame_000177.jpg,0,67.89283372002906,151.62034973912262,150.90142396928675,168.16099031140035,0.18155899382640128,83.72751601909356,17.2595663421136,0.8447843123884762,False
frame_000178.jpg,0,71.1653864531611,154.65935353312057,147.2531411498099,172.2293776305146,0.4881519968738569,83.49396707995946,24.9762364807047,0.860426524106194,False
frame_000179.jpg,0,81.7195589546615,158.99956609217546,145.42408153410966,176.03211056376577,1.2767994040052217,77.28000713751396,30.60802902965611,0.8548585211529451,False
frame_000180.jpg,0,94.76388199836516,163.2643911544457,145.68492042663226,179.50864202931962,1.8671831479608143,68.50050915608053,33.82372160268736,0.8814300544121686,False
frame_000181.jpg,0,114.92232476158657,160.653219654769,149.80173651293117,179.9557904476712,2.097124021917895,45.73089489318244,30.154053934740034,0.8632503397324506,False
frame_000182.jpg,0,132.74445565056936,153.8273976773783,155.46894156467926,179.9807109351515,1.8424613602426838,21.082942026808922,24.51176937047225,0.8829070294604582,False
frame_000183.jpg,0,145.76264895278368,150.51280870763577,160.07334377721355,177.96052701334833,1.360667820131266,4.750159754852092,17.887183236134774,0.8526680118897382,False
frame_000184.jpg,0,157.17650394931965,142.63049196885171,164.4196489516115,175.56068656661205,0.5841917017753281,14.546011980467938,11.141037615000556,0.8493250573382658,False
frame_000185.jpg,0,150.64580963190704,147.44543234381516,165.094864565285,173.06832947465745,0.36081015273372247,3.200377288091886,7.973464909372439,0.8323164161513833,False
frame_000186.jpg,0,126.78188510216664,153.00704390504615,162.8003280968754,170.49135098922943,0.9450207460044783,26.225158802879506,7.691022892354027,0.8302667666884029,False
frame_000187.jpg,0,96.25453290556425,139.61950810128937,161.542264818151,165.25263193326964,1.2348889070969724,43.36497519572512,3.710367115118629,0.8469398652806002,False
frame_000188.jpg,0,104.98257821404653,116.73549879134855,163.1174738312588,159.5044068751337,1.360415752615324,11.75292057730202,3.6130669561250954,0.8034188677282894,False
frame_000189.jpg,0,100.62025137895365,102.65676486779856,166.40029661624922,153.82834646757462,1.131043699478085,2.0365134888449035,12.571950148674603,0.8070847532328438,False
frame_000190.jpg,0,131.3482858246407,84.03178305235983,172.91059497166867,148.2640797156184,0.8129434906713702,47.31650277228087,24.646515256050264,0.8451305312268874,False
frame_000191.jpg,0,157.91985792722477,74.87941930363375,179.40484200314586,145.9593545200318,0.4522449870213204,83.04043862359102,33.44548748311405,0.8716947050655589,False
frame_000192.jpg,0,168.61124735698849,94.95100362787696,175.28171163876235,148.69352984358173,0.28295111338799556,73.66024372911153,26.588181795180617,0.8874299841768601,False
frame_000193.jpg,0,168.80260709906838,115.5801972725382,172.4589305820339,154.70836812054569,0.2297897785719117,53.22240982653018,17.750562461488215,0.8810344338417053,False
frame_000194.jpg,0,162.425342951852,136.4110204840291,172.29793934013213,160.62532727997262,0.2890452709837787,26.014322467822893,11.672612060159508,0.8634850768481984,False
frame_000195.jpg,0,149.08731916994157,151.55351663433484,174.33908051261622,165.7597997146933,0.42706041055471144,2.466197464393275,8.579280797922934,0.8251859580769259,False
frame_000196.jpg,0,130.94086179591693,159.51254301669246,177.03315445376302,168.80005504712807,0.9251459376964646,28.57168122077553,8.233099406634949,0.8389074837460238,False
frame_000197.jpg,0,107.97099029272768,160.91043699570434,177.96502006923166,169.86622185281576,1.362699325301255,52.93944670297667,8.0987982164159,0.8128466290586135,False
frame_000198.jpg,0,87.02296850966636,157.4861268573701,172.21277186953088,170.0314486992982,2.019798581346732,70.46315834770374,2.181323170232673,0.8381205972503213,False
frame_000199.jpg,0,72.96944041956463,152.93919690503466,167.97363909197114,170.42317473983599,2.593320374665849,79.96975648547003,2.449535647864849,0.8291075580260333,False
frame_000200.jpg,0,65.2276799540982,149.64469915023838,162.68385780129566,171.49891976340737,2.6568832600325245,84.41701919614017,8.815061962111713,0.8279461474979625,False
frame_000201.jpg,0,64.64250799341933,151.64952599217298,157.88964151436818,174.71906961330373,2.1550022192816667,87.00701799875365,16.82942809893555,0.8568894337205326,False
frame_000202.jpg,0,70.37887500285309,157.33626842543796,154.77948107489456,179.4636074538729,1.4246878709759923,86.95739342258487,24.684126378978334,0.8964002658339107,False
frame_000203.jpg,0,83.86426371944093,164.90621534282752,154.0140577005494,176.3353087199926,0.2473308750777573,81.0419516233866,22.321251019443224,0.8908803708413068,False
frame_000204.jpg,0,102.15724244678687,170.04692175482631,154.94383745737161,173.96912838979816,0.9075152532683692,67.88967930803945,19.025290932426543,0.872715992086074,False
frame_000205.jpg,0,122.45954367187356,170.5252120316041,158.34881822600113,172.7372662439285,1.648929575365698,48.06566835973054,14.388448017927374,0.8733054048874799,False
frame_000206.jpg,0,137.7686778841322,164.3159525530408,162.0301418319845,173.26051178812702,1.8886098531347937,26.547274668908614,11.23036995614251,0.8837339878082275,False
frame_000207.jpg,0,150.80025155304563,151.10102850403743,165.77242469870993,176.3350362605202,1.8317677672582637,0.30077695099180346,10.562611561810286,0.8497800090733696,False
frame_000208.jpg,0,159.11230349816415,142.48302936931933,168.51336510467868,179.0035111947548,1.4783782587932008,16.629274128844827,10.49014609007611,0.8539590274586397,False
frame_000209.jpg,0,151.3761081925783,145.38447188631446,167.61253167410928,178.66179149570317,1.0678619857637999,5.9916363062638425,11.049259821593893,0.8117810312439414,False
frame_000210.jpg,0,149.31532976703906,124.61154077336583,166.81869069241623,172.41710322881846,1.0748674178495992,24.70378899367323,5.598412536402236,0.8169702536919538,False
frame_000211.jpg,0,147.61765081204632,107.43590130755804,167.28174854059668,164.93916642089064,1.2223379892039106,40.18174950448828,2.3425821197060372,0.8370345375117134,False
frame_000212.jpg,0,147.5937417873196,100.72788962197147,169.22617017211934,158.89877644549293,1.6031686741279236,46.86585216534813,10.327393726626411,0.8062650350963368,False
frame_000213.jpg,0,148.9645501114071,94.41954749168478,172.15228307083208,152.57396380030434,2.0149936201614675,54.545002619722325,19.578319270527743,0.8259125983013826,False
frame_000214.jpg,0,165.43130326795156,79.61639093164204,177.3616825686232,147.28527219700663,2.4250354093987903,85.81491233630952,30.07641037161656,0.8693704815471873,False
frame_000215.jpg,0,169.55310997674417,92.35430275258057,178.07756467654482,147.5297241963546,2.483314520023579,77.1988072241636,30.547840480190217,0.8721421466154211,False
frame_000216.jpg,0,171.15760298624383,110.98927861036113,174.589281092952,151.77941897194634,2.5051972734948267,60.168324375882705,22.809862121005665,0.870450521216673,False
frame_000217.jpg,0,164.495873572357,128.7738495996559,174.29773569912626,157.0294571505351,2.2678504883334676,35.722023972701095,17.268278548591155,0.8611179239609662,False
frame_000218.jpg,0,153.0531114845576,144.50342234379366,175.90909318477156,162.18625236562497,1.8765149088391333,8.549689140763945,13.722840819146597,0.8267732963842505,False
frame_000219.jpg,0,136.3459870042168,154.46466355028437,179.66496294368702,165.3225254272976,1.4627201794269522,18.118676546067576,14.342437516389424,0.85794917976155,False
frame_000220.jpg,0,115.83772871199612,159.051177545193,174.8813977636092,166.50257426647067,1.0795878561628018,43.21344883319689,8.378823497138512,0.8210188290652107,False
frame_000221.jpg,0,93.40286213118263,158.78496510215342,167.0886364162497,166.49426036915594,0.631240354161833,65.38210297097079,0.5943760470937605,0.8263802598504459,False
frame_000222.jpg,0,79.25839550784917,154.61130519378096,161.35109133872692,165.78478966499202,0.3030920640144231,75.35290968593179,4.433698326265102,0.8517288109835457,False
frame_000223.jpg,0,70.56674147790307,151.6990557394687,155.9123712857257,166.31643921911726,0.18120767050182807,81.13231426156563,10.404067933391559,0.8278376249706044,False
frame_000224.jpg,0,67.56257552783056,151.50649201786624,151.30428563517964,168.2892337674175,0.24054691380347393,83.94391649003568,16.98494813223786,0.8235726181198569,False
frame_000225.jpg,0,70.32878023081545,154.90719807604498,148.23801971021967,172.48256594430978,0.5471977435147962,84.57841784522952,24.24454623409011,0.8512986688052907,False
frame_000226.jpg,0,82.64282844183009,159.15237626387704,146.6259063098462,176.75799919296728,1.164532690012482,76.50954782204695,30.13209288312109,0.8716228744562935,False
frame_000227.jpg,0,95.92240774410442,163.93659335489698,146.5617471248342,179.39082958875565,1.641050838778375,68.01418561079257,32.82908246392145,0.8794750431004692,False
frame_000228.jpg,0,115.18039747399631,160.78955870722532,150.24131362822445,179.1881450872742,1.8174161940683178,45.60916123322902,28.946831459049747,0.8571157630752114,False
frame_000229.jpg,0,133.0276870177102,153.82074986758948,155.56708505672756,179.62644747834477,1.6891403985273434,20.793062849879277,24.05936242161721,0.8869716384831596,False
frame_000230.jpg,0,146.05630405374615,150.7264770118298,159.97507933898626,178.31873474206756,1.2621580212152181,4.67017295808364,18.3436554030813,0.8342551273458144,False
frame_000231.jpg,0,144.0271987325966,156.06711604883913,164.4895745269465,175.96369936849862,0.4133055731189408,12.039917316242537,11.474124841552111,0.8442619793555316,False
frame_000232.jpg,0,131.28930909093623,156.6812079658007,165.19267688282662,172.4547069292602,0.3619129792130147,25.391898874864467,7.26203004643358,0.8289583255262936,False
frame_000233.jpg,0,95.53953911942531,164.00613396100127,162.743697288407,171.86180980341658,0.8316362875437134,68.46659484157595,9.118112515009585,0.8333731644293841,False
frame_000234.jpg,0,65.45291489198034,154.35662738501182,160.90304936124073,166.2541303985498,1.0043274420830095,88.90371249303148,5.351081037309058,0.8368689487962162,False
frame_000235.jpg,0,77.45717623582028,131.41833115636663,162.05440090073526,159.23384738906648,1.0691625631258874,53.96115492054635,2.820553511668777,0.808669635478188,False
frame_000236.jpg,0,101.04518577767972,103.72776815783446,165.34907799175468,153.11012969546195,0.776613809565534,2.6825823801547415,12.238948296292733,0.7991800799089319,False
frame_000237.jpg,0,129.48623413650841,85.80634379110977,171.39821944243266,148.32060508605696,0.46674716169714797,43.67989034539865,23.077614356375705,0.8160790450432721,False
frame_000238.jpg,0,155.42367688465148,74.28186190258297,177.80595469021566,144.35170456059635,0.11115505657120309,81.14181498206851,33.45425012961931,0.8524977459627039,False
frame_000239.jpg,0,167.5467050096082,94.48911656644013,176.43672374711647,147.1466572269848,0.06021980260142313,73.05758844316806,29.29006652013169,0.8776517440291012,False
frame_000240.jpg,0,168.726150404065,116.39859088817,172.81156062128224,154.4381574729868,0.07248202885921992,52.327559515895004,18.373403148295438,0.8740703428492826,False
frame_000241.jpg,0,162.8475863926362,137.26095402827514,172.23941460126085,160.8937854229793,0.2540367405796213,25.586632364361066,11.345629178281541,0.8649544225019568,False
frame_000242.jpg,0,150.08071956992177,151.4844864192743,173.79169917291793,165.42400773329982,0.44316604771659185,1.403766849352536,8.367691439618113,0.8205535517019384,False
frame_000243.jpg,0,131.85759044867672,159.7007068087431,176.75120779773766,168.72734192494974,0.9405860835014608,27.843116360066375,8.023865872787923,0.8140904237242306,False
frame_000244.jpg,0,108.78549546091739,161.755249276649,178.17069092717227,170.58937474714276,1.5643326112765525,52.96975381573162,7.581316180029518,0.8188812662573421,False
frame_000245.jpg,0,88.48698119385298,158.5204217513207,172.5588648074789,170.60424202354415,2.0231437405938775,70.03344055746771,1.9546227839347523,0.819246414829703,False
frame_000246.jpg,0,73.66546118477699,153.41425853655412,167.8170705936768,170.7134190805637,2.515486216194326,79.74879735177713,2.8963484868869216,0.8267277864848867,False
frame_000247.jpg,0,65.26711239800606,150.67389021539293,162.7440207277379,172.1233063919678,2.646331925907991,85.40677781738687,9.379285664229883,0.8231717032544753,False
frame_000248.jpg,0,65.7457393527147,151.79767519860707,158.8170098496029,174.9675862108697,2.269556957141387,86.05193584589237,16.150576361266815,0.8446188078207129,False
frame_000249.jpg,0,71.12508708307136,157.12940147997466,156.06466223002136,179.18027923976027,1.4211837105968712,86.0043143969033,23.115617009738912,0.8645906798979816,False
frame_000250.jpg,0,84.14652739671916,164.53529303696442,155.03448151512043,176.6941797859042,0.3033764457232461,80.38876564024525,21.659698270783764,0.8776851226301754,False
frame_000251.jpg,0,102.75679657070343,169.1595574292966,155.71860151817785,174.56167963923525,0.9140503450623569,66.40276085859317,18.843078121057403,0.887724476702073,False
frame_000252.jpg,0,123.09706845966235,169.31042207043575,158.75335593342385,173.15538483037005,1.660013537264406,46.213353610773396,14.402028896946206,0.8772415869376239,False
frame_000253.jpg,0,138.28148873909745,163.2689579532361,162.458196094603,173.6120778414221,1.8941273682983135,24.987469214138656,11.153881746819081,0.8701881345580605,False
frame_000254.jpg,0,151.776695895018,151.06334344312117,166.27248808016253,176.07877787251837,1.7698303919463125,0.7133524518968386,9.806289792355841,0.8457294211668127,False
frame_000255.jpg,0,159.9999647471611,136.66484984189228,168.98193778436917,178.34883872209375,1.3550109699694945,23.335114905268824,9.36690093772458,0.835784870035508,False
frame_000256.jpg,0,152.719237814199,138.4558456849054,168.50595959280193,179.4207894095981,0.8806555787831207,14.263392129293607,10.914829816796157,0.8300420992514667,False
frame_000257.jpg,0,149.76569372594676,120.08981728147168,167.33129910676922,173.09205034688426,0.8985067465293557,29.67587644447508,5.760751240115042,0.8465439677238464,False
frame_000258.jpg,0,147.11617989845195,107.3490911079937,167.13648425428997,166.1653050770348,1.0855379972340946,39.767088790458246,0.9711791772551805,0.8340469914324143,False
frame_000259.jpg,0,146.59701502311884,97.92928570244858,168.88495915022168,159.29681301899151,1.4745575788564247,48.66772932067026,9.588146131230161,0.7780921389074886,False
frame_000260.jpg,0,147.46093916224743,95.89598409057317,171.72560044003183,152.72462118932287,1.9130798797235042,51.56495507167426,19.00097925070895,0.8077265585170073,False
frame_000261.jpg,0,164.40648091239416,80.31856692332919,176.6776504571221,147.26135090829715,2.363633136380641,84.08791398906497,29.416299548824952,0.8515429847380694,False
frame_000262.jpg,0,169.45374404942623,92.5150440812289,178.11946144107023,147.3139371187052,2.3086805160919623,76.93869996819734,30.805524322365017,0.8549188235226799,False
frame_000263.jpg,0,171.56982337038121,109.6289907890637,174.35895324590672,151.91631143411706,2.3388882577924868,61.94083258131751,22.442641811789656,0.8621359958368189,False
frame_000264.jpg,0,165.5708747969512,129.02196051832573,173.92663298653716,157.54775243631815,2.1799294579222015,36.54891427862546,16.37888055021901,0.8495531643138212,False
frame_000265.jpg,0,154.17022111654464,144.79082083588756,175.59631314110578,162.6597367654867,1.828042114193079,9.37940028065708,12.936576375619069,0.8358181118965149,False
frame_000266.jpg,0,137.6005706130045,154.98256541087213,179.16601748324035,165.48025048189405,1.4991501364348885,17.381994797867634,13.685767001346306,0.8487648893805111,False
frame_000267.jpg,0,116.6577008980421,159.55976875723616,175.27471597526502,166.25247290349918,1.2717583774174397,42.90206785919406,9.022243071765843,0.8214572738198673,False
frame_000268.jpg,0,94.32528977672676,159.16937765879615,167.26653291120908,166.2672225899574,0.8247173224773225,64.84408788206939,0.9993103212516701,0.8256905745057499,False
frame_000269.jpg,0,79.42336192147111,155.1384140733462,161.42085802320355,165.88141451554276,0.3028672416349165,75.7150521518751,4.460556492339208,0.8462057744755465,False
frame_000270.jpg,0,70.10307391011236,152.06366131516725,155.9208175363304,166.46380687527272,0.12327679175322002,81.9605874050549,10.542989338942334,0.8379663439357982,False
frame_000271.jpg,0,67.06136094881226,152.1128277151827,151.0824189471741,168.81231070232838,0.12253893329713904,85.05146676637044,17.729891755154284,0.837598625351401,False
frame_000272.jpg,0,70.71932913717804,155.5742548268239,148.08278722620864,173.12151762052375,0.4250042494727601,84.85492568964587,25.03873039431511,0.8641378178316004,False
frame_000273.jpg,0,82.21831994796192,159.9219631389406,146.444835369621,177.2752723229256,1.0311369053604609,77.7036431909787,30.8304369533046,0.868720664697535,False
frame_000274.jpg,0,95.77276328585855,164.5971778839432,146.0384130919197,179.09588234079771,1.6827076573781083,68.82441459808466,33.05746924887802,0.8907572136205786,False
frame_000275.jpg,0,115.60310596119685,161.36608306939664,149.6745220864487,178.97690224240134,1.9215949137382926,45.76297710819979,29.302380155952648,0.8685321772799772,False
frame_000276.jpg,0,133.1414587296462,153.99191801086988,154.95913709052343,179.66916331350492,1.853286745218612,20.850459281223692,24.710026222981497,0.8881463338347042,False
frame_000277.jpg,0,147.1136238080373,140.75411299873264,159.5548848903245,178.2284114006516,1.3680364652792019,6.359510809304652,18.673526510327093,0.8409294941846062,False
frame_000278.jpg,0,157.73552156896537,131.35957186144603,164.15958064311835,176.07129935463036,0.588262256539162,26.37594970751934,11.911718711512009,0.8452944369877086,False
frame_000279.jpg,0,149.94526180554726,133.38404576887072,164.69047941630942,172.84920335283954,0.24323560039175912,16.56121603667654,8.158723936530123,0.831173465532415,False
frame_000280.jpg,0,122.48177551027638,121.21403509600628,162.28191422446574,171.23257457734692,0.7695034142774334,1.2677404142700937,8.950660352881187,0.8351932343314675,False
frame_000281.jpg,0,89.15024061869309,98.3905746262553,160.8719501707535,166.14288674567686,1.1074234032697456,9.240334007562211,5.270936574923354,0.8358610833392424,False
frame_000282.jpg,0,80.80694459012032,89.9526577884112,162.35421131074378,160.39405846553083,1.341449214625407,9.145713198290878,1.9601528452129457,0.8050326564732719,False
frame_000283.jpg,0,100.30998432021585,85.22164951174979,165.5719632530821,153.76419488188824,1.1663707395867482,15.088334808466058,11.807768371193845,0.8067536424188053,False
frame_000284.jpg,0,129.6488958685407,67.81519221169017,172.31250874175643,148.68234496084204,0.9575480532354287,61.83370365685053,23.630163780914387,0.8425052586723777,False
frame_000285.jpg,0,156.43192614370076,77.32411135062193,178.94750877407358,145.60096907639058,0.549999861043406,79.10781479307883,33.346539697683,0.8523116672740263,False
frame_000286.jpg,0,168.28788235944455,97.0334050140796,175.4310354407767,148.2844692192642,0.39075004419271947,71.25447734536495,27.1465662215125,0.8857198988690096,False
frame_000287.jpg,0,168.28586210873178,117.14971219936683,172.6042846623604,154.52343260693553,0.35054556137675746,51.136149909364946,18.080852055424884,0.8910241056891048,False
frame_000288.jpg,0,162.33518313924642,136.82963824914123,172.27660753176463,161.10819254250882,0.42283473566626195,25.5055448901052,11.168414989255808,0.8582013915566837,False
frame_000289.jpg,0,149.44386002099085,151.03310814321586,174.20525329014134,165.72692922547503,0.5696864004855046,1.5892481222250012,8.47832406466631,0.8292338813052458,False
frame_000290.jpg,0,132.43205186400536,159.17269483179655,176.91617162259905,168.8040392026128,1.072227453618957,26.74064296779119,8.112132419986239,0.8204096976448508,False
frame_000291.jpg,0,109.08093893195955,161.1933738706555,178.0413767965385,170.6926427329238,1.6941737765707992,52.112434938695955,7.3487340636147,0.8241454538177041,False
frame_000292.jpg,0,88.15802751594268,158.49596056758992,172.11509904469696,170.75567540124194,2.0405681836849507,70.33793305164724,1.3594236434550169,0.816871373092427,False
frame_000293.jpg,0,73.48842997869389,154.10580877957807,167.24411220374265,171.19946942729467,2.537842882877776,80.61737880088418,3.955357223552028,0.8302174806594849,False
frame_000294.jpg,0,65.55673646295449,151.42770638970526,162.46432507038597,172.46390911793475,2.6234964287435845,85.87096992675077,9.99958404754878,0.8194014254738303,False
frame_000295.jpg,0,64.50677583677128,152.56651843491161,157.98949792291936,175.18884599986131,2.105194873084848,88.05974259814033,17.19934807694196,0.851767196374781,False
frame_000296.jpg,0,70.17885452963247,157.2055646023821,155.11544283175337,178.92843373540188,1.1947554406550567,87.02671007274964,23.81299090364851,0.8650332584100611,False
frame_000297.jpg,0,82.92933891475568,164.15153927479435,154.5411257478985,177.09175126574004,0.24554889504232122,81.22220036003867,22.550625517841553,0.8790989132488475,False
frame_000298.jpg,0,101.0630967427629,168.9430864247926,155.40826879834546,174.89778477625475,0.9714334937476531,67.8799896820297,19.489515977909292,0.8788054690641516,False
frame_000299.jpg,0,121.2745449578211,168.38312669083976,158.489145523474,174.27028005663945,1.7105730210978844,47.10858173301865,15.781134533165442,0.8661168112474329,False
frame_000300.jpg,0,137.13218514074896,162.69054965936164,162.14844388387328,174.3283626934181,1.8317859844552287,25.558364518612677,12.179918809544802,0.8815119301571566,False
frame_000301.jpg,0,151.02692937676343,150.58301804043947,166.06977914180408,176.92641219502002,1.7697756739040051,0.4439113363239642,10.856633053215944,0.8256074470632216,False
frame_000302.jpg,0,159.7403619399021,135.55023827683348,168.71550312994773,179.508255391146,1.5335574528815588,24.19012366306862,10.792752261198274,0.8423867365893196,False
frame_000303.jpg,0,152.9317012771973,138.34836928320843,168.55589082065248,178.38351578479362,1.0067848003283533,14.583331993988878,9.827624964141137,0.8346792319241692,False
frame_000304.jpg,0,150.10955228274887,119.5727789694845,167.39948689798493,172.9087231940834,0.960942666372001,30.536773313264362,5.509236296098464,0.8356818837278029,False
frame_000305.jpg,0,147.7916215248269,104.56383629410817,167.515664154036,165.97911114787067,1.1505327584125649,43.22778523071872,1.5365530061653203,0.8197047429926255,False
frame_000306.jpg,0,147.31538759410503,95.85192599481938,169.2198872625388,159.85954326458432,1.5551215323021048,51.46346159928565,9.360343997954487,0.7875337723423453,False
frame_000307.jpg,0,148.1972385784028,94.25549260783662,172.21756380403528,154.03487586008657,1.8311441808830362,53.941745970566174,18.182687943948707,0.7990223730311674,False
frame_000308.jpg,0,164.49490065444166,78.32577556920616,176.8646064989385,148.5106577745015,2.321481549483093,86.1691250852355,28.353948724437004,0.8561308944926542,False
frame_000309.jpg,0,169.88473262753854,91.17439578668342,177.80654737342044,148.18766632037418,2.3896445810431266,78.71033684085512,29.618881053046266,0.844915039399091,False
frame_000310.jpg,0,171.525409618516,109.23224076500912,174.24810999051797,152.04504674675607,2.294889168854572,62.29316885350687,22.203063243761903,0.8707813515382654,False
frame_000311.jpg,0,165.2935879521931,128.60726137900699,173.7446971255723,157.42329073419629,1.9378464217825466,36.68632657318611,16.321406391376,0.8587214490946602,False
frame_000312.jpg,0,153.67512303592346,144.46725961548708,175.5215910930548,162.46540162225952,1.6225419222848674,9.207863420436382,13.056189470795289,0.8272427916526794,False
frame_000313.jpg,0,137.3623944769473,154.57564784788096,178.73741456354657,165.5645925074955,1.1306428038668717,17.21325337093367,13.172822056051075,0.8328156225821551,False
frame_000314.jpg,0,115.72492613698834,159.6108497318028,175.5401082127385,167.13403683819425,0.6608626817432337,43.88592359481446,8.40607137454424,0.8194580113186556,False
frame_000315.jpg,0,93.29741150650098,159.53813241596785,167.73799661134362,167.31123088199524,0.2821174234129834,66.24072090946687,0.4267657293483751,0.822046111611759,False
frame_000316.jpg,0,79.01883959233116,155.68216623632608,161.71270510769682,166.81244824713337,0.06049757666532412,76.66332664399492,5.099743139436555,0.839177271899055,False
frame_000317.jpg,0,70.1441252270217,152.62795317199112,156.39876460561337,167.20175075429768,0.1196226294696807,82.48382794496942,10.802986148684312,0.8443634685348061,False
frame_000318.jpg,0,67.12653731613321,152.3395239007143,151.17844341669436,169.22720996649343,0.05942119223587642,85.2129865845811,18.04876654979907,0.8457376325831694,False
frame_000319.jpg,0,70.61550167329881,155.73459940096083,147.65178776392364,173.3202067451218,0.4848073102773491,85.11909772766202,25.66841898119816,0.8563900064019596,False
frame_000320.jpg,0,82.55899255635683,159.80243419366255,146.057348532621,177.17481910817216,1.159038521639774,77.24344163730572,31.117470575551152,0.872572660446167,False
frame_000321.jpg,0,95.37188482047299,163.89892462599565,145.97273637551035,179.47818547931737,1.7525390254344724,68.52703980552266,33.505449103807024,0.8854372291003957,False
frame_000322.jpg,0,113.97945147466521,161.66554844801232,149.2506212144451,178.74838531068738,1.9832254613928384,47.686096973347105,29.497764096242292,0.855960372616263,False
frame_000323.jpg,0,131.71089564167957,154.64941940338483,154.8968252483844,179.11796925056743,1.7424343542531258,22.938523761705255,24.221144002183024,0.8763530254364014,False
frame_000324.jpg,0,146.34249505754482,141.03920685525782,159.87451178657733,178.50030331582872,1.3161904428633884,5.303288202287007,18.625791529251387,0.8477677702903748,False
frame_000325.jpg,0,145.95589035461327,145.10075937695856,164.3556915543197,176.1262278120233,0.5880258017857722,0.85513097765471,11.770536257703611,0.840950022725498,False
frame_000326.jpg,0,137.30731651955833,146.35335758138464,165.2455320923533,172.9441832204833,0.1842853983792141,9.046041061826315,7.698651128129995,0.829042862443363,False
frame_000327.jpg,0,110.70155830559257,151.2417818518263,163.1179532121028,171.59970695414182,0.8348474963101378,40.54022354623372,8.481753742039018,0.8325030277757084,False
frame_000328.jpg,0,82.26615508694502,140.54504118905558,161.58346098327917,166.77882464569387,1.0109787473472793,58.27888610211056,5.195363662414707,0.8287028424880084,False
frame_000329.jpg,0,76.4167068629364,132.43001942067508,162.69396385909988,160.8361772116221,1.2310872277427574,56.013312557738686,1.8577866474777807,0.8087137271376217,False
frame_000330.jpg,0,101.38978523994079,104.83755040954289,166.1541679391907,155.19724205897126,1.0660114251805495,3.447765169602093,10.956925880219444,0.8014207587522619,False
frame_000331.jpg,0,130.2520978261078,85.10832165342207,172.15746611696173,150.10074374589553,0.7562010652847077,45.14377617268575,22.0567223710662,0.8561999236836153,False
frame_000332.jpg,0,157.08918136757873,73.75131649173215,178.71572890178788,146.45205156370588,0.39095410829099975,83.33786487584658,32.263677338082005,0.8609880524523118,False
frame_000333.jpg,0,167.52379435147188,94.63098781867133,175.98570138411225,148.64626840649947,0.2207719381974517,72.89280653280055,27.339432977612773,0.8626831384266124,False
frame_000334.jpg,0,168.07534012101038,116.65074695778564,173.11205165898502,154.7635138720939,0.12668519644404325,51.42459316322474,18.348537786891114,0.875639936503242,False
frame_000335.jpg,0,161.72427762905707,137.0684675875639,172.94450260891927,160.73836220981684,0.18889321986369412,24.65581004149317,12.206140399102424,0.8402346512850594,False
frame_000336.jpg,0,148.9204194027364,152.08709725862397,174.6486831495253,165.7801881774341,0.44155611957963115,3.1666778558875706,8.868494972091213,0.8268097393652972,False
frame_000337.jpg,0,131.24546864017682,160.04609522314377,177.71788113003217,168.7392401347632,0.8335194379804637,28.80062658296694,8.978640995268961,0.8157215469023761,False
frame_000338.jpg,0,108.89448419544556,161.7030441629297,177.72496895872786,170.55488339207574,1.4502260816828811,52.80855996748414,7.170085566652119,0.8299106114050921,False
frame_000339.jpg,0,88.61237810026257,158.5240681801056,172.45075202181036,170.6328949933681,1.9944771826577559,69.91169007984301,1.817857028442262,0.8044624048120835,False
frame_000340.jpg,0,74.39702828308923,153.3880769976693,168.29520597743064,170.70955619505048,2.6175881062317177,78.99104871458006,2.414350217619841,0.8295705493758706,False
frame_000341.jpg,0,66.32755925498593,150.46790893183456,163.8671307675388,172.18714055493342,2.762855802562392,84.14034967684863,8.32000978739461,0.8126848059542039,False
frame_000342.jpg,0,65.73406798264729,151.67056779917706,159.64156977626666,175.04565834269565,2.3603702468343815,85.93649981652977,15.404088566428982,0.8447632824673372,False
frame_000343.jpg,0,71.36102787402505,156.8670017256246,156.3270309115739,179.28900422381628,1.5045636475362565,85.50597385159953,22.961973312242378,0.8546130201395821,False
frame_000344.jpg,0,83.8895612380794,164.47160838999434,155.07231789841458,176.35434488772154,0.3694249504674571,80.58204715191495,21.282026989306956,0.8747537311385659,False
frame_000345.jpg,0,102.24918490768664,169.61136719482712,155.4684856225623,173.75897474302855,0.8542569317335585,67.36218228714048,18.290489120466248,0.8775294563349556,False
frame_000346.jpg,0,122.2934981600281,169.72835914787763,158.39610176276202,172.99637846208103,1.6713290935507112,47.43486098784953,14.60027669931901,0.8698970535222221,False
frame_000347.jpg,0,137.86372272525568,163.9465937097035,162.19981822731006,173.48363596708867,1.918955126077148,26.082870984447823,11.283817739778613,0.847346726585837,False
frame_000348.jpg,0,150.89392155773396,151.79065387687208,165.64746933221235,176.17284781550177,1.9709821724614307,0.896732319138124,10.525378483289415,0.8384121621356291,False
frame_000349.jpg,0,159.62815275304487,143.47693614573797,168.56277414197618,178.60950629699428,1.5457729364149215,16.151216607306907,10.046732155018105,0.8307899026309743,False
frame_000350.jpg,0,152.90064276018924,146.72404547459047,168.6371434202868,178.78431101620842,1.067995833495575,6.176597285598774,10.147167595921616,0.8247987137121313,False
frame_000351.jpg,0,149.84532477895556,126.19430978112507,167.3168018063271,172.84251263631762,1.0229409626129622,23.651014997830487,5.5257108299905155,0.8329282192622914,False
frame_000352.jpg,0,147.61304375140216,111.13666205950744,167.36243604145054,165.5758235198512,1.2674216765162183,36.476381691894716,1.7866125215993236,0.8126865835750804,False
frame_000353.jpg,0,147.4485408670697,100.11902077670544,169.56747499008668,159.499405166751,1.4707844196874913,47.32952009036427,10.06806982333569,0.7868486958391526,False
frame_000354.jpg,0,147.96821242851436,93.0634635335161,171.88555924338743,153.235021698431,1.9604846836361183,54.904748894998264,18.65053754495642,0.8131188119159025,False
frame_000355.jpg,0,164.1180405570089,76.96845081157987,176.466889509068,148.1922663366519,2.3460268474850268,87.14958974542903,28.274623172416113,0.8283696630421806,False
frame_000356.jpg,0,169.50987825469866,90.74829199472039,178.22961754601306,147.778026048345,2.352329102071101,78.76158625997827,30.451591497668062,0.8582025836495792,False
frame_000357.jpg,0,171.16956327331383,109.1707291681272,174.56357672578648,152.4901447915481,2.1997684281566685,61.99883410518663,22.073431934238386,0.854069800937877,False
frame_000358.jpg,0,165.25760885223733,128.21069448475592,174.1926682911241,157.36357307776996,2.0992816389416737,37.046914367481406,16.82909521335415,0.8536339507383459,False
frame_000359.jpg,0,153.8408328301627,144.22184381222306,175.53366035081692,162.4256116333489,1.6453742759501933,9.61898901793964,13.108048717468023,0.8222293994005989,False
frame_000360.jpg,0,137.99983872598168,154.5344536461014,178.76381878715628,165.29585347222718,1.259931567799669,16.534614920119736,13.467965314929103,0.8423356343718136,False
frame_000361.jpg,0,117.74003667505333,159.23778455915948,176.02133466176295,166.4553793121081,0.9770445724908896,41.49774788410615,9.565955349654843,0.8142940647461835,False
frame_000362.jpg,0,95.08909830083711,159.15930398887448,167.94212239117988,166.80896522651022,0.5307819468343288,64.07020568803738,1.1331571646696545,0.8126232133192175,False
frame_000363.jpg,0,80.39636243274856,155.3570789274406,162.29663857590404,166.3223595166732,0.0019251740031154118,74.96071649469204,4.025720940769162,0.8504327710937051,False
frame_000364.jpg,0,71.13466455172623,152.19115285774484,156.3643200615467,166.74530242781904,0.057492996461088186,81.05648830601861,10.380982366272349,0.8357307420057409,False
frame_000365.jpg,0,67.39664999977015,151.59427049689504,150.9773735550986,168.50213936643448,0.1800300154836291,84.19762049712489,17.524765811335868,0.8429910961319419,False
frame_000366.jpg,0,70.4864317921719,155.39804487358236,146.94037419115307,172.77455930939345,0.6031047205478275,84.91161308141047,25.834185118240384,0.8635531453525319,False
frame_000367.jpg,0,82.48228824783556,159.74099268342573,145.69584073496387,176.65447485277784,1.2810562023812802,77.25870443559018,30.958634117813972,0.8691671175115249,False
frame_000368.jpg,0,95.57320882670888,163.87123470010977,145.51230645004836,179.91705436320177,1.8753788108759035,68.29802587340089,34.404747913153415,0.8912922459490159,False
frame_000369.jpg,0,114.92675973121243,161.18925621322055,149.34392676039363,179.54197895269368,2.0508364404667763,46.26249648200812,30.198052192300054,0.8568669171894298,False
frame_000370.jpg,0,132.69509742711602,154.27422989207122,155.12064123350837,179.86289569049643,1.806010922480566,21.579132464955194,24.742254456988064,0.8850139519747566,False
frame_000371.jpg,0,145.70991134316188,150.76057286918066,160.00278359356835,177.98189322488454,1.2616081867544116,5.050661526018786,17.97910963131619,0.840890060452854,False
frame_000372.jpg,0,144.10532174358593,155.6668418810465,164.18681513126464,175.69740897241536,0.4729873344740198,11.561520137460576,11.510593841150722,0.8367184961543364,False
frame_000373.jpg,0,131.37281667953602,157.88774121685455,164.6569580722143,173.10538531637525,0.36258113161962835,26.514924537318535,8.44842724416094,0.8229773956186631,False
frame_000374.jpg,0,98.23521173369963,165.5586765424841,161.535046686417,172.70561333671233,0.8302882107943761,67.32346480878448,11.170566650295342,0.8486418478629169,False
frame_000375.jpg,0,65.40338826300669,156.9253111031762,159.85129630796519,167.93793994544797,1.0047330323884889,91.52192284016951,8.08664363748278,0.8381074281299815,False
frame_000376.jpg,0,77.71243663513566,135.10962389784632,161.24665580502477,162.45669121042963,1.1873027540337695,57.39718726271066,1.2100354054048523,0.8341946636929232,False
frame_000377.jpg,0,100.77614375810286,105.9805812164511,164.76999801099907,156.0445554215865,1.0158394087930762,5.204437458348238,8.72544258941258,0.8117133729598102,False
frame_000378.jpg,0,131.11904292430043,86.40933551390815,171.3555593194158,150.752123381947,0.7055902886857305,44.709707410392284,20.603435937468788,0.8254001315902261,False
frame_000379.jpg,0,157.05789080905475,74.88736624688671,178.46441873547892,146.18814796904275,0.35357210498602926,82.17052456216804,32.27627076643617,0.8608370914178736,False
frame_000380.jpg,0,167.46764154897744,96.44054113230713,176.40374885034814,148.55738060206644,0.17669906564064705,71.02710041667031,27.846368248281692,0.8490665695246529,False
frame_000381.jpg,0,168.6757322802852,117.04009423742119,172.9440434983712,154.53896079505748,0.18137307719362988,51.635638042864,18.405082703313724,0.8776648956186631,False
frame_000382.jpg,0,162.7433873468507,136.9106926894174,172.51814878093137,160.93921849655572,0.23571549361084315,25.832694657433308,11.578930284375645,0.8474501125952777,False
frame_000383.jpg,0,149.63723520167252,152.01312307741537,174.4058457824944,165.92614655619005,0.3669931001574974,2.3758878757428477,8.479699226304348,0.8507368108805489,False
frame_000384.jpg,0,132.0630609497313,160.26916511746978,177.09596697576546,169.11208667938308,0.861540616570246,28.206104167738488,7.983880296382381,0.8604115948957556,False
frame_000385.jpg,0,109.06993105220037,161.78086304530254,178.1061146316089,170.5062399294279,1.4082973042080107,52.710931993102164,7.599874702181012,0.807662192512961,False
frame_000386.jpg,0,89.40472475884596,157.91450005593518,172.80169677741634,170.32160454853107,1.9552385164701775,68.50977529708922,2.480092228885269,0.814294646768009,False
frame_000387.jpg,0,75.66679140278576,152.64049355866723,168.0308995631805,170.35496312744377,2.5491495287953376,76.97370215588147,2.3240635642632697,0.822689645430621,False
frame_000388.jpg,0,67.39802909036423,149.28224032220652,163.3442995536681,171.39186863836414,2.691660630723957,81.88421123184229,8.04756908469605,0.8198844860581791,False
frame_000389.jpg,0,66.67505342836378,150.56194246791333,159.0814622658977,174.34384827951854,2.29490041308914,83.88688903954954,15.26238601362084,0.8429967059808618,False
frame_000390.jpg,0,71.25263612847166,156.04933241723626,155.6701602077433,178.9270314176648,1.495961120930053,84.7966962887646,23.256871209921513,0.8576150571598726,False
frame_000391.jpg,0,83.04963172776131,163.42686224188424,154.3258150208606,177.04879948216572,0.3692725798446726,80.37723051412293,22.722984461305117,0.8738379794008592,False
frame_000392.jpg,0,100.95068753205987,169.0989116738158,155.10887315578725,174.47714234933062,0.847024631667627,68.14822414175592,19.36826919354337,0.8804126557181863,False
frame_000393.jpg,0,121.16127548655008,169.24665021558576,158.282116663837,173.4459553952931,1.5959825307604232,48.08537472903568,15.16383873145611,0.8693530804970685,False
frame_000394.jpg,0,136.9307223176316,163.2169059191769,162.0772374140404,173.83822837987174,1.7763244146673356,26.286183601545304,11.760990965831326,0.8711601215250352,False
frame_000395.jpg,0,138.89256142185192,166.8207451211408,166.1531460031825,176.56258032186486,1.6576266705886864,27.928183699288866,10.409434318682344,0.8403031089726616,False
frame_000396.jpg,0,149.01271646358708,153.54699791038942,169.02611598987733,178.74819408950376,1.2437287169660727,4.534281446802339,9.72207809962643,0.8459950860808877,False
frame_000397.jpg,0,138.5848125494206,155.822564383815,168.9519735752024,179.04389802410753,0.7076927119126755,17.237751834394402,10.091924448905132,0.8193088699789608,False
frame_000398.jpg,0,124.63371054147515,140.281133930885,167.7511130432593,173.35801859591237,0.6005468289076705,15.647423389409852,5.606905552653075,0.832178813569686,False
frame_000399.jpg,0,120.1358511928802,126.48935010792634,167.61057563218495,166.5618388672628,0.9167830215528249,6.353498915046146,1.048736764922154,0.8238840068087858,False
frame_000400.jpg,0,139.09239922351676,96.29686058538756,169.30505662449082,160.44912536709654,1.298121226597426,42.7955386381292,8.855931257394275,0.7777512844871072,False
frame_000401.jpg,0,138.56195872107,94.65000760732428,172.04461559717265,154.18451305973977,1.8041760897776946,43.911951113745715,17.86010253743288,0.7926671224481919,False
frame_000402.jpg,0,160.14077308136308,78.55625447448482,176.90799971777636,149.03318322557652,2.244042527767576,81.58451860687826,27.87481649219984,0.8167531279956594,False
frame_000403.jpg,0,169.10600650840402,93.10270369667177,178.2702886788024,148.41431571704106,2.4209359830704567,76.00330281173225,29.855972961761324,0.870980911395129,False
frame_000404.jpg,0,171.04379082170092,111.19426832003745,174.6442025604394,151.97861322745632,2.30282010374599,59.84952250166347,22.665589332983075,0.8421365688828861,False
frame_000405.jpg,0,165.0380433155916,128.71295934135827,174.06414616133134,157.23856743719745,2.0139035095975357,36.32508397423334,16.82557872413389,0.8558993409661686,False
frame_000406.jpg,0,153.3054277396103,144.86012241615137,175.81783429002178,162.5670448044949,1.6003370399522021,8.445305323458939,13.250789485526866,0.8278503698461196,False
frame_000407.jpg,0,136.978237670067,155.12887258961615,179.22206744019937,165.708252479203,1.353282335672987,18.150634919549162,13.51381496099637,0.8555258687804727,False
frame_000408.jpg,0,116.97071844480463,159.78346037921554,175.44667741012253,166.9047137273603,1.0351987162093925,42.81274193441091,8.54196368276223,0.8059922737233779,False
frame_000409.jpg,0,94.8783068861455,159.74204367386795,168.1825626858208,167.1384830887493,0.5261795818077074,64.86373678772246,1.0440795970715158,0.8327960266786463,False
frame_000410.jpg,0,80.8917256365644,155.9472557361889,162.57105232352848,166.335605863991,0.18432980766869717,75.0555300996245,3.764553540462515,0.8282955113579246,False
frame_000411.jpg,0,71.06077929196604,152.8635659154989,156.6620183238006,166.6068054990925,0.12285492026819729,81.80278662353285,9.944787175291907,0.8334588829208823,False
frame_000412.jpg,0,67.7206280681625,152.46480377597592,151.69996967753997,168.60573602161952,0.12334154599391879,84.74417570781343,16.905766344079552,0.8476662600741667,False
frame_000413.jpg,0,70.7478598588689,156.19762130948718,148.0366698635117,173.35162155959895,0.36851596897938677,85.44976145061827,25.314951696087263,0.8566674414803,False
frame_000414.jpg,0,81.91697210868645,160.8238695966398,145.96244401741748,177.4629484139218,1.1043704507252652,78.90689748795336,31.50050439650431,0.8701918721199036,False
frame_000415.jpg,0,94.63919327865763,164.7319756644823,145.75581296991052,178.93719017322752,1.6408925866081383,70.09278238582466,33.181377203317,0.8851999815772561,False
frame_000416.jpg,0,114.99120373148068,162.2278557774652,149.667459920227,178.26510351241282,1.8150813828683128,47.23665204598453,28.59764359218582,0.8582702629706439,False
frame_000417.jpg,0,132.74998565772245,154.6513194195229,155.22746327196091,178.8433556476887,1.633073530130509,21.90133376180046,23.615892375727782,0.8849354877191431,False
frame_000418.jpg,0,145.33259541562663,151.2381835417482,159.80851812556273,178.80469313955675,1.2031850219839402,5.905588126121586,18.99617501399402,0.8436162401648128,False
frame_000419.jpg,0,144.33180306980086,157.0037004981877,164.09398099190074,176.57682415268573,0.47670034987614146,12.671897428386842,12.482843160784995,0.823727036223692,False
frame_000420.jpg,0,132.61154534074657,159.1947858819285,164.78329758030483,173.85352194356736,0.3021320037463897,26.583240541181937,9.070224363262525,0.8243825435638428,False
frame_000421.jpg,0,98.01498847562152,165.3808303300536,161.84743362103558,172.74077391572172,0.8355243711019653,67.36584185443209,10.89334029468614,0.828459406600279,False
frame_000422.jpg,0,66.29873083963317,157.0838427116561,160.4218712483869,167.99844992147248,1.069176829845656,90.78511187202294,7.576578673085578,0.8313037893351387,False
frame_000423.jpg,0,78.8582519399915,133.76246598072956,161.8702541586932,162.01014664140277,1.242826467077873,54.904214040738054,0.13989248270956978,0.8139664846308091,False
frame_000424.jpg,0,102.0712673314807,103.91855706722545,165.46891163905957,156.1106592349078,1.1916702714051608,1.8472897357447522,9.358252404151756,0.8116436565623564,False
frame_000425.jpg,0,131.24452798065536,83.47119902353766,171.93940467687523,151.06735460990174,0.8903417454757675,47.7733289571177,20.872050066973486,0.8337055865456077,False
frame_000426.jpg,0,157.62204041399477,71.9509767417113,179.01390155798194,146.77289946232938,0.42032912626195124,85.67106367228347,32.24100209565256,0.8624351795981912,False
frame_000427.jpg,0,167.98924237511602,94.16422513935456,175.90184474211088,148.86279002048497,0.18716816505110842,73.82501723576146,27.039054721625916,0.8396541721680585,False
frame_000428.jpg,0,168.22815769743394,115.99270524771185,173.05688631149806,154.61027279461422,0.08266516770913361,52.23545244972209,18.446613516883843,0.8810257631189683,False
frame_000429.jpg,0,162.37020341437568,136.77403959697807,172.7665700415336,160.52098292007122,0.018012410079766065,25.59616381739761,12.245587121462393,0.8412294072263381,False
frame_000430.jpg,0,149.1463797862901,151.4346602460087,174.7745493165123,164.97651042846624,0.1423298776567195,2.288280459718578,9.798038888046051,0.8215772158959332,False
frame_000431.jpg,0,132.18317829101426,159.94085552070538,177.3764717411486,168.53603819419135,0.7597485608430743,27.757677229691126,8.840433546957257,0.8323746288523954,False
frame_000432.jpg,0,109.86632707029048,161.2907665497721,177.81925835156733,169.76752091502402,1.257034229332275,51.424439479481606,8.051737436543306,0.8204967625000897,False
frame_000433.jpg,0,89.92642834273211,158.36274616206433,172.55182932566095,170.06697127159265,1.784878144172098,68.43631781933222,2.4848580540682974,0.8126949913361493,False
frame_000434.jpg,0,75.52129792905704,153.36541151765917,168.39972344301967,170.41581152482215,2.4166312476905096,77.84411358860213,2.0160880818024793,0.8229377515175763,False
frame_000435.jpg,0,67.52556275171469,150.1343113956551,163.69983341876718,171.7556698882642,2.6770495827110214,82.6087486439404,8.055836469497024,0.8352409881703994,False
frame_000436.jpg,0,66.24074172262108,151.85593110502498,159.4009113505507,174.64533965358874,2.2220063481348284,85.6151893824039,15.244428303038035,0.8678241512354683,False
frame_000437.jpg,0,70.95861292862924,157.49552376537181,156.23295403910794,179.61466397940055,1.5386166686074982,86.53691083674258,23.38170994029261,0.88346467999851,False
frame_000438.jpg,0,83.34497807102017,164.55376547721332,154.8889025082054,176.3969552691994,0.4811656519667659,81.20878740619315,21.50805276099399,0.8859733869047726,False
frame_000439.jpg,0,100.97629887650771,169.98198062627387,155.07394710736813,174.02743243133185,0.7882208161740812,69.00568174976615,18.95348532396372,0.8785873371012071,False
frame_000440.jpg,0,122.11824390409139,170.5730362759236,158.92331981034914,172.94595431729664,1.539685403808626,48.45479237183223,14.022634506947497,0.871695455382852,False
frame_000441.jpg,0,137.8370254184179,163.6448938811036,162.67509547869864,173.86808987456868,1.7222170099045078,25.80786846268569,11.192994395870045,0.8782099239966449,False
frame_000442.jpg,0,151.28837086629585,151.47706508934485,166.41240778400876,176.66469282681993,1.721301451671973,0.18869422304899786,10.252285042811167,0.8378190959201139,False
frame_000443.jpg,0,160.57582951386442,136.64034750809464,169.76434946108662,179.3738407102915,1.3049759792456286,23.935482005769785,9.609491249204865,0.8262931459090289,False
frame_000444.jpg,0,153.99041994589106,138.8227409126264,169.92400530362283,178.3435964028413,0.7714856728632177,15.167679033264676,8.41959109921848,0.8284675023135017,False
frame_000445.jpg,0,146.09558907290864,119.82986978523199,168.08637412343722,172.05285652156186,0.8460705112879684,26.265719287676646,3.96648239812464,0.8364403808818144,False
frame_000446.jpg,0,142.80504635434147,105.33960068084765,167.9976092260184,165.63512797448107,1.0348021100774127,37.46544567349382,2.362481251537332,0.8375570423462811,False
frame_000447.jpg,0,140.8272974168046,94.61654818592639,169.75685259041677,159.4725913975852,1.4005186989378777,46.21074923087822,10.284261192831565,0.7806277134839226,False
frame_000448.jpg,0,139.43242410687293,92.39338305812574,171.85458173394363,153.3604490016306,1.8875112956916655,47.039041048747194,18.494132732313034,0.8079306939068962,False
frame_000449.jpg,0,160.04595233219246,76.40783139196729,175.89855409659063,147.8104031799037,2.4543077954410593,83.63812094022516,28.088150916686942,0.8440812370356392,False
frame_000450.jpg,0,169.89114153315057,90.12287220299568,178.34567119248493,147.99134082063512,2.401002456861598,79.7682693301549,30.354330371849812,0.8615931588060716,False
frame_000451.jpg,0,171.34930730120007,108.03076244951342,174.73343560536335,151.59729334402041,2.364728167028553,63.31854485168665,23.13614226134294,0.8668520625899819,False
frame_000452.jpg,0,165.36212362462348,127.53639579922897,174.5289064461905,156.66531515969646,2.202455890573484,37.82572782539451,17.863591286494028,0.8532160275122699,False
frame_000453.jpg,0,154.45997539380303,143.7840047114786,175.84665123903835,162.02439337770738,1.8050465587638886,10.675970682324447,13.822257861330968,0.8310311226283803,False
frame_000454.jpg,0,138.35206675467714,154.57581471183474,178.7113325372036,165.357617119432,1.2427426693097763,16.2237479571576,13.353715417771582,0.8398496999460108,False
frame_000455.jpg,0,117.63354744413718,159.93331992782493,175.9413221283191,166.72454440646578,0.8895084624700873,42.29977248368775,9.216777721853305,0.8265768745366264,False
frame_000456.jpg,0,95.44681517135649,160.02387551383134,168.3521959006702,167.08049779636278,0.4476125891462528,64.57706034247485,1.2716981043074327,0.8240573826958152,False
frame_000457.jpg,0,80.73199319698266,156.37352892162923,162.3159755948915,166.54431123613074,0.058531080362421134,75.64153572464657,4.228335641239227,0.8429075970369226,False
frame_000458.jpg,0,71.61503660989541,153.3377607996827,156.16083972027417,167.1101566006149,0.0611051758413585,81.7227241897873,10.949316880340746,0.8360889448839075,False
frame_000459.jpg,0,67.94829179191225,152.66069289214022,151.3431278166194,169.06130739308858,0.05964982275729768,84.71240110022796,17.718179576469197,0.8261306110550376,False
frame_000460.jpg,0,70.66128407798341,155.07484690795988,147.1720048279169,172.81158798879673,0.42739630302277287,84.41356282997647,25.639583160879823,0.8604866792173946,False
frame_000461.jpg,0,81.30992884651259,159.40540317397804,145.28234340285212,176.7509516983816,1.1645455328299559,78.09547432746545,31.468608295529492,0.8629745139795191,False
frame_000462.jpg,0,93.96377241803276,164.10373711196183,145.49569049270724,179.2857370185669,1.6350403048008844,70.13996469392907,33.79004652585965,0.8898090054007137,False
frame_000463.jpg,0,113.62281116921109,161.59983816750113,149.30893553095373,178.74384136259403,1.8120792785966195,47.97702699829004,29.434905831640293,0.8552121239549973,False
frame_000464.jpg,0,131.16792654896997,154.62275434666418,154.25551701493544,179.2583154000038,1.739605168936089,23.454827797694207,25.00279838506836,0.8887043875806472,False
frame_000465.jpg,0,145.67858859354695,151.74401518891256,159.1844321000226,178.7956485367289,1.3116093527082364,6.065426595365608,19.611216436706286,0.839887492796954,False
frame_000466.jpg,0,145.26240599591156,156.8575804329393,163.1832100676755,176.51714854819343,0.5867059173208162,11.595174437027737,13.33393848051793,0.8459598527235144,False
frame_000467.jpg,0,137.2660844801404,158.9228273451829,164.06864324358992,173.68754265722436,0.18325349966438062,21.656742865042503,9.618899413634438,0.8267531675450942,False
frame_000468.jpg,0,110.82133245769874,161.55811147675863,161.4683485845312,170.8862034916687,0.6518954471021858,50.73677901905988,9.417854907137496,0.8488818091504714,False
frame_000469.jpg,0,105.44167858502384,152.6627614018514,160.2072903054669,166.07386473437987,0.9976573069723347,47.221082816827575,5.866574428912969,0.8540223836898804,False
frame_000470.jpg,0,100.74482055925796,131.54167879187966,161.8754414911264,160.16293557607247,1.174399197200933,30.7968582326217,1.7125059150539244,0.8051514555426205,False
frame_000471.jpg,0,120.69972569861281,103.81723724309921,165.65012944041058,153.71229368693676,1.0088355734814978,16.882488455513595,11.93783575347382,0.8110094841788796,False
frame_000472.jpg,0,142.24585583889382,85.07804204917254,171.8363181707559,148.46713404270207,0.6519609353649063,57.16781378972128,23.36918412805383,0.8337084405562457,False
frame_000473.jpg,0,162.31970207308663,75.66982269663754,178.83948499517695,146.48965257361394,0.39760251905536104,86.64987937644909,32.34983242156301,0.8501735820489771,False
frame_000474.jpg,0,167.5911721134782,95.87981929492675,176.26936219177446,148.61154552857008,0.10338154481595917,71.71135281855145,27.657816663204386,0.8436790880034951,False
frame_000475.jpg,0,167.59160632170065,116.1614052421035,173.672396037733,154.37092377716937,0.009170830763913167,51.430201079597154,19.301472260563628,0.8813646540922278,False
frame_000476.jpg,0,161.87064152695692,136.11163485395244,173.21277640925283,160.55157660435913,0.11670887840579151,25.759006673004478,12.661199804893698,0.849336003555971,False
frame_000477.jpg,0,149.62288183848764,150.77748060956122,174.492168818701,165.21698962002392,0.3652629016635286,1.15459877107358,9.27517919867708,0.8295736628420213,False
frame_000478.jpg,0,132.23551586120598,159.11459418363424,177.38734447993136,168.13425424355012,0.6951768780772778,26.879078322428256,9.25309023638124,0.8082066178321838,False
frame_000479.jpg,0,109.82393259220568,161.35710053876898,177.90175224000862,169.84895519482504,1.310585739829902,51.533167946563296,8.052797045183581,0.834020221934599,False
frame_000480.jpg,0,90.0657480844075,158.9600245977685,172.64431888112992,170.3140788835719,1.8429565771247818,68.89427651336099,2.33023999755801,0.828127054607167,False
frame_000481.jpg,0,75.10507350018592,153.51413364509716,168.1300303481736,170.34832389973084,2.3849484912110333,78.40906014491124,2.2182935515572524,0.8308922999045428,False
frame_000482.jpg,0,66.58634556832345,149.9893211238589,163.86728707383566,171.52029020930564,2.60150907809752,83.40297555553545,7.653003135469987,0.8295766325557933,False
frame_000483.jpg,0,65.67931235232597,151.25353559118682,159.4756931117187,174.22632423732045,2.1592172718208955,85.57422323886085,14.750631125601757,0.8461754462298225,False
frame_000484.jpg,0,70.82575518184773,156.60681268189765,156.13089368640783,178.8374476076548,1.311450741912371,85.78105750004993,22.70655392124698,0.8674889101701624,False
frame_000485.jpg,0,82.83111187853586,163.52079140698626,155.01335339773115,177.22432627868528,0.24888893428167508,80.6896795284504,22.21097288095413,0.875170532394858,False
frame_000486.jpg,0,100.68298542375322,169.12179279242866,155.47179509958102,174.56708862933087,0.9714314472140618,68.43880736867544,19.095293529749853,0.881910338121302,False
frame_000487.jpg,0,121.24434747205808,169.72090180126628,158.60050036543336,173.38876923572693,1.6764949128370568,48.4765543292082,14.788268870293564,0.8677045527626487,False
frame_000488.jpg,0,137.31153273015502,163.66316439095982,162.48188896425646,173.68638606200554,1.8014740150672246,26.3516316608048,11.204497097749083,0.8665428336928872,False
frame_000489.jpg,0,150.57531989946062,151.4864322758185,166.36213789473268,176.2545744514909,1.6744859334726252,0.9111123763578632,9.892436556758213,0.8364729846225065,False
frame_000490.jpg,0,159.70669230592208,136.2861502128215,169.2634250351522,178.65023761912258,1.250447439278905,23.42054209310058,9.386812583970368,0.8377276098026949,False
frame_000491.jpg,0,153.35715547317724,138.7444975145151,169.39607442625174,179.34524596472764,0.7104431022300395,14.61265795866214,9.949171538475895,0.8233642753432778,False
frame_000492.jpg,0,144.94400954032952,143.63293036209964,167.43725728051706,177.51251153713918,0.7760396144841234,1.3110791782298747,10.075254256622117,0.8311349434011123,False
frame_000493.jpg,0,141.63495215611437,130.38542368318053,167.60572930246326,171.14779361375864,0.9065929455688668,11.249528472933832,3.542064311295377,0.8348491682725794,False
frame_000494.jpg,0,140.23981358500612,121.1986960014734,169.68101226732338,164.7309123047548,1.190895962291989,19.041117583532724,4.950099962568572,0.7938161702717051,False
frame_000495.jpg,0,139.16982877829625,118.22099698794041,172.3647251047125,158.63388744055956,1.62235340811166,20.94883179035584,13.730837664152943,0.7904405611402848,False
frame_000496.jpg,0,159.58456924171776,101.25734835369911,176.78237249658162,152.98983204165756,2.1288763525336742,58.327220888018644,23.79254045492405,0.8472771364099839,False
frame_000497.jpg,0,169.58499542054722,90.3633547408218,177.78467641977483,148.37389345927946,2.318486079479043,79.22164067972541,29.410782960495368,0.8735863531337065,False
frame_000498.jpg,0,171.09411996156558,108.3816312052515,174.2089734105323,152.14625758241675,2.3335533282187324,62.71248875631409,22.062715828115557,0.8670704189468833,False
frame_000499.jpg,0,164.55903411515388,127.62377472779697,174.25982819742336,157.53369271744484,2.1324647342078418,36.93525938735691,16.726135479978524,0.8648868273286259,False
frame_000500.jpg,0,153.00389407612013,143.43787080363526,176.18232296313943,162.22202516386025,1.907561975914657,9.56602327248487,13.960297799279175,0.8380372945000144,False
frame_000501.jpg,0,137.24745218213025,154.0744102798907,179.26386718027513,165.22883395553964,1.5210289994641597,16.826958097760468,14.035033224735486,0.8500066995620728,False
frame_000502.jpg,0,117.14409450524305,159.28532569841192,175.60565169679157,166.71083343747173,1.0644758088522612,42.14123119316888,8.894818259319834,0.822751662310432,False
frame_000503.jpg,0,94.93967379500609,158.90806346428457,167.7156234737539,166.798736638201,0.5635091254758733,63.96838966927848,0.9168868355529014,0.8350058653775383,False
frame_000504.jpg,0,80.9973522095391,155.92131321122304,162.1169180954531,166.51280660413912,0.1798400851724882,74.92396100168394,4.395888508686028,0.8561615943908691,False
frame_000505.jpg,0,71.42928400437009,153.17950715462885,156.43302138216376,167.3811663385656,0.058317936963907906,81.75022315025876,10.948144956401848,0.827358322985032,False
frame_000506.jpg,0,67.44057941962674,152.4878682346486,151.21386957973587,169.08026759958682,0.06024491145742682,85.04728881502186,17.866398019850948,0.8433462626793805,False
frame_000507.jpg,0,70.42261388713837,155.30531527047955,147.56320322097895,173.07789346977563,0.4264167246644891,84.88270138334119,25.514690248796683,0.8536285863203161,False
frame_000508.jpg,0,81.95157854100214,159.36156689350747,146.3895924682913,176.77725799825512,1.163406470064307,77.40998835250534,30.38766552996381,0.8707671516081866,False
frame_000509.jpg,0,94.42040934342592,163.05662429193114,146.17790999984916,179.77186595283072,1.8178190289331642,68.63621494850523,33.59395595298156,0.8752979531007654,False
frame_000510.jpg,0,114.13222135098337,160.65112433775934,149.6591837567856,179.79183094819055,2.114225765410109,46.51890298677597,30.132647191404942,0.8549379846628975,False
frame_000511.jpg,0,132.16355791273637,153.79686640428667,154.88580398813124,179.82976878237122,1.9851653170361614,21.63330849155031,24.943964794239974,0.8857740163803101,False
frame_000512.jpg,0,146.06823921027043,141.4790284570946,159.48607005949393,177.80071564817894,1.4975216065964554,4.58921075317582,18.31464558868501,0.8453507668831769,False
frame_000513.jpg,0,145.47793535625,145.7898793973747,163.3245936374686,175.7578706475026,0.7658114284904896,0.3119440411247183,12.433277010034004,0.8355725863400627,False
frame_000514.jpg,0,137.03836735137045,147.304740071371,164.20785073315915,173.21209373502032,0.06730416237332518,10.266372720000533,9.00424300186117,0.833023776026333,False
frame_000515.jpg,0,110.82614235648785,152.86158209253867,161.45130276634148,172.05995563032457,0.5993671078665567,42.03543973605082,10.608652863983082,0.8441748794387368,False
frame_000516.jpg,0,85.36169878344288,141.95182995101052,160.56650155349814,167.72039088232378,0.8996759524464976,56.59013116756765,7.153889328825642,0.8421877903096816,False
frame_000517.jpg,0,78.8414856456527,132.7838097071893,161.51411848039112,161.70054839900467,1.0657676527175983,53.94232406153661,0.1864299186135554,0.8086265325546265,False
frame_000518.jpg,0,102.02359747998374,103.34836386164746,165.03551669265758,156.12676875421772,1.0173159574427713,1.3247663816637214,8.90874793843986,0.7892698785837959,False
frame_000519.jpg,0,130.5456062679751,84.64681744845724,171.31401647334667,151.28714376428147,0.8105859183008081,45.89878881951786,20.026872709065202,0.8238230873556698,False
frame_000520.jpg,0,156.7977770286043,73.2290277863721,178.44141569987,147.7699621463439,0.5642583919932507,83.56874924223219,30.671453553526106,0.8584428534788244,False
frame_000521.jpg,0,167.48697087945268,94.57771595302366,176.21487870384976,149.3298813907305,0.3868560007014806,72.90925492642903,26.88499731311927,0.8820703520494348,False
frame_000522.jpg,0,168.9173240780617,116.35977076708849,172.5914957947567,155.20043112267027,0.35447508504159037,52.55755331097322,17.39106467208643,0.8763535548658932,False
frame_000523.jpg,0,163.05972286070119,136.38254258404112,172.17339253210784,160.94535343888816,0.34793498236040665,26.677180276660067,11.228039093219678,0.8501503712990705,False
frame_000524.jpg,0,150.62829845919774,151.02177507418386,173.79447682469706,165.57861268626175,0.49229179243692694,0.3934766149861275,8.215864138435307,0.8361723142511704,False
frame_000525.jpg,0,133.0102975240683,159.48866974557725,176.52687034744926,168.34495102041805,0.8807251014070234,26.47837222150895,8.18191932703121,0.8239397371516508,False
frame_000526.jpg,0,110.7846860251268,161.23492937706052,178.88562836577634,169.7730947468116,1.382041561798755,50.45024335193372,9.112533618964733,0.820497709162095,False
frame_000527.jpg,0,90.71016992117981,158.64494552281863,173.62270420319598,170.23098379210208,1.9318092187125504,67.93477560163882,3.3917204110938997,0.8055114009801079,False
frame_000528.jpg,0,76.51922238518912,153.8882037647406,169.27990856987847,170.5021447133656,2.519081032365417,77.36898137955149,1.2222361434871232,0.827624194762286,False
frame_000529.jpg,0,67.97229723171338,150.99267741002586,164.3020683177156,172.09487580428504,2.730000039999071,83.02038017831248,7.792807486569444,0.8201234095236835,False
frame_000530.jpg,0,66.89004136609775,152.01198001133358,160.03144493994895,174.91067621299612,2.316576875427564,85.12193864523583,14.879231273047168,0.8477374876246733,False
frame_000531.jpg,0,71.93276171693834,156.85529966708103,156.5381496302374,179.29869577800267,1.5728736134390056,84.92253795014268,22.760546147765268,0.8564237426309025,False
frame_000532.jpg,0,83.94297415650625,164.14573322531245,155.07352943030966,176.64877501127046,0.43202585078520983,80.2027590688062,21.575245580960797,0.8770482575192171,False
frame_000533.jpg,0,101.43247306553236,169.6246459070166,155.68289782631825,174.19138041924688,0.7926714949119682,68.19217284148424,18.50848259292863,0.8711736097055323,False
frame_000534.jpg,0,122.44599378754984,170.18203423826873,158.90235660138265,173.26403440148044,1.66436699356471,47.73604045071889,14.361677800097794,0.875470757484436,False
frame_000535.jpg,0,138.04852755002165,164.65718900203927,162.31916785515708,173.40899599602588,1.9066601549929645,26.60866145201763,11.089828140868804,0.8821888636140263,False
frame_000536.jpg,0,151.03161646849864,152.4627888625568,165.74502107149772,175.80560080648354,1.8931925944069552,1.4311723940581658,10.060579734985822,0.857415167724385,False
frame_000537.jpg,0,159.737837362993,137.0566337337456,168.5077179376586,177.9997029470169,1.4744962866693794,22.681203629247392,9.491985009358302,0.8369236798847423,False
frame_000538.jpg,0,152.95562788720616,139.3204679520177,168.38238033348966,179.65048621676107,1.000328322414998,13.635159935188454,11.268105883271403,0.8254567840520073,False
frame_000539.jpg,0,150.13700766714595,120.60533741973673,167.05817490831694,173.8590024357479,0.9545805543182768,29.531670247409224,6.800827527430954,0.8353834993699017,False
frame_000540.jpg,0,147.76575671031063,107.33806281741909,166.95923761110265,167.03809628287271,1.1416684924024771,40.42769389289154,0.07885867177006389,0.8410328556509579,False
frame_000541.jpg,0,147.64125997511354,97.96521463081704,169.1503034651629,160.748454956242,1.4646957583368707,49.6760453442965,8.401848508920892,0.7897322510971743,False
frame_000542.jpg,0,148.30441243592645,96.24439766026249,171.8351434770839,153.6693911015671,1.9583620853719923,52.06001477566396,18.165752375516803,0.8193625106531031,False
frame_000543.jpg,0,164.25061876142118,79.36577391643665,176.34753673171,148.05972612392745,2.5012965259906332,84.88484484498453,28.287810607782546,0.8171066887238446,False
frame_000544.jpg,0,169.15439088979267,92.87858637488502,178.4997153099428,147.44867559444228,2.6113599872168125,76.27580451490765,31.051039715500508,0.870756159810459,False
frame_000545.jpg,0,171.07409351436593,110.83249857076689,174.73278272907356,151.57743119757706,2.5176419338439397,60.24159494359904,23.155351531496507,0.8672921938054702,False
frame_000546.jpg,0,165.38717822392252,127.61169737440594,174.14991973252208,156.63660842309562,2.1979722668968593,37.77548084951658,17.513311309426456,0.8576966033262365,False
frame_000547.jpg,0,154.36998130265513,143.7735527495583,175.57526495503325,161.89612127122007,1.9081189926618511,10.596428553096843,13.67914368381318,0.8421905356294969,False
frame_000548.jpg,0,138.5293268729981,154.96451119889903,178.81578292961765,165.65777595192228,1.3820222293179472,16.435184325900934,13.15800697769538,0.8616717177278855,False
frame_000549.jpg,0,118.04387603919962,159.63535418930277,175.92144898696816,166.94321473319556,0.9903063377901619,41.59147815010316,8.978234253772598,0.8367442418547237,False
frame_000550.jpg,0,96.19727344110822,159.62752937336023,167.8833912554824,166.84569435252592,0.6121130421299739,63.43025593225201,1.037696902956469,0.8268638253211975,False
frame_000551.jpg,0,81.04434433784365,156.0073943270385,161.80595598585364,166.1299639785132,0.3002117075663922,74.96304998919484,4.324007992659546,0.8624533204471364,False
frame_000552.jpg,0,71.7580544202438,152.85747688028104,156.29079539132877,166.7622181918209,0.061472828377634764,81.09942246003725,10.471422800492121,0.8248127944329205,False
frame_000553.jpg,0,67.13879807556445,152.21905416771108,151.3169739584597,168.59871787486173,0.18059070745766082,85.08025609214663,17.281743916402036,0.84538874205421,False
frame_000554.jpg,0,69.60989017519448,155.3701252193596,147.55054992418698,172.55909132714885,0.4845615783367052,85.76023504416513,25.008541402961868,0.8655348770758685,False
frame_000555.jpg,0,80.28950767326283,159.50224739674755,146.2227520852264,176.88012459876555,1.0897317577851366,79.21273972348472,30.657372513539144,0.8569450658910415,False
frame_000556.jpg,0,93.79019782717404,164.13613882108385,145.92640262248304,179.29120246535226,1.68730508973102,70.3459409939098,33.36479984286922,0.8798794921706704,False
frame_000557.jpg,0,113.32971949311862,162.12220030785912,148.9871816889477,178.54106914560361,1.8672007028422861,48.7924808147405,29.55388745665593,0.8670781710568596,False
frame_000558.jpg,0,131.77114000811807,154.75223879968368,154.5414977967505,178.9802530090424,1.6255263515194758,22.981098791565614,24.43875521229191,0.8735520348829382,False
frame_000559.jpg,0,146.24657334285894,141.96850025452096,159.53692211745053,179.01425324530476,1.2600052401569368,4.278073088337976,19.477331127854228,0.8339344017645892,False
frame_000560.jpg,0,146.359086256681,146.07371835856134,163.73246316780813,176.72026122923876,0.5378868114026303,0.28536789811965946,12.987798061430624,0.8355166877017302,False
frame_000561.jpg,0,139.25736255917633,147.25490191240928,165.12389702726918,173.899473579772,0.35849161644664995,7.997539353232952,8.775576552502827,0.8290452150737538,False
frame_000562.jpg,0,113.70655430201168,152.95121892819733,161.66957961921577,172.56240372547123,0.7096800980657475,39.24466462618565,10.89282410625546,0.844024517956902,False
frame_000563.jpg,0,105.33657614634451,141.13970018055258,160.08234533232667,166.25193974860764,0.854477636514203,35.80312403420807,6.169594416280972,0.8475741603795219,False
frame_000564.jpg,0,98.7094163380266,132.4438662553481,160.97130103394133,160.30330658197946,1.1954468691018167,33.7344499173215,0.6679944519618743,0.8217235102373011,False
frame_000565.jpg,0,118.05074313939389,105.32758319798327,164.5829194897205,153.72812576122948,1.0234188301806786,12.723159941410614,10.854793728491018,0.8451283994842979,False
frame_000566.jpg,0,139.0797755272457,87.54272101736446,170.08143069433623,148.5206410053211,0.6074240299832891,51.53705450988123,21.560789689015138,0.8392450914663427,False
frame_000567.jpg,0,159.71862049399076,76.57212577831254,177.5586804428092,144.7450735008614,0.37720184758410896,83.14649471567822,32.813606941947796,0.8641346728100496,False
frame_000568.jpg,0,166.37594845855205,95.34286849473037,177.0961342817323,148.70208290121215,0.1771434151194023,71.03307996382168,28.394051380520153,0.8479461985475877,False
frame_000569.jpg,0,168.230390307197,116.39244402270822,173.67059742119923,154.2783031622005,0.04983993408368167,51.837946284488794,19.39229425899873,0.8720590787775376,False
frame_000570.jpg,0,161.92687114272425,136.3982615263904,173.5053914596081,160.63079470058565,0.07499882034586607,25.528609616333853,12.874596759022438,0.8377877508892733,False
frame_000571.jpg,0,150.5455550594121,150.9247827854586,174.07475660614128,165.5392449259417,0.4498706041521758,0.37922772604650845,8.53551168019959,0.8217322545893052,False
frame_000572.jpg,0,133.31218403926724,159.57300648200746,176.76171815398527,168.90773278664648,0.9543112615488537,26.26082244274022,7.853985367338794,0.8129661118282991,False
frame_000573.jpg,0,110.7186585509258,161.60514446511047,178.59366579914146,170.28520600393,1.4449558111690801,50.886485914184675,8.308459795211462,0.8132324358996224,False
frame_000574.jpg,0,90.72471247886553,158.90499649105695,173.3957888891526,170.7366038708251,2.047201750030424,68.18028401219142,2.65918501832752,0.8183240154210258,False
frame_000575.jpg,0,76.60829362239599,152.8375373661043,169.115492045324,170.39113925144582,2.5676861120558443,76.22924374370831,1.2756472061218176,0.8184611061040092,False
frame_000576.jpg,0,67.47743327421578,149.529869586567,163.60152601483344,171.39776226713934,2.58101820393543,82.05243631235122,7.796236252305903,0.8174146518987768,False
frame_000577.jpg,0,65.92012096113255,150.3362895528644,159.05747716703354,173.99623280260877,2.1315041187547887,84.41616859173185,14.938755635575234,0.8329819300595451,False
frame_000578.jpg,0,71.00605958739035,155.1513860816279,155.89764214140342,178.08222846348775,1.3291382561420613,84.14532649423754,22.18458632208433,0.8865026586196002,False
frame_000579.jpg,0,83.05062214548197,162.46620930879138,154.45576597760927,177.93451149485946,0.19864894191044008,79.41558716330941,23.47874551725019,0.8844614099053776,False
frame_000580.jpg,0,99.94758430737743,168.68716769664843,154.73607882982355,175.06534572334118,1.0824632112279453,68.739583389271,20.329266893517627,0.8735653828172123,False
frame_000581.jpg,0,120.73886776402465,169.2580053993756,157.9113390885999,173.8913340911551,1.8426899279926918,48.51913763535096,15.9799950025552,0.8623267026508555,False
frame_000582.jpg,0,136.9682251387673,163.24289593438496,161.88515447619426,174.632581781855,2.079039207725559,26.274670795617652,12.74742730566075,0.8834784486714531,False
frame_000583.jpg,0,138.39487776572835,167.14578212923888,165.44742006625103,177.04002978095266,1.956508739840899,28.75090436351053,11.592609714701638,0.8443048491197473,False
frame_000584.jpg,0,148.079979163669,163.35815970143278,168.0505792823169,179.5781612463334,1.6512533570230838,15.278180537763774,11.527581964016491,0.8300322329296785,False
frame_000585.jpg,0,138.61749961055008,166.1836356468037,168.49695287419456,178.1332767635707,1.1320678140521436,27.566136036253624,9.636323889376143,0.8238260816125309,False
frame_000586.jpg,0,135.52901951821042,151.65697704048623,167.24968066149688,172.28921738534262,1.0836686502408257,16.127957522275807,5.0395367238457425,0.8412970549920026,False
frame_000587.jpg,0,132.9898504909017,138.17908257242982,167.387526943164,166.14389507798316,1.095459710619925,5.189232081528132,1.243631865180845,0.8026624917984009,False
frame_000588.jpg,0,147.45479317109388,101.40981831052096,169.43397576250098,160.10710595237194,1.3495867461423745,46.04497486057292,9.32686981012904,0.7844482607701245,False
frame_000589.jpg,0,148.50325469746883,92.94889798629137,172.09512755197346,154.16044642773755,1.7713179052827237,55.55435671117746,17.934681124235908,0.80087850374334,False
frame_000590.jpg,0,163.78916064485506,75.9019049749782,176.29370807332967,148.73746420423268,2.229412177107257,87.88725566987686,27.55624386909699,0.8363733852610868,False
frame_000591.jpg,0,169.64364402951048,89.0743534557317,178.12461929751996,148.21997475386385,2.309654776804706,80.56929057377879,29.904644543656104,0.8710100720910465,False
frame_000592.jpg,0,171.32612808161153,106.88309331288531,174.52832843118622,152.01979975935348,2.3285898430589773,64.44303476872622,22.50852867183275,0.8721148792435142,False
frame_000593.jpg,0,165.5784278686672,127.42647329431979,174.13263610396274,157.0701095363577,2.2356909735443105,38.151954574347414,17.062526567605033,0.8640577302259558,False
frame_000594.jpg,0,154.7675294810092,143.81900900188694,175.41088027834886,161.98553506495634,1.8360450895059433,10.948520479122266,13.425345213392518,0.8338914899265065,False
frame_000595.jpg,0,138.8662664497486,154.74764063303996,178.68197435503407,165.3654716909239,1.4301851047397793,15.88137418329137,13.316502664110175,0.8282063989078298,False
frame_000596.jpg,0,118.90396157960602,159.66274884184443,175.98121329496368,166.8142996590191,1.0201953999242863,40.758787262238414,9.166913635944582,0.8282602008651284,False
frame_000597.jpg,0,96.88021911801987,159.5316042297671,168.3977893568759,166.99738564753147,0.6390113616027417,62.651385111747246,1.400403709344431,0.8156790277537178,False
frame_000598.jpg,0,81.6267549723467,156.11276260476336,162.33215610641014,166.54747454969302,0.30245345620229064,74.48600763241666,4.215318443282882,0.835036319844863,False
frame_000599.jpg,0,72.12678764570138,153.43146020857696,156.6843600352232,167.23134310291866,0.11996311802873129,81.30467256287558,10.546983067695464,0.80936540926204,False
frame_000600.jpg,0,68.54177089887281,152.4140065732157,151.76450343578801,168.98733325222537,0.18017740401284185,83.87223567434287,17.222829816437354,0.8340112566947937,False
frame_000601.jpg,0,70.73093911270682,155.5540091385642,148.03245256224602,172.89661362050333,0.5429171892162332,84.82307002585738,24.86416105825731,0.8575960713274339,False
frame_000602.jpg,0,81.03927884908467,160.1440688321181,146.01307092577468,177.09524774519394,1.214236832173028,79.10478998303344,31.08217681941926,0.8597646776367637,False
frame_000603.jpg,0,94.09607059363023,164.1060732574197,145.93457475436858,179.57263841956095,1.7571436142648769,70.01000266378946,33.63806366519236,0.8978096702519585,False
frame_000604.jpg,0,113.71394882061426,161.49351338394501,149.60640681134555,179.07130213107789,1.9361613997502563,47.77956456333075,29.464895319732335,0.8630679390009712,False
frame_000605.jpg,0,130.28233680435991,155.32031832253642,154.4349495361364,179.3641090684779,1.8589027779282123,25.037981518176508,24.929159532341487,0.868392246610978,False
frame_000606.jpg,0,145.32789953012966,142.59789449023086,159.20698709426273,178.64831159948454,1.4299580860971388,2.730005039898799,19.441324505221814,0.8261772078626296,False
frame_000607.jpg,0,145.0631935461425,146.37102591760956,163.409064977018,176.3717142388328,0.7042166735748996,1.3078323714670717,12.96264926181479,0.8287496566772461,False
frame_000608.jpg,0,136.97363515958702,147.52610284156472,164.72416019501696,173.50579242290755,0.12735860941243335,10.552467681977703,8.781632227890583,0.827555403989904,False
frame_000609.jpg,0,109.25369004810972,151.43739281541744,162.20911761291654,171.5486287045225,0.5978013600719404,42.18370276730772,9.33951109160597,0.8497564967940835,False
frame_000610.jpg,0,86.97396666186071,148.39853691471748,160.5441072539129,166.1979495510013,0.9380711673945761,61.42457025285677,5.653842297088403,0.8392383140676162,False
frame_000611.jpg,0,81.08845849974254,140.41276734108288,161.28092196589466,160.05918425970808,1.0463976009050577,59.32430884134034,1.2217377061865875,0.8052517035428215,False
frame_000612.jpg,0,102.55645079664554,117.93809881100098,164.84734788107826,153.2214851182795,0.8147392357780616,15.381648014355449,11.62586276279876,0.8085210007779738,False
frame_000613.jpg,0,129.04405034633527,100.95134798130884,170.59402133118385,147.9112187948461,0.554045954744997,28.092702365026426,22.68280253633776,0.8484805997680215,False
frame_000614.jpg,0,154.3294836555739,90.94990169034071,177.3667429532218,144.7944449184009,0.25393809816330126,63.3795819652332,32.5722980348209,0.8566026968114516,False
frame_000615.jpg,0,166.6360065282147,93.81358324102486,176.75480894370293,147.57090875981004,0.09128463799362084,72.82242328718984,29.183900183892888,0.8796895356739268,False
frame_000616.jpg,0,168.03534784331995,115.94149107427683,173.20714202646977,153.54095637616126,0.05133336303717066,52.09385676904313,19.666185650308506,0.8771058636553147,False
frame_000617.jpg,0,162.66627577717483,135.6013896357649,172.63026713878955,160.17981411470657,0.29686211899478404,27.064886141409943,12.450453024082975,0.8570580026682686,False
frame_000618.jpg,0,150.55520306201035,150.69389563362827,174.07234020290662,165.3157498264331,0.5001074551026342,0.13869257161792348,8.756590376473525,0.8156269648495842,False
frame_000619.jpg,0,133.5209426026504,159.03121174630448,176.74692701277073,168.19512335784867,0.8923304853281439,25.510269143654085,8.551803654922054,0.7989151127198163,False
frame_000620.jpg,0,110.44309585818961,160.88795120747574,178.30145027868798,169.84509640007514,1.4639597258323358,50.44485534928613,8.456353878612845,0.8138404488563538,False
frame_000621.jpg,0,90.60948358262975,158.17619264723191,172.9811041436324,170.25943631995435,2.0606558726845554,67.56670906460216,2.7216678236780467,0.8170037094284507,False
frame_000622.jpg,0,76.49454039219735,153.1290702053045,168.3107061420357,170.31774605711584,2.5073176876514345,76.63452981310714,2.007039915080128,0.8218512570156771,False
frame_000623.jpg,0,67.75693895590412,149.8421554563448,163.14638550700232,171.501064485327,2.637859453101944,82.0852165004407,8.35467897832467,0.835177950999316,False
frame_000624.jpg,0,65.82511502511582,151.16080450546244,158.37321410544,174.36102593352553,2.1782440868210955,85.33568948034662,15.987811828085512,0.8461838119170245,False
frame_000625.jpg,0,70.33619125509206,156.18373203108294,155.24827901034453,178.72611533952937,1.43736036488129,85.84754077599088,23.47783632918484,0.8787630691247827,False
frame_000626.jpg,0,81.58226831168238,163.75556953046146,154.07994597158208,177.06876712273672,0.31417322787198426,82.17330121877907,22.98882115115464,0.8767512545866125,False
frame_000627.jpg,0,98.49681231274543,169.6655441121939,154.55065071568353,174.19475240571884,0.839357720670118,71.16873179944848,19.644101690035313,0.8812936614541447,False
frame_000628.jpg,0,119.31567908114359,170.44679848626802,157.4363713107831,173.12325126535032,1.6526468936689283,51.13111940512444,15.686879954567218,0.8688784697476555,False
frame_000629.jpg,0,135.93747493985512,164.7022100480709,161.49820979829687,173.417991024589,1.8318840149730182,28.764735108215774,11.919781226292145,0.879926860332489,False
frame_000630.jpg,0,149.9885453932689,152.68492521389544,165.396951350518,176.2321391114017,1.8895017026435934,2.6963798206265324,10.835187760883684,0.8439795515116524,False
frame_000631.jpg,0,159.20632328172542,137.81294872266028,168.30642592461217,178.6768820375572,1.5307739760446062,21.393374559065137,10.370456112945021,0.8477884075220894,False
frame_000632.jpg,0,153.8012446998933,139.8900610423904,168.9410792402479,178.75325501801476,1.057718094992679,13.911183657502875,9.812175777766868,0.8334768204128041,False
frame_000633.jpg,0,150.99938292424972,121.28875615290306,167.68123586531354,172.9631450983932,1.0054389354593363,29.710626771346654,5.281909233079659,0.8482984479735879,False
frame_000634.jpg,0,149.10546380391978,107.04704465323564,167.90429970267311,166.13018263692535,1.1987580199741772,42.05841915068413,1.7741170657477596,0.8289261565488928,False
frame_000635.jpg,0,148.31654530713666,94.66373611333891,169.66544284412976,160.31191348120706,1.4596103457477787,53.65280919379775,9.3535293629227,0.8088428518351387,False
frame_000636.jpg,0,148.89351733495369,92.61470313632816,172.28490630492533,154.04001447892375,1.8828776191738377,56.278814198625525,18.244891826001577,0.8040301940020393,False
frame_000637.jpg,0,164.48744535121278,76.56707300695662,176.3676097900398,149.11528440183227,2.3230829437851774,87.92037234425617,27.252325388207538,0.8431758950738346,False
frame_000638.jpg,0,169.54969767884447,89.48602859489216,178.60744413557356,148.62514058088368,2.4874529254827205,80.0636690839523,29.982303554689878,0.874100923538208,False
frame_000639.jpg,0,171.11335027584485,107.15989299222787,174.9870828620629,152.07563577852514,2.4306202268969854,63.953457283616984,22.91144708353775,0.8722628880949581,False
frame_000640.jpg,0,165.62939342492527,127.25981864086857,174.38735973573387,157.11796925739142,2.1422397300628226,38.369574784056695,17.269390478342444,0.8590416943325716,False
frame_000641.jpg,0,154.27817182933157,143.14246781133605,175.9795687902745,162.1987183859761,1.8093330582903688,11.135704017995522,13.780850404298405,0.8494938576922697,False
frame_000642.jpg,0,137.6057470975102,153.780566722174,179.21120622253716,165.2686758008371,1.438059313950295,16.174819624663797,13.94253042170007,0.8397775888442993,False
frame_000643.jpg,0,117.03827948190593,159.00958420787455,175.73852141854354,166.6754514600284,0.9479955762297144,41.97130472596862,9.063069958515143,0.8186382966883042,False
frame_000644.jpg,0,95.50395894298646,159.10959440020096,168.46086945668492,167.1656854978297,0.32793253394073213,63.605635457214504,1.2951839588552048,0.8258453852990094,False
frame_000645.jpg,0,80.925013024881,155.19465809247316,162.48264718902604,166.2676481847899,0.0586977911458013,74.26964506759217,3.785000995763852,0.8512077086112079,False
frame_000646.jpg,0,71.48488308021356,152.5030028712125,156.50376385817012,166.9887092963229,0.12025749671847734,81.01811979099892,10.484945438152778,0.8244213882614585,False
frame_000647.jpg,0,67.9772198534475,152.0667097961544,151.50314859910662,168.76006663300626,0.06023323805846731,84.08948994270692,17.256918033899638,0.8338253708446727,False
frame_000648.jpg,0,70.70551800874152,155.14878384902974,147.79371369466782,172.7649280980245,0.42742821143317006,84.44326584028822,24.971214403356697,0.8634492334197549,False
frame_000649.jpg,0,81.29079260578074,159.52336603298602,146.06974643281325,176.67732731346348,1.2265695639876433,78.23257342720528,30.607580880650232,0.8740092270514545,False
frame_000650.jpg,0,93.7156067862842,164.10307339596457,145.86345620550404,179.5793300934989,1.7652999260246687,70.38746660968037,33.71587388799486,0.885901037384482,False
frame_000651.jpg,0,113.42195067547874,162.1721693068281,149.38338250931437,178.79126572787789,1.9378700326055687,48.750218631349355,29.407883218563512,0.8644967149285709,False
frame_000652.jpg,0,131.17921831435518,155.14209215028632,154.7341810076335,179.0659589218323,1.633323636501297,23.962873835931134,24.331777914198796,0.8759559743544635,False
frame_000653.jpg,0,133.17539269192707,159.49439235919087,159.72362439005974,179.03863880821854,1.200374251454283,26.318999667263796,19.315014418158796,0.8503579847952899,False
frame_000654.jpg,0,130.23621589260372,163.3715007167622,163.67724740199822,176.8886027475799,0.357232708548513,33.135284824158475,13.211355345581694,0.832922150106991,False
frame_000655.jpg,0,118.73209659390666,163.9394083837976,164.96307555575694,173.80503515537345,0.418596611776319,45.20731178989094,8.841959599616501,0.8340477417497074,False
frame_000656.jpg,0,90.31634289581692,168.4960365820884,162.29288812808198,172.68019548663142,0.8910145353296558,78.17969368627149,10.387307358549435,0.8363139629364014,False
frame_000657.jpg,0,87.39717121454068,161.14175775874116,160.6839473871152,167.71429291327948,1.0642134652383939,73.74458654420049,7.030345526164268,0.8463077720473794,False
frame_000658.jpg,0,101.64957186097621,134.10461909201067,162.03593518855396,161.68673243307708,1.2415831151963557,32.455047231034456,0.34920275547688107,0.8162585321594688,False
frame_000659.jpg,0,120.96560365060918,105.80412191456854,165.62095066171648,155.3577949222931,0.8890174900724602,15.161481736040642,10.263155739423382,0.8195821116952335,False
frame_000660.jpg,0,142.09825129571666,87.00186883747661,171.50246807863434,149.62442243818685,0.4843051891347678,55.09638245824006,21.878045640447482,0.8369488155140596,False
frame_000661.jpg,0,161.70279349681488,74.97791300782339,178.32415493225636,145.41277792214225,0.08152067447766206,86.72488048899149,32.91137701011411,0.8710785999017603,False
frame_000662.jpg,0,167.35199689890823,93.99341654898087,176.58940061595223,147.56083459533153,0.2180185241393115,73.35858034992735,29.0285660206207,0.8767492420533124,False
frame_000663.jpg,0,167.8113200175031,114.78808990372356,173.68787039491087,153.2521768528788,0.32551919726924283,53.02323011377955,20.435693542032084,0.8748548626899719,False
frame_000664.jpg,0,162.1482468751193,135.29864928274444,173.12281224455091,159.69143805166473,0.1507460281610998,26.849597592374863,13.431374192886182,0.8490017231772927,False
frame_000665.jpg,0,150.12727332612275,150.83433114579097,174.45498166704797,165.22466293365005,0.1380098920272628,0.707057819668222,9.230318733397922,0.8312292730107027,False
frame_000666.jpg,0,133.32551290233138,159.9981076917506,176.94569852756527,168.71173362305316,0.6910172385211593,26.672594789419207,8.233964904512106,0.802668175276588,False
frame_000667.jpg,0,111.21953152977666,162.0937014784283,178.6787513438617,170.66273851797743,1.444551351994998,50.87416994865164,8.016012825884275,0.823344795142903,False
frame_000668.jpg,0,91.03274948839828,159.24863944960435,173.52952995976108,170.96294239973116,2.064854960802566,68.21588996120607,2.566587560029916,0.8185037444619572,False
frame_000669.jpg,0,76.46596849878632,154.5996566029275,169.12530692397667,171.18788181775568,2.564447128483923,78.13368810414117,2.062574893779015,0.8325533025404986,False
frame_000670.jpg,0,67.90116675378732,151.06656213076198,164.54161366933653,172.34656047533815,2.7596771259834845,83.16539537697466,7.804946806001624,0.8058811531347387,False
frame_000671.jpg,0,66.75248024596624,151.40512288688407,160.04907315579194,174.80551682050182,2.367336810549209,84.65264264091783,14.756443664709877,0.8362543653039372,False
frame_000672.jpg,0,71.56795640601771,156.2689040351397,156.45046702993056,179.16199575250732,1.5058792074504095,84.700947629122,22.71152872257676,0.865189485690173,False
frame_000673.jpg,0,82.65030214439561,163.65715382562357,155.01118787702526,176.53077037214996,0.4278922996681653,81.00685168122796,21.519582495124695,0.8672866505735061,False
frame_000674.jpg,0,100.44042477902187,168.6729771352408,155.35646238821016,174.10239686009365,0.7326823197386958,68.23255235621895,18.745934471883487,0.8712100176250234,False
frame_000675.jpg,0,120.66821787238419,169.40011371642495,158.06532360007174,173.0245541690523,1.4941443137907533,48.731895844040764,14.959230568980558,0.8728092453059029,False
frame_000676.jpg,0,136.9539379338595,163.96017235633488,162.09015234513876,173.3292728269995,1.7348756710538966,27.006234422475387,11.239120481860738,0.8745146604145274,False
frame_000677.jpg,0,150.37286031192116,152.22412558243212,166.09115883984367,175.9474873822435,1.6160591642452755,1.8512652705109645,9.856328542399837,0.8367582138846902,False
frame_000678.jpg,0,159.5626360244641,137.4899155012284,169.22993134044097,178.589897169609,1.197932651578928,22.072720523235688,9.359965829168033,0.8395016123266781,False
frame_000679.jpg,0,153.6892308356366,140.26467026377483,169.55855317632154,179.21881296944343,0.7156129814383266,13.424560571861775,9.660259793121895,0.8224325144992155,False
frame_000680.jpg,0,151.39603506778263,122.15893921527687,168.48757855791214,173.0201684889613,0.7782752830817967,29.23709585250576,4.532589931049159,0.8364391221719629,False
frame_000681.jpg,0,149.24272716565116,108.23993707163801,168.41418033531508,166.71663857370518,1.0322084511781435,41.00279009401315,1.697541761609898,0.8262710185611949,False
frame_000682.jpg,0,149.15672825126316,96.12919118789351,170.2386995911761,160.23768190647357,1.4657207315784113,53.02753706336965,10.001017684702532,0.7931291075313792,False
frame_000683.jpg,0,149.9765352232405,93.02198681607429,172.51866576563322,154.13468229530963,2.0631408841555587,56.9545484071662,18.383983470323585,0.7895704052027535,False
frame_000684.jpg,0,164.85010289344,76.22166336783033,176.6242427461909,148.13185405480493,2.602527395469939,88.62843952560968,28.49238869138597,0.8312404015484978,False
frame_000685.jpg,0,169.3568439380345,89.01402150069825,178.58083876483173,148.2960223810981,2.5692143316621285,80.34282243733625,30.284816383733613,0.8483421066228081,False
frame_000686.jpg,0,171.14875311688883,106.04543290575428,174.96452093453374,151.24819657990935,2.4547093104090876,65.10332021113454,23.71632435462439,0.8732509507852442,False
frame_000687.jpg,0,165.43443942319837,126.73557239057823,174.399830605931,156.54219592486658,2.2022733653474598,38.69886703262014,17.85763468106441,0.8622987165170557,False
frame_000688.jpg,0,154.66376957924743,142.90317014478322,175.6922064521175,161.45658980459214,1.805342964150719,11.760599434464211,14.235616647525347,0.8432987507651833,False
frame_000689.jpg,0,138.82457783869546,154.2555015846445,179.1352123221077,165.6450243254101,1.2790765074770873,15.43092374594903,13.490187996697586,0.8388610797769883,False
frame_000690.jpg,0,118.9970775563769,159.6778382925529,175.98784404197858,166.91167087507895,0.9852521009824321,40.68076073617601,9.076173166899622,0.8254738344865686,False
frame_000691.jpg,0,96.64698979729278,159.6008316007136,168.43454768068887,167.05022956983177,0.6034627363325553,62.95384180342083,1.3843181108570946,0.819040621028227,False
frame_000692.jpg,0,81.64493235286923,156.1798246484953,162.34582578759512,166.7410025721299,0.12333155276025423,74.53489229562607,4.395176784534783,0.8451723561567419,False
frame_000693.jpg,0,72.42108044625842,152.58847710352555,156.9137105845009,166.8992751149238,0.05712690292334211,80.16739665726713,9.985564530422891,0.8147329021902645,False
frame_000694.jpg,0,68.55861660067096,152.11845255798542,152.02864342576075,168.53761087054508,0.12423292396882438,83.55983595731446,16.508967444784332,0.8430235035279218,False
frame_000695.jpg,0,71.01772068282621,155.02600657753734,147.93862736832492,172.67009198075922,0.3683697128701343,84.00828589471114,24.73146461243431,0.8552387181450339,False
frame_000696.jpg,0,81.01104590705688,159.84399788774806,146.15628625357235,176.90455532311316,0.9813551658876796,78.83295198069118,30.74826906954081,0.8641470740823185,False
frame_000697.jpg,0,93.36406759303732,164.0141784947262,146.05441782812224,179.59175767144188,1.5784797194266655,70.65011090168888,33.53733984331964,0.8868150640936459,False
frame_000698.jpg,0,112.7217885975345,161.98186043032416,149.60862431129192,178.74372684829007,1.762347931459052,49.26007183278966,29.135102536998147,0.8481864403275883,False
frame_000699.jpg,0,130.49408601791143,154.94270409645134,154.81420948985755,179.15993396017842,1.5166629316213565,24.44861807853991,24.345724470320874,0.866397054756389,False
frame_000700.jpg,0,145.2248255768075,142.28620832039758,159.83960025501892,178.54856327513536,1.1457359641988811,2.9386172564099127,18.708963020116443,0.8212429214926327,False
frame_000701.jpg,0,145.38916441859266,145.6724026988692,164.35563868784405,176.0246075256504,0.3575391494414722,0.2832382802765494,11.668968837806347,0.8380581000271965,False
frame_000702.jpg,0,138.08561556117803,146.5251575394078,165.76912435041424,172.76957280549652,0.3617693368911288,8.439541978229755,7.000448455082278,0.8210992111879236,False
frame_000703.jpg,0,112.51017340957111,150.5776481971787,163.35818029538342,170.60573167325086,0.7168438241103101,38.06747478760758,7.247551377867438,0.8355021897484275,False
frame_000704.jpg,0,84.71662404055354,139.41267492204517,161.58823486898353,165.60317088340437,0.9443335023872204,54.69605088149163,4.01493601442084,0.8319463729858398,False
frame_000705.jpg,0,79.0400599951751,130.69969722538144,162.1742286533062,159.84368801591674,1.0561632148913036,51.65963723020634,2.330540637389447,0.7988527487306034,False
frame_000706.jpg,0,101.92580851522017,101.9897256126638,165.44956737039251,153.87757533408052,0.8794244431159737,0.06391709744363538,11.571992036311997,0.8098093902363497,False
frame_000707.jpg,0,129.55622455537898,82.66560893686892,170.9399239974234,149.06750342621,0.5730021087112418,46.890615618510054,21.872420571213382,0.8216869620715871,False
frame_000708.jpg,0,155.4246709119463,72.5316087898241,177.78915809643055,146.2322454068805,0.3893838290517155,82.89306212212219,31.556912689550046,0.86507008005591,False
frame_000709.jpg,0,166.751418015513,92.63797444759538,176.81235163577915,148.11738517277428,0.09991212042240949,74.11344356791761,28.694966463004874,0.8542541826472563,False
frame_000710.jpg,0,168.11332159406112,113.65986369450677,173.28061853005218,153.44182429949046,0.06108338382539851,54.45345789955435,19.838794230561717,0.8810576551100787,False
frame_000711.jpg,0,161.24512419539903,134.6404081946505,173.53109881478522,159.31484737236823,0.001008979452791718,26.60471600074854,14.21625144241699,0.8576167366083931,False
frame_000712.jpg,0,148.99486407042136,149.6860573851153,174.92616810703777,164.0680043548257,0.18666358562042495,0.6911933146939475,10.858163752212079,0.8290763111675487,False
frame_000713.jpg,0,131.67519147652524,157.89303127674268,177.79268656264242,166.88656130376373,0.5704756766346416,26.217839800217433,10.906125258878689,0.7974290672470542,False
frame_000714.jpg,0,109.9854980636973,160.10348723487905,177.45255620183153,168.76836253135855,1.1415799285364878,50.11798917118175,8.684193670472979,0.8056385271689471,False
frame_000715.jpg,0,90.66516737866455,157.43691859737362,172.34732180290703,169.26061306127005,1.6951940619613322,66.77175121870907,3.0867087416369827,0.8251789177165312,False
frame_000716.jpg,0,76.84760055981604,151.99482923933334,168.3752728677411,169.31244310766752,2.2733393267420916,75.1472286795173,0.9371702399264166,0.8157616678406211,False
frame_000717.jpg,0,68.50948540145075,148.77270013010389,163.73454670791395,170.864839996614,2.542300207758311,80.26321472865314,7.130293288700045,0.807456209379084,False
frame_000718.jpg,0,67.29064918036772,150.0110254458586,159.61964053704,173.90925623809406,2.21026937661611,82.72037626549087,14.28961570105406,0.8450421340325299,False
frame_000719.jpg,0,71.27344293837567,154.89866851816018,156.15292777337447,178.3099482703671,1.4586035968881994,83.62522557978451,22.15702049699263,0.8528836755191579,False
frame_000720.jpg,0,82.3118893363369,162.38803458139287,154.696809435167,177.3595531666145,0.43669497468326873,80.07614524505597,22.662743731447478,0.8740323080736048,False
frame_000721.jpg,0,99.50372827525584,168.6576012240128,155.03608630464672,174.17861817955512,0.6721655933283202,69.15387294875697,19.1425318749084,0.8759015903753393,False
frame_000722.jpg,0,119.94734139298515,169.53247574411662,158.06422136708093,173.1907333054298,1.4838668246560502,49.58513435113147,15.12651193834887,0.8717601684963002,False
frame_000723.jpg,0,135.92666120813826,164.0297203765047,161.64471234085661,173.61028205821452,1.7766734665047348,28.103059168366457,11.965569717357909,0.8711803730796365,False
frame_000724.jpg,0,150.04224600064202,152.33715817936655,165.7804391686722,176.25296257053031,1.718003020219899,2.2949121787245303,10.472523401858126,0.843553108327529,False
frame_000725.jpg,0,159.02626775440663,144.27148499026052,168.6471616176208,178.61912240604948,1.29371190262121,14.754782764146114,9.971960788428675,0.8552184455534991,False
frame_000726.jpg,0,153.2067295704956,148.16593043973532,169.0291246498031,179.0064174475689,0.8823963614480981,5.040799130760291,9.977292797765813,0.8359453082084656,False
frame_000727.jpg,0,151.01396270552436,128.19832237711637,167.962318578819,172.63470470562018,0.887500832771233,22.815640328407994,4.672386126801172,0.8425244163064396,False
frame_000728.jpg,0,148.79266420588917,114.99493199623764,168.0391947752452,165.46684696317297,1.0768032140264105,33.79773220965153,2.5723478120722234,0.8216160886427936,False
frame_000729.jpg,0,148.29223869962502,101.5930730387566,169.84577512934825,159.3671970034646,1.326426247519934,46.69916566086842,10.478578125883644,0.8082251969505759,False
frame_000730.jpg,0,148.74432195765831,94.65224502074368,172.39799990678085,152.78644666635483,1.8804522095593648,54.09207693691464,19.61155324042602,0.8175113060895134,False
frame_000731.jpg,0,164.15658598945697,77.87333510322226,176.52655819706115,147.15825848105706,2.343968917412836,86.28325088623471,29.36829971600409,0.8472460964146782,False
frame_000732.jpg,0,168.80410949652017,89.54602492966131,178.7166761806109,147.34871534261032,2.426081776128897,79.25808456685886,31.367960838000585,0.874265309642343,False
frame_000733.jpg,0,171.0491413652686,105.62533655755121,174.93479043118938,151.52135756878562,2.389056068672774,65.4238048077174,23.413432862403766,0.8747112926314858,False
frame_000734.jpg,0,165.6062952939231,125.90996561002214,174.5404846624529,156.25539432437606,2.2760060666425543,39.696329683900956,18.285090338076856,0.8575374413939083,False
frame_000735.jpg,0,155.1334435723619,142.4668579152877,176.06638729916153,161.75130939373562,1.9403363080280425,12.666585657074194,14.315077905425909,0.8461956276613123,False
frame_000736.jpg,0,139.47485957141095,153.45333161910793,179.2138165720099,165.08759369396398,1.4763000852508805,13.978472047696982,14.126222878045922,0.8528835142360014,False
frame_000737.jpg,0,119.62114755841894,158.78416119528973,175.92811547192008,166.58328103948847,1.0654558296004126,39.16301363687079,9.344834432431611,0.8178941993152394,False
frame_000738.jpg,0,97.193444303888,158.7436139966035,168.5829988235921,166.78706122565615,0.5023593833063574,61.5501696927155,1.7959375979359606,0.8303536141619963,False
frame_000739.jpg,0,82.13912865663553,155.47629982663517,163.0194668180591,166.17392106270785,0.05982871502428198,73.33717116999964,3.154454244648747,0.8451954161419588,False
frame_000740.jpg,0,72.4369264848907,152.47153836204356,157.46623683309784,166.5532358889651,0.11944124324203728,80.03461187715286,9.086999055867267,0.8227748099495383,False
frame_000741.jpg,0,68.838765020061,151.9105261419386,152.29357288015203,168.5112064751225,0.06082625454564806,83.07176112187759,16.217633594970465,0.8397800571778241,False
frame_000742.jpg,0,71.85590718923456,154.93645534409083,148.08564650060305,172.42202956224105,0.4887082595295396,83.08054815485627,24.336383061638003,0.8582431428572711,False
frame_000743.jpg,0,82.04394799256664,160.25298541231712,145.7285328571273,176.7805915195143,1.2800291474665326,78.20903741975047,31.052058662386997,0.8682267315247479,False
frame_000744.jpg,0,94.2617640404265,164.51351647792796,145.01019653341947,179.55186558693515,1.8710717659257745,70.25175243750147,34.541669053515676,0.882881273241604,False
frame_000745.jpg,0,113.64073249275837,162.2089861715119,148.48734274690716,178.83946551303873,2.0462259965180474,48.56825367875352,30.352122766131572,0.8759107765029458,False
frame_000746.jpg,0,131.23454145776606,155.3679965858314,154.26072123992404,179.4305219072373,1.7464354147064154,24.13345512806535,25.169800667313268,0.8708929209148183,False
frame_000747.jpg,0,145.64191187420963,153.03216561700958,159.15799490570944,178.5875268197346,1.2558407850458677,7.390253742799956,19.429531914025148,0.8408441368271323,False
frame_000748.jpg,0,145.70493664633952,157.94882430922556,163.52482513507417,176.3805892285911,0.47498436391532506,12.243887662886038,12.855764093516939,0.8359499889261582,False
frame_000749.jpg,0,138.1794023738007,160.04133154966888,164.96830396072994,173.6228411397204,0.2991169943357085,21.86192917586817,8.654537178990466,0.8263705828610588,False
frame_000750.jpg,0,112.3813211281129,165.09549842144892,161.68713318910758,172.05264734883445,0.7087618852156518,52.71417729333602,10.365514159726871,0.8417043440482196,False
frame_000751.jpg,0,86.10265771778884,169.90913844291566,160.32982083904665,172.71793315059173,0.9414511418078014,83.80648072512682,12.388112311545086,0.8565146327018738,False
frame_000752.jpg,0,79.0372715259584,144.15881606983254,161.34218804146514,166.90226421662237,1.2327996751316654,65.12154454387414,5.560076175157235,0.8182116080732906,False
frame_000753.jpg,0,101.99466739822988,110.94066040259675,164.831874783525,160.75300530669253,1.0106742104795652,8.94599300436687,4.078869476832466,0.8114042772966272,False
frame_000754.jpg,0,129.17937144695082,89.39093791422636,170.53433712105962,155.79760684119023,0.8178241297933777,39.78843353272447,14.736730279869391,0.85413457365597,False
frame_000755.jpg,0,155.35410663971768,77.39821497700157,177.83908502482782,152.23471644164712,0.5278072784023782,77.95589166271611,25.6043685831807,0.8618185134495006,False
frame_000756.jpg,0,166.4029771247231,92.72645933346689,176.82995550159177,148.97151667363937,0.3571900628660082,73.6765177912562,27.858438827952398,0.8817840078297783,False
frame_000757.jpg,0,167.90385033576587,113.88465965392322,173.54479693733307,154.7075119490143,0.19175016221172583,54.019190681842645,18.83728498831877,0.8814210225554073,False
frame_000758.jpg,0,162.51251573443412,134.69511561981756,172.68060461268328,160.9167128264171,0.3687645837714039,27.81740011461656,11.763891786266186,0.8603876127916223,False
frame_000759.jpg,0,150.4144874602341,150.0229172993018,174.06639333054102,165.59337160181158,0.5044882304187573,0.3915701609323037,8.473021728729435,0.8159056200700647,False
frame_000760.jpg,0,132.78391005957806,158.67045229433367,176.6394418316088,168.4642790098149,0.9984441522686387,25.88654223475561,8.17516282179389,0.848454426316654,False
frame_000761.jpg,0,110.61852208547968,160.59243172364603,179.01829562389338,169.89364552519245,1.5566046199041652,49.97390963816635,9.124650098700926,0.8104344501214868,False
frame_000762.jpg,0,89.96758414604793,158.0025976286541,173.56253329237146,170.0780621513483,1.9576940731741899,68.03501348260616,3.484471141023164,0.8278935025720036,False
frame_000763.jpg,0,75.8930139622242,152.94702922808307,169.01751487782556,170.0934042756947,2.488901784567897,77.05401526585887,1.0758893978691333,0.8324387389070848,False
frame_000764.jpg,0,67.49413630891803,149.46644781807382,164.2377916378141,171.21845919563756,2.689167305347267,81.97231150915579,6.980667557823466,0.8368354089119855,False
frame_000765.jpg,0,66.35494749775941,150.89819049313712,159.69947658602248,174.2716125917683,2.3091668360917508,84.54324299537771,14.572136005745818,0.8427333901910221,False
frame_000766.jpg,0,70.81927574415708,155.5597613927334,155.70588358691919,178.42861098930572,1.3859924569082978,84.74048564857632,22.72272740238654,0.8686448370709139,False
frame_000767.jpg,0,82.41674436695493,162.83037729496235,154.69870930436622,177.3499969055408,0.49265818226384805,80.41363292800742,22.651287601174573,0.8726661941584419,False
frame_000768.jpg,0,99.22696023150019,168.4252336828927,155.00403673868965,174.5881003404474,0.6778079543821094,69.19827345139251,19.584063601757748,0.8839579084340263,False
frame_000769.jpg,0,119.42448449300488,169.46760849940094,157.85195997910506,173.2981264969074,1.497476360075601,50.043124006396056,15.44616651780234,0.8623625110177433,False
frame_000770.jpg,0,135.71364370049105,163.19672207146775,161.62476567055091,173.97446758569492,1.735539004505473,27.4830783709767,12.34970191514401,0.8727359911974739,False
frame_000771.jpg,0,149.3351283229449,151.65949189350889,165.50243358991608,176.46267292702086,1.6121547740956532,2.3243635705639747,10.960239337104781,0.8276480927186853,False
frame_000772.jpg,0,158.42569162180868,136.73382653702785,168.48726692233717,178.91186224254562,1.253438835817697,21.69186508478083,10.424595320208454,0.8426018006661359,False
frame_000773.jpg,0,152.65980006260696,139.49914755857776,168.74800413467753,178.81987369945347,0.8339837641713015,13.160652504029201,10.071869564775938,0.8242471323293799,False
frame_000774.jpg,0,150.4808071591188,121.34690950864575,167.73340999793868,172.47214808125432,0.8867790840515635,29.133897650473045,4.7387380833156385,0.8287870147648979,False
frame_000775.jpg,0,148.134781824211,115.8056299256703,167.54521504241737,172.7032469448618,1.1355153629569283,32.32915189854069,5.158031902444435,0.8305202231687658,False
frame_000776.jpg,0,147.67347002944732,103.84370709082005,169.38605999232564,166.9213584305619,1.4834583267743562,43.82976293862727,2.4647015617637464,0.788754098555621,False
frame_000777.jpg,0,148.15625564838123,101.07608125673272,171.71142306317728,160.2962235109376,2.1399097958077253,47.08017439164851,11.41519955223967,0.7888181454995099,False
frame_000778.jpg,0,163.9071654003578,83.09553937834153,176.12363566928974,154.7197695465641,2.6126769375788172,80.81162602201627,21.403866122725645,0.8587344779687769,False
frame_000779.jpg,0,168.70502754533413,96.86287363100053,179.00988942725363,155.16042723205018,2.5842933033029922,71.84215391433361,23.849462195203444,0.8456421774976394,False
frame_000780.jpg,0,170.46557652635997,105.42463257727098,175.41439747834355,151.30548538295,2.557081227590126,65.04094394908898,24.10891209539355,0.8647720953997444,False
frame_000781.jpg,0,164.9124095657768,125.86070907970183,174.9241932363232,156.15295525437668,2.4185786444601134,39.05170048607498,18.771237981946513,0.8497520299518809,False
frame_000782.jpg,0,153.93977219422365,142.06991736320683,176.23472306798064,161.43702364089742,1.963835082415919,11.869854831016823,14.797699427083217,0.8351034066256355,False
frame_000783.jpg,0,138.06906468773602,152.98398210681214,179.1558942578108,164.77935440955284,1.4939151473778092,14.914917419076119,14.376539848257949,0.854286295526168,False
frame_000784.jpg,0,118.19830049415171,158.33573414890128,176.05758286595437,166.03373999321445,1.2076489566298494,40.13743365474957,10.02384287273992,0.8111406389404746,False
frame_000785.jpg,0,96.20363515472785,158.69052020738266,168.7326354622545,166.42748301981484,0.7569693535421568,62.48688505265481,2.305152442439663,0.8239757208263173,False
frame_000786.jpg,0,81.70618425303914,155.62108440372265,163.13503857033996,166.21698143644116,0.2442605135622883,73.91490015068351,3.081942866101201,0.8455563082414514,False
frame_000787.jpg,0,72.55562965955153,152.7696983544549,157.7022593195506,166.64125384756986,0.062499697278333974,80.21406869490337,8.938994528019265,0.8202685047598446,False
frame_000788.jpg,0,68.86884767151,151.95643106801944,152.31243579160054,168.28457024424426,0.3021577996117692,83.08758339650944,15.97213445264373,0.8296853058478412,False
frame_000789.jpg,0,71.42181819498303,155.08871230042143,148.1421095188052,172.59828222132978,0.5443697524428167,83.6668941054384,24.456172702524583,0.8564973087871776,False
frame_000790.jpg,0,81.67689375947825,159.62484512005844,146.28676208842066,176.90421453696564,1.0906604419879877,77.94795136058019,30.61745244854498,0.8746627954875722,False
frame_000791.jpg,0,93.95211676595906,163.81030009259743,145.5706159839469,179.6252981964864,1.7382908894865836,69.85818332663837,34.05468221253949,0.886082344195422,False
frame_000792.jpg,0,112.9219520307629,162.22810259220526,148.689802442815,178.45083408387535,1.9708972829451818,49.306150561442365,29.761031641060356,0.8662520015940947,False
frame_000793.jpg,0,130.74274972933728,155.36038969811344,154.23031400993094,178.76383711268247,1.7350300588485859,24.61763996877616,24.53352310275153,0.87709699308171,False
frame_000794.jpg,0,144.9986927179954,142.97643193459356,158.91729011119565,178.9612027547294,1.366808650575588,2.0222607834018334,20.04391264353376,0.8495959709672367,False
frame_000795.jpg,0,144.77712564025106,146.68129933336144,163.04426646851212,176.42268132704376,0.6497166700814375,1.9041736931103799,13.378414858531642,0.8313915904830483,False
frame_000796.jpg,0,137.45116311950207,147.87954184837727,164.593262729764,173.30259612864504,0.12560652605249972,10.428378728875202,8.709333398881029,0.8364237231366775,False
frame_000797.jpg,0,111.87143337368163,152.91947112934366,161.4402568738579,171.74932901491164,0.5985432888999542,41.04803775566204,10.309072141053747,0.8299136827973759,False
frame_000798.jpg,0,86.20280522870739,142.23797059441478,159.7922022207605,166.67218961454157,0.9350610662215414,56.035165365707385,6.879987393781079,0.851505903636708,False
frame_000799.jpg,0,79.97064263426465,132.52173930063122,160.7144716898537,159.99786756442734,1.0007566945066964,52.551096666366576,0.7166041254263575,0.8287240442107705,False
frame_000800.jpg,0,102.67579857345805,102.99444127236939,164.12970207672433,154.10915518398352,0.7691836987626217,0.3186426989113329,10.02054689274081,0.8064394663361942,False
frame_000801.jpg,0,128.73300731907048,82.76347722562777,169.85321021848887,149.0321550410397,0.47169386274385106,45.969530093442714,20.821055177449182,0.7980430301497964,False
frame_000802.jpg,0,154.22010270098392,71.46266488147498,177.37264506936896,145.10250101960224,0.17730654977340018,82.75743781950894,32.270144049766714,0.8465437293052673,False
frame_000803.jpg,0,166.23375569852234,91.30986646527337,176.98665348243176,147.39548458592714,0.050786390362988765,74.92388923324897,29.591168896504627,0.8535632666419534,False
frame_000804.jpg,0,168.34957528669688,113.3893047015746,173.13867085443775,153.4093230118997,0.043062862005745994,54.960270585122274,19.72934784253806,0.8786913121447844,False
frame_000805.jpg,0,163.2255098511973,134.6041943972414,172.39955382242357,159.65103080269085,0.138930279885388,28.6213154539559,12.748523019732716,0.8677961475708905,False
frame_000806.jpg,0,151.42723630621614,149.99136435652397,173.72839580327613,164.70594107903455,0.378512391415562,1.4358719496921708,9.022454724241584,0.8247136964517481,False
frame_000807.jpg,0,133.91516313362573,159.07119680264208,176.6516231303317,168.00710248305816,0.8111440032410506,25.156033669016352,8.644520647273538,0.8227206258212819,False
frame_000808.jpg,0,110.79933292437889,160.92039917558705,178.51116552542382,169.52775297641017,1.3128638549669909,50.12106625120816,8.98341254901365,0.813149936058942,False
frame_000809.jpg,0,90.75351055700328,158.206739903326,173.16779116064646,169.9503596137065,1.8548641564819195,67.45322934632271,3.217431546939963,0.8247782027020174,False
frame_000810.jpg,0,76.41150573073857,152.28765041601983,168.5164359831601,169.59414264489604,2.324448392193498,75.87614468528126,1.077706661735931,0.8329147941925946,False
frame_000811.jpg,0,67.22926065819482,149.28722071308445,163.35897991586063,171.1642923826551,2.5824181319377506,82.05796005488963,7.805312466794476,0.8230106024181142,False
frame_000812.jpg,0,65.55933679082509,149.99775173417916,159.0915691088291,173.91164697763438,2.255802580477919,84.43841494335408,14.82007786880527,0.8405309950604158,False
frame_000813.jpg,0,70.98006165002187,154.9932654127704,156.18072540555954,178.33490606507712,1.573244315659653,84.01320376274853,22.15418065951758,0.8764210904345793,False
frame_000814.jpg,0,81.73361923034018,162.32390723766406,154.7922338168988,177.3562270985943,0.6186324279373344,80.59028800732388,22.563993281695502,0.8714683126000797,False
frame_000815.jpg,0,98.20792225062154,168.5536641780583,154.88407001497634,174.22886137912926,0.5511389283901496,70.34574192743678,19.34479136415291,0.8788214571335736,False
frame_000816.jpg,0,119.26349077604755,169.20915950477536,158.18678338603377,173.41379055469812,1.4294370673937926,49.94566872872781,15.227007168664358,0.8543774976449854,False
frame_000817.jpg,0,135.94552050479922,164.4218639229804,161.99320362205094,173.34019692280904,1.715426271324308,28.476343418181187,11.3469933007581,0.8788503618801341,False
frame_000818.jpg,0,149.13259133501478,152.74102601724772,165.53600176778662,175.79136017723076,1.712862538274037,3.6084346822329394,10.255358409444142,0.8507906233563143,False
frame_000819.jpg,0,158.64147984948485,138.24039390993192,168.67469430900124,178.4557605177871,1.4053067907610803,20.401085939552928,9.781066208785859,0.8644739459542667,False
frame_000820.jpg,0,152.95957916726604,140.8583932358915,169.40989113103208,179.22109213059585,0.8727641758957573,12.101185931374545,9.811200999563766,0.8277794683680815,False
frame_000821.jpg,0,150.81203831205283,122.58677274595647,168.22114590795275,172.9143983586254,0.8691718989227177,28.22526556609637,4.693252450672645,0.8523497020497042,False
frame_000822.jpg,0,148.16199526030118,115.0008899381469,168.08594706853756,172.63502972149595,0.9403719637986943,33.161105322154285,4.54908265295839,0.8346594326636371,False
frame_000823.jpg,0,147.72446312317732,103.48326360886276,169.8524961765621,166.90641011390304,1.1970909609860791,44.24119951431456,2.9460860626590772,0.804057380732368,False
frame_000824.jpg,0,148.40198230428618,101.89839597513266,172.48025284164535,160.9445870994216,1.683194055887955,46.50358632915352,11.535665742223756,0.7923053117359385,False
frame_000825.jpg,0,164.41737551390176,82.09790047977623,176.94364108533813,155.47495990223985,2.1828674360552336,82.31947503412553,21.468681183098283,0.829514229998869,False
frame_000826.jpg,0,168.87701798677583,98.9497558638632,178.13329821583224,155.60638988587758,2.1642453971017876,69.92726212291262,22.526908329954665,0.8704391752972322,False
frame_000827.jpg,0,171.14957273688904,108.79579126679282,174.49217109776578,151.51379198728756,2.187471778145959,62.35378147009622,22.978379110478215,0.8594519215471604,False
frame_000828.jpg,0,166.2773915325677,125.8949569241134,173.79155076134026,156.03421833678303,2.257424256236281,40.38243460845429,17.757332424557234,0.8569124446195715,False
frame_000829.jpg,0,155.1140161292667,141.9433695759502,175.29680140939973,161.05217813768058,1.9042164861940876,13.170646553316516,14.24462327171915,0.8496500183554256,False
frame_000830.jpg,0,138.7031109345008,153.23250482194464,178.64729188456258,164.58304371349956,1.4769259020930132,14.529393887443831,14.064248171063014,0.8576627584064708,False
frame_000831.jpg,0,118.29035359323949,159.14616465772286,176.08665733446043,166.32425776495108,1.192094932880677,40.855811064483376,9.762399569509341,0.8288027328603408,False
frame_000832.jpg,0,95.52536444795457,159.42462818469647,168.20117790933708,166.4046298610445,0.875055734475981,63.8992637367419,1.7965480482925784,0.838498196181129,False
frame_000833.jpg,0,80.05813093945895,156.09565456809642,162.0630676812693,166.37097264332698,0.18092834490232504,76.03752362863747,4.307904962057677,0.8553290752803578,False
frame_000834.jpg,0,71.07118388196221,153.14307276252953,156.76484020835176,166.98750499146016,0.05486529412199318,82.07188888056731,10.2226647831084,0.8241594328599817,False
frame_000835.jpg,0,67.13106926317126,151.97771247434315,151.58524690052215,168.5834418740206,0.12373262462494214,84.8466432111719,16.998194973498443,0.8280458099701825,False
frame_000836.jpg,0,70.56044638310526,155.0153970677115,147.75611872356646,172.58371327407463,0.42622194774546324,84.45495068460623,24.827594550508167,0.864122492425582,False
frame_000837.jpg,0,81.04617570996298,160.2419273168141,145.90001858020315,177.40777318216672,0.9171893996355799,79.19575160685112,31.50775460196357,0.8726393194759593,False
frame_000838.jpg,0,94.05948598885465,164.31686793169982,145.59529902706,179.2122411475714,1.6331879840466121,70.25738194284517,33.616942120511396,0.8905172032468459,False
frame_000839.jpg,0,112.60598257682504,162.12939991568751,148.7020840346929,178.7984874552987,1.9291577088000036,49.52341733886247,30.09640342060581,0.8628090549917782,False
frame_000840.jpg,0,130.70201130919537,155.44563223641578,154.42787821549706,179.3064668582724,1.814379799129546,24.743620927220405,24.878588642775327,0.869501464507159,False
frame_000841.jpg,0,145.09675829283202,143.04029497796415,159.4457908661825,178.6834979691121,1.321405162254526,2.0564633148678695,19.23770710292959,0.8420131136389339,False
frame_000842.jpg,0,145.28028464520145,146.91479886639783,164.17646936950996,176.2993588337176,0.5322565511773114,1.6345142211963832,12.122889464207645,0.8314299513311947,False
frame_000843.jpg,0,138.05186993528167,148.5491387649024,165.75436608138244,173.65458638335244,0.30414372572653664,10.497268829620737,7.900220301969995,0.8396682213334477,False
frame_000844.jpg,0,114.28566429942606,149.22326909359595,163.8407137370461,170.12155098576417,0.7714391601998198,34.937604794169886,6.280837248718086,0.8392790345584645,False
frame_000845.jpg,0,87.67729431835065,137.5747269358489,161.29644188624866,164.18399325040102,0.991208995049511,49.897432617498254,2.8875513641523582,0.8552878744461957,False
frame_000846.jpg,0,81.45499585827751,129.09965090648132,162.0825652574152,157.81311703739107,1.1246008847323885,47.6446550482038,4.269448220024145,0.8193013562875635,False
frame_000847.jpg,0,104.95419162116166,101.47456892822912,165.45686395204288,151.44381339943627,0.8991090109806745,3.479622692932537,14.013050552606614,0.8161402765442344,False
frame_000848.jpg,0,131.15728400962817,82.47475376038406,171.1564144299886,145.82366711237145,0.6477900768911317,48.68253024924411,25.332747317617134,0.8426035116700565,False
frame_000849.jpg,0,154.6474820016917,73.25550783343999,177.43366577073223,144.1590565726048,0.3568571353763225,81.39197416825172,33.27460919812742,0.8492449311649098,False
frame_000850.jpg,0,166.95792876938648,92.34863184907806,176.68334461929945,147.2601974790683,0.1887216954383958,74.60929692030842,29.42314714023115,0.8602256845025456,False
frame_000851.jpg,0,168.47634520364437,113.4335120086785,173.0922479855502,153.35980794322657,0.0619229590642039,55.042833194965866,19.732440042323617,0.8863500672228196,False
frame_000852.jpg,0,162.97217072559127,134.3797308946575,172.76429544345336,159.5292946179726,0.061758403664392156,28.592439830933756,13.235000825480768,0.855556870208067,False
frame_000853.jpg,0,151.05252919310107,149.42504224613964,174.14453039548957,164.35463174466818,0.19506204600565735,1.627486946961426,9.789898650821385,0.822694743380827,False
frame_000854.jpg,0,134.04923976171347,158.41419622402287,176.6044950583861,167.53566463046155,0.6326968478697871,24.364956462309408,9.068830427924553,0.8033038062207839,False
frame_000855.jpg,0,111.90189175080116,161.61725722377454,179.27362763744563,169.93946343685877,1.3310436784885378,49.71536547297339,9.334164200586855,0.7967706217485315,False
frame_000856.jpg,0,91.31176805029612,159.02141382469182,173.93588117432412,170.6655685184483,1.921082365737881,67.7096457743957,3.270312655875813,0.8382534840527702,False
frame_000857.jpg,0,76.12825004996598,153.48358611839026,169.53874902497324,170.61995173952099,2.4776586891232797,77.35533606842428,1.081202714547743,0.8326550231260412,False
frame_000858.jpg,0,66.88310262587633,150.41033693539126,164.38079852993934,172.19381888603525,2.769277973088268,83.52723430951492,7.813020356095905,0.8357221273814931,False
frame_000859.jpg,0,65.07015489776974,151.2430184317956,160.067858919129,175.01730108537745,2.5058618474490935,86.17286353402586,14.949442166248446,0.8550537368830513,False
frame_000860.jpg,0,69.97303163071447,155.30237072388127,156.48321635244616,178.6885544115105,1.6622685150374512,85.3293390931668,22.20533805906433,0.8774390641380759,False
frame_000861.jpg,0,81.29125747676122,162.6059873736949,155.09961662755586,177.33956143332642,0.6050033666414153,81.31472989693367,22.239944805770563,0.864223929012523,False
frame_000862.jpg,0,98.35054358726903,168.3595804934111,155.25706424765804,174.68257626319257,0.6116510883604224,70.00903690614207,19.425512015534537,0.8795280105927411,False
frame_000863.jpg,0,119.21359285039642,169.22974974350362,158.16574727004428,173.7704833228782,1.551402258719556,50.016156893107194,15.604736052833914,0.868563711643219,False
frame_000864.jpg,0,135.46371142420023,163.7804525093483,161.67204630972583,174.1434031241951,1.89706641018436,28.316741085148067,12.47135681446926,0.8925237059593201,False
frame_000865.jpg,0,149.28663694611922,152.46219601264315,165.52019051820955,176.4605495653461,1.8325154325447208,3.175559066523931,10.940359047136553,0.8456973889294792,False
frame_000866.jpg,0,158.75451382154597,144.81069288247485,168.29241076230232,179.03124721679862,1.5310536902335008,13.943820939071117,10.738836454496294,0.8428254793672001,False
frame_000867.jpg,0,153.3839712297972,148.40029460669354,169.03967536586,178.88235394458744,0.9451702767935235,4.983676623103662,9.84267857872743,0.8281814911786247,False
frame_000868.jpg,0,151.64394477863283,127.87645710179078,168.29373108428274,173.16339564922262,0.8294435657475677,23.76748767684205,4.869664564939882,0.8382427166489994,False
frame_000869.jpg,0,149.6232338005106,113.97575362103603,168.2272085320151,166.75989238927897,1.0189074990513218,35.64748017947457,1.4673161427361379,0.8146485581117517,False
frame_000870.jpg,0,149.03498698071945,109.15830221742284,169.8577002189199,160.29375706112282,1.3355561786463224,39.87668476329661,9.56394315779707,0.8134385768105002,False
frame_000871.jpg,0,149.32611693646626,97.66809309332326,172.3759429489483,153.84903993213,1.8239424731626888,51.658023843143,18.526903016818295,0.8176846819765428,False
frame_000872.jpg,0,165.0395647605243,78.74440222901885,176.71762310935043,147.80556955020774,2.4105258052695198,86.29516253150547,28.91205355914269,0.8312257212751052,False
frame_000873.jpg,0,169.36688248289934,93.48900887311481,178.70031624006793,147.2813537913127,2.564118742451936,75.87787360978453,31.418962448755224,0.8663092115346123,False
frame_000874.jpg,0,171.1584790096583,112.17061277600857,174.91949954526908,150.9807707697045,2.47950185717532,58.987866233649726,23.938728775564584,0.8705833098467659,False
frame_000875.jpg,0,166.4131756379939,126.16513133565019,174.03033715908384,156.4046889994982,2.3952051054178036,40.248044302343715,17.625648159585637,0.8559800000751719,False
frame_000876.jpg,0,155.63160772311244,143.12895843427108,175.32513732986143,161.6380139503307,2.0035484698671273,12.502649288841354,13.687123379530732,0.8366078208474552,False
frame_000877.jpg,0,139.70340571867456,154.22538846883924,178.69855810203183,165.12048572134793,1.5975435636097997,14.521982750164682,13.578072380683892,0.8278951679959017,False
frame_000878.jpg,0,120.29921897047541,159.27035668338073,176.56177548210692,166.40414750578583,1.174717288785333,38.97113771290532,10.157627976321095,0.8019793769892525,False
frame_000879.jpg,0,98.43076170934994,159.68294456153478,169.40333824854696,166.91372307072572,0.7237284523504222,61.252182852184845,2.4896151778212356,0.8213334854911355,False
frame_000880.jpg,0,82.73487860682532,156.2477530540113,162.69711374680145,166.5840099836239,0.24476409387907844,73.51287444718598,3.8868962368224516,0.8283831652473,False
frame_000881.jpg,0,73.08230178387713,153.29999708599195,157.49093711435142,167.12794160433106,0.05912645302202094,80.21769530211482,9.637004489979631,0.8063032311551711,False
frame_000882.jpg,0,68.58796009333894,152.08393154663815,151.99407127019433,168.7003679803389,0.00021723452434567372,83.49597145329922,16.706296710144585,0.8186861451934365,False
frame_000883.jpg,0,71.19554010348995,154.911676739466,148.38986785051566,172.7959680912121,0.24736183112938848,83.71613663597606,24.406100240696446,0.8421175479888916,False
frame_000884.jpg,0,81.04414442993918,159.59351871025808,146.18879292050818,177.09237815723117,0.8613847053887166,78.5493742803189,30.90358523672299,0.8698875448283028,False
frame_000885.jpg,0,93.47106115030331,163.95258600372895,146.16636713108113,179.27022110701762,1.3948770246591389,70.48152485342564,33.10385397593649,0.8677932444740745,False
frame_000886.jpg,0,98.67445391319067,166.24493976120942,144.93755859869682,177.8625416783604,1.892388753814679,67.57048584801875,32.924983079663576,0.8535637364668005,False
frame_000887.jpg,0,106.51675131142588,168.94309291484052,145.91652468469889,175.7297568233154,2.12887007236824,62.42634160341464,29.813232138616513,0.8647183144793791,False
