frame_name,person_id,left_knee_angle,right_knee_angle,left_hip_angle,right_hip_angle,trunk_lean_angle,knee_angle_asymmetry,hip_angle_asymmetry,mean_pose_confidence,low_confidence_flag
frame_000000.jpg,0,108.00062513345544,131.08223981948709,164.77142990905517,154.82478197164133,0.5810588446723265,23.081614686031642,9.946647937413843,0.8437959131072549,False
frame_000001.jpg,0,128.8508437280884,121.44791542726696,169.11827324875077,150.18086651186084,0.1262817042941137,7.402928300821429,18.937406736889926,0.7865550570628222,False
frame_000002.jpg,0,140.59940437979532,113.96767617505579,172.52144722122776,148.74957886750136,0.33537383977686513,26.63172820473953,23.771868353726404,0.771534279865377,False
frame_000003.jpg,0,159.94424938769828,112.30617009212567,178.7510190475672,148.36954816880188,0.6307362865709459,47.63807929557261,30.381470878765327,0.8125419423860663,False
frame_000004.jpg,0,170.65364357044194,105.605940717823,175.6187176277112,143.37939676568956,0.7449560108127832,65.04770285261894,32.23932086202163,0.8231636145535637,False
frame_000005.jpg,0,170.68833900677987,118.38517599708149,172.58925249374687,151.9979519085832,0.5625613130887499,52.30316300969838,20.59130058516368,0.8228488950168386,False
frame_000006.jpg,0,165.57319436273116,137.40833151857373,171.4304456051048,159.78645132251106,0.13719568509334204,28.164862844157426,11.643994282593752,0.8323023704921498,False
frame_000007.jpg,0,153.8432159057526,154.01852656857756,172.65370789408206,166.43289214195087,0.6512095224913153,0.17531066282495544,6.2208157521311875,0.8315614041160134,False
frame_000008.jpg,0,135.42911674188957,161.58513551006544,175.62191587649477,170.39716321184082,1.4180441298821513,26.15601876817587,5.224752664653948,0.839530208531548,False
frame_000009.jpg,0,109.18878201003136,165.17339336148575,178.58395940818926,173.79649078166864,2.55597637199249,55.98461135145439,4.787468626520621,0.836990517728469,False
frame_000010.jpg,0,87.72370490894835,161.32656335707213,172.2947671519141,174.26753132322753,3.220479558992845,73.60285844812378,1.972764171313429,0.8376054132685942,False
frame_000011.jpg,0,70.5219999825439,157.14974550140528,166.60725470007193,175.4285481211124,3.9113371035563054,86.62774551886137,8.82129342104048,0.8787268154761371,False
frame_000012.jpg,0,59.70936341204029,154.06254481308235,161.44850512667622,177.17047306614484,4.2619453615207945,94.35318140104206,15.721967939468612,0.8348365601371316,False
frame_000013.jpg,0,57.008437210412566,155.14523962118156,156.35401995642582,179.33251742513977,3.480737650159607,98.136802410769,22.978497468713954,0.8430068790912628,False
frame_000014.jpg,0,58.877888214112176,158.11820503974934,153.49749609793722,178.33926753649035,2.1376747552536917,99.24031682563717,24.84177143855314,0.8346926955615773,False
frame_000015.jpg,0,74.99213225419433,165.1465745034135,154.29655996284876,174.98014265063625,0.8994084697505934,90.15444224921916,20.683582687787492,0.8366366151501151,False
frame_000016.jpg,0,99.7878446137905,169.302754301648,156.7496602255344,173.55063791069045,0.47320423130508926,69.51490968785751,16.800977685156056,0.8300467063398922,False
frame_000017.jpg,0,124.52642477948345,169.98822633073505,160.4732852495638,173.0606685319675,1.6609320808249226,45.4618015512516,12.58738328240372,0.8481516452396617,False
frame_000018.jpg,0,138.4618491932776,159.9801753912214,164.32467682218902,175.35084975211194,2.0789396389997994,21.518326197943793,11.026172929922922,0.8929313035572276,False
frame_000019.jpg,0,152.91094341143554,148.45842289876452,167.61904103600068,177.65289367952286,2.023422290147389,4.452520512671015,10.03385264352218,0.8661045958014095,False
frame_000020.jpg,0,160.92729644225435,132.2801545577116,169.76010841557311,179.3598820706259,1.5634866158087535,28.647141884542748,9.599773655052786,0.8663442240041845,False
frame_000021.jpg,0,150.05218135298432,134.10698840583296,168.69361338796077,177.94997150132056,0.9405715134788409,15.945192947151355,9.256358113359795,0.8853506761438706,False
frame_000022.jpg,0,132.17628795243215,137.91085347957699,168.54103466545448,176.82473729485827,0.5910275986117672,5.734565527144838,8.283702629403791,0.88320831340902,False
frame_000023.jpg,0,134.5351464377875,124.94284469735744,168.83152506327335,171.1602003163449,0.5201582808408257,9.592301740430045,2.328675253071566,0.8874382446793949,False
frame_000024.jpg,0,133.92336670821746,118.7937887859339,170.86326030436504,163.6600614350781,1.1816004020272348,15.12957792228356,7.20319886928695,0.8311347786118003,False
frame_000025.jpg,0,134.8360195869897,114.66358393946464,173.43703885072966,156.0674155249004,2.0113172858359345,20.17243564752505,17.369623325829252,0.7854885914746452,False
frame_000026.jpg,0,156.8113825638024,95.81352601780276,178.1245280896731,148.5805295286977,2.7842499385692316,60.99785654599964,29.54399856097541,0.8147149594391093,False
frame_000027.jpg,0,170.82862656471855,86.18399706268029,177.8635860999257,142.332359671356,3.24964760650506,84.64462950203826,35.53122642856971,0.7716043696683996,False
frame_000028.jpg,0,173.04218548395892,109.27075525288882,174.66352209839826,147.14155764566777,3.4406232912249792,63.7714302310701,27.521964452730487,0.8172599077224731,False
frame_000029.jpg,0,167.08572205818933,126.84503402801786,174.07784839161644,154.56770968793396,2.9965694210635525,40.24068803017147,19.510138703682486,0.8220300043330473,False
frame_000030.jpg,0,156.1929911903715,146.90513556388444,175.01385417140347,162.16724802920777,2.345202707364553,9.287855626487044,12.846606142195697,0.8344914001577041,False
frame_000031.jpg,0,140.08090234242724,157.24629957084994,178.4379417995012,165.53969384508434,1.9404630525866133,17.165397228422705,12.89824795441686,0.8430707665050731,False
frame_000032.jpg,0,117.31641659730528,162.9212770845692,175.487920479643,167.65377092604504,1.3690671333410034,45.60486048726392,7.8341495535979675,0.8690369514858022,False
frame_000033.jpg,0,93.89678519090313,162.1673240031205,166.96803285741575,168.3585245028258,0.7699186151177524,68.27053881221738,1.3904916454100373,0.852065787595861,False
frame_000034.jpg,0,78.59247826169519,159.07931612261243,160.407629072956,169.28758788989634,0.00988481231658139,80.48683786091723,8.87995881694033,0.8626452333786908,False
frame_000035.jpg,0,67.1559391968345,155.1037474149261,153.77552250984053,169.69886485217043,0.27714204957163774,87.9478082180916,15.923342342329903,0.828161944361294,False
frame_000036.jpg,0,60.857716484448304,154.3092956599784,147.4760355917181,171.63512479443978,0.34239981741335906,93.4515791755301,24.159089202721674,0.8296795417280758,False
frame_000037.jpg,0,57.35029792806011,156.50601488107068,142.66412257822685,175.46951810228825,0.01293854554130126,99.15571695301057,32.805395524061396,0.8499602377414703,False
frame_000038.jpg,0,70.40066403860138,159.62506730053255,142.0912002461861,177.71985268948694,0.9119628004908719,89.22440326193117,35.62865244330084,0.8411140406832975,False
frame_000039.jpg,0,87.39103374560501,163.0549447849759,143.35147535904588,179.7612265662245,1.7897101309821044,75.66391103937089,36.40975120717863,0.827662550351199,False
frame_000040.jpg,0,111.3174896680067,161.97235234834866,148.28957180140713,178.8806006361308,2.2389614728329783,50.654862680341964,30.59102883472366,0.8542871510281282,False
frame_000041.jpg,0,131.99065333763087,152.55702323521547,154.2799888169348,179.70287127731729,2.289063434274849,20.566369897584593,25.422882460382482,0.8930217413341298,False
frame_000042.jpg,0,147.7196999522358,138.61662316702822,160.0719447957156,176.40814226785278,1.9446199305111052,9.103076785207577,16.336197472137172,0.8774901207755593,False
frame_000043.jpg,0,157.76272867628634,123.24643535397122,164.87349256206775,174.22120905571586,0.8220158410942222,34.51629332231512,9.347716493648107,0.8577579715672661,False
frame_000044.jpg,0,149.48669695466748,123.24596989512978,165.3589755183646,171.74083070352722,0.06042859750869277,26.240727059537704,6.381855185162635,0.8856049460523269,False
frame_000045.jpg,0,124.8766312537467,127.99308296843779,163.57294702700105,170.53130073886283,0.7079715601505611,3.1164517146910953,6.9583537118617755,0.8786962453056785,False
frame_000046.jpg,0,87.9515125084029,140.64582442287997,163.09399994078393,172.7885565225001,1.1662820931956734,52.69431191447707,9.69455658171617,0.8912619527648477,False
frame_000047.jpg,0,81.00863698270153,140.24315810702956,164.0531791691884,166.84379401446537,1.2201966492303573,59.234521124328026,2.790614845276963,0.8834761696703294,False
frame_000048.jpg,0,104.94310260186538,140.8546852249231,166.86975650266825,161.11776130583297,0.7371619748285351,35.91158262305771,5.751995196835281,0.7867586928255418,False
frame_000049.jpg,0,135.66263294587935,115.0548312848227,172.5768786670194,154.17300675152507,0.037172443308123644,20.607801661056655,18.403871915494335,0.7880247480729047,False
frame_000050.jpg,0,159.73375430349677,97.1114373522546,179.10843021610617,149.04367199212686,0.2782407190704096,62.62231695124217,30.06475822397931,0.8028360412401312,False
frame_000051.jpg,0,169.99741827772712,91.5901289947612,175.4954779898387,144.15518020871582,0.55485789230293,78.40728928296592,31.34029778112287,0.8186569021028631,False
frame_000052.jpg,0,170.29265264152073,113.96079690775552,172.82525774769485,153.14078746667786,0.43184140187052383,56.33185573376521,19.684470281016985,0.8100320223499747,False
frame_000053.jpg,0,164.1064178452615,134.34298500640224,172.19258512795167,160.4373395484658,0.07884835047012592,29.763432838859245,11.755245579485887,0.8338298937853645,False
frame_000054.jpg,0,151.92991934253305,153.2840631693082,173.56364871132263,167.17577773113356,0.7645258575375465,1.3541438267751573,6.387870980189064,0.836695621995365,False
frame_000055.jpg,0,127.80684801584195,163.31646401670287,179.36950275630082,171.61563084386515,1.4734830577880287,35.509616000860916,7.75387191243567,0.8222829804700964,False
frame_000056.jpg,0,102.69509137462703,166.14677447125297,174.79324140297607,174.43773911893567,2.4805209764926484,63.45168309662594,0.35550228404039785,0.8315955961451811,False
frame_000057.jpg,0,82.34960484422731,162.2798009524347,169.02261700237162,174.92554668511664,3.147810429396307,79.93019610820738,5.902929682745025,0.8183546451961293,False
frame_000058.jpg,0,66.73528653485414,157.66954836472814,163.9931694098692,175.66204434094405,3.682183698446057,90.934261829874,11.66887493107484,0.8764862312990076,False
frame_000059.jpg,0,57.49427283555199,153.75650887166336,158.73386728728468,176.86547895994542,3.90391654855665,96.26223603611137,18.13161167266074,0.8517755795927608,False
frame_000060.jpg,0,59.94093717988809,153.63862447552,156.58844705272145,178.43168365359125,3.3680798267491934,93.69768729563191,21.8432366008698,0.8462807851679185,False
frame_000061.jpg,0,61.80494963636542,156.406498896847,154.11624755572882,179.55370150895726,2.0764954843636554,94.60154926048159,25.43745395322844,0.8416489573086009,False
frame_000062.jpg,0,79.6998942036206,163.09745893281783,154.6086663130093,176.55132494967623,0.7858272702634339,83.39756472919723,21.94265863666692,0.8569100078414468,False
frame_000063.jpg,0,101.70305552957416,167.37681824991364,156.37436630108488,174.86258585785197,0.5346465648924209,65.67376272033948,18.488219556767092,0.819997159873738,False
frame_000064.jpg,0,125.45068321587212,168.045980150083,161.03967199624697,174.31367887682268,1.5809418587712736,42.59529693421089,13.274006880575712,0.8723714667208055,False
frame_000065.jpg,0,138.97499151165664,158.85323258644286,164.64565335380652,176.2459820939552,2.1569125183886886,19.878241074786217,11.600328740148683,0.8905200642697951,False
frame_000066.jpg,0,153.17446419435967,148.38250137568434,167.99626491898874,178.05143573990998,2.111339040236346,4.79196281867533,10.055170820921234,0.8886206816224491,False
frame_000067.jpg,0,160.4262223795387,132.11474658237958,169.95910474590806,179.21653660752466,1.652605527326702,28.31147579715912,9.257431861616595,0.8681999970884884,False
frame_000068.jpg,0,151.14211855918973,134.02726863374954,169.89645399898055,177.6471444091294,0.927665075305828,17.114849925440183,7.750690410148849,0.9014612786910113,False
frame_000069.jpg,0,133.2803895832005,138.93617840392474,168.93276052707077,176.95323756406236,0.6529443024759242,5.65578882072424,8.020477036991593,0.8777948617935181,False
frame_000070.jpg,0,135.53363651055034,125.64089414270299,169.03262149977857,171.8435338556346,0.6436614381530696,9.892742367847347,2.8109123558560327,0.8971975375624264,False
frame_000071.jpg,0,135.05501171707024,119.03885377379572,170.90651891825604,165.13217060951527,1.1355366389587989,16.01615794327452,5.77434830874077,0.8437683161567239,False
frame_000072.jpg,0,135.385682840336,117.03701687573238,173.35964547949402,158.90482085056257,1.9195246110738649,18.34866596460361,14.454824628931448,0.7954375849050634,False
frame_000073.jpg,0,157.48979390219205,98.72754373403697,177.99540488725182,151.90901478119525,2.7425195319530857,58.76225016815508,26.08639010605657,0.8257910714429968,False
frame_000074.jpg,0,171.04951687804314,88.57894016758802,177.56805830636776,145.65391080467649,3.1951189865339895,82.47057671045512,31.914147501691275,0.7914828938596389,False
frame_000075.jpg,0,173.26568292246617,111.73665160199654,173.98129880331413,148.68313077281206,3.328000831725112,61.52903132046963,25.29816803050207,0.820529580116272,False
frame_000076.jpg,0,168.07150938295166,129.29105117057017,173.07373046937784,155.43225212906128,2.9407163018347875,38.78045821238149,17.641478340316553,0.8233870302929598,False
frame_000077.jpg,0,157.69232808368204,147.09103344036328,174.2582233448131,161.8491763778876,2.403654440552431,10.601294643318766,12.409046966925501,0.8260237188900218,False
frame_000078.jpg,0,140.65639068666013,157.22568324823973,178.3462319091746,165.41953728274254,2.0115402202559673,16.5692925615796,12.926694626432067,0.8390049653894761,False
frame_000079.jpg,0,118.03832380368353,163.006631174072,175.20462148416024,167.73466809742598,1.3748991126090557,44.96830737038847,7.469953386734261,0.8694039583206177,False
frame_000080.jpg,0,94.17945170772894,162.91536573000948,166.3201242231978,168.37691288229516,0.8308899792227258,68.73591402228054,2.05678865909735,0.848967457518858,False
frame_000081.jpg,0,77.6217501701479,159.51730168897728,158.8524228315561,169.36725003943513,0.13513830139008193,81.89555151882938,10.514827207879023,0.8648585081100464,False
frame_000082.jpg,0,65.96169525293269,155.0137567308984,152.44811795218874,169.21293644074504,0.04855979681308189,89.05206147796571,16.7648184885563,0.8267666592317469,False
frame_000083.jpg,0,59.27775611678757,153.29646327282987,146.2141001829416,170.25606592495802,0.056674432798522204,94.0187071560423,24.04196574201643,0.8212471744593453,False
frame_000084.jpg,0,57.13053680536766,155.17161641104744,141.77701818239663,173.75395657680494,0.4178796885733825,98.04107960567978,31.976938394408307,0.856800962896908,False
frame_000085.jpg,0,71.28372629828168,158.56283165988094,141.85579701463595,176.5900948614276,1.2071170754217364,87.27910536159926,34.734297846791634,0.8567827834802515,False
frame_000086.jpg,0,88.22280343195956,161.63187691389038,143.17195995882324,178.50775973334774,2.148115708497875,73.40907348193082,35.3357997745245,0.8357251777368433,False
frame_000087.jpg,0,112.06443145124305,160.68434826410743,148.0236714404973,179.79572760469074,2.4980078402518506,48.619916812864375,31.77205616419343,0.8594315648078918,False
frame_000088.jpg,0,132.09734433022908,152.26805346952005,154.03011715793116,178.9791618468411,2.616564048491487,20.170709139290977,24.949044688909936,0.8860080031787648,False
frame_000089.jpg,0,146.9343362870505,139.20879066227383,159.41712027131254,175.94662520116253,2.1959666190078,7.725545624776686,16.529504929849992,0.8831530493848464,False
frame_000090.jpg,0,155.89038565345385,123.95125575130184,163.6554959591329,173.69992988462576,1.1207503184890815,31.939129902152004,10.044433925492854,0.8613056540489197,False
frame_000091.jpg,0,149.18888357161006,124.68652316279773,165.13984072790302,171.52707495935,0.07706651799206142,24.502360408812336,6.387234231446968,0.8811039784375359,False
frame_000092.jpg,0,126.6773904320571,129.22176651747748,163.84127960469007,170.36293609674357,0.6270602904305926,2.5443760854203816,6.521656492053495,0.8821051541496726,False
frame_000093.jpg,0,97.79550595137512,142.06839006788476,163.1951566060224,172.48914512380497,1.194229450881537,44.272884116509644,9.293988517782566,0.885555674048031,False
frame_000094.jpg,0,90.37835242848674,140.08926143429102,163.882227954792,165.28888191913106,1.2567890537116397,49.71090900580428,1.406653964339057,0.8946913761251113,False
frame_000095.jpg,0,112.14237162765814,137.940870661704,167.2753704709854,159.18345439946017,0.7758943947625523,25.79849903404586,8.091916071525219,0.8438548252863043,False
frame_000096.jpg,0,138.29119159012296,120.73561033598455,172.59850048719454,153.07398131402087,0.04755549010302534,17.555581254138417,19.524519173173672,0.7959944886319777,False
frame_000097.jpg,0,159.41774816165366,110.70819937514412,178.78685472550836,148.08944249409788,0.23071035025748318,48.709548786509544,30.697412231410482,0.8042971351567436,False
frame_000098.jpg,0,169.51895634924617,105.22420854567162,175.9893825398775,144.02748214775391,0.4404125387530312,64.29474780357455,31.961900392123596,0.8289842184852151,False
frame_000099.jpg,0,170.55334225776187,120.97812445060646,172.4707341333426,153.9294052951757,0.3216575942866686,49.57521780715541,18.54132883816689,0.8181263453820172,False
frame_000100.jpg,0,164.37293428793453,139.4312501650348,172.03329387029055,160.9892033543658,0.14237054620594677,24.941684122899716,11.04409051592475,0.837367362835828,False
frame_000101.jpg,0,152.83677877810248,154.86033316376665,173.05653302937506,166.8591849876246,0.5817743762376909,2.02355438566417,6.197348041750473,0.8453844470136306,False
frame_000102.jpg,0,134.50218199125194,163.16578986718332,176.1103450756898,170.7592838647315,1.119319874466053,28.663607875931376,5.3510612109583064,0.8147558359538808,False
frame_000103.jpg,0,108.24208607169977,165.75652232494167,177.18668420239314,173.6349750517384,2.186160276250399,57.5144362532419,3.5517091506547445,0.8365362321629244,False
frame_000104.jpg,0,86.51700056164972,161.6935230712422,171.20260285791193,173.81595781711619,2.878319406726587,75.17652250959247,2.6133549592042584,0.8409578414524302,False
frame_000105.jpg,0,70.27151246082026,157.87127940993207,166.3144882774902,175.1942637341748,3.5886207391341656,87.59976694911181,8.879775456684598,0.8714956886628095,False
frame_000106.jpg,0,60.474266224560346,153.79954605683213,161.09796403965038,176.71591320914993,3.9354628451372426,93.32527983227178,15.617949169499553,0.8558023922583636,False
frame_000107.jpg,0,57.55112852546501,155.17451003633323,156.2674594621645,179.57107737719704,3.6021827073177772,97.62338151086823,23.303617915032532,0.8597757570883807,False
frame_000108.jpg,0,58.86290010873586,158.13422146541586,154.75691402167854,178.27928898120956,2.2534067287837347,99.27132135668,23.52237495953102,0.8485524023280424,False
frame_000109.jpg,0,76.02260770410275,164.73280332453842,154.57846896712644,175.1293764215258,0.9562061318778138,88.71019562043567,20.55090745439935,0.8348715322859147,False
frame_000110.jpg,0,98.64161656896864,168.35641497923447,156.01435284528333,173.97470510600033,0.44722014236123564,69.71479841026583,17.960352260717002,0.8253986625110402,False
frame_000111.jpg,0,123.06381516670989,168.97410142568603,159.87008253976725,173.49493937958758,1.593476264645187,45.91028625897614,13.624856839820325,0.8737002576098722,False
frame_000112.jpg,0,138.04894899970122,168.8299587246743,163.75668120951894,176.3970964409923,2.2910670616165367,30.781009724973075,12.640415231473355,0.8906452270115123,False
frame_000113.jpg,0,152.75701636019537,158.2519381748266,167.00131672040402,178.40458376904607,2.305308881153091,5.494921814631226,11.40326704864205,0.8960558526656207,False
frame_000114.jpg,0,160.16868430637112,140.64184343729724,169.16068681665826,178.8609821630484,1.8020478584305943,19.52684086907388,9.700295346390135,0.8711047593285056,False
frame_000115.jpg,0,150.32485031073975,144.3056439454577,168.4863559517341,177.96159660822306,1.0491252624936023,6.019206365282059,9.47524065648895,0.8956892350140739,False
frame_000116.jpg,0,132.2706078366357,150.23556580257826,167.35131598366303,177.08239425360276,0.7133196078305936,17.964957965942574,9.73107826993973,0.8864607705789453,False
frame_000117.jpg,0,134.30559283671502,125.8804963837777,167.46957104571104,171.43263525884768,0.7558267226885894,8.425096452937325,3.963064213136647,0.8966692405588487,False
frame_000118.jpg,0,133.86828531865788,118.40109996309879,169.66923328298475,163.8202432305624,1.2689346440697837,15.467185355559096,5.8489900524223515,0.8428308718344745,False
frame_000119.jpg,0,135.4298995153848,115.31334584493203,172.42626636846714,157.17979310568614,2.033406036977518,20.11655367045276,15.246473262780995,0.7810768590253943,False
frame_000120.jpg,0,157.37300224857646,95.55775047097968,177.66901043281496,149.45746165738532,2.7468084960239447,61.81525177759677,28.211548775429634,0.7913908397450167,False
frame_000121.jpg,0,171.43232335447382,86.07856434560732,177.40222131758082,143.55355401301662,2.985419499357431,85.3537590088665,33.8486673045642,0.7818650392925038,False
frame_000122.jpg,0,173.72082275530718,110.11539567845203,173.84865479950835,148.16145144366067,3.0651316151200048,63.60542707685515,25.687203355847686,0.821317756877226,False
frame_000123.jpg,0,167.6813316697698,128.02785061539498,173.47028915037458,155.67252302934796,2.654324247842968,39.65348105437482,17.797766121026626,0.8254037043627571,False
frame_000124.jpg,0,157.7256052267692,146.94758202139172,174.35027789560488,162.56832322800477,2.1254167642464843,10.77802320537748,11.781954667600104,0.8347688808160669,False
frame_000125.jpg,0,142.32293731682617,157.96234187226415,177.61432013061477,166.49761956040754,1.7257788315649027,15.639404555437977,11.116700570207229,0.8395927758777842,False
frame_000126.jpg,0,119.06133663496361,162.87285563478972,175.59930980383334,168.1323912005663,1.253814784090484,43.811518999826106,7.4669186032670325,0.8716226114946253,False
frame_000127.jpg,0,95.46208204558535,162.44775877846882,166.70291354849954,168.7821240264032,0.6556351043643405,66.98567673288348,2.079210477903672,0.8490206844666425,False
frame_000128.jpg,0,79.57120458703638,158.5247559472017,159.4386059158227,168.96315995390862,0.07280638437254447,78.95355136016532,9.52455403808591,0.8497689296217525,False
frame_000129.jpg,0,66.77878972805836,155.0040477818128,153.31167431311732,169.82609406018267,0.2203890468577085,88.22525805375444,16.514419747065347,0.8277337586178499,False
frame_000130.jpg,0,59.67826847164202,153.2678054793886,146.4863220677605,170.9838732056907,0.16852116020793692,93.5895370077466,24.497551137930202,0.8482361050213084,False
frame_000131.jpg,0,56.313382964307934,155.1267083456205,142.1172854352644,174.6752308575164,0.24811588242864696,98.81332538131257,32.557945422252004,0.8436750839738285,False
frame_000132.jpg,0,70.55228472108655,158.48321995897032,142.27212602330997,177.31179140136976,1.0374769997984656,87.93093523788377,35.039665378059794,0.8386747276081759,False
frame_000133.jpg,0,88.02653260876143,162.58822141955082,144.05898553870088,179.88837770604354,1.7417092704650166,74.56168881078939,35.82939216734266,0.828488744357053,False
frame_000134.jpg,0,112.16999400686434,160.67231701579496,148.092132903614,179.57716704031787,2.1442796439905467,48.50232300893062,31.485034136703888,0.8601605822058285,False
frame_000135.jpg,0,132.47756184313135,151.79221320269653,154.1188857190301,179.43151347585942,2.195674486529087,19.314651359565175,25.31262775682933,0.9063206034548142,False
frame_000136.jpg,0,147.96273015303146,138.7380752869404,159.99397404285358,176.33702424113196,1.8347150642534362,9.224654866091072,16.343050198278377,0.8809293578652775,False
frame_000137.jpg,0,157.02348081728007,123.40269019509401,164.50434052105223,174.06413617753122,0.8188980134958881,33.620790622186064,9.559795656478997,0.8677068492945503,False
frame_000138.jpg,0,150.32764813976934,124.18569149498224,165.98021571919392,171.51886691623298,0.16307899329461387,26.1419566447871,5.538651197039059,0.9023636789882884,False
frame_000139.jpg,0,130.42024463038436,129.21166956450534,165.4902250961472,170.2783162633442,0.809776307870823,1.2085750658790175,4.7880911671969955,0.8828273696057937,False
frame_000140.jpg,0,94.40306922963194,142.18720137197565,165.29045203404735,172.5448054048857,1.326931671775307,47.78413214234371,7.254353370838345,0.8888041201759788,False
frame_000141.jpg,0,89.05379162094928,139.34452019077725,166.34990837389915,166.98671465517003,1.388021802461282,50.29072856982796,0.6368062812708786,0.8826471882707932,False
frame_000142.jpg,0,111.78475439783038,138.86909308349348,169.19477817800174,161.3638486094436,0.8465345590580419,27.0843386856631,7.830929568558133,0.8035815884085262,False
frame_000143.jpg,0,139.89274834084964,122.69858903515059,173.9161029799714,155.3530769635979,0.035779430542336205,17.194159305699046,18.5630260163735,0.7802486507331624,False
frame_000144.jpg,0,158.8721685032223,115.95463718929896,179.016932348302,151.63898474438503,0.22006835606357653,42.917531313923334,27.377947603916965,0.7983545064926147,False
frame_000145.jpg,0,169.80447563063044,111.09744179848016,175.5455735852021,147.8655211654464,0.37879072311851036,58.70703383215027,27.680052419755697,0.8088850414051729,False
frame_000146.jpg,0,169.94545860805374,124.69434346467204,172.68880424173776,153.9312236261195,0.25601511302933866,45.251115143381696,18.757580615618252,0.8323715294108671,False
frame_000147.jpg,0,164.2786886874261,139.78963097883758,171.73085878836315,161.55379485746184,0.1570110845401384,24.48905770858852,10.177063930901312,0.8240693246617037,False
frame_000148.jpg,0,152.72887005098494,156.67414989087618,172.92021201209045,167.83324202797766,0.8682186484143538,3.945279839891242,5.086969984112784,0.8433779407950008,False
frame_000149.jpg,0,134.47291379250242,163.0029000541777,176.04817424583797,171.3834311775957,1.4548092503284522,28.529986261675276,4.664743068242274,0.8368949118782493,False
frame_000150.jpg,0,108.53334772893224,165.23598069256107,177.73740384492095,173.62171682017453,2.343091189686074,56.70263296362883,4.115687024746421,0.8438636415144977,False
frame_000151.jpg,0,87.63301933969399,160.58625721735075,170.93301912208256,173.44291696487142,2.8987671638668546,72.95323787765676,2.5098978427888596,0.8481882424915538,False
frame_000152.jpg,0,70.66388617513594,156.27134350427838,165.67266966320156,174.4329779565699,3.5542003650474574,85.60745732914243,8.760308293368354,0.8702998862547033,False
frame_000153.jpg,0,59.165135103725824,154.22444161910505,160.51825502489172,176.89137813497047,3.9770810226354105,95.05930651537923,16.37312311007875,0.8424990071969873,False
frame_000154.jpg,0,55.07370396624152,154.43373241653248,155.05901110313232,178.81064094567404,3.3764865743015355,99.36002845029097,23.751629842541718,0.8468050535987405,False
frame_000155.jpg,0,55.50145137197831,156.9777629603469,152.65595209070966,178.94669202381638,2.1485529090734947,101.47631158836859,26.29073993310672,0.8458135198144352,False
frame_000156.jpg,0,71.75001239127339,163.66598341008336,153.94130427061498,175.8588354907077,0.8881643823538629,91.91597101880997,21.917531220092712,0.8541432058109957,False
frame_000157.jpg,0,95.33096610857176,168.00016123527996,155.61852309534268,174.63216322810067,0.6272753925443783,72.6691951267082,19.013640132757985,0.8345632798531476,False
frame_000158.jpg,0,120.67575198655612,167.4955393258795,159.4063569926978,174.73558080233502,1.8533754611724498,46.81978733932337,15.329223809637227,0.8548949641339919,False
frame_000159.jpg,0,136.69979783749224,159.10406829593293,163.7605824647151,176.43779782162122,2.322161935739417,22.404270458440692,12.677215356906117,0.8891922515981338,False
frame_000160.jpg,0,152.00703723192254,148.1940176629486,167.09104991726545,179.02438842004324,2.3255310239857105,3.8130195689739423,11.933338502777787,0.887438556727241,False
frame_000161.jpg,0,159.63339788021557,133.16418557694408,169.07595520438102,178.47263210309893,1.856003010059514,26.46921230327149,9.396676898717914,0.8731520561610951,False
frame_000162.jpg,0,149.13079753132132,134.93946482551658,168.1760088007173,177.35865993111688,1.1093572934905398,14.19133270580474,9.182651130399563,0.9005303312750423,False
frame_000163.jpg,0,132.77246046830186,138.45698832425154,167.246246468077,176.25279276400647,0.7706579113643818,5.684527855949682,9.006546295929468,0.8790182155721328,False
frame_000164.jpg,0,134.40771055193596,126.24255849032149,167.24718498010287,169.78036879189662,0.8144443201487314,8.165152061614478,2.533183811793748,0.8924654266413521,False
frame_000165.jpg,0,134.63546975233402,119.51717176345913,169.3975541170187,162.6966328692517,1.297511254813195,15.118297988874886,6.700921247767013,0.834412907852846,False
frame_000166.jpg,0,136.19370927865916,115.84553896410625,172.23995579059584,155.89818450433717,2.0169079999823745,20.348170314552902,16.341771286258677,0.8030471556326922,False
frame_000167.jpg,0,158.8339580682076,96.41067027877826,177.7127188487707,147.41888097634342,2.786097438232186,62.42328778942935,30.293837872427275,0.8139420888003182,False
frame_000168.jpg,0,171.6524727478231,86.69815943734238,177.62858086895608,141.21129867934127,3.086305934772523,84.95431331048073,36.41728218961481,0.7894025778069216,False
frame_000169.jpg,0,173.90165072466942,109.17180218595371,173.7496782700181,147.86110381691233,3.170949372974055,64.72984853871571,25.888574453105775,0.8192848878748277,False
frame_000170.jpg,0,168.0339340296768,127.55510348848252,173.41700822772208,155.48823977951838,2.7376070643486536,40.478830541194284,17.928768448203698,0.8272072848151711,False
frame_000171.jpg,0,157.3926645782346,145.83551078760698,174.60830205614235,162.1388657947825,2.194144960445616,11.55715379062761,12.469436261359846,0.8368405489360585,False
frame_000172.jpg,0,142.26615283939537,157.65595253761302,177.9677808867946,166.42749021033126,1.8617469846456336,15.389799698217644,11.540290676463343,0.8325877540251788,False
frame_000173.jpg,0,118.3805006364389,163.51813546332608,175.3610575312047,168.72544793394405,1.2651329781618472,45.13763482688718,6.63560959726064,0.8647833817145404,False
frame_000174.jpg,0,94.70159292948253,162.37511823835794,165.8807898464548,169.1712098274081,0.6550689052459758,67.67352530887541,3.2904199809532884,0.8446113993139828,False
frame_000175.jpg,0,78.52422080684389,159.56560971435363,159.06079604869834,170.11798990335356,0.0097918561029809,81.04138890750974,11.057193854655225,0.8650375709814184,False
frame_000176.jpg,0,68.33417331821275,155.60185632725344,153.2740711044109,170.5622294270564,0.33231506909612607,87.2676830090407,17.2881583226455,0.8139331445974463,False
frame_000177.jpg,0,61.64490731069828,154.26743482635294,146.7671987623883,172.0653930869553,0.4019435258387776,92.62252751565467,25.29819432456702,0.8137025131898767,False
frame_000178.jpg,0,60.76101023817282,155.97492677142907,142.62609202563397,175.2774067022629,0.012145443096405747,95.21391653325625,32.65131467662894,0.8552981264450971,False
frame_000179.jpg,0,74.53641623416573,159.82608256223986,143.11225780839126,177.96083737202625,0.9158165645327656,85.28966632807413,34.848579563634985,0.8544841794406667,False
frame_000180.jpg,0,91.4747303724534,162.72600835289066,144.29061618920576,179.98108012247965,1.7990782551072617,71.25127798043727,35.69046393327389,0.8288458340308246,False
frame_000181.jpg,0,113.56243111487422,161.20746332098298,148.80257448984014,179.47783200589652,2.248603260057309,47.645032206108766,30.675257516056377,0.8518546679440666,False
frame_000182.jpg,0,132.68523892337916,152.23440581493088,154.65783716656463,179.27487104815157,2.314455541336149,19.54916689155172,24.617033881586934,0.8987627099542057,False
frame_000183.jpg,0,148.00172357307906,139.57745965324088,160.019334508165,176.66787035175722,2.010951475622502,8.424263919838182,16.648535843592214,0.8760080267401302,False
frame_000184.jpg,0,157.8511163317804,123.69986439034588,164.75844030923741,174.08184721212382,0.8837174302174622,34.15125194143451,9.323406902886404,0.8590634991140926,False
frame_000185.jpg,0,151.26962588675556,124.24410627611381,165.96412729377712,171.18842459376972,0.10186723521837583,27.02551961064175,5.2242972999926,0.9030866938478807,False
frame_000186.jpg,0,139.68743359598068,124.1574144312267,164.62182070341007,166.982541039686,0.7980369774693686,15.53001916475398,2.360720336275932,0.8877179552527035,False
frame_000187.jpg,0,103.37931839160686,135.60073517424652,163.79991459920015,168.977912817272,1.2518574870504018,32.221416782639665,5.177998218071849,0.8720524381188786,False
frame_000188.jpg,0,90.80483386366541,130.72814333720004,164.85010348520956,161.95909047526078,1.254285673189491,39.92330947353463,2.8910130099487787,0.8605151667314417,False
frame_000189.jpg,0,117.0626944014116,131.72195204608857,167.48579850644202,155.7869393544483,0.5949306906723596,14.65925764467697,11.69885915199373,0.7893659525057849,False
frame_000190.jpg,0,147.06203981321315,112.57876058490717,172.6614795674792,150.0356504735494,0.34627114627657263,34.483279228305975,22.62582909392981,0.8035390832844902,False
frame_000191.jpg,0,160.53570978719245,110.14192137690033,178.64455147593472,149.2368538506945,0.6981281395546328,50.39378841029212,29.407697625240218,0.7946864752208486,False
frame_000192.jpg,0,170.38109802133064,104.42144953044067,175.96754108544187,144.745470222921,0.9217008696544012,65.95964849088998,31.222070862520866,0.831371817518683,False
frame_000193.jpg,0,170.02184302324855,122.48484333064208,173.17222082014655,153.10253029641913,0.8041269618984076,47.53699969260647,20.069690523727417,0.8128445989945355,False
frame_000194.jpg,0,164.2282667858022,138.28622828227742,172.463030929537,160.6828345780824,0.43861908541316696,25.94203850352477,11.780196351454606,0.8354293002801783,False
frame_000195.jpg,0,152.14789596883787,155.861252540433,173.39011880278758,166.89560369313608,0.47481874572799865,3.7133565715951136,6.494515109651502,0.8153829644708073,False
frame_000196.jpg,0,127.55412668487645,162.58993499983313,179.23514937065062,170.78502454390207,1.2931592522570283,35.03580831495668,8.45012482674855,0.8341522497289321,False
frame_000197.jpg,0,101.96124856477012,165.4406864167673,174.67318710668033,173.43744968065735,2.2995904550873516,63.47943785199719,1.235737426022979,0.8548326422186459,False
frame_000198.jpg,0,81.24072562603827,161.6365671190067,168.41791279948364,173.86970758520735,2.9668837839439277,80.39584149296844,5.451794785723706,0.8364573015886194,False
frame_000199.jpg,0,66.35508711942589,157.52146490683222,163.32377692445493,175.21681455335613,3.7167232170226874,91.16637778740633,11.893037628901197,0.8709145188331604,False
frame_000200.jpg,0,57.11494079398749,153.39530907300284,158.63507396413215,176.60395246987053,4.046569359774632,96.28036827901533,17.968878505738388,0.8532611026483423,False
frame_000201.jpg,0,57.37343360906544,153.92571941992634,156.65815659910012,178.9113242003327,3.5198210418873885,96.5522858108609,22.253167601232576,0.8466573988690096,False
frame_000202.jpg,0,62.00266025286426,156.79056255990616,154.70367295787068,178.94903641456176,2.2330514812869215,94.7879023070419,24.24536345669108,0.8552535772323608,False
frame_000203.jpg,0,77.95610496740474,163.7491088854316,154.97616743039302,175.5855926076601,0.9798750528265052,85.79300391802687,20.60942517726707,0.8413719008950626,False
frame_000204.jpg,0,99.6364478451789,167.11517555212612,156.72854080296455,174.7563878561824,0.543212399888746,67.47872770694721,18.02784705321787,0.8360950666315415,False
frame_000205.jpg,0,123.7181196347002,167.86753218774123,160.14169330498464,174.07996419990496,1.7255896651404363,44.14941255304103,13.938270894920322,0.8489567707566654,False
frame_000206.jpg,0,137.61105315831267,159.0576651869049,163.3600737343578,176.3763100380558,2.418010345450024,21.446612028592227,13.016236303698008,0.8772542090976939,False
frame_000207.jpg,0,151.4386816985725,148.56141986965446,166.43419318613462,178.30895740480858,2.3730937549842737,2.8772618289180514,11.87476421867396,0.8822351273368386,False
frame_000208.jpg,0,159.0412657144605,132.13741188388897,168.80631925152028,178.4595919749564,2.0392471891599966,26.903853830571535,9.653272723436118,0.873841990442837,False
frame_000209.jpg,0,145.23102723534035,135.0782868695155,168.30936348785062,177.94519721378794,1.2240231948679139,10.152740365824855,9.635833725937317,0.9009661709561068,False
frame_000210.jpg,0,116.61006374517567,130.298145984987,168.25389870656736,171.42721048393946,0.8296028271290017,13.688082239811337,3.1733117773721062,0.8781117551466998,False
frame_000211.jpg,0,122.77905408656167,116.75498469655282,168.4005694813194,166.06017762372764,0.8212388471677092,6.024069390008847,2.3403918575917544,0.8925647665472591,False
frame_000212.jpg,0,120.54076327044756,108.70987365923847,170.2658834464845,159.21666990330624,1.3695542570515975,11.830889611209088,11.049213543178269,0.8418405196245979,False
frame_000213.jpg,0,134.89768094209182,107.92217820234252,173.01154910912416,153.53106771685745,2.0273497527128845,26.975502739749302,19.48048139226671,0.7878951132297516,False
frame_000214.jpg,0,156.32876634416223,88.56410075075381,177.68643211792855,145.565095647907,2.7274715707236945,67.76466559340842,32.12133647002156,0.8131931003402261,False
frame_000215.jpg,0,169.80912214232455,87.0978025140311,178.5678499815041,145.3549198469528,3.0709433501664907,82.71131962829345,33.2129301345513,0.7793313492746914,False
frame_000216.jpg,0,171.8752924978831,109.44920667142517,174.915358192361,148.71004206887065,3.1425208700947462,62.42608582645792,26.20531612349035,0.8093694974394405,False
frame_000217.jpg,0,166.3005192437142,127.90392236696115,174.14193932863168,156.02219347848288,2.6424688208269616,38.39659687675305,18.119745850148803,0.8240767436869004,False
frame_000218.jpg,0,156.06397433110146,145.22104568033836,175.00217896988997,161.76248142938545,2.106380304797748,10.842928650763099,13.239697540504523,0.8221998074475456,False
frame_000219.jpg,0,140.13047771460302,157.68574935118966,178.74467019368598,166.26279851869322,1.7206452759449833,17.55527163658664,12.48187167499276,0.8440122884862563,False
frame_000220.jpg,0,117.46822443362178,163.24021913504404,175.16264307890305,168.18957709806546,1.1922527192691643,45.77199470142226,6.973065980837589,0.8609114815207088,False
frame_000221.jpg,0,94.34174516215285,162.9613994952408,166.46163721868146,169.26633796895212,0.5338948707908991,68.61965433308796,2.804700750270655,0.8432148344376508,False
frame_000222.jpg,0,78.32636554214027,159.16789683548356,158.92730209225496,169.21446539292202,0.06431837429380909,80.8415312933433,10.28716330066706,0.8681144013124353,False
frame_000223.jpg,0,67.03344880515222,155.3474866516437,152.25895556634657,169.9630065122366,0.279414630228502,88.31403784649147,17.70405094589003,0.8233291541828829,False
frame_000224.jpg,0,60.52775008117975,154.16458619384014,145.81384069645384,171.94131873787734,0.4599718955033979,93.63683611266039,26.1274780414235,0.8357791690265431,False
frame_000225.jpg,0,58.663802448893286,156.1394102981937,141.26564177269515,175.52581556690004,0.04353163801104275,97.47560784930042,34.26017379420489,0.8362256954698002,False
frame_000226.jpg,0,71.55321542135238,159.3714603496197,141.04781745069968,178.02827116165946,0.8592700407688327,87.81824492826732,36.98045371095978,0.8346660803346073,False
frame_000227.jpg,0,88.31255117365139,163.96034005276132,143.05414429825814,178.73775438377004,1.5664336222402078,75.64778887910994,35.6836100855119,0.8372300197096432,False
frame_000228.jpg,0,111.4876976423809,163.38315847638722,148.33110021258491,177.69620973138697,1.9615236574661243,51.89546083400633,29.365109518802058,0.8609498809365665,False
frame_000229.jpg,0,133.0085929742203,154.055538641164,154.71612519732776,179.3758911876627,2.1893796337690645,21.046945666943685,24.659765990334932,0.9019392132759094,False
frame_000230.jpg,0,148.69611673957291,140.26818026221724,160.79324910903745,177.25451928911536,1.7814347872496374,8.427936477355672,16.461270180077918,0.8881403768763823,False
frame_000231.jpg,0,157.90809369085602,124.5089689046366,165.1720178362478,174.7871039796677,0.6491596848554307,33.39912478621942,9.615086143419916,0.8846821644726921,False
frame_000232.jpg,0,150.5727230704874,124.37951717751612,166.0075438799557,171.88028314434575,0.286889638639133,26.193205892971278,5.872739264390049,0.8979868117500754,False
frame_000233.jpg,0,126.33857462064327,129.24656318361133,164.02033905051033,170.71060890582822,0.818510843329873,2.9079885629680575,6.690269855317894,0.8881636507370892,False
frame_000234.jpg,0,91.06782380093462,141.23369100605413,163.0141486395121,172.03259934985388,1.059267603044355,50.16586720511951,9.018450710341796,0.8896269517786363,False
frame_000235.jpg,0,85.9689474702751,133.67352439308746,163.0956517794699,166.0547211937442,0.9423451394347739,47.704576922812365,2.959069414274296,0.8891757831853979,False
frame_000236.jpg,0,108.01760687010172,133.14904785194332,166.20177013553695,160.8478567740784,0.5283944675314728,25.131440981841607,5.353913361458552,0.7617073532413033,False
frame_000237.jpg,0,136.7448304919447,110.35167639690304,172.2367400381719,154.12292244612888,0.18408657468081507,26.393154095041652,18.113817592043006,0.7612665576093337,False
frame_000238.jpg,0,159.35906890041886,100.28679020327894,179.2063169124353,149.1710348344299,0.2524692200307665,59.07227869713992,30.035282078005423,0.8155441073810353,False
frame_000239.jpg,0,171.2864619029072,95.61369598037173,175.0725830394552,145.35015952687814,0.19132470192586973,75.67276592253548,29.722423512577052,0.8203718101277071,False
frame_000240.jpg,0,171.30923768306246,121.7743328392646,171.66419693123152,154.61188409309494,0.10670359443440416,49.53490484379786,17.052312838136572,0.8238279258503634,False
frame_000241.jpg,0,165.48047474800364,140.02230151472287,170.9294942438256,161.30078825608632,0.34247039642475513,25.458173233280775,9.628705987739266,0.81388057680691,False
frame_000242.jpg,0,154.30985261327268,155.92601104541563,171.69478601106275,167.31101838555458,1.0561006655607865,1.616158432142953,4.38376762550817,0.8379363803302541,False
frame_000243.jpg,0,129.8976142845962,163.2418464821435,177.93781708727033,171.36077916373324,1.7059344424451852,33.34423219754731,6.577037923537091,0.8450955047326929,False
frame_000244.jpg,0,102.91357324937994,165.41375991015786,175.34414507936592,174.07468762055956,2.7165325609633553,62.50018666077793,1.2694574588063574,0.8203596507801729,False
frame_000245.jpg,0,82.30489752450714,161.84009918845598,169.0031866430243,174.5809549337841,3.3598957283897133,79.53520166394884,5.5777682907598205,0.8195538065012764,False
frame_000246.jpg,0,66.71569343913606,157.91845092322401,164.02432305236124,175.7958158543623,3.9891298708056397,91.20275748408795,11.771492802001063,0.8609597367398879,False
frame_000247.jpg,0,56.287701914622296,154.88783842865612,159.27388595148892,177.93928554695907,4.344118880922925,98.60013651403384,18.66539959547015,0.8367578352198881,False
frame_000248.jpg,0,56.4236105714858,155.04882927173387,156.85874192783976,179.78937124442746,3.7462981516346305,98.62521870024807,22.930629316587698,0.85867559559205,False
frame_000249.jpg,0,59.90981699674845,158.1516314414023,154.71966166813232,178.20401112239432,2.2775146674885134,98.24181444465384,23.484349454262002,0.8383218435680165,False
frame_000250.jpg,0,77.47881823072142,163.9313049204018,154.98815800064463,175.6861974169452,0.8886744226752984,86.45248668968038,20.69803941630056,0.8535513387006872,False
frame_000251.jpg,0,100.615625769178,167.43809167606554,156.7538747539505,174.85632839094515,0.6353253603867204,66.82246590688754,18.102453636994653,0.8389403820037842,False
frame_000252.jpg,0,123.74108810328036,167.57197670730363,159.87230101086604,174.79632179771454,1.8563914482977872,43.83088860402327,14.924020786848502,0.8718447054133696,False
frame_000253.jpg,0,138.6797327859852,158.94491856166346,164.08412347860258,176.7553852331636,2.374319423436954,20.265185775678248,12.671261754561016,0.892299515359542,False
frame_000254.jpg,0,153.4189630315852,149.08045025194272,167.58525071743867,178.5178875763484,2.2730575609970507,4.338512779642485,10.932636858909717,0.8829754766295937,False
frame_000255.jpg,0,161.20416344099036,132.94097300113827,169.95701048685035,178.16277986773505,1.7752277017490883,28.26319043985208,8.205769380884703,0.8729188933092005,False
frame_000256.jpg,0,151.28902705060858,135.0151471928102,169.57764840858064,177.21147149051532,0.8794841728296189,16.27387985779839,7.633823081934679,0.8913231982904322,False
frame_000257.jpg,0,142.1247468358024,138.9103337885882,168.5535683080069,176.3450276893917,0.5368970291576752,3.214413047214208,7.791459381384811,0.8912186096696293,False
frame_000258.jpg,0,142.27071676810343,125.31826837920599,168.44389274129642,170.76416840921883,0.6544316641009822,16.952448388897437,2.3202756679224024,0.8803739442544825,False
frame_000259.jpg,0,141.08759259655793,117.36339027916682,170.2553504696451,163.4041893171722,1.0744747831427306,23.724202317391104,6.8511611524728835,0.8508915866122526,False
frame_000260.jpg,0,140.47076495864363,115.3704532425154,172.40256721902452,157.08761320558156,1.9477408203021953,25.100311716128232,15.314954013442957,0.7860294229844037,False
frame_000261.jpg,0,162.04730852021316,93.8947375668045,177.12605097774744,149.03578202134986,2.767526153733391,68.15257095340867,28.09026895639758,0.8227949633317835,False
frame_000262.jpg,0,170.16784552496557,85.06739356377172,178.0473541505382,143.59462151100604,3.1068773064438897,85.10045196119385,34.45273263953217,0.7960424230379217,False
frame_000263.jpg,0,172.28485966847492,109.00323424515875,174.4907912465748,147.32797509638883,3.270752321129765,63.28162542331617,27.16281615018596,0.8268324312041787,False
frame_000264.jpg,0,167.08972254294238,127.89580125577639,173.44993485642252,155.0189495036706,2.902543927627813,39.19392128716599,18.430985352751918,0.8183590313967537,False
frame_000265.jpg,0,157.68872309737213,147.11931277664928,174.18896511642185,162.55731939438965,2.214231361936141,10.569410320722852,11.631645722032204,0.8334979450001436,False
frame_000266.jpg,0,142.3476486655641,159.184573941564,177.67842417064594,167.06658196498927,1.8242005779138408,16.836925275999903,10.611842205656671,0.8457802463980282,False
frame_000267.jpg,0,121.23146596134754,164.57102324781886,176.67529408200622,169.15269314982808,1.248953147970737,43.33955728647132,7.522600932178136,0.865161187508527,False
frame_000268.jpg,0,97.07796627088649,164.0899109003147,168.27581151616926,169.90647649354136,0.5376341710154426,67.0119446294282,1.6306649773721063,0.8415564929737764,False
frame_000269.jpg,0,81.08364788071901,160.4362215880658,160.63661147982668,170.516760865081,0.10495550971695866,79.35257370734678,9.880149385254327,0.8707409676383523,False
frame_000270.jpg,0,68.794988050963,156.21788064285877,153.82945325237768,170.69709972703123,0.39166928792524414,87.42289259189577,16.867646474653554,0.8346112896414364,False
frame_000271.jpg,0,61.22971260034119,154.17236662657822,147.0293906364364,171.9320298331289,0.5714881536453866,92.94265402623704,24.90263919669249,0.830599868998808,False
frame_000272.jpg,0,57.308563589160585,155.35526082030822,142.1556348968103,175.0264406987316,0.21437282426966722,98.04669723114763,32.87080580192128,0.8420313947341022,False
frame_000273.jpg,0,71.01469699394471,158.75775755900142,141.8128706545009,177.83426758065465,0.5069465587779993,87.74306056505671,36.021396926153756,0.8474601191632888,False
frame_000274.jpg,0,86.96589494806614,162.53240371169116,143.2640976788482,179.90712848862313,1.4549245184287074,75.56650876362502,36.64303080977493,0.8307020278537974,False
frame_000275.jpg,0,110.86711378927801,160.92974285662297,148.20833163155447,179.36872908518993,1.9081014316401923,50.06262906734496,31.160397453635454,0.8552102797171649,False
frame_000276.jpg,0,132.47541927724237,152.01652624106345,154.41869363631085,179.33868781374156,2.199589941550554,19.54110696382108,24.91999417743071,0.9010742762509514,False
frame_000277.jpg,0,148.10487091095254,138.74561390104523,159.940029420565,176.1013868890835,1.9647261163344574,9.35925700990731,16.161357468518503,0.8866693272310144,False
frame_000278.jpg,0,157.33616067761542,123.09348851028253,164.31470707266692,173.15807844740334,1.0092165527792896,34.2426721673329,8.84337137473642,0.8784698142724878,False
frame_000279.jpg,0,150.8230506521417,123.82468328675466,165.94565056341455,171.40584831480103,0.11017447184573927,26.998367365387026,5.460197751386488,0.8946669031591976,False
frame_000280.jpg,0,126.93429176553721,128.8516145342543,164.1798592089307,170.43640117471992,0.6958643212893305,1.9173227687170993,6.256541965789211,0.8894307017326355,False
frame_000281.jpg,0,93.36290806381957,141.2254060262895,163.53304107224494,172.2836707336757,1.1591331996767757,47.86249796246993,8.750629661430764,0.8824287968523362,False
frame_000282.jpg,0,88.58523759972991,142.49073517547558,164.6007772907037,166.39943647055352,1.2791171119194706,53.90549757574567,1.7986591798498353,0.8732407969586989,False
frame_000283.jpg,0,109.98934508442895,139.80248032656164,167.38512007995573,159.8079782897291,0.6801786679649396,29.813135242132688,7.577141790226619,0.7632942971061257,False
frame_000284.jpg,0,138.89930715949166,120.95876332273743,172.89303142870764,153.21602058666647,0.21746828359777928,17.94054383675423,19.67701084204117,0.7832641408723944,False
frame_000285.jpg,0,161.4359565740621,111.57733215885621,179.88190402825478,148.2196053559197,0.2820850978508171,49.85862441520588,31.662298672335083,0.8034674174645368,False
frame_000286.jpg,0,171.72293715329468,105.14452109462971,174.89752425602035,143.36163895290906,0.5679601775813454,66.57841605866497,31.535885303111286,0.8149907799328074,False
frame_000287.jpg,0,171.49442694445602,118.21373291609875,171.99951257269208,152.57376501153684,0.4415300865289474,53.280694028357274,19.425747561155248,0.8299439233892104,False
frame_000288.jpg,0,166.14174655556022,137.99907113286514,170.75854521028864,160.59681167238912,0.09910122400904751,28.142675422695078,10.161733537899522,0.8132311561528374,False
frame_000289.jpg,0,153.69402485792176,155.03129950001176,172.01703511000966,166.633984505554,0.8784607838756037,1.3372746420899944,5.383050604455661,0.8337052569669836,False
frame_000290.jpg,0,135.27130627673222,162.92900787582573,175.20912318063736,170.79512051431675,1.4696814700059868,27.657701599093514,4.414002666320613,0.8359234157730552,False
frame_000291.jpg,0,107.66016402514498,166.18392135329935,178.51388194895918,173.97049712023176,2.6582486880823106,58.523757328154375,4.543384828727426,0.83842113088159,False
frame_000292.jpg,0,85.58706745974497,162.45723221568895,171.9619089844053,174.61730851644512,3.359746709717911,76.87016475594397,2.6553995320398087,0.8323920474332922,False
frame_000293.jpg,0,69.54201810992934,158.33610109594883,166.25358158074334,175.9510708265225,3.932887132204107,88.79408298601949,9.697489245779167,0.8731855189099031,False
frame_000294.jpg,0,60.139552159002996,154.52215298690354,160.458318014843,177.5730432595369,4.2140243724192,94.38260082790055,17.114725244693886,0.8315193828414468,False
frame_000295.jpg,0,57.83720036098551,155.42461902228695,155.75409778662998,179.88677890935597,3.728096894161485,97.58741866130143,24.132681122725984,0.8741459145265467,False
frame_000296.jpg,0,60.144516938687374,159.05924190017578,153.767442259318,177.45922713415482,2.4990349008331174,98.9147249614884,23.691784874836827,0.8373416907647077,False
frame_000297.jpg,0,76.54268247971737,165.0575194611106,154.04838478637237,174.85034349798704,1.1012835442961053,88.51483698139322,20.801958711614674,0.8297183303272023,False
frame_000298.jpg,0,97.88193479526369,169.04001393669682,155.65146440721068,173.76434932540036,0.41309943099042545,71.15807914143313,18.11288491818968,0.8345147932277006,False
frame_000299.jpg,0,122.62572831791869,169.2912671049596,160.21535879845217,173.6612669109128,1.5522909599521997,46.6655387870409,13.445908112460614,0.8684209620251375,False
frame_000300.jpg,0,137.08686603401281,159.86419500517417,163.78279556738704,176.12787917416833,2.252338655272849,22.777328971161353,12.345083606781287,0.8853198079501882,False
frame_000301.jpg,0,152.3811619303217,148.09386893116812,166.80399584608452,179.28208324279626,2.434412674849442,4.287292999153578,12.478087396711743,0.8771439825787264,False
frame_000302.jpg,0,160.84042318465194,132.94136063953474,169.52803256292262,178.17321516028548,1.92312422261077,27.899062545117204,8.645182597362862,0.8685899411930758,False
frame_000303.jpg,0,151.86436899272206,134.5746679816799,169.52126632683485,177.0429422667486,1.1015323444626592,17.289701011042155,7.521675939913763,0.8960867243654588,False
frame_000304.jpg,0,143.4445601088116,123.77750889670111,168.44911438132763,176.1563422338421,0.7687191085024043,19.667051212110493,7.707227852514478,0.8823454695589402,False
frame_000305.jpg,0,144.0994513852361,138.69768548686721,169.2232886452113,177.6666511892376,0.7731529047622552,5.401765898368893,8.443362544026286,0.8858540373689988,False
frame_000306.jpg,0,143.05032024636301,134.85886781856198,171.56005138656744,172.09425825058094,1.089389314626649,8.191452427801039,0.5342068640134983,0.8346348089330337,False
frame_000307.jpg,0,143.27011564163416,132.45119218861345,174.1262383833019,165.6556144538029,1.8091979730255268,10.818923453020716,8.470623929498998,0.7915264332995695,False
frame_000308.jpg,0,163.68849720194535,110.35476164256319,178.3046700734264,157.67355335729016,2.641582245276363,53.33373555938216,20.631116716136233,0.8133158368222854,False
frame_000309.jpg,0,170.9406251834738,114.88296462055804,177.13175614778885,152.1560300315527,2.8323352311673444,56.05766056291576,24.97572611623616,0.791326047743068,False
frame_000310.jpg,0,172.4489302967453,110.01537103378483,174.07728833337208,148.19383351694194,2.8288975514999875,62.43355926296046,25.883454816430145,0.819909171146505,False
frame_000311.jpg,0,167.5030638847507,128.2173695369785,173.25936630477554,155.58442002826735,2.4998065875510034,39.28569434777219,17.674946276508194,0.832490062012392,False
frame_000312.jpg,0,156.76297207478564,146.5541639675698,174.44450756945082,162.386023831332,1.9540973795333803,10.208808107215845,12.05848373811881,0.8322523797259611,False
frame_000313.jpg,0,142.31659900701194,159.09196793152174,177.3987901880801,167.29614614042163,1.4463778323725036,16.77536892450979,10.102644047658487,0.860115317737355,False
frame_000314.jpg,0,119.40138230998399,163.89329627839865,176.16486526462546,168.8229683057121,0.9546801567723916,44.491913968414664,7.341896958913367,0.8733679687275606,False
frame_000315.jpg,0,96.20241639612519,163.33893108652012,167.37909154934164,169.54102246305268,0.35139644273312576,67.13651469039493,2.1619309137110463,0.8362215301569771,False
frame_000316.jpg,0,79.92257089145231,159.19091463047718,159.59775837368161,169.90281441259012,0.2277458609355121,79.26834373902487,10.305056038908504,0.8608404257718254,False
frame_000317.jpg,0,68.782450369847,155.60070882593695,153.53570578808666,170.64346030593293,0.4605466426204123,86.81825845608995,17.107754517846274,0.8447521153618308,False
frame_000318.jpg,0,61.855430139135514,152.66081340469802,146.95350789473093,171.33670820001961,0.5223901464875887,90.80538326556251,24.383200305288682,0.8418281358831069,False
frame_000319.jpg,0,59.09533689468929,154.82878793334814,142.02802809233364,175.04472015757304,0.10566155366462392,95.73345103865884,33.0166920652394,0.8560907034312978,False
frame_000320.jpg,0,72.37774936578192,157.83074798616482,141.82505699399943,177.40072720705842,0.802014695708574,85.4529986203829,35.575670213059,0.8466277788667118,False
frame_000321.jpg,0,89.45730238200449,161.89811180002414,143.94524795868904,179.95394692727515,1.684392116024245,72.44080941801965,36.00869896858612,0.8350841806215399,False
frame_000322.jpg,0,112.57307407662753,160.59538245907353,148.54605236415847,179.2990182107451,2.02768148228555,48.022308382446,30.75296584658662,0.8592252696261686,False
frame_000323.jpg,0,131.907376360196,153.23489828897914,154.38701948642793,179.79702232130865,2.2574692022203755,21.327521928783142,25.410002834880714,0.8932160594884087,False
frame_000324.jpg,0,148.24280520062428,140.13420963767584,160.7241373411962,176.81860931473508,1.9607221450881855,8.108595562948437,16.094471973538873,0.8794882683192983,False
frame_000325.jpg,0,158.00491474052916,125.0239644670122,165.22736658019463,174.41301798643914,1.0013858294138804,32.98095027351695,9.185651406244517,0.8766539202016943,False
frame_000326.jpg,0,150.84575455613066,126.45861204317185,166.62862632562502,172.63133569881566,0.05179452479143159,24.387142512958803,6.0027093731906405,0.892363050404717,False
frame_000327.jpg,0,125.56425236019811,130.9640281021962,164.81265721445618,171.13520274831916,0.6407912420645326,5.3997757419980985,6.322545533862979,0.8838921645108391,False
frame_000328.jpg,0,89.58886871587387,143.28155866816334,164.55705829048478,172.93802275538724,1.2056202236404576,53.69268995228947,8.380964464902462,0.8917289165889516,False
frame_000329.jpg,0,82.74589732524026,133.6491530160184,164.94086630854488,166.8354152651399,1.3116631276667992,50.90325569077814,1.8945489565950027,0.8861743772731108,False
frame_000330.jpg,0,105.83714582982857,125.20148120321296,167.91524488052508,160.89250783116404,0.8900842510014805,19.364335373384392,7.022737049361041,0.8179367254762089,False
frame_000331.jpg,0,135.64284927259106,100.69421466134665,172.9329298466759,153.69977735893553,0.05858542788327673,34.948634611244415,19.23315248774037,0.7966619169010836,False
frame_000332.jpg,0,158.60535425471377,92.62562451176521,179.20047787013556,148.8502495198586,0.2403233523693636,65.97972974294856,30.35022835027695,0.7948928738341612,False
frame_000333.jpg,0,169.27747046174972,87.69682644497814,176.1014659253227,144.32672898591,0.5674714145958222,81.58064401677157,31.77473693941272,0.8315101756769068,False
frame_000334.jpg,0,170.33754721326446,113.54705995905643,172.72260004136942,153.31898285139752,0.43586086420410847,56.79048725420803,19.403617189971897,0.8296540677547455,False
frame_000335.jpg,0,165.03901599363883,138.25632689629794,172.09262333507135,160.18655049362806,0.2522479625184703,26.782689097340892,11.90607284144329,0.8246022427783293,False
frame_000336.jpg,0,154.10774313389504,155.6288001884747,172.8552404784341,166.35986976867028,0.5370781957405538,1.5210570545796713,6.495370709763819,0.8276244086377761,False
frame_000337.jpg,0,132.18278744849692,163.14471905068623,178.22988046592897,170.47004831291514,1.2492966300942656,30.96193160218931,7.759832153013832,0.8335449380033156,False
frame_000338.jpg,0,105.95790975222549,165.35270112941396,175.8003642412532,173.28999992023898,2.3826653911570483,59.39479137718847,2.510364321014208,0.8351494985468247,False
frame_000339.jpg,0,84.10703493612829,161.1147638290379,169.2348150098938,173.7458132474236,3.0512053186832984,77.00772889290963,4.5109982375298046,0.8316499310381272,False
frame_000340.jpg,0,67.83780448065657,156.9460585556762,164.4727778971648,174.89280650257163,3.8003398641612938,89.10825407501962,10.420028605406827,0.8585709298358244,False
frame_000341.jpg,0,57.782135683984976,153.43619940484862,159.4009229742153,176.71224476901077,4.193857087885982,95.65406372086365,17.311321794795475,0.8478541759883657,False
frame_000342.jpg,0,56.83871301841795,153.29563196745144,156.29786172070777,178.42610605974352,3.6479585119165434,96.4569189490335,22.128244339035746,0.8596473756958457,False
frame_000343.jpg,0,59.95883809512349,156.6103719205589,153.75173813886286,179.27521055529675,2.358481588404518,96.6515338254354,25.52347241643389,0.8446867939303903,False
frame_000344.jpg,0,77.09526131128395,163.178797894989,153.93397757378384,176.67453167253282,0.9406907039381077,86.08353658370505,22.740554098748987,0.8534186044160057,False
frame_000345.jpg,0,99.73825061467801,167.33461123572803,155.84739288620074,175.37735603978658,0.5278284408164328,67.59636062105002,19.52996315358584,0.8399385178790373,False
frame_000346.jpg,0,122.38035868930896,168.29544258602735,159.45226872307015,174.89585796229608,1.8024529293337803,45.915083896718386,15.443589239225929,0.8690306754673228,False
frame_000347.jpg,0,137.41636812465188,170.03774280923133,163.59658456236576,176.5657021814359,2.3871296171963725,32.62137468457945,12.969117619070147,0.879067533156451,False
frame_000348.jpg,0,152.78717362473643,159.36564419421833,167.24563312810886,178.65400581817116,2.459803412581104,6.578470569481908,11.408372690062293,0.873121391324436,False
frame_000349.jpg,0,160.69750919027595,142.01376635469737,169.5609249249637,178.85809442678465,2.0118076641296785,18.683742835578585,9.297169501820946,0.8689502407522762,False
frame_000350.jpg,0,151.11727774996638,146.5523149043827,169.1682364765125,178.44342274880603,1.1197793936931975,4.564962845583665,9.275186272293524,0.8837934031206018,False
frame_000351.jpg,0,133.79070820620018,151.98821003653828,168.3979586245261,177.11007481841392,0.8357126491924598,18.197501830338098,8.712116193887823,0.8798223698840422,False
frame_000352.jpg,0,135.29697550981854,127.15899743008245,168.61755325709612,171.7564177954932,0.7143708181766705,8.137978079736087,3.138864538397087,0.8868014076176811,False
frame_000353.jpg,0,134.3734731885265,122.16877365869993,170.51158002362715,165.28037322156354,0.9958801360407603,12.20469952982657,5.23120680206361,0.8513743000871995,False
frame_000354.jpg,0,134.5283664652931,119.18671245135195,172.99742314157268,159.19125360854406,1.5999622021074305,15.341654013941138,13.806169533028623,0.7977914073887993,False
frame_000355.jpg,0,156.53140573389032,96.7558307908357,177.19737533997508,150.98031086266093,2.4328462753682643,59.77557494305462,26.217064477314153,0.8067976166220272,False
frame_000356.jpg,0,170.98859326445657,86.55367628710901,177.87889471507123,145.565959594812,2.551516297296509,84.43491697734756,32.312935120259226,0.7970651405699113,False
frame_000357.jpg,0,173.79587591912315,109.53295414445417,174.04408472446147,148.77752536498957,2.834498051056765,64.26292177466898,25.2665593594719,0.8231688667746151,False
frame_000358.jpg,0,168.30207862882654,126.95454686573767,173.3801977814346,155.83304822490925,2.718203587683233,41.34753176308887,17.54714955652534,0.8292238011079676,False
frame_000359.jpg,0,158.3495309009366,145.81542666396254,174.42801602941748,162.28498846430935,2.2278047234232874,12.53410423697406,12.143027565108127,0.8476462679750779,False
frame_000360.jpg,0,142.34798746874947,158.5551771419247,177.81175091953858,166.9375122225018,1.772541324197336,16.207189673175236,10.874238697036787,0.8402875346295974,False
frame_000361.jpg,0,120.53796528610921,164.5095760717714,175.98153227255787,168.7941640295841,1.4153845109662297,43.97161078566218,7.1873682429737755,0.869567962253795,False
frame_000362.jpg,0,96.68954770309678,164.26006764177833,166.8401804013079,169.81820751800012,0.4637781432261807,67.57051993868156,2.978027116692232,0.8347623839097864,False
frame_000363.jpg,0,79.95035680867124,160.09632126184184,159.10630973426515,170.37587803128545,0.28760262646290363,80.14596445317059,11.2695682970203,0.8716818900669322,False
frame_000364.jpg,0,68.9640585364569,155.5383636093298,152.87490999075212,170.2794391418495,0.6263954433404362,86.57430507287289,17.404529151097393,0.8187515349949107,False
frame_000365.jpg,0,62.77058902851925,154.18371542614764,146.236319702065,171.68136256188197,0.6319354160579156,91.41312639762839,25.445042859816965,0.825048730653875,False
frame_000366.jpg,0,59.402009086119165,155.68223876789514,141.25463858770925,175.22238127507453,0.3354415281413161,96.28022968177598,33.96774268736527,0.8593120574951172,False
frame_000367.jpg,0,73.18734853393171,158.7396270669164,141.13300387255885,177.4806705609665,0.7514163003124639,85.55227853298469,36.34766668840766,0.8597945833907408,False
frame_000368.jpg,0,90.33775199969405,163.0267939761596,143.18693003537933,179.7913244770307,1.5696604829510317,72.68904197646556,36.60439444165138,0.8263187969432157,False
frame_000369.jpg,0,112.55609564154386,162.2010997084721,147.9923438893894,178.70328117251736,2.016839181089996,49.64500406692824,30.710937283127976,0.867500340237337,False
frame_000370.jpg,0,131.69002686370348,153.6151715774017,154.2925248501803,179.99705086586042,2.139685775700265,21.925144713698216,25.704526015680102,0.888443855678334,False
frame_000371.jpg,0,146.98673283550292,140.06073295500678,160.01327595384558,176.35843209294944,1.8927850210000088,6.925999880496136,16.345156139103864,0.8680710476987502,False
frame_000372.jpg,0,156.4516582089953,124.76530163065001,164.66661810673247,174.01455088103688,0.8219676148684707,31.686356578345283,9.347932774304411,0.8670703242806828,False
frame_000373.jpg,0,149.51874530316016,124.62751948510886,166.29622428314636,171.33518028127472,0.1141449693613188,24.891225818051296,5.038955998128358,0.8788674754254958,False
frame_000374.jpg,0,126.49625296953221,128.87903553824114,164.7499384990329,169.8036815140596,0.6393454496758273,2.382782568708933,5.053743015026697,0.894864864209119,False
frame_000375.jpg,0,91.4444656423119,140.91774256800198,163.65893269994905,171.7771414796096,1.0463197886744513,49.47327692569009,8.118208779660563,0.8815348639207727,False
frame_000376.jpg,0,86.91076945940483,142.67738515593737,163.9929074795687,166.98556291546222,1.1091239299491822,55.76661569653254,2.992655435893539,0.8853178725523108,False
frame_000377.jpg,0,108.03459967681431,134.4754765737391,167.07012565104992,161.14266832159143,0.7515236214803845,26.440876896924777,5.927457329458491,0.8021202911348904,False
frame_000378.jpg,0,136.86262637829432,118.18832464609672,172.45754566482682,155.66782953600264,0.025446389128835255,18.674301732197605,16.789716128824182,0.7613822046448203,False
frame_000379.jpg,0,158.43047014709984,109.91294656742419,178.66886031600572,151.68653617651609,0.2633886820046566,48.517523579675654,26.982324139489634,0.7918237693169538,False
frame_000380.jpg,0,169.98137759617566,103.92641874120108,176.00268787818067,146.86551175687916,0.4311245944343027,66.05495885497459,29.137176121301508,0.8238075796295615,False
frame_000381.jpg,0,170.3325112407522,115.66179784214664,172.40653411530178,154.7104963221807,0.12918412389615105,54.67071339860557,17.696037793121093,0.8059891883064719,False
frame_000382.jpg,0,164.83986248136935,141.81637971530407,171.81938384903341,162.28057546574644,0.10454981040609503,23.023482766065285,9.538808383286977,0.8275811777395361,False
frame_000383.jpg,0,153.3631604956803,155.84572622203876,172.7599709842412,167.61747654023227,0.7660915519341512,2.482565726358473,5.142494444008918,0.8349960902157951,False
frame_000384.jpg,0,135.78490547272884,163.4195795241142,175.48560495085414,171.36629354224,1.4730158314739836,27.63467405138536,4.119311408614152,0.827000593437868,False
frame_000385.jpg,0,109.44697046530688,166.25675802947507,178.60805940448876,174.30270248686736,2.6045744543807645,56.80978756416819,4.3053569176213955,0.8521644122460309,False
frame_000386.jpg,0,87.48725031691251,163.20933231301768,172.00747678490012,174.57724532145858,3.1878850461350687,75.72208199610517,2.569768536558456,0.8330497356022105,False
frame_000387.jpg,0,71.25732618912332,158.3212459435453,166.56644248446545,175.08274711556766,3.710695409313714,87.06391975442199,8.516304631102201,0.8628838027224821,False
frame_000388.jpg,0,60.448955137411346,155.0826947163797,161.2804102979744,177.13865692033477,4.1253975412477795,94.63373957896836,15.858246622360355,0.8356830442652983,False
frame_000389.jpg,0,57.12555621180131,154.07236941790688,155.56135645829042,178.57616466832937,3.5209511046859685,96.94681320610557,23.01480821003895,0.8560821764609393,False
frame_000390.jpg,0,61.55483489265962,157.2688044288456,153.95437759762223,179.43422791371947,2.183513329796065,95.713969536186,25.47985031609724,0.8426356894128463,False
frame_000391.jpg,0,78.81730704873884,162.57771672776397,155.0944492350717,177.06813405622347,0.8008109549716554,83.76040967902513,21.973684821151778,0.8486157901146832,False
frame_000392.jpg,0,100.99144053423952,166.8968961478651,157.454543663789,175.50147295906228,0.5738404044708096,65.90545561362559,18.046929295273287,0.843249615500955,False
frame_000393.jpg,0,124.68921510715263,167.42784000868664,160.881011619431,175.19472276707668,1.8060531616453799,42.73862490153401,14.313711147645677,0.8641907467561609,False
frame_000394.jpg,0,139.90511200322263,169.51833656280962,165.32203537039288,176.63518229475025,2.3322456920053787,29.613224559586996,11.313146924357369,0.8909752579296336,False
frame_000395.jpg,0,154.00753940546514,158.84194785408246,167.87410784155446,178.36723227446842,2.400565579315818,4.834408448617324,10.493124432913959,0.8701690715901992,False
frame_000396.jpg,0,160.81263539703758,141.30843870503685,169.49731858612424,179.07017286732864,1.9053389053391048,19.504196692000733,9.5728542812044,0.866941700963413,False
frame_000397.jpg,0,149.9215130182899,144.96836734779762,168.36042846273588,177.92522140584043,1.175168803844479,4.953145670492262,9.56479294310455,0.894884418038761,False
frame_000398.jpg,0,132.66116186967486,150.2558716114407,167.9081362357816,176.77626318418305,0.8349815677608509,17.594709741765854,8.868126948401454,0.8723476844675401,False
frame_000399.jpg,0,134.37074056604203,126.11317685522299,168.0923397875895,171.53178823397747,0.7739959871406119,8.257563710819042,3.4394484463879564,0.8869854246868807,False
frame_000400.jpg,0,133.43031998073062,121.08280558080824,170.42972282725069,165.66842124943167,0.932479772710482,12.347514399922375,4.761301577819012,0.8403438575127545,False
frame_000401.jpg,0,133.91020299823123,122.53066663383137,172.96485397615464,160.0646430340643,1.6266846005109832,11.379536364399854,12.900210942090354,0.7907099513446584,False
frame_000402.jpg,0,155.91711109099415,100.56711089837957,177.51222589330558,152.8241806706032,2.4676529204263273,55.35000019261459,24.688045222702385,0.8190226712647606,False
frame_000403.jpg,0,169.79138898840594,91.02080457804983,178.17911805959739,146.83229564647365,2.7606244451912176,78.77058441035611,31.346822413123732,0.794763957752901,False
frame_000404.jpg,0,172.58477350998015,114.77974985561416,174.4994931213124,150.18388127754125,2.9900090579283978,57.805023654365996,24.315611843771165,0.8136901504853192,False
frame_000405.jpg,0,167.02725156983922,130.71661918613268,173.99754652610653,156.47088447589127,2.875788959196337,36.31063238370655,17.526662050215265,0.8171674749430489,False
frame_000406.jpg,0,157.2576303111515,146.73551354984764,174.89600026421832,162.30606880531704,2.4255020060433035,10.522116761303863,12.589931458901276,0.8291359368492576,False
frame_000407.jpg,0,141.79953868344586,158.1049729541376,177.93848318622946,166.2712470766855,1.8384793178289462,16.305434270691734,11.66723610954395,0.8457982715438394,False
frame_000408.jpg,0,120.42023012530218,163.44869722110326,176.24923259677834,168.4063559397626,1.2496624678372577,43.028467095801076,7.842876657015751,0.8680817204363206,False
frame_000409.jpg,0,96.24914419633673,162.72792576911397,167.07840611467844,169.2420978054363,0.41311801882096766,66.47878157277724,2.163691690757844,0.8452639053849613,False
frame_000410.jpg,0,80.08020295832844,159.00014243691288,159.63406528532948,169.53851795881815,0.23417145080539511,78.91993947858444,9.904452673488663,0.873460541753208,False
frame_000411.jpg,0,67.5073549493174,155.68697536127578,152.7073319452812,170.29363665680398,0.4721692614806022,88.17962041195838,17.586304711522786,0.8206649282399345,False
frame_000412.jpg,0,60.95371877635297,154.26014854868,146.32084654497007,171.88749392774085,0.5339311368019332,93.30642977232704,25.566647382770782,0.8183175746132346,False
frame_000413.jpg,0,57.7943823506423,155.86735591235413,141.1468129846358,175.15519511281292,0.0022174710250822977,98.07297356171182,34.00838212817712,0.8456582286778618,False
frame_000414.jpg,0,71.62525307901737,159.4474606964213,141.2918973948627,177.75493329615372,1.0298997152560818,87.82220761740393,36.46303590129102,0.8444523671094109,False
frame_000415.jpg,0,88.0320123775937,163.26899776227557,142.4857647039851,179.52157899205113,1.9221330352260104,75.23698538468187,37.035814288066035,0.8431418801055235,False
frame_000416.jpg,0,111.7976932167397,161.7009372757816,147.40674586755495,178.91073293409923,2.2146097561778704,49.903244059041896,31.503987066544283,0.8691109278622795,False
frame_000417.jpg,0,130.9002681755044,153.3224179523126,153.31167356762214,179.95358442420044,2.4448944981741207,22.422149776808197,26.641910856578306,0.8823012148632723,False
frame_000418.jpg,0,147.57316898407836,140.68688229652182,159.51198618881543,177.08343837733196,2.14623785531277,6.886286687556549,17.57145218851653,0.8719169742920819,False
frame_000419.jpg,0,156.7960849056407,125.88665145523294,164.00442083899853,174.94219517519412,1.0687358759070988,30.90943345040776,10.937774336195588,0.8791652006261489,False
frame_000420.jpg,0,150.4624672805767,126.24533173772393,166.20110395734878,172.4816737554033,0.05148072657012415,24.217135542852773,6.280569798054529,0.903841891709496,False
frame_000421.jpg,0,128.5279678447962,130.84854005381783,165.00461536324897,171.21539410864645,0.5781719141177635,2.320572209021634,6.2107787453974765,0.8895329973276924,False
frame_000422.jpg,0,97.85632757423313,143.17214279855304,163.73590702668628,172.9774570762434,0.987146073534421,45.315815224319905,9.241550049557134,0.8834588247186997,False
frame_000423.jpg,0,91.47835043389988,133.14731728509375,163.80050073275987,167.59128290300924,1.0506747905531548,41.66896685119387,3.790782170249372,0.8980429137454313,False
frame_000424.jpg,0,111.67382283572528,131.53970508437513,166.90304191464233,161.97674355058783,0.6318781195254918,19.865882248649854,4.926298364054503,0.8031520317582523,False
frame_000425.jpg,0,139.07393619921965,108.65891711898598,171.95290448765326,156.27640258182907,0.14067426880435807,30.415019080233662,15.676501905824182,0.7548162411240971,False
frame_000426.jpg,0,159.140835852457,91.94282326935506,178.03920037294023,151.95740916579535,0.3223526540794869,67.19801258310194,26.081791207144875,0.813100501018412,False
frame_000427.jpg,0,170.08123212294254,86.840004269657,176.26417333250168,147.67280480894865,0.43246622822582426,83.24122785328554,28.59136852355303,0.820474344141343,False
frame_000428.jpg,0,171.06354021274595,115.46211744490199,172.486472905421,154.77820550907046,0.1877386701944715,55.60142276784396,17.70826739635055,0.8166956165257622,False
frame_000429.jpg,0,165.672635118228,136.96745620818547,171.49145518429566,161.8215824303731,0.052227627637584935,28.70517891004252,9.669872753922562,0.8261424162808586,False
frame_000430.jpg,0,154.3793060129902,153.59688182043084,172.40466804459197,167.3216295664371,0.7148559971339881,0.7824241925593753,5.083038478154862,0.8406334414201624,False
frame_000431.jpg,0,136.94577321286184,163.28765462713915,175.5536584663319,171.13592680833383,1.3140876770071779,26.34188141427731,4.417731657998075,0.818980476435493,False
frame_000432.jpg,0,109.98099127647983,165.67131697720805,178.17877995243398,173.67185074089582,2.3865052900267303,55.69032570072822,4.506929211538164,0.8378168274374569,False
frame_000433.jpg,0,87.29695646573012,163.00259434337434,171.66042595619123,174.4113243578903,3.0949968801586007,75.70563787764422,2.750898401699061,0.828294319265029,False
frame_000434.jpg,0,70.99051257610529,157.2206919470153,166.75184983480025,174.97663063770722,3.8452760663258823,86.23017937091001,8.224780802906963,0.8717101461747113,False
frame_000435.jpg,0,60.45705587308805,153.58041683036294,161.23175946167134,176.77493807826326,4.1723985164095385,93.12336095727488,15.543178616591916,0.8315650049377891,False
frame_000436.jpg,0,57.770319150855116,153.51772588755105,156.38154215899397,178.7152059891401,3.7861668138728857,95.74740673669594,22.333663830146122,0.8719810317544376,False
frame_000437.jpg,0,58.413765849301804,156.94931122369348,153.49266306266637,178.72658961575365,2.546027851825134,98.53554537439169,25.233926553087286,0.8400744234814363,False
frame_000438.jpg,0,73.81894718735607,162.47581883815337,153.706280354584,175.8904567382565,1.3214862890950105,88.6568716507973,22.18417638367248,0.856354345293606,False
frame_000439.jpg,0,95.82924375316867,167.5771976896937,155.4391343494011,174.1427814505135,0.09262119870237873,71.74795393652502,18.70364710111241,0.83105968727785,False
frame_000440.jpg,0,119.98420426020586,167.8132105247872,159.2407447989868,173.83586832823337,1.237937209172709,47.82900626458134,14.595123529246564,0.8590309093980228,False
frame_000441.jpg,0,137.70348166373478,159.51367440295533,163.343045086271,175.58226149316366,1.8676645168603394,21.810192739220554,12.239216406892666,0.8794681990847868,False
frame_000442.jpg,0,152.5644106789085,149.24155449522695,167.29045564652307,177.87147012821433,1.9952490551503237,3.3228561836815516,10.581014481691255,0.8806644397623399,False
frame_000443.jpg,0,160.7556372709567,133.98158044095004,169.88256980219398,178.75233159931267,1.7174592453863167,26.774056830006657,8.869761797118684,0.868514292380389,False
frame_000444.jpg,0,152.69529917712524,135.765658898198,169.4752549482803,177.33127266116838,1.0478413662412154,16.929640278927224,7.856017712888075,0.8956505095257479,False
frame_000445.jpg,0,146.185166404477,125.45715140795299,168.67495511104994,176.4093436971782,0.7111556776746939,20.72801499652401,7.7343885861282615,0.8888480067253113,False
frame_000446.jpg,0,142.5507489940359,109.35809699236357,168.74598604132808,171.70859936720814,0.5977123582210407,33.19265200167233,2.9626133258800564,0.8779109646292294,False
frame_000447.jpg,0,141.88086535794056,97.28028286223997,170.6910551487398,164.83681249744166,0.9344211408040594,44.60058249570059,5.8542426512981365,0.8488939123995164,False
frame_000448.jpg,0,141.578970689647,95.8912492871958,172.9000617901026,158.01443271678122,1.6221112305731347,45.6877214024512,14.885629073321383,0.7692297977559707,False
frame_000449.jpg,0,162.76343758704806,75.93042506839569,176.96226285477746,151.23049694796197,2.4039828777651566,86.83301251865237,25.731765906815497,0.8000137700754053,False
frame_000450.jpg,0,171.10310065032098,86.2793630692143,178.11082555967764,145.00011157358,2.8804629052546136,84.82373758110668,33.110713986097636,0.7914216448278988,False
frame_000451.jpg,0,173.6011130876591,107.99660570497049,174.5911333922091,147.32510123123055,3.237549561109407,65.6045073826886,27.26603216097854,0.8164069407126483,False
frame_000452.jpg,0,168.71832524699266,127.45845302318108,173.51869393852147,154.88573945901223,2.942840979497529,41.259872223811584,18.632954479509237,0.8144541207481834,False
frame_000453.jpg,0,159.10739203199716,147.11800881772132,174.1128731011651,162.328413704547,2.4248618936286093,11.989383214275847,11.784459396618104,0.8271542997921214,False
frame_000454.jpg,0,143.1998917600889,159.0126234317471,177.2953471773707,166.52917263206757,1.8978141767283543,15.812731671658213,10.76617454530313,0.8405513377750621,False
frame_000455.jpg,0,119.93385511130484,164.9539163103194,176.37798789112938,169.15038945171645,1.1239464872545395,45.02006119901458,7.22759843941293,0.8711235628408545,False
frame_000456.jpg,0,96.61654837086145,164.27714112971236,167.41415576391117,170.02714126401767,0.34363683021688035,67.66059275885091,2.612985500106504,0.8469065918641931,False
frame_000457.jpg,0,80.3367489447797,160.42190150495156,159.62519831856656,170.5294790353189,0.2880748407345963,80.08515256017186,10.90428071675234,0.8685260380015654,False
frame_000458.jpg,0,67.7443684459966,155.9691653772368,152.14271931414822,170.61130579032996,0.5755671314901113,88.2247969312402,18.46858647618174,0.8364387575317832,False
frame_000459.jpg,0,60.84642790796786,154.38019017228046,145.7004915204686,172.11512162527748,0.6364258926636682,93.5337622643126,26.41463010480888,0.8161958315793205,False
frame_000460.jpg,0,58.60631126156443,155.87091739368216,140.9835492197311,175.58589317075487,0.1056981728956387,97.26460613211773,34.602343951023784,0.8465121949420256,False
frame_000461.jpg,0,71.21055507240699,159.4021545155922,141.03551693775546,178.41317596475994,0.7360687547506625,88.19159944318521,37.37765902700448,0.8349487395847545,False
frame_000462.jpg,0,87.25889213318554,162.73620221339567,142.4572854136649,179.1984257575589,1.5576297828220522,75.47731008021013,36.74114034389402,0.8270945023087894,False
frame_000463.jpg,0,111.27595559600444,161.48631590164007,148.03245314837775,178.05701451149235,1.8442930984408037,50.21036030563563,30.0245613631146,0.8560775413232691,False
frame_000464.jpg,0,131.71702889631518,152.60397029564353,153.72264523530527,179.66811639402516,2.0808849934920413,20.88694139932835,25.945471158719897,0.8838749703238992,False
frame_000465.jpg,0,147.21293345400304,139.79349735719703,159.50809119744721,176.89236978741184,1.8412465368739563,7.41943609680601,17.384278589964623,0.883213625234716,False
frame_000466.jpg,0,156.8288296557255,124.45731554550414,164.27158227187127,174.20003113003557,0.7713684481375276,32.37151411022137,9.928448858164302,0.8708862416884479,False
frame_000467.jpg,0,150.55819573894968,125.45664585122752,166.1823897030019,171.45504032790845,0.1656765316134027,25.101549887722157,5.272650624906561,0.8908251909648671,False
frame_000468.jpg,0,140.00773830305457,125.66197709602346,164.798134094018,167.37332480047104,0.6400528718549655,14.345761207031103,2.575190706453043,0.891887415857876,False
frame_000469.jpg,0,103.2015646350854,137.47528891935102,164.51452707870052,169.4550088327294,1.209630024816754,34.27372428426561,4.940481754028866,0.889344639637891,False
frame_000470.jpg,0,91.61422749261529,128.68237384929904,165.01134823220983,162.99546389758075,1.389184082329941,37.068146356683755,2.015884334629078,0.8790048921809477,False
frame_000471.jpg,0,114.98568672111614,127.23523787937158,167.5852184646453,157.12724816602696,0.9035096277616518,12.249551158255443,10.457970298618335,0.8119478576323566,False
frame_000472.jpg,0,144.29007318233388,104.51180075966808,172.41737973520287,151.2375395445905,0.13218435163738324,39.77827242266581,21.179840190612367,0.794782322995803,False
frame_000473.jpg,0,157.75391346224544,97.32725643215478,178.63516856317005,149.47185260402594,0.010428856893371505,60.42665703009065,29.163315959144114,0.7975635493502897,False
frame_000474.jpg,0,169.17197585310043,92.07772036371067,176.0996496695597,144.89188733714042,0.31923887772696663,77.09425548938977,31.207762332419293,0.8282698217560264,False
frame_000475.jpg,0,170.5806879582203,118.81226588129563,172.59868252160524,153.9536744575115,0.13005188021690886,51.768422076924665,18.64500806409373,0.8212146969402537,False
frame_000476.jpg,0,165.97042662244877,138.39414425060082,171.17542653602138,161.10469540030374,0.10873253444622098,27.576282371847952,10.070731135717637,0.8402574798640083,False
frame_000477.jpg,0,155.36782328481482,154.7179163072249,171.7671090344185,166.97103594791855,0.7735591248454965,0.6499069775899216,4.796073086499945,0.8267887970980476,False
frame_000478.jpg,0,131.848704788473,163.03176983646372,177.58335746756288,171.02300005175056,1.4222509175624607,31.183065047990738,6.5603574158123195,0.8332691122503841,False
frame_000479.jpg,0,105.43317322216978,165.14105017821979,176.2208893168771,173.36540883965296,2.4375563324314267,59.70787695605,2.855480477224148,0.8458550397087546,False
frame_000480.jpg,0,83.58516819247737,161.716658989735,169.41704862735548,173.70393587816875,2.895342809228044,78.13149079725764,4.286887250813265,0.830554327544044,False
frame_000481.jpg,0,67.74818257878616,156.88915260495025,163.85387407070021,174.69415510766504,3.5311379413419006,89.1409700261641,10.840281036964825,0.8657781131127301,False
frame_000482.jpg,0,56.72311331898491,153.69012510569658,158.751814051214,176.85773334083103,4.041649335929291,96.96701178671168,18.10591928961702,0.8416595003184151,False
frame_000483.jpg,0,57.815097404764046,153.62482940621987,155.88626736201908,178.47803145997253,3.287920420788517,95.80973200145583,22.591764097953444,0.8679389813367058,False
frame_000484.jpg,0,60.57087543632681,157.44976642537864,153.5646949341968,178.81529802274548,2.009205295134217,96.87889098905183,25.250603088548672,0.8361921415609472,False
frame_000485.jpg,0,77.31135588202044,163.64958074423433,154.08668942683,175.74147121271713,0.9028012002285513,86.33822486221389,21.65478178588714,0.8490920382387498,False
frame_000486.jpg,0,99.06348401336642,167.78547344468748,156.24351218823165,174.51968212707806,0.47962610187824106,68.72198943132106,18.276169938846408,0.8330926789956934,False
frame_000487.jpg,0,122.72243770732236,167.7137695305503,159.96979817718662,174.69521453940797,1.7153708062667323,44.99133182322795,14.725416362221353,0.8570727846201729,False
frame_000488.jpg,0,137.02990766812428,159.1408613168127,164.1621831984472,176.524825114496,2.0147722263491143,22.110953648688422,12.362641916048801,0.8793730174793917,False
frame_000489.jpg,0,152.24077409633733,148.7884758402391,167.76648718826473,178.20384732243423,1.837192050082258,3.4522982560982314,10.437360134169495,0.8757465166204116,False
frame_000490.jpg,0,160.8304015622707,132.98828285359,170.3242741955106,178.74709431164598,1.5014226852818027,27.842118708680715,8.42282011613537,0.870137912385604,False
frame_000491.jpg,0,150.67827007590964,135.00873508935757,169.6360691268843,177.7832793848315,0.7627711306256749,15.669534986552065,8.147210257947194,0.8917805657667273,False
frame_000492.jpg,0,142.37357924687586,123.84764460541973,168.80837453366797,176.9623552720264,0.4759382851937452,18.525934641456132,8.153980738358428,0.885360391700969,False
frame_000493.jpg,0,142.50263433804568,105.13318629676448,168.93369546318553,171.3387906588027,0.4097090865922489,37.3694480412812,2.4050951956171787,0.8891804042984458,False
frame_000494.jpg,0,141.17580565424737,93.61086374632838,170.67090904084617,164.27529668796168,0.955512043836843,47.56494190791899,6.395612352884484,0.8385676951969371,False
frame_000495.jpg,0,141.68188811806235,95.75875148030983,173.216610702659,157.74657110327803,1.6452843670904915,45.92313663775252,15.470039599380982,0.7891802279388204,False
frame_000496.jpg,0,163.28176245853783,73.81048082666675,177.70507422335248,150.2823242353907,2.5002129206355446,89.47128163187108,27.422749987961794,0.8225600859698128,False
frame_000497.jpg,0,170.4774475412628,86.6692858620975,177.90715277975332,143.72054913721016,2.8359869427125712,83.8081616791653,34.18660364254316,0.8003849281984217,False
frame_000498.jpg,0,173.23252249395009,111.04989974370956,174.03343492714782,147.44022786778305,3.1291998572475226,62.182622750240526,26.593207059364772,0.8285401708939496,False
frame_000499.jpg,0,168.3066244541761,128.1917740463247,173.1019727796586,154.55464949998623,2.7448593370645855,40.11485040785141,18.547323279672383,0.8254089495714974,False
frame_000500.jpg,0,158.2127345485143,145.9627415092973,173.95808818680362,161.53403753959046,2.227655208608619,12.249993039217003,12.424050647213164,0.8398698463159449,False
frame_000501.jpg,0,143.33895938964258,158.21389761356966,177.19009065739988,165.87225316959203,1.8158157559523163,14.874938223927074,11.31783748780785,0.8561607844689313,False
frame_000502.jpg,0,121.08267471361442,163.80682604897942,176.78905024269034,168.27280835018482,1.3051614806287442,42.72415133536499,8.51624189250552,0.8661283324746525,False
frame_000503.jpg,0,97.14057081878943,163.83755418591068,167.4004857187731,169.41253605396443,0.5927910596381859,66.69698336712125,2.012050335191333,0.8545255696072298,False
frame_000504.jpg,0,80.8012030380511,160.42051138168569,159.68487108388447,170.39490318933494,0.10526551288431786,79.61930834363459,10.710032105450466,0.8711401539690354,False
frame_000505.jpg,0,68.26756642872789,156.60538728321274,153.1181196846537,170.73823461601415,0.34257183179385203,88.33782085448485,17.62011493136046,0.8249351522501778,False
frame_000506.jpg,0,60.856224004589414,154.95385452358357,146.3402998751588,172.188509182194,0.4655639793147255,94.09763051899415,25.848209307035205,0.8247166696716758,False
frame_000507.jpg,0,58.62208007695884,156.5378781587707,141.51413753561167,175.69385846570322,0.10992922900221497,97.91579808181186,34.17972093009155,0.8474706376300138,False
frame_000508.jpg,0,71.46327804741797,159.63682859848964,141.39951671062832,178.03929984887696,0.8519222063574937,88.17355055107167,36.639783138248646,0.844663448193494,False
frame_000509.jpg,0,87.93670737436285,162.6649801893226,143.37882297195006,179.80933734942806,1.7876156065342639,74.72827281495974,36.430514377478005,0.8231735632700079,False
frame_000510.jpg,0,111.86956800579954,160.84412081321076,148.1150860521067,179.52290664671062,2.195166132170883,48.97455280741123,31.40782059460392,0.8666176515467027,False
frame_000511.jpg,0,131.9726016830404,152.54757319316948,154.07046685866905,179.35371230920666,2.483226367690253,20.574971510129075,25.283245450537606,0.8798625469207764,False
frame_000512.jpg,0,148.1910447180831,139.99151382403366,159.8116072509194,176.13165602030296,2.3620088533685255,8.199530894049445,16.32004876938356,0.8777346540899837,False
frame_000513.jpg,0,158.1646157236458,124.72400664715997,164.65570038950293,173.9669555612015,1.234751369010358,33.44060907648583,9.311255171698576,0.8661555121926701,False
frame_000514.jpg,0,151.26008919353868,126.4939489089015,165.7004014185319,172.25266042119205,0.3027395980834227,24.766140284637174,6.552259002660151,0.8963787731002358,False
frame_000515.jpg,0,127.83256221981436,132.05338107680274,164.2561726291081,171.41203590511853,0.39523976587377513,4.220818856988373,7.155863276010422,0.8852116465568542,False
frame_000516.jpg,0,94.3497927332639,131.92767531594683,164.1409726686684,166.60139773927497,1.0351340031512726,37.57788258268293,2.4604250706065613,0.8864682772580315,False
frame_000517.jpg,0,86.67243655234932,128.58985501563757,164.44527185532252,160.92663273829308,1.2745664442433,41.91741846328824,3.518639117029437,0.8652186849538017,False
frame_000518.jpg,0,109.11838461971237,128.31783813045192,166.88072862407955,155.46241821168852,0.730741421472187,19.199453510739545,11.418310412391037,0.7988636213190415,False
frame_000519.jpg,0,138.11049243620838,107.23019099318688,172.27855046402925,149.60790415925038,0.1411823444697407,30.880301443021494,22.67064630477887,0.7800543816650615,False
frame_000520.jpg,0,160.57543753722737,96.12844413671026,178.88517565203443,145.43401826683535,0.025238567993171174,64.44699340051712,33.45115738519908,0.8133716933867511,False
frame_000521.jpg,0,169.69883328117382,102.13154881543605,176.02571155160163,147.5458755973494,0.19536538783055002,67.56728446573777,28.479835954252223,0.8307844768552219,False
frame_000522.jpg,0,170.5893237990092,122.06246610225458,172.62489452425936,154.66114186504467,0.06828368248418751,48.52685769675463,17.96375265921469,0.8302040380590102,False
frame_000523.jpg,0,165.2866269137646,139.4711718125759,171.73950935068666,161.06861824767648,0.23608548087812584,25.81545510118869,10.670891103010177,0.8157501045395347,False
frame_000524.jpg,0,153.83668268156399,153.77186259215833,173.07469647824072,166.42105054518538,0.8313135416689099,0.0648200894056572,6.653645933055344,0.8347771413186017,False
frame_000525.jpg,0,136.88886373948824,162.41649865373387,175.90451225248756,170.56072499738764,1.429700485892071,25.527634914245624,5.343787255099926,0.8438802256303675,False
frame_000526.jpg,0,110.59135297367658,164.83927980643972,177.9971041154758,173.29281327198353,2.3966757785410686,54.24792683276314,4.7042908434922595,0.8373320628614986,False
frame_000527.jpg,0,87.94794735834515,161.29525622531034,171.58159169331114,174.04363460404284,3.1335626884317858,73.3473088669652,2.4620429107316966,0.8272041853736428,False
frame_000528.jpg,0,71.4785108501335,156.45321270248107,166.5379005631299,174.9521644165437,3.8268733797064405,84.97470185234756,8.414263853413786,0.8672359235146466,False
frame_000529.jpg,0,61.04086805002108,152.6072466164161,161.32620171066336,176.05592100192274,4.103782611350833,91.566378566395,14.729719291259386,0.8457811089122996,False
frame_000530.jpg,0,57.314806726607046,152.10694604167705,155.98472563030862,177.91787770670146,3.432896766312365,94.79213931507,21.933152076392844,0.8682243824005127,False
frame_000531.jpg,0,60.196980838799774,155.3672477273977,153.85979235946346,179.65520533539663,2.255430633445604,95.17026688859794,25.795412975933175,0.8500011808731976,False
frame_000532.jpg,0,77.09539197086461,161.71957448440685,154.43008916164266,177.3600310550843,0.7706495075635291,84.62418251354224,22.92994189344165,0.8387144313139074,False
frame_000533.jpg,0,98.78225208530323,166.43556112581248,156.46592716240596,175.88009537310154,0.6554244968317785,67.65330904050926,19.41416821069558,0.8439670871285831,False
frame_000534.jpg,0,122.6629855922436,167.60556926957395,160.771735974605,174.94755761498806,1.7467555349249884,44.94258367733035,14.175821640383049,0.8686155746964848,False
frame_000535.jpg,0,137.98076327125804,159.7176068391687,164.88268170033342,176.60447613571657,2.151223486805864,21.736843567910654,11.721794435383146,0.8787539741572212,False
frame_000536.jpg,0,153.1810374429149,149.48833384918112,168.01315708226923,178.50522862058585,2.2096802697453573,3.692703593733796,10.492071538316623,0.8833010652486015,False
frame_000537.jpg,0,160.7767375348581,133.33317937128845,170.22747522326,178.3907757569796,1.7086041582082898,27.443558163569662,8.163300533719593,0.8722022000481101,False
frame_000538.jpg,0,150.33903760289522,135.34396601514345,169.4252574715198,177.47991596788867,0.9243329993122071,14.995071587751767,8.054658496368859,0.9057020895621356,False
frame_000539.jpg,0,141.61730509861508,123.93892855649709,168.393082349003,176.60859334357787,0.5898649365210498,17.678376542117988,8.215510994574856,0.8823831537190605,False
frame_000540.jpg,0,142.39732376309274,105.05056718581706,168.47790574351188,170.33776486383601,0.6527269155805989,37.346756577275684,1.8598591203241313,0.8917592308100533,False
frame_000541.jpg,0,141.16996022786682,92.13754304004031,170.52648317121822,162.99895151981454,1.1521635742948868,49.03241718782651,7.527531651403677,0.8179520017960492,False
frame_000542.jpg,0,141.31581434795186,91.94731193297399,173.21577921503356,157.06359920316362,1.7744572593336372,49.36850241497787,16.152180011869945,0.7834348853896645,False
frame_000543.jpg,0,163.3635077047754,73.12364810437535,177.91011138831777,149.2861194411184,2.4964101081499597,90.23985960040005,28.623991947199386,0.8117570947198307,False
frame_000544.jpg,0,170.54398432895954,84.78403868933647,177.75971797237818,143.04725421574588,2.875799219751379,85.75994563962307,34.7124637566323,0.802557506982018,False
frame_000545.jpg,0,173.22384925586127,107.92381716322794,174.2526017538614,146.23517107725803,3.0956818561124084,65.30003209263333,28.017430676603368,0.8291766678585726,False
frame_000546.jpg,0,168.84641097530516,126.88345792592357,173.1251812604562,154.19580722420858,2.7610309980498515,41.962953049381596,18.929374036247623,0.8184575228130117,False
frame_000547.jpg,0,160.1570094476681,145.65835518286227,173.76349625025117,161.26920374324922,2.3712097104307546,14.498654264805822,12.494292507001944,0.8426776633543127,False
frame_000548.jpg,0,145.4674545875111,157.6611085119436,177.00576035957766,165.65686495886655,2.0265029137162847,12.19365392443251,11.348895400711115,0.8437104470589581,False
frame_000549.jpg,0,124.41804614676474,163.69630691495774,177.3458102133944,167.89588479309927,1.5437685624755062,39.27826076819301,9.44992542029513,0.8647613911067739,False
frame_000550.jpg,0,100.94681770197259,163.66358635911388,168.48623837576307,169.12514561460566,0.7054436610858636,62.71676865714129,0.6389072388425916,0.8542931325295392,False
frame_000551.jpg,0,83.08795059355404,159.79770395144726,161.14330353412535,169.53855211995125,0.010554393904260528,76.70975335789322,8.395248585825897,0.8662753841456245,False
frame_000552.jpg,0,71.58843344202755,155.04379592442902,154.0476230234384,169.80014533287323,0.3396582411476577,83.45536248240147,15.752522309434823,0.837149837437798,False
frame_000553.jpg,0,64.17190247728972,153.91181547378264,147.37233620662758,171.71602477117608,0.46140051980386265,89.73991299649292,24.3436885645485,0.8569422820035149,False
frame_000554.jpg,0,61.34522253018886,155.60020372308315,141.9870016814531,175.00555592571916,0.012013195819300899,94.25498119289429,33.018554244266056,0.8444293106303495,False
frame_000555.jpg,0,74.0380942879827,158.37486624524422,141.70054136854097,176.98902695115166,1.0345195768863107,84.33677195726152,35.28848558261069,0.8416467799859888,False
frame_000556.jpg,0,90.4524409920929,162.2442941004777,143.1823265290021,179.4967000379402,1.7926136465525113,71.7918531083848,36.314373508938104,0.8304924228612114,False
frame_000557.jpg,0,112.08329459731188,162.03223297024232,148.17960076741628,179.15120432220795,2.120408827032311,49.94893837293044,30.97160355479167,0.874357752940234,False
frame_000558.jpg,0,130.2928820820479,153.34160222948486,153.8940667244061,179.2976129678731,2.296799227887299,23.048720147436967,25.40354624346702,0.8889849641743828,False
frame_000559.jpg,0,146.67769381654665,140.96910442297178,159.93636754589636,176.84672234718627,1.9390491692433522,5.708589393574869,16.910354801289913,0.8922947434818044,False
frame_000560.jpg,0,156.91431394426084,126.02833915018144,164.71171858239373,174.9783101630854,0.8817053456835017,30.885974794079402,10.266591580691681,0.8820117922390208,False
frame_000561.jpg,0,150.9148669561093,126.77951795579884,166.40617435420745,172.73597470171526,0.055735251994449675,24.13534900031047,6.329800347507813,0.9102809884968925,False
frame_000562.jpg,0,129.91137038652093,131.9428152146533,165.38016906836214,171.44271732899244,0.6930541892148222,2.031444828132379,6.062548260630308,0.8870953917503357,False
frame_000563.jpg,0,97.45603882105502,144.02448390884845,164.972813527639,173.22611760654445,1.1471769994606318,46.568445087793435,8.253304078905444,0.8818095922470093,False
frame_000564.jpg,0,91.89584439352363,144.66677954280738,165.50405265432894,167.18595663091978,1.2194751590235475,52.770935149283744,1.6819039765908315,0.8772040360114154,False
frame_000565.jpg,0,112.75522942844793,143.22461211879877,168.2394828319502,160.9621751145761,0.6762924832334594,30.46938269035084,7.2773077173741,0.8331370879622066,False
frame_000566.jpg,0,139.98037289895325,124.87127440352432,172.93104438556378,154.6533357986389,0.10510001917024399,15.109098495428924,18.277708586924888,0.7785385426353005,False
frame_000567.jpg,0,159.0697509715328,114.17614169095074,178.53613653183447,149.19450547421744,0.40039243523149515,44.89360928058207,29.341631057617036,0.790630685932496,False
frame_000568.jpg,0,169.46956855520037,107.75852918048274,176.50849481752198,144.32435924943704,0.6185664153981626,61.71103937471763,32.18413556808494,0.7993122374310213,False
frame_000569.jpg,0,170.22365500065752,119.75159046936507,173.11964673668248,153.07599565728162,0.37285340510532605,50.472064531292446,20.04365107940086,0.8233656953362858,False
frame_000570.jpg,0,164.2238643801402,138.50995471798223,172.44389717759026,160.53170753793034,0.06669493837751549,25.713909662157988,11.912189639659914,0.8212598597302156,False
frame_000571.jpg,0,153.09018894678337,154.96704126344923,173.3353932793079,166.31643107394197,0.5897482290419676,1.876852316665861,7.018962205365938,0.825244500356562,False
frame_000572.jpg,0,130.78722263616515,163.15821881117392,178.66883226401,170.8370375171637,1.3105659652257442,32.37099617500877,7.831794746846299,0.8549664371153888,False
frame_000573.jpg,0,105.56483620198244,165.62169730037095,175.87070465244196,173.4072211436785,2.324699995003128,60.05686109838851,2.46348350876346,0.8256475083968219,False
frame_000574.jpg,0,83.53526976943161,161.86414616048194,169.5022911222096,173.8158502208737,3.024173271565739,78.32887639105033,4.313559098664086,0.828800404773039,False
frame_000575.jpg,0,68.66659676237416,156.43389777040878,164.72531152397832,174.53461516390857,3.8287269652280096,87.76730100803462,9.80930363993025,0.8639479560010573,False
frame_000576.jpg,0,59.07919263911417,152.49635067386413,159.9018591983895,176.25720574729706,4.262879697631535,93.41715803474996,16.355346548907562,0.8510245750932133,False
frame_000577.jpg,0,58.01935345191738,152.05165689188374,156.95886695048077,178.01027486041627,3.646391071709448,94.03230343996636,21.051407909935506,0.8634380172280705,False
frame_000578.jpg,0,61.387516489061184,154.65239007374197,154.25106671778096,179.8830310811946,2.3731753654196766,93.26487358468079,25.63196436341363,0.846254099817837,False
frame_000579.jpg,0,77.54260904267872,160.95705108883718,154.40280208055626,176.88033875672534,1.093916578707131,83.41444204615846,22.47753667616908,0.8495893653701333,False
frame_000580.jpg,0,99.05969615921356,165.71644773245356,156.04641176139918,175.447526140043,0.4048413352108723,66.65675157324,19.401114378643825,0.832500976674697,False
frame_000581.jpg,0,120.97370557685636,167.05486422958373,159.54310121663883,174.96592371975095,1.6158824944014558,46.08115865272737,15.422822503112116,0.8612796068191528,False
frame_000582.jpg,0,135.53298972297065,158.91749266068413,163.49382117981514,176.8772760476964,2.1379760719435903,23.384502937713478,13.383454867881255,0.8863752309013816,False
frame_000583.jpg,0,150.86238604290688,148.34971577713904,166.7547542154001,179.43548002970027,2.2121265494818396,2.512670265767838,12.68072581430016,0.8737874136251562,False
frame_000584.jpg,0,158.9278214896603,132.90909497303343,169.0816266140923,177.35362178004794,1.8725300079167606,26.018726516626856,8.271995165955644,0.8717288585270152,False
frame_000585.jpg,0,149.317390692926,135.80380467133014,168.54999630582827,176.89533949150382,1.1181740084525917,13.51358602159587,8.345343185675546,0.883571165449479,False
frame_000586.jpg,0,132.97947964191474,139.41493936162522,167.94888635766165,176.1154852937668,0.7125910643908122,6.4354597197104795,8.166598936105146,0.8842155337333679,False
frame_000587.jpg,0,134.92768760959797,140.63453208127942,168.12306294707057,178.04053024843554,0.7161862743828934,5.70684447168145,9.91746730136498,0.8757344729760114,False
frame_000588.jpg,0,134.08624958827656,138.80965511467915,170.23805428168149,172.49186465997605,1.0886107146326225,4.723405526402587,2.2538103782945598,0.8419876098632812,False
frame_000589.jpg,0,134.89785814873937,138.59722336183953,172.67650021555505,166.51431759658126,1.760584055759987,3.699365213100151,6.162182618973787,0.7947649026618284,False
frame_000590.jpg,0,156.63500095803522,112.37609417680882,177.25332177832163,158.3900798447954,2.417055159002417,44.2589067812264,18.86324193352624,0.819436739472782,False
frame_000591.jpg,0,170.6391426838116,100.31126020677758,178.0866298068155,151.32834570091944,3.0047591175640442,70.32788247703402,26.758284105896053,0.8109896691406474,False
frame_000592.jpg,0,173.46979213609353,109.15026887439988,174.23577185945797,146.32935938902114,3.157001691825528,64.31952326169365,27.906412470436834,0.8222241559449364,False
frame_000593.jpg,0,168.681230817686,127.19813840982576,173.5711327939674,154.11922206463555,2.9497921590754994,41.48309240786023,19.451910729331843,0.8249381605316611,False
frame_000594.jpg,0,159.26203320284174,144.46361376955122,174.09302251779272,161.08475913062372,2.391280189453273,14.798419433290519,13.008263387168995,0.8406134317902958,False
frame_000595.jpg,0,144.54073546492256,156.6719581856352,177.18815944699077,165.38078020203912,1.9934819085934998,12.131222720712628,11.807379244951647,0.8486137284952051,False
frame_000596.jpg,0,121.75681170122868,162.83532756461784,176.66233047320395,168.18149939519077,1.1780185305906412,41.07851586338916,8.480831078013182,0.8596231060869554,False
frame_000597.jpg,0,97.34834464839051,162.94974279615877,167.37834831159623,169.14321032678933,0.4659073507182851,65.60139814776826,1.7648620151931027,0.8629883001832401,False
frame_000598.jpg,0,80.0885295630164,159.73880421030853,160.1395446235096,169.87622327322418,0.2886118076758456,79.65027464729214,9.736678649714577,0.871523941264433,False
frame_000599.jpg,0,67.50500443007084,155.83720976525825,153.21901252002118,169.97745516492037,0.46436852793889877,88.33220533518741,16.75844264489919,0.8225444835775039,False
frame_000600.jpg,0,60.39173391268364,154.60675012460615,146.44620263810847,171.48618201858653,0.46828685170630785,94.21501621192252,25.03997938047806,0.8143054141717798,False
frame_000601.jpg,0,57.02657582354029,155.39348389995743,141.3389817249414,174.41802533347547,0.0044317044036931786,98.36690807641713,33.07904360853408,0.8455804919495302,False
frame_000602.jpg,0,70.01858221103373,158.82282976276414,141.13163934755846,177.13898184648724,0.964708109888421,88.80424755173041,36.00734249892878,0.8450460574206184,False
frame_000603.jpg,0,86.37506265360197,162.04423187663917,142.43930752411808,179.34359005821787,1.7850755794529505,75.6691692230372,36.90428253409979,0.8358069886179531,False
frame_000604.jpg,0,109.45466210445079,161.2287597841462,147.68218705266418,179.45625520466376,2.0236877360431507,51.774097679695416,31.774068151999586,0.8712086397058824,False
frame_000605.jpg,0,129.7204852844274,152.47166187026053,153.40250657467956,179.13252601646974,2.2505549573354093,22.75117658583312,25.730019441790176,0.8804202325203839,False
frame_000606.jpg,0,146.94851328730925,139.80628634870348,159.66147649714395,176.22646370805592,1.9547461968416826,7.1422269386057735,16.564987210911966,0.883469423827003,False
frame_000607.jpg,0,156.69697807211566,124.70293326889315,164.48925373461014,173.91783330055245,0.8278395021192265,31.994044803222508,9.4285795659423,0.8586972320781034,False
frame_000608.jpg,0,163.05402330757641,125.82042315792114,166.71149185663225,171.41998101010117,0.118698601750844,37.233600149655274,4.708489153468918,0.8978292591431561,False
frame_000609.jpg,0,145.2689947967483,129.6199980465073,165.68588701636733,169.70389042495063,0.6456251769457468,15.648996750240997,4.018003408583297,0.8929728304638582,False
frame_000610.jpg,0,108.54634740449795,141.93074046239028,165.02589726500545,171.8131287224842,1.1161387330878616,33.384393057892325,6.787231457478754,0.8704416225938236,False
frame_000611.jpg,0,96.40265248681109,143.15107233081696,165.31201732003473,165.7680326781052,1.1210352987322845,46.748419844005866,0.45601535807045934,0.8860903662793777,False
frame_000612.jpg,0,120.43942658743222,139.8495110197641,168.2689881328371,158.9494955744856,0.5150716640429968,19.41008443233187,9.319492558351499,0.8140161388060626,False
frame_000613.jpg,0,138.10662062335115,125.12350162087097,173.01372893137614,152.87465009422507,0.08735970972768933,12.98311900248018,20.13907883715106,0.793239993207595,False
frame_000614.jpg,0,159.25861834048493,115.40820804725615,178.95889731570287,148.39112911906312,0.32537225082896,43.85041029322878,30.567768196639747,0.7798703295343062,False
frame_000615.jpg,0,170.14657527301875,109.47065872296041,175.6094211667093,143.3168033083845,0.4351888147008766,60.675916550058346,32.2926178583248,0.815704741898705,False
frame_000616.jpg,0,171.0955724207997,121.50075360277523,172.3842633195822,152.37455995443193,0.3118434243181353,49.594818818024464,20.009703365150273,0.816819496014539,False
frame_000617.jpg,0,165.40750009036734,137.1817161604148,171.68531240254197,160.2338735712693,0.05007952955157273,28.22578392995254,11.451438831272668,0.818493069971309,False
frame_000618.jpg,0,153.94499247397934,153.06981892060801,173.03141414639236,166.0172803357371,0.5297059410925246,0.8751735533713259,7.014133810655267,0.8294307764838723,False
frame_000619.jpg,0,131.2517991739847,162.19898656616792,178.4404805859941,170.055721698467,1.1824200621515353,30.947187392183224,8.384758887527084,0.8442461806185105,False
frame_000620.jpg,0,106.0274636224589,164.50653051675593,175.47159029108676,172.9643735508744,2.254936347524863,58.479066894297034,2.507216740212357,0.8464929110863629,False
frame_000621.jpg,0,85.31133568560445,161.00519935225176,169.17099589933537,173.98901706087017,3.033255770180436,75.69386366664732,4.818021161534801,0.8374995519133175,False
frame_000622.jpg,0,68.98084016704392,156.8200370147897,164.14035065031706,175.23786396630993,3.848451511233422,87.83919684774578,11.09751331599287,0.8683082496418673,False
frame_000623.jpg,0,58.187380574873266,153.7025848801658,159.40857525157392,177.570880426078,4.478413067772967,95.51520430529254,18.16230517450407,0.854375933899599,False
frame_000624.jpg,0,57.77599403525072,153.22552712526377,156.14452357340983,178.77451661219072,3.7133024538768566,95.44953309001305,22.629993038780896,0.8689555455656612,False
frame_000625.jpg,0,61.14755265946741,156.7427022737044,154.4452272537783,178.8169274769417,2.3778054306849667,95.59514961423699,24.371700223163373,0.8296543535064248,False
frame_000626.jpg,0,78.27672795655174,162.45824101460698,155.17673643447807,176.57819947990637,1.012610950505893,84.18151305805524,21.4014630454283,0.8505277142805212,False
frame_000627.jpg,0,100.94842630065594,167.42752913093352,157.3518252226127,174.97129710665715,0.42522261352798985,66.47910283027758,17.619471884044458,0.8405555521740633,False
frame_000628.jpg,0,124.7066094484041,167.94888894220765,161.3651725243566,175.03018258207746,1.755246335398124,43.24227949380355,13.665010057720849,0.8639081085429472,False
frame_000629.jpg,0,139.42567625917115,159.96770770640353,165.4750931203791,176.00646618925745,2.057729154417305,20.542031447232375,10.531373068878338,0.8859229473506703,False
frame_000630.jpg,0,153.34002444152176,149.84295534278934,168.049549349405,177.77688042367558,2.057877791518534,3.4970690987324247,9.72733107427058,0.86740941510481,False
frame_000631.jpg,0,160.44164189841769,135.28496920507035,170.17009192954214,179.68970829380453,1.6687655756190802,25.156672693347332,9.51961636426239,0.8724972605705261,False
frame_000632.jpg,0,150.43713341139147,137.12012518132752,169.54189477566837,178.21413055456244,0.9864694971312338,13.317008230063948,8.672235778894077,0.8810250864309424,False
frame_000633.jpg,0,141.34977937109744,141.50729474703795,168.11934458457617,177.63357153142857,0.6538857842043981,0.15751537594050546,9.514226946852403,0.8862168613602134,False
frame_000634.jpg,0,141.5492254905797,129.45248119772995,168.410712841136,172.71106656054488,0.6007803855859021,12.096744292849735,4.300353719408889,0.8857784446548013,False
frame_000635.jpg,0,140.90455357965718,121.75894393965521,170.55843138724347,165.71634631929606,0.9833160415317356,19.145609640001965,4.842085067947409,0.8412631644922144,False
frame_000636.jpg,0,141.31126862789435,118.39033269855184,172.9968839124808,159.2812077650508,1.6950216993310767,22.920935929342505,13.715676147430003,0.7853655727470622,False
frame_000637.jpg,0,162.89547296565874,97.75501255865836,177.39791430079285,151.6351107095856,2.4705046345395103,65.14046040700038,25.762803591207245,0.8173109924092012,False
frame_000638.jpg,0,170.23810030759037,87.87443334224197,178.1235954219891,145.0384884713804,2.963672309125511,82.3636669653484,33.08510695060872,0.7961196601390839,False
frame_000639.jpg,0,173.19680551078045,108.20949925144866,174.2487016461728,147.28225393319906,3.125072373300535,64.98730625933179,26.966447712973746,0.8331750736517065,False
frame_000640.jpg,0,168.12155409309148,126.40825224729943,173.71544396563445,154.20539813171388,2.969799097079108,41.713301845792046,19.51004583392057,0.8294569744783289,False
frame_000641.jpg,0,159.02973320843503,144.85259274028394,174.0199163054206,160.94876891733048,2.369857499082433,14.177140468151094,13.071147388090111,0.8389789462089539,False
frame_000642.jpg,0,144.47808612942902,156.71584065778129,177.017530629293,165.12378808177436,2.022703811773414,12.23775452835227,11.893742547518627,0.8450685494086322,False
frame_000643.jpg,0,123.47697748289553,162.50738876967606,177.48795397075446,167.52157780756744,1.4266503201993683,39.03041128678052,9.966376163187022,0.8689587221426123,False
frame_000644.jpg,0,99.35046659622304,162.40553061504338,167.84896052323808,168.59634660778292,0.7042100185273126,63.05506401882033,0.7473860845448428,0.868162056979011,False
frame_000645.jpg,0,82.56361889382741,158.96556319180857,160.62192589859143,169.3506575912258,0.11219155876623767,76.40194429798116,8.72873169263437,0.8727468813166899,False
frame_000646.jpg,0,70.04090814781927,155.7307143308375,153.23549818496903,169.73589123606175,0.29103395851961333,85.68980618301822,16.500393051092715,0.8279959874994615,False
frame_000647.jpg,0,63.28781756088199,153.2631075921319,147.19941850061707,170.75218375268588,0.41360894374986645,89.9752900312499,23.55276525206881,0.8332831123295952,False
frame_000648.jpg,0,59.14623614833907,154.4288070814427,142.12443473869916,174.04239722994288,0.05570510110940652,95.28257093310363,31.917962491243713,0.8606327947448281,False
frame_000649.jpg,0,71.95804568009981,158.32268017004182,142.72029440427903,176.6398347885222,0.9108009152886357,86.364634489942,33.91954038424316,0.8410386846346014,False
frame_000650.jpg,0,87.93080984695641,162.07485949707055,144.00423477892264,179.1825111616816,1.7426331117061347,74.14404965011414,35.17827638275895,0.834194772383746,False
frame_000651.jpg,0,111.45531928250931,160.16267357313686,148.80230839291406,179.90507841312896,1.9737154165206994,48.70735429062755,31.102770020214905,0.8756619481479421,False
frame_000652.jpg,0,127.12973676715305,152.24087246668444,153.64357880163408,179.298877050866,2.0797756573078416,25.11113569953139,25.65529824923192,0.8733378263080821,False
frame_000653.jpg,0,145.46902665452174,140.0511454128647,159.10079092938707,176.4557905384261,1.8901241782279097,5.417881241657028,17.354999609039027,0.8803621285101947,False
frame_000654.jpg,0,155.98474301909616,124.34799543611346,163.65184825917032,174.01768593958627,0.8290559589568118,31.636747582982693,10.36583768041595,0.8581283653483671,False
frame_000655.jpg,0,148.40300648648116,124.98040428629247,165.15947434518534,171.47009731631078,0.01032958806189774,23.42260220018869,6.31062297112544,0.8947706573149737,False
frame_000656.jpg,0,116.7009005104195,128.66740817384894,163.76886171228224,169.54686280011148,0.5774393029644157,11.96650766342944,5.778001087829239,0.8865801201147192,False
frame_000657.jpg,0,95.0616041385032,140.7963335933043,162.66525415294612,171.08411391548444,0.8728326706217115,45.7347294548011,8.418859762538318,0.8799522904788747,False
frame_000658.jpg,0,87.84942841086855,132.58494520588664,163.16260981144032,164.95487941568436,1.0011885553403033,44.735516795018086,1.7922696042440407,0.8870405519709867,False
frame_000659.jpg,0,108.78555102952288,123.12631942509269,165.93951929065122,158.38443139548195,0.45519329206262066,14.34076839556981,7.555087895169265,0.7924149176653694,False
frame_000660.jpg,0,135.9197696889435,102.03340247105868,171.3483686423821,151.62575865100362,0.26158564093649833,33.88636721788481,19.722609991378476,0.7743572031750399,False
frame_000661.jpg,0,158.50646323278295,93.77947567522598,177.6699438664603,147.8075099715749,0.6224042916239603,64.72698755755697,29.862433894885413,0.7972029026816873,False
frame_000662.jpg,0,169.10763087526328,88.99493588088552,176.43188888891217,144.34658495350266,0.6775566801496027,80.11269499437776,32.08530393540951,0.8304571965161491,False
frame_000663.jpg,0,170.48865506051283,112.57692819391501,172.7673216678018,153.10030090992421,0.4366162721914586,57.91172686659782,19.667020757877594,0.8155928534619948,False
frame_000664.jpg,0,165.37556150931053,139.13650226433336,171.7356914710691,160.70172176350437,0.07350742014023086,26.23905924497717,11.033969707564722,0.8327554534463322,False
frame_000665.jpg,0,153.70891642976014,154.50291235607793,172.81601401105095,166.8881253653604,0.710778635672138,0.7939959263177911,5.927888645690558,0.8436883547726799,False
frame_000666.jpg,0,135.80844571424115,162.98372274381276,175.9507079515801,171.1312201941259,1.4219492045760542,27.175277029571618,4.819487757454226,0.8346993046648362,False
frame_000667.jpg,0,110.56280490784378,165.74320999282435,178.1975167745993,173.6284575123675,2.387208991655234,55.18040508498056,4.569059262231804,0.8370999904239879,False
frame_000668.jpg,0,88.11941984165232,162.91045756269602,172.03051050857988,174.25220396752331,3.017931121265554,74.79103772104371,2.2216934589434345,0.8454955676022697,False
frame_000669.jpg,0,71.60853594479015,158.3029268363206,166.13364734356932,174.87173926060746,3.5416696391193327,86.69439089153046,8.738091917038133,0.8693738825180951,False
frame_000670.jpg,0,60.45315256530833,154.93581145262615,161.39606851414587,176.54509523267413,3.836618179878734,94.48265888731783,15.149026718528262,0.847384536967558,False
frame_000671.jpg,0,57.81742767266152,153.89423476928124,156.01864141764824,177.83827786281725,3.2845919883728367,96.07680709661972,21.81963644516901,0.8551990635254804,False
frame_000672.jpg,0,58.06772232186431,156.57227149512687,153.32936433331847,179.59060806628003,2.1122496451669157,98.50454917326256,26.26124373296156,0.8332871093469507,False
frame_000673.jpg,0,74.81758934169011,162.57745602997193,153.26340937990994,177.09483249615369,0.6509669548770478,87.75986668828182,23.83142311624374,0.8444717070635628,False
frame_000674.jpg,0,97.79761690108224,167.43563525396874,156.43747245019986,175.28782327185652,0.6766852494773923,69.6380183528865,18.85035082165666,0.8193094870623421,False
frame_000675.jpg,0,122.33721412214912,168.22387242189123,160.17414315061384,174.79481958505633,1.7319201521322711,45.88665829974211,14.620676434442487,0.8575118710012997,False
frame_000676.jpg,0,137.71849091885483,160.0608913239193,164.48780654555432,176.57277696909495,2.3204588216993205,22.342400405064467,12.084970423540625,0.8661051708109239,False
frame_000677.jpg,0,153.2679992588132,148.6832900835749,167.84532829799,179.57621225576037,2.400455792256297,4.5847091752383164,11.730883957770374,0.8742683003930485,False
frame_000678.jpg,0,161.43060539704788,132.87309072257548,170.540036364755,177.39232615503394,1.812326381194533,28.5575146744724,6.852289790278945,0.860600587199716,False
frame_000679.jpg,0,151.14688958571227,134.5302644427906,169.66767049230458,176.37567559646965,0.9474539649307989,16.616625142921663,6.708005104165068,0.8839705481248743,False
frame_000680.jpg,0,142.77010258470025,123.39402053293331,168.53588482356002,175.54099160726858,0.5971287519194914,19.376082051766943,7.005106783708555,0.8883249409058515,False
frame_000681.jpg,0,131.24663949140438,137.44428440283835,168.72431711464463,177.28999693289083,0.540587023215518,6.197644911433969,8.565679818246196,0.8918514497139874,False
frame_000682.jpg,0,127.24444548808283,135.39081536097862,170.6745433603399,172.19425246093567,0.8668256123621069,8.14636987289579,1.519709100595776,0.8365369894925285,False
frame_000683.jpg,0,124.73565168444314,130.17742735068728,172.89808588707893,166.39631633865613,1.4990463151820639,5.4417756662441406,6.5017695484228,0.78632113162209,False
frame_000684.jpg,0,156.51881988835686,106.679325155327,177.64655446716532,158.7445187473562,2.332332218411358,49.83949473302985,18.902035719809106,0.8131258961032418,False
frame_000685.jpg,0,166.36849631368085,111.6501137776408,178.04955468156945,151.77082167834953,2.7070591208576498,54.71838253604005,26.278733003219912,0.7959143870017108,False
frame_000686.jpg,0,173.21125915497132,106.60158590846031,174.36682644886793,147.1667365920795,2.8659397740137424,66.60967324651101,27.200089856788424,0.8248362330829396,False
frame_000687.jpg,0,168.49338567274117,124.3373094907245,173.4385674604959,154.73423528599122,2.7047636566962905,44.156076182016676,18.704332174504685,0.8309972671901479,False
frame_000688.jpg,0,160.31893296820053,145.51547366192293,173.7898592910389,161.90370612669426,2.3628102142059992,14.803459306277603,11.886153164344648,0.8392782596980825,False
frame_000689.jpg,0,145.33838061115344,157.19567038024914,177.31704780038245,166.276594545834,1.8957330160871038,11.8572897690957,11.040453254548453,0.8589013849987703,False
frame_000690.jpg,0,123.02054133241808,163.55037918519918,176.81246788155684,168.62844047275928,1.351091336498589,40.5298378527811,8.184027408797562,0.8677311013726627,False
frame_000691.jpg,0,99.36675433456047,163.23392957559338,167.73404165819264,169.4866453785207,0.6346267604829431,63.86717524103291,1.752603720328068,0.8601396609755123,False
frame_000692.jpg,0,81.7654040416949,159.38130527477423,159.8731504558017,169.7380781189069,0.05397381349772711,77.61590123307934,9.86492766310522,0.8788679382380318,False
frame_000693.jpg,0,68.57639945586278,155.49511484211442,152.9490123175785,170.01864639527838,0.35081723484589034,86.91871538625163,17.069634077699874,0.8453289445708779,False
frame_000694.jpg,0,61.72738713984008,153.11988705273444,146.74283198347908,170.76293374886964,0.29774661624684945,91.39249991289435,24.020101765390564,0.8424228990779203,False
frame_000695.jpg,0,58.78466563922936,153.82175716272374,141.49461652105555,173.86901367092028,0.1169939300734016,95.03709152349438,32.374397149864734,0.8412996302632725,False
frame_000696.jpg,0,71.81903911338422,157.5706880760389,141.87848975086325,176.5113832349735,0.9671265513101599,85.75164896265467,34.63289348411024,0.8430313783533433,False
frame_000697.jpg,0,88.53536415944329,161.3133332127467,143.9161325261574,178.97809158625822,1.803694362676508,72.77796905330341,35.061959060100804,0.8263936340808868,False
frame_000698.jpg,0,112.097673523267,160.05191504398587,148.47738830458627,179.87122549743754,2.0406923423274317,47.95424152071887,31.393837192851265,0.8619808274156907,False
frame_000699.jpg,0,131.1731743871067,152.08629171283727,153.9535924656013,179.03310764519034,2.1525839179270814,20.913117325730553,25.079515179589038,0.8722623972331777,False
frame_000700.jpg,0,147.77908250877874,139.97308604687382,160.06275176677883,176.24705059603295,1.8462599542637266,7.805996461904925,16.184298829254118,0.8828015923500061,False
frame_000701.jpg,0,156.97270002170958,125.14450966596479,164.27544627081298,174.0983502636058,0.8872718496385215,31.828190355744795,9.822903992792817,0.8587437517502728,False
frame_000702.jpg,0,150.89056503356952,126.28800196447541,166.26199284743026,171.9181188402402,0.057766116419148396,24.602563069094103,5.656125992809933,0.8957159133518443,False
frame_000703.jpg,0,125.99214988994004,129.4335384437898,164.77889391937848,169.80673093846212,0.7051159322772413,3.4413885538497766,5.027837019083648,0.8795593170558705,False
frame_000704.jpg,0,91.33573186913453,141.5313527667969,163.76631163606078,171.67664367298786,1.1126847344663768,50.19562089766238,7.9103320369270875,0.8909230582854327,False
frame_000705.jpg,0,86.57373850804343,141.23423756529007,163.62196143093033,166.49927807935367,0.9458589577110929,54.66049905724664,2.8773166484233457,0.8897349343580359,False
frame_000706.jpg,0,108.17153277725264,132.42432223910598,166.54923418984598,160.6648592462495,0.5226200794125981,24.25278946185334,5.88437494359647,0.8223393349086537,False
frame_000707.jpg,0,136.0410221441676,112.77058510792662,171.33665141707885,154.18756208352718,0.26920145968476056,23.270437036240992,17.14908933355167,0.738789390115177,False
frame_000708.jpg,0,158.285422148943,105.82721643100321,177.91395639250928,151.16414660750462,0.5714135037299538,52.458205717939805,26.749809785004658,0.7781220113529879,False
frame_000709.jpg,0,169.87360063171434,100.93990549844992,176.4428911588296,146.94202397866673,0.7437796528166308,68.93369513326442,29.500867180162885,0.8156137641738442,False
frame_000710.jpg,0,171.42058904777272,112.2192638268563,172.5653714694097,152.32052014963122,0.37746637797381105,59.20132522091642,20.24485131977849,0.8175063869532417,False
frame_000711.jpg,0,166.05724766279943,138.53589211307596,171.8486582565803,160.00516799378656,0.1383417346495675,27.521355549723467,11.84349026279375,0.8182031547321993,False
frame_000712.jpg,0,155.20251650606863,154.98203931118508,172.89306135726278,166.43192358770173,0.4669759452994417,0.2204771948835571,6.461137769561049,0.8236207891913021,False
frame_000713.jpg,0,138.0535592416221,162.60003881448083,175.58784112891234,170.11106941636032,1.0643278128268356,24.546479572858715,5.476771712552022,0.8398597976740669,False
frame_000714.jpg,0,111.60375710628945,164.84675703606635,178.18684056935663,172.85006856635562,2.0877181273638614,53.2429999297769,5.336772003001016,0.8375209394623252,False
frame_000715.jpg,0,88.42974045437737,161.95708127664548,171.69573932448242,174.04884233181647,2.8384074143743616,73.52734082226812,2.353103007334056,0.8338032505091499,False
frame_000716.jpg,0,71.82972232042667,157.38968732117368,166.53860408061664,174.72350903251544,3.4380842043914037,85.55996500074701,8.184904951898801,0.8614834266550401,False
frame_000717.jpg,0,60.72755937873549,153.64491320669396,161.8145504288326,176.68188574344504,3.9782377782477485,92.91735382795846,14.867335314612433,0.8480960972168866,False
frame_000718.jpg,0,58.24958367063031,153.85746387043145,156.3746037472143,178.55202216978324,3.4244499580335255,95.60788019980114,22.177418422568934,0.8514785415986005,False
frame_000719.jpg,0,62.31792600541185,157.05596032349789,154.30407673942935,178.73439087013932,2.3605848568280097,94.73803431808604,24.430314130709974,0.8442743210231557,False
frame_000720.jpg,0,78.28344124711803,161.71732596235097,154.55740422915238,177.11869273248314,0.8067270768551331,83.43388471523294,22.561288503330758,0.8488806661437539,False
frame_000721.jpg,0,99.60084109485855,166.117601457215,156.73060184391113,175.3227683449305,0.4590998880187245,66.51676036235644,18.592166501019364,0.8426339941866258,False
frame_000722.jpg,0,122.36340402071973,167.75681559312227,159.93909125872128,174.5676629373328,1.6280898221771953,45.39341157240254,14.628571678611536,0.8779726449181052,False
frame_000723.jpg,0,137.1584362570367,169.17241549414888,164.1697490980212,176.44681541108713,2.035712452659623,32.01397923711218,12.277066313065916,0.8793411079575034,False
frame_000724.jpg,0,151.96067568940813,159.09342377323475,167.20153733512316,178.50583629215825,2.2183716813909533,7.132748083826613,11.304298957035087,0.8571615359362434,False
frame_000725.jpg,0,160.36435123927717,143.53966433454457,169.91173503986198,179.29440537496055,1.620472890162822,16.8246869047326,9.382670335098567,0.8657502987805534,False
frame_000726.jpg,0,150.45308512200904,147.44458494804624,169.24098513901825,178.4014821309759,0.8811413515527496,3.0085001739628012,9.160496991957643,0.8914414188441109,False
frame_000727.jpg,0,143.79018735326076,151.85611279105026,169.16959494690445,177.2229413815483,0.5342168128549377,8.065925437789502,8.053346434643856,0.889463813865886,False
frame_000728.jpg,0,143.30303153862678,140.05367361735003,169.20744878832758,172.17379824055476,0.47934610709788483,3.2493579212767543,2.9663494522271776,0.8869576489224154,False
frame_000729.jpg,0,141.80691565991222,136.15349065101267,171.06788691002623,165.57607358912537,0.8602355467945992,5.653425008899546,5.49181332090086,0.8448095847578609,False
frame_000730.jpg,0,141.93614501747516,133.8787483761726,173.40077119869997,159.2963762260228,1.698365198989621,8.057396641302546,14.10439497267717,0.8015361007522134,False
frame_000731.jpg,0,162.71227829654012,112.83438171623781,177.67490144333755,151.31264128535938,2.548630648057666,49.877896580302306,26.36226015797817,0.8227853880209082,False
frame_000732.jpg,0,169.45281334922547,102.18019611599861,178.4416955274928,144.82219160633753,2.9186078492472096,67.27261723322685,33.619503921155285,0.8218317364945131,False
frame_000733.jpg,0,172.34104452887325,109.70394187487709,174.77350128305554,146.9615597610899,3.3176267532920956,62.637102653996166,27.81194152196565,0.8137331219280467,False
frame_000734.jpg,0,167.63061291649618,126.44060583082124,173.96275853607938,153.57829234084173,3.153052918973174,41.190007085674935,20.38446619523765,0.8281949898775887,False
frame_000735.jpg,0,157.95497647047037,143.59732278221244,174.83022453641658,160.2665161934947,2.557169895582743,14.357653688257926,14.56370834292187,0.8443945576162899,False
frame_000736.jpg,0,143.1705955013223,156.07137356005404,178.11056084932923,164.62890134423108,2.1448943840647843,12.900778058731731,13.48165950509815,0.8519010123084573,False
frame_000737.jpg,0,123.80629552638334,162.23032483519168,177.29795242022644,167.36788802144446,1.5454865845314558,38.42402930880834,9.93006439878198,0.860037295257344,False
frame_000738.jpg,0,102.68898788972136,162.4035147426416,170.0821322900666,168.80988062256006,0.6467879973538408,59.71452685292023,1.2722516675065378,0.8638801960384145,False
frame_000739.jpg,0,85.32397708414173,158.94273768437395,162.97697785493924,169.39233307272323,0.11031350336248569,73.61876060023222,6.415355217783997,0.8702151109190548,False
frame_000740.jpg,0,71.84312172374501,155.73225937744454,155.7505790332924,169.68359743233572,0.29361182519001805,83.88913765369952,13.933018399043306,0.8300220615723554,False
frame_000741.jpg,0,64.55374333086723,153.84474352283567,149.30980402540928,170.79587035082258,0.3605959858422632,89.29100019196844,21.486066325413304,0.8275624688933877,False
frame_000742.jpg,0,63.15039031165289,155.09669626754055,143.41391724664558,173.91407674002318,0.059211380679232595,91.94630595588765,30.500159493377595,0.8471929167999941,False
frame_000743.jpg,0,73.5054246110997,159.18311965646976,142.17950272046158,176.7250748643991,1.0371955446754744,85.67769504537006,34.545572143937505,0.849020663429709,False
frame_000744.jpg,0,90.13259933527083,162.72144884821785,143.60571535996198,179.0547649178896,1.9340248982122614,72.58884951294702,35.44904955792762,0.8301487512448255,False
frame_000745.jpg,0,113.10718551283665,161.04666033356943,148.3751093613622,179.61454316324577,2.102548872767131,47.939474820732784,31.239433801883564,0.861343057716594,False
frame_000746.jpg,0,132.1349398630514,152.8405328198547,153.94752683789534,179.390211482649,2.2093393476593475,20.705592956803315,25.442684644753655,0.8767380679354948,False
frame_000747.jpg,0,147.1345736650958,140.21439724287183,159.5423818272994,176.42069956061528,1.9064150862245384,6.92017642222396,16.878317733315868,0.8840836672221913,False
frame_000748.jpg,0,157.00363328882284,124.62522415259762,164.18420595552607,173.71120667341586,0.8910330523397489,32.378409136225216,9.527000717889791,0.8681498625699211,False
frame_000749.jpg,0,150.5586632274344,125.50614535670715,165.91256578630055,171.42121954229248,0.04914933378009249,25.052517870727257,5.508653755991929,0.8931504277621999,False
frame_000750.jpg,0,129.72134411539687,125.10665304813382,164.78620638894827,167.15212588398538,0.6853038243304179,4.614691067263053,2.3659194950371045,0.8874372173758114,False
frame_000751.jpg,0,98.3537103772659,136.24431652580145,164.28414783323205,168.629501006045,1.0433085138648472,37.890606148535554,4.345353172812935,0.8912476756993462,False
frame_000752.jpg,0,56.018672133821966,151.08252477453965,164.87726499333485,171.9488659766879,1.0468383964002594,95.06385264071768,7.071600983353051,0.8797030694344464,False
frame_000753.jpg,0,85.09531244725821,150.4630411416349,167.8591251246873,166.39977961928201,0.5618639589836144,65.3677286943767,1.459345505405281,0.7984859399935779,False
frame_000754.jpg,0,120.96570217357883,130.09520113179943,172.83920130790221,160.5125670381781,0.09674852506572873,9.129498958220594,12.32663426972411,0.7671024238362032,False
frame_000755.jpg,0,151.94453716291005,120.54576501358584,178.87859061056514,159.3193247634196,0.5651992497708802,31.398772149324216,19.559265847145554,0.776494513539707,False
frame_000756.jpg,0,165.49320916592617,116.06764509358506,176.17007939192231,155.69909401440873,0.6211355908560423,49.42556407234112,20.470985377513585,0.8145570088835323,False
frame_000757.jpg,0,170.66275377687822,114.51004015602814,172.75561819075614,152.2462668649442,0.4378205072733955,56.15271362085008,20.509351325811934,0.824724951211144,False
frame_000758.jpg,0,165.36746564356793,136.26042462986098,171.7717952652615,160.3259442741381,0.012923676354087662,29.107041013706947,11.445850991123393,0.8256038252045127,False
frame_000759.jpg,0,154.52580118616316,154.05391953734835,172.7687126724817,166.95441819516392,0.6561276810432548,0.471881648814815,5.814294477317787,0.8321446636143852,False
frame_000760.jpg,0,131.5640124325994,164.03730223639272,178.01588049701672,171.02050468703754,1.4274702864608653,32.47328980379331,6.99537580997918,0.8559469615711885,False
frame_000761.jpg,0,106.1505307435259,165.93033035826392,175.90738592894627,173.8119861344562,2.4518382707617055,59.77979961473801,2.0953997944900777,0.8339916467666626,False
frame_000762.jpg,0,84.8861125357052,162.1170010046946,169.7807119006267,174.50743360147672,3.1438071050124488,77.2308884689894,4.726721700850021,0.8365545483196483,False
frame_000763.jpg,0,69.6284281866202,157.47431430047396,165.13390523258246,175.26105545630122,3.7305831734662376,87.84588611385377,10.127150223718758,0.8611169457435608,False
frame_000764.jpg,0,59.37329181416285,153.6253889358987,160.33770906128026,177.2806594640307,4.242929970649883,94.25209712173586,16.942950402750427,0.8305710378815147,False
frame_000765.jpg,0,57.911166877707934,153.6734008926862,156.51243013690538,178.9586517819363,3.7019306663611027,95.76223401497828,22.44622164503093,0.8651390566545374,False
frame_000766.jpg,0,60.10738820788946,156.28491680341222,154.2183434796644,178.83509016574726,2.529364977103672,96.17752859552276,24.61674668608285,0.8470358147340662,False
frame_000767.jpg,0,76.0006930341794,162.05422751052524,154.21765232047792,176.13276821959545,1.2451224961619523,86.05353447634583,21.915115899117524,0.8338807155104244,False
frame_000768.jpg,0,96.76627380404183,165.81037716307046,155.54604748829985,175.2612316245479,0.2300301067382485,69.04410335902863,19.71518413624804,0.8396584146163043,False
frame_000769.jpg,0,119.55168189429017,167.4632893189526,159.03138430766876,174.76511601986098,1.4582581886870591,47.911607424662435,15.733731712192224,0.8604220151901245,False
frame_000770.jpg,0,135.25894755635292,158.87594069722834,163.65958196035302,176.4511746780151,1.9813114327968073,23.616993140875422,12.79159271766207,0.8812262275639702,False
frame_000771.jpg,0,151.78210680501306,148.44899575873973,167.10478702279786,178.93822522444066,2.051125827981654,3.3331110462733307,11.833438201642792,0.8653588575475356,False
frame_000772.jpg,0,160.55529243279486,134.30399464751926,170.0811432933219,177.95237253136784,1.6632928198068362,26.251297785275597,7.871229238045942,0.8638325333595276,False
frame_000773.jpg,0,150.6398379606094,137.32411377423063,169.69700944494514,177.87172132304548,0.7089625704808865,13.315724186378787,8.17471187810034,0.8919860685572905,False
frame_000774.jpg,0,133.77983404508953,141.0198068960748,169.45176967061437,176.7862706317304,0.41594091373261366,7.239972850985282,7.334500961116021,0.8894401718588436,False
frame_000775.jpg,0,135.30712838778467,153.44148402779172,169.2781948353475,178.69444930455458,0.41988022030830763,18.134355640007044,9.416254469207075,0.8838896751403809,False
frame_000776.jpg,0,134.01768887264785,150.82219559080696,171.03614606086884,172.7297089734382,0.9002206661016183,16.804506718159104,1.693562912569348,0.8449750437456018,False
frame_000777.jpg,0,133.8156457028453,143.7916911246726,172.87340889311233,166.5587476044004,1.5952243454931374,9.976045421827308,6.314661288711932,0.7829096755560707,False
frame_000778.jpg,0,155.66234842810158,122.13658770674627,177.0413356120517,158.39831973674205,2.6256520977680107,33.52576072135531,18.643015875309658,0.7989440174663768,False
frame_000779.jpg,0,169.94795198800958,110.47158781389,178.55981700273588,151.56680782079516,2.9596313694668166,59.47636417411958,26.99300918194072,0.7974384532255285,False
frame_000780.jpg,0,173.03047569176704,104.80496214185278,174.8418957740883,146.8243439552069,3.2349847195695873,68.22551354991425,28.0175518188814,0.8267959391369539,False
frame_000781.jpg,0,168.8102121636915,124.49618498562376,173.7181510467294,154.3096375500432,3.090884364367621,44.31402717806773,19.408513496686197,0.8355812500504887,False
frame_000782.jpg,0,160.23478530687566,145.30514267215167,173.99726593356633,161.37757108130302,2.629071649737363,14.92964263472399,12.619694852263308,0.8388829687062431,False
frame_000783.jpg,0,145.72685670904397,158.19213355522143,176.54404039695117,165.99970043498263,2.0908993659181347,12.46527684617746,10.544339961968547,0.8403020676444558,False
frame_000784.jpg,0,122.49460058764812,164.07997185476248,176.71042202120782,168.45739845970957,1.5909096362931792,41.585371267114354,8.253023561498253,0.8717770786846385,False
frame_000785.jpg,0,98.35791178586736,164.25501144363867,168.0148487383046,169.68242479424538,0.7577333499478432,65.8970996577713,1.6675760559407706,0.8480592299910152,False
frame_000786.jpg,0,80.95814686865714,160.36526647639255,160.92525762402937,170.35292631087884,0.22728903323685298,79.40711960773541,9.427668686849472,0.8534563744769377,False
frame_000787.jpg,0,68.72075877596971,156.54783920445206,154.23285237815435,170.37809651786878,0.40853078777661295,87.82708042848235,16.145244139714436,0.8426587546572966,False
frame_000788.jpg,0,61.492105431350204,154.20186670780075,147.48719096738995,171.46196301063327,0.41311251711749375,92.70976127645054,23.97477204324332,0.8225819398375118,False
frame_000789.jpg,0,60.42388730988547,155.30742645688912,143.4243237275013,174.94588274474063,0.05768249493737403,94.88353914700365,31.521559017239326,0.8491935940349803,False
frame_000790.jpg,0,73.91749486933067,158.38683514982185,142.81047918895442,177.18423138302433,0.8452901862390805,84.46934028049118,34.37375219406991,0.8425670020720538,False
frame_000791.jpg,0,89.77063195543275,162.31015499895307,144.06035307192903,179.46974500228464,1.8475261984264586,72.53952304352032,35.40939193035561,0.831781185725156,False
frame_000792.jpg,0,111.70444298696198,161.129192612306,148.03960221324093,179.08740805744105,2.1429990199793982,49.424749625344035,31.047805844200127,0.8649263662450454,False
frame_000793.jpg,0,131.04330313964795,153.01659253726726,153.4598800899732,179.59918381324078,2.3766341598459113,21.97328939761931,26.139303723267574,0.8670555423287785,False
frame_000794.jpg,0,146.06781240992768,140.31949719107206,158.6660943530627,176.30017008507352,2.3055487853444148,5.748315218855623,17.634075732010814,0.8959702113095451,False
frame_000795.jpg,0,155.7965185403829,125.0674946234068,163.56655410477103,173.96145219640007,1.2416410102877085,30.72902391697609,10.394898091629045,0.8669802686747383,False
frame_000796.jpg,0,150.30768028594338,125.79986927938776,165.51324764253803,171.66367134534894,0.35470243122748296,24.507811006555613,6.150423702810912,0.897031777045306,False
frame_000797.jpg,0,126.8554833595628,129.9926694954024,163.83647059667177,170.05694387126235,0.29565646803893764,3.137186135839599,6.220473274590574,0.9008399107876945,False
frame_000798.jpg,0,95.42879406015382,142.16517335380394,163.1029076217593,171.92407525529399,0.8212791329238336,46.73637929365012,8.821167633534685,0.8880931279238533,False
frame_000799.jpg,0,90.44034052371508,141.05487264949,163.6032371241752,166.857062555217,0.8970254449706856,50.614532125774915,3.253825431041804,0.8855086845510146,False
frame_000800.jpg,0,110.52208778888934,139.8502875081537,166.44694435981103,161.22090211136245,0.3528884205466446,29.328199719264376,5.226042248448579,0.7827182026470408,False
frame_000801.jpg,0,137.45770405693068,121.41786678837141,171.337632755685,156.10158683087778,0.3161334496703888,16.039837268559268,15.236045924807229,0.7578881803680869,False
frame_000802.jpg,0,159.61310573321506,109.8313804195379,178.63331111746513,151.9066279376095,0.6214926154972419,49.78172531367717,26.726683179855627,0.7732881097232595,False
frame_000803.jpg,0,169.96481573664497,104.89722627687506,176.310831946102,147.94503913141722,0.7945986949549654,65.0675894597699,28.365792814684795,0.8055622437421013,False
frame_000804.jpg,0,170.4598228908875,116.17316572869925,172.68119896357243,153.0820050110331,0.3709114462547255,54.28665716218825,19.599193952539338,0.8109997756340924,False
frame_000805.jpg,0,165.41683255007007,131.95902281475685,171.67636755255498,160.34740783252107,0.009655702502195695,33.45780973531322,11.328959720033907,0.830350356943467,False
frame_000806.jpg,0,154.76166570727642,152.30782574809612,172.40872931324122,166.09493795220655,0.7107279601798598,2.4538399591803,6.313791361034674,0.8351287421058206,False
frame_000807.jpg,0,130.99659945908763,162.5574152430652,178.4938925742334,170.35500090807605,1.4187857091989091,31.560815783977574,8.138891666157349,0.838111046482535,False
frame_000808.jpg,0,105.86416105999072,164.7890228419786,175.64065044927165,173.0064071312847,2.4433628059170855,58.924861781987886,2.634243317986943,0.8440376379910637,False
frame_000809.jpg,0,84.89131878618215,161.92118528469055,169.03314557441752,173.92091481467222,3.140877033505917,77.0298664985084,4.887769240254698,0.8467516969231998,False
frame_000810.jpg,0,68.82180466555802,157.80087778906483,163.65592683477553,174.96397612045536,3.7822842621969577,88.97907312350681,11.308049285679829,0.8511637519387638,False
frame_000811.jpg,0,57.52270340535679,154.5828381275695,159.05095173029943,176.9213134150742,4.081337384156803,97.0601347222127,17.870361684774764,0.8415237875545726,False
frame_000812.jpg,0,57.09451207523968,153.99670968855003,157.1226820702615,178.38332879891857,3.428785308124975,96.90219761331035,21.260646728657065,0.8612103392096127,False
frame_000813.jpg,0,61.20187627311377,156.46618102215933,155.29822007989858,179.42634391601564,2.3171358325146074,95.26430474904556,24.128123836117055,0.8337401081533993,False
frame_000814.jpg,0,77.34713428054727,161.95109944077166,155.88234768866158,176.71410409824836,0.9762243456104063,84.60396516022439,20.831756409586774,0.8435528646497166,False
frame_000815.jpg,0,99.47297567647752,166.61521784427666,158.21276838098933,175.01382308222563,0.4070206046086124,67.14224216779914,16.801054701236296,0.8495886360897738,False
frame_000816.jpg,0,123.85170703793477,167.47067764103258,161.41520634397588,174.62340705425927,1.591365269213919,43.61897060309781,13.208200710283393,0.8634301178595599,False
frame_000817.jpg,0,138.5999031991949,159.84650326198653,164.92149905335535,175.9414327604607,2.06223132254686,21.24660006279163,11.019933707105366,0.8769587734166313,False
frame_000818.jpg,0,152.98957021756945,149.5866256344365,167.51388543189128,178.20728724282807,2.302388721074697,3.4029445831329497,10.693401810936791,0.8877791201367098,False
frame_000819.jpg,0,161.02551758622147,135.0574273237969,169.97242624015857,178.88361321378417,1.9687661735642856,25.968090262424568,8.911186973625604,0.8710585692349602,False
frame_000820.jpg,0,150.6870951669201,137.5046633552063,169.10497269998822,178.10787552625519,1.166609221480556,13.182431811713798,9.002902826266961,0.8910228645100313,False
frame_000821.jpg,0,142.35441749405217,126.24858058467699,168.27247352561324,176.81374387684355,0.7726591146993388,16.105836909375185,8.54127035123031,0.882123259937062,False
frame_000822.jpg,0,142.42247998581772,107.46372353877639,168.62923375822956,170.8495214048008,0.5950769206044972,34.958756447041324,2.2202876465712507,0.886723560445449,False
frame_000823.jpg,0,141.93718688437497,96.5994515071093,170.964116831004,165.47176278521073,0.8078847828480911,45.33773537726567,5.492354045793263,0.8435826792436487,False
frame_000824.jpg,0,142.4109892849681,93.27135105572358,173.51409167082434,159.3553778895441,1.2886924662832504,49.139638229244525,14.158713781280255,0.7970968800432542,False
frame_000825.jpg,0,163.64301572157729,70.90498085567609,178.02616458987623,151.16640081943848,2.134723729156742,92.7380348659012,26.859763770437752,0.8294622249463025,False
frame_000826.jpg,0,171.11553795837037,82.86523875274811,177.51595700344194,144.5489140974253,2.6140718450356037,88.25029920562226,32.967042906016644,0.8030886054039001,False
frame_000827.jpg,0,173.99312562343164,107.06168838562701,173.93357706505688,147.76781768223282,2.7854981363677696,66.93143723780463,26.165759382824064,0.8458306193351746,False
frame_000828.jpg,0,168.21388531158675,123.51160419311543,173.67805398582445,154.0378665251261,2.655531937626281,44.70228111847132,19.640187460698343,0.8269990963094375,False
frame_000829.jpg,0,158.6118682238526,142.5925600325057,174.50043376733294,160.34346752576027,2.3431098460938085,16.01930819134691,14.156966241572661,0.8405838188003091,False
frame_000830.jpg,0,143.36264371389757,155.0809430491388,177.91873379335271,164.7256745234508,1.8720842082950817,11.718299335241227,13.193059269901909,0.8506124335176805,False
frame_000831.jpg,0,123.10969091624084,162.2950661324949,176.42952326040268,167.9038408830582,1.348088048612959,39.18537521625406,8.52568237734448,0.8715690900297726,False
frame_000832.jpg,0,98.85091110968413,163.2551318390564,167.37530023305607,169.41233397000317,0.6945402802966778,64.40422072937226,2.0370337369471088,0.8489973264582017,False
frame_000833.jpg,0,81.61704128254338,160.19617064009515,160.1452773452521,170.11180831871468,0.0021159543666320526,78.57912935755176,9.966530973462568,0.8591483761282528,False
frame_000834.jpg,0,68.35848592289942,156.232917604967,152.3719432039625,170.28123853965047,0.23452540025631272,87.8744316820676,17.909295335687972,0.8344795353272382,False
frame_000835.jpg,0,62.17351472274044,154.2871043322201,146.54862791772302,171.62539160337477,0.2385561719210934,92.11358960947967,25.07676368565174,0.8124289021772497,False
frame_000836.jpg,0,59.58590044714972,155.65527181759,141.8993121547985,175.23624162924474,0.11868950123254397,96.06937137044028,33.33692947444624,0.8453685185488533,False
frame_000837.jpg,0,72.47651181770182,158.61378149231098,141.15115595135916,177.18492070737443,0.9035907006393344,86.13726967460916,36.03376475601527,0.8410783129579881,False
frame_000838.jpg,0,88.46798133245126,162.16037266170702,143.16020198677595,179.4429585223236,1.5606603163647836,73.69239132925576,36.28275653554766,0.832290472353206,False
frame_000839.jpg,0,112.07402247245665,161.6638293058995,149.0181995353405,179.1227607371237,1.852134456378033,49.58980683344285,30.104561201783213,0.8783271733452293,False
frame_000840.jpg,0,131.29319446851514,153.98314534945868,154.5900498851429,179.6654486389907,2.032269981952138,22.68995088094354,25.07539875384782,0.8622904490022099,False
frame_000841.jpg,0,147.06379243207036,141.44997935853155,159.9958921373302,176.41089124871615,2.0173463593211287,5.613813073538807,16.414999111385953,0.8917590625145856,False
frame_000842.jpg,0,156.81539615134173,126.4797594937221,164.6196100763169,173.94834861189486,0.9485640807262592,30.33563665761963,9.328738535577969,0.8769259628127603,False
frame_000843.jpg,0,153.10786162889815,127.60988276684789,166.71107648136578,171.80382396571076,0.007707959513365135,25.49797886205026,5.092747484344983,0.893512438325321,False
frame_000844.jpg,0,137.77324615639475,130.92443474584556,165.4185558682862,169.9399965652441,0.6426105802173778,6.848811410549189,4.521440696957882,0.8966221108156092,False
frame_000845.jpg,0,114.91472841731358,141.79490484878113,163.76075155019896,171.06786201234985,0.9415324355343918,26.880176431467547,7.307110462150888,0.8890159831327551,False
frame_000846.jpg,0,109.41215501060107,131.9144392398064,163.75696599632317,164.8913504707286,1.070315398963998,22.50228422920533,1.1343844744054365,0.8842871715040768,False
frame_000847.jpg,0,108.94557040392529,122.33683142370585,166.7218599180206,159.16882318306673,0.707801769835041,13.391261019780558,7.553036734953878,0.7627602675381828,False
frame_000848.jpg,0,135.52963939048936,98.03023730174287,171.02697591210352,152.49973705941912,0.13459533867805354,37.49940208874649,18.527238852684405,0.7347705504473518,False
frame_000849.jpg,0,157.2448289654516,89.030093106215,177.3168859572613,148.63528426213443,0.5521822106459022,68.2147358592366,28.681601695126858,0.7891134146381827,False
frame_000850.jpg,0,169.98184720571123,85.71433092014506,176.94833529372352,145.68386058850385,0.5530226839298829,84.26751628556617,31.26447470521967,0.8174177092664382,False
frame_000851.jpg,0,171.45870308273666,110.3180807632333,172.91313294965934,152.89551183353564,0.307672323812708,61.140622319503365,20.017621116123706,0.8256665012415718,False
frame_000852.jpg,0,166.09135102307857,138.56951520176048,171.92049029030449,160.49473083815963,0.12948169528722867,27.521835821318092,11.42575945214486,0.8202551743563484,False
frame_000853.jpg,0,155.62443280715618,155.42352974846065,172.5240398584017,167.33072182590783,0.6433042105625099,0.2009030586955305,5.193318032493863,0.8329123223529142,False
frame_000854.jpg,0,132.20775067974327,164.00956824223738,178.3362025385959,171.22007887866155,1.2967059936595724,31.801817562494108,7.116123659934345,0.8176435337347143,False
frame_000855.jpg,0,107.08899095575578,165.79118026291601,175.88218211971372,173.60646499250066,2.312607054743026,58.70218930716024,2.2757171272130563,0.8347764716428869,False
frame_000856.jpg,0,85.53546363755004,163.12295208546558,169.5663093668281,174.9053770832291,2.9414078573994007,77.58748844791555,5.33906771640099,0.8304448828977697,False
frame_000857.jpg,0,68.90292308139354,158.3611748796131,164.13881223138554,175.88424891121338,3.695725910864198,89.45825179821955,11.745436679827833,0.8503243747879478,False
frame_000858.jpg,0,57.69996998036204,154.51073498758717,158.96143980552822,177.12275760266624,3.9927754002171145,96.81076500722513,18.161317797138025,0.853096628890318,False
frame_000859.jpg,0,56.44593649760357,154.0678429117205,156.04940597422387,178.89799620216644,3.6186996584037185,97.62190641411694,22.848590227942566,0.8498308658599854,False
frame_000860.jpg,0,60.46028090490211,156.56807795670207,154.11358074464627,179.0847526357382,2.40248908228305,96.10779705179996,24.971171891091927,0.8520620815894183,False
frame_000861.jpg,0,76.58882902110707,161.99053881109285,154.5761370461134,176.93771443042664,1.1441903164376248,85.40170978998577,22.36157738431325,0.8497795637916116,False
frame_000862.jpg,0,97.86985169149479,166.35901946885372,156.17589984195058,175.8231202033852,0.3788575871939274,68.48916777735893,19.64722036143462,0.8330111889278188,False
frame_000863.jpg,0,121.66738684964336,167.92080041129591,159.83242630253068,174.81530082536048,1.5506930463850557,46.25341356165255,14.982874522829803,0.8580679858432096,False
frame_000864.jpg,0,139.3871907326544,159.4240124780562,164.09020033528498,176.32802622159238,2.0129613537931847,20.036821745401795,12.237825886307405,0.8821738642804763,False
frame_000865.jpg,0,152.2139435509775,149.06619346913922,167.10727052493797,178.4342054313476,2.019776897116609,3.147750081838268,11.326934906409633,0.8874790598364437,False
frame_000866.jpg,0,160.00187839476797,134.5817132977081,169.47771620714073,179.14581731921072,1.6457366696543139,25.42016509705988,9.66810111206999,0.8701397496111253,False
frame_000867.jpg,0,153.30615681319665,136.62443368749427,169.71780474205764,178.21519423996924,0.8846336318870244,16.681723125702376,8.497389497911598,0.8801881004782284,False
frame_000868.jpg,0,147.8390854785231,139.87605496185614,169.43090083043924,176.51972716461324,0.5382959878546892,7.963030516666947,7.088826334174001,0.8760687182931339,False
frame_000869.jpg,0,144.08468203344012,152.54327889731633,169.5128815227014,178.16379900556498,0.6022173773174316,8.45859686387621,8.650917482863576,0.8786284888491911,False
frame_000870.jpg,0,143.2663004311381,151.46165655908086,171.30706617229887,171.6195263623093,1.0697308750895798,8.195356127942773,0.3124601900104267,0.8386198317303377,False
frame_000871.jpg,0,143.26681818466054,144.81809833950743,173.40374166394605,165.2279865420517,1.723326167752045,1.5512801548468929,8.175755121894355,0.7926262722295874,False
frame_000872.jpg,0,163.44179723225093,126.00251014535273,177.3556844027094,157.86290969223518,2.546891908989038,37.439287086898204,19.492774710474208,0.8111702098565943,False
frame_000873.jpg,0,170.59995071996443,113.64224600034846,178.4381189455548,151.21093659844513,2.795874283014779,56.95770471961596,27.227182347109675,0.8017935086699093,False
frame_000874.jpg,0,173.11852823354639,107.21923854296962,174.7495730038608,145.93865365337135,3.018076121537102,65.89928969057677,28.810919350489456,0.8116883530336267,False
frame_000875.jpg,0,168.64095921220218,124.67285399853432,173.76338834051757,154.1275627270909,2.8883623711980673,43.968105213667855,19.635825613426675,0.8155578339801115,False
frame_000876.jpg,0,158.94409085758073,144.6270263638189,174.2442943240819,161.00346624252234,2.3559181281933568,14.31706449376182,13.240828081559556,0.8442980857456431,False
frame_000877.jpg,0,144.6032002562136,156.00546591777118,176.92521465281465,165.39091242234318,1.7883815956118128,11.402265661557578,11.534302230471468,0.8468368894913617,False
frame_000878.jpg,0,122.6458496925994,163.23645774404153,176.82966453247533,167.9744827173602,1.425224802193384,40.59060805144213,8.855181815115145,0.8694421438609853,False
frame_000879.jpg,0,99.14559504402936,163.29395430652613,167.66282923563722,169.28193244599012,0.6472530850583199,64.14835926249677,1.619103210352904,0.8761795478708604,False
frame_000880.jpg,0,81.92930994206404,160.0991673937471,160.47355859233676,170.16713950487002,0.23305012015555454,78.16985745168307,9.693580912533264,0.8596595385495354,False
frame_000881.jpg,0,70.13985158484326,156.0400255519971,153.65079673501785,170.19372202073,0.5226486283004957,85.90017396715385,16.54292528571216,0.8150720140513252,False
frame_000882.jpg,0,63.05912989201828,154.4981240280124,147.7619563444801,171.64224101009677,0.584813782021531,91.43899413599412,23.88028466561667,0.8287562762989718,False
frame_000883.jpg,0,63.916262466415745,155.16802512217586,143.89109652909875,175.12464371282158,0.4650641599603926,91.25176265576012,31.233547183722834,0.8464797875460457,False
frame_000884.jpg,0,77.24512415744208,158.15824744118794,143.88329163710543,177.34012869983468,0.3791854542972449,80.91312328374586,33.45683706272925,0.8387306420242086,False
frame_000885.jpg,0,92.63395492799565,160.89650010810905,145.025353206225,179.40294251723623,1.213792397793426,68.2625451801134,34.377589311011235,0.8292053727542653,False
frame_000886.jpg,0,100.9461083623861,163.35961694223363,144.97693498143806,178.89546702134683,1.6572811349289926,62.41350857984753,33.91853203990877,0.8537243499475367,False
frame_000887.jpg,0,108.79854736547941,164.4402524731244,145.7790503522949,177.60414721787265,2.1153235324774653,55.64170510764498,31.825096865577763,0.8717756516793195,False
