frame_name,person_id,left_knee_angle,right_knee_angle,left_hip_angle,right_hip_angle,trunk_lean_angle,knee_angle_asymmetry,hip_angle_asymmetry,mean_pose_confidence,low_confidence_flag
frame_000000.jpg,0,141.991446141732,58.64669660492256,165.4297225517322,143.741966188227,0.5061391493535031,83.34474953680945,21.6877563635052,0.8519939675050623,False
frame_000001.jpg,0,147.5118328318183,62.43454705268464,169.39331635153306,143.49931291046377,0.37941316688364507,85.07728577913366,25.894003441069287,0.8542926206308252,False
frame_000002.jpg,0,152.68383155565945,68.4864765462873,172.93223797738074,144.15724609511946,0.36901355897459936,84.19735500937215,28.774991882261276,0.837148484061746,False
frame_000003.jpg,0,160.01613664235657,79.67940928422364,178.9582899090421,144.39454189616484,0.24292868119216848,80.33672735813293,34.563748012877255,0.8394941757707035,False
frame_000004.jpg,0,167.3032524714829,96.11129266314863,175.26364382543366,147.74923123724287,0.20773888301102547,71.19195980833426,27.514412588190794,0.8591628810938667,False
frame_000005.jpg,0,168.1024982264271,115.44866278541004,172.27663587990816,153.2201834211566,0.27620430051986405,52.65383544101705,19.05645245875155,0.8460703071425942,False
frame_000006.jpg,0,161.44821983620233,134.54857344113233,172.16967170190523,159.4500226099099,0.47193028925014596,26.899646395069993,12.719649091995336,0.858355329317205,False
frame_000007.jpg,0,148.69341333154316,149.21793819220747,173.80332373231468,164.65870512282416,0.8484751049475634,0.5245248606643145,9.144618609490522,0.8435038363232332,False
frame_000008.jpg,0,130.8765693825987,157.06553227955087,176.57827967844648,167.7221342664412,1.4698228443502386,26.188962896952177,8.856145412005276,0.8399517466040218,False
frame_000009.jpg,0,109.1888127669182,159.9795485194325,179.12037051751958,169.66744780566702,2.05736964260548,50.79073575251431,9.452922711852551,0.8297829277375165,False
frame_000010.jpg,0,90.71501671502006,158.2563864871584,174.92612209360675,170.41102156952408,2.5835467138814137,67.54136977213835,4.515100524082669,0.8309064682792214,False
frame_000011.jpg,0,77.25242232601494,151.62409479301584,169.89705030350603,169.6293466120808,2.9277656990168905,74.3716724670009,0.26770369142522554,0.8564417362213135,False
frame_000012.jpg,0,69.24955225719232,148.47693001783966,163.74354937997165,171.1393155634614,2.8077150002581246,79.22737776064734,7.395766183489741,0.8524962628588957,False
frame_000013.jpg,0,67.73889765447396,150.2921387393447,157.97397406430326,174.7389600778479,2.1064872174309848,82.55324108487073,16.764986013544643,0.8734819713760825,False
frame_000014.jpg,0,72.61435320999327,155.75464038914333,153.95963465881383,179.51594939978148,1.2477083169672545,83.14028717915006,25.55631474096765,0.8832651096231797,False
frame_000015.jpg,0,83.61915936717205,162.51897761002044,152.1077743706523,175.78223824150214,0.2744164929963508,78.8998182428484,23.67446387084985,0.9065336269490859,False
frame_000016.jpg,0,101.27411285314919,169.87148032869462,153.798618197805,170.88317282582474,0.5725793152941612,68.59736747554543,17.08455462801973,0.8984973220264211,False
frame_000017.jpg,0,120.24172795398778,170.3639775382152,157.6621097764202,169.64769397938787,1.297273242830934,50.12224958422743,11.985584202967658,0.9000721047906315,False
frame_000018.jpg,0,137.48461483768486,163.41357918486517,162.69117202372948,170.76427089166066,1.4056965176578287,25.92896434718031,8.07309886793118,0.890141115469091,False
frame_000019.jpg,0,152.2195868479018,151.1466823822861,167.30456205093404,173.708416503978,1.3226062362641668,1.0729044656157214,6.403854453043948,0.8961199732387767,False
frame_000020.jpg,0,162.36297162867743,134.762801647199,171.099411344147,178.3348607989751,1.0678882097265785,27.600169981478416,7.235449454828085,0.8801245338776532,False
frame_000021.jpg,0,155.60854988361422,134.67654868508137,170.9917721288103,177.13341781866941,0.9771933432183012,20.932001198532845,6.141645689859104,0.864635236123029,False
frame_000022.jpg,0,153.8491334364606,116.63190033107158,170.6325383096311,170.3204394293102,0.8579554595114317,37.21723310538901,0.31209888032088884,0.8904968430014217,False
frame_000023.jpg,0,150.6867329371105,103.23412053434669,169.96053877967867,162.93331130756118,1.310145364872254,47.452612402763805,7.027227472117488,0.8424824160688064,False
frame_000024.jpg,0,149.82768615469766,95.53382911618056,171.57492214917335,155.59026017854816,1.8258545714145575,54.2938570385171,15.984661970625183,0.8748954920207753,False
frame_000025.jpg,0,149.81097922474865,94.45165548106341,173.97352943406224,150.6862635627185,2.2370534027026694,55.35932374368524,23.28726587134375,0.8388766576262081,False
frame_000026.jpg,0,165.2078208196231,81.43896743836774,178.60878028317578,145.81779647685897,2.516656765045666,83.76885338125535,32.7909838063168,0.8263353179482853,False
frame_000027.jpg,0,169.40510309008155,93.80895400819428,177.2851499959064,147.00217205699926,2.5596056680691768,75.59614908188728,30.282977938907152,0.8267874261912178,False
frame_000028.jpg,0,171.07643840840507,110.18265567527489,173.8227493975711,150.60396323791542,2.314982049276457,60.89378273313018,23.21878615965568,0.8178082809728735,False
frame_000029.jpg,0,164.19165936440808,127.8649901051603,174.16697286430258,156.22809372128404,2.019701490728573,36.32666925924778,17.93887914301854,0.8453190677306232,False
frame_000030.jpg,0,152.52382807303735,143.36494178856546,176.206270243226,161.80293332706083,1.539632283044348,9.15888628447189,14.40333691616516,0.8526775626575246,False
frame_000031.jpg,0,136.40707436127755,153.21353746034603,179.5226100447776,165.14400937695757,0.9384852687543059,16.80646309906848,14.378600667820024,0.8580922274028554,False
frame_000032.jpg,0,117.00974386751707,157.4816009994192,175.6110222159753,165.9226767505537,0.6385196181224426,40.47185713190211,9.688345465421605,0.8618601209977094,False
frame_000033.jpg,0,97.441561289644,157.02488737493283,169.32595427938188,165.57617780052752,0.2989291599654363,59.58332608528883,3.7497764788543577,0.8418121408013737,False
frame_000034.jpg,0,84.29690571719058,151.789719332696,162.87169239666105,163.53568648507417,0.3739229901224512,67.49281361550541,0.6639940884131192,0.8361058270230013,False
frame_000035.jpg,0,75.14185307893781,148.09695666985505,155.2916483071237,163.10925571811944,0.758167569657203,72.95510359091723,7.817607410995748,0.8465776338296778,False
frame_000036.jpg,0,71.69327052334873,148.257231473193,148.03821769261128,165.74862904829956,1.373371199572171,76.56396094984427,17.71041135568828,0.8796319926486296,False
frame_000037.jpg,0,73.38467199408693,152.01005358050267,142.47390488939055,170.41577593557474,1.9337001990959748,78.62538158641574,27.94187104618419,0.9187649663756875,False
frame_000038.jpg,0,81.02442806308433,156.70716517732004,140.2121427099258,175.57096677283232,2.5220632015395057,75.6827371142357,35.35882406290651,0.898341459386489,False
frame_000039.jpg,0,92.65169447201673,162.15422012048185,140.9581293958723,178.8990571481158,2.631113178568915,69.50252564846512,37.94092775224348,0.8957825408262365,False
frame_000040.jpg,0,112.18605081022592,161.64042728219306,146.43794400371343,176.61032141039632,2.5899013781584963,49.45437647196714,30.172377406682898,0.8912275608848123,False
frame_000041.jpg,0,130.48639240893576,155.357604092742,153.13063216315234,177.05506625243805,2.3433025182431684,24.87121168380625,23.92443408928571,0.9117161771830391,False
frame_000042.jpg,0,145.48117362623407,143.30422036461079,158.7280427323951,178.874937894853,1.8201754286480973,2.1769532616232823,20.146895162457895,0.8900855604340049,False
frame_000043.jpg,0,155.8203580182905,128.55751381491658,163.2347243856066,177.9186113573924,1.1696913808743916,27.26284420337393,14.683886971785796,0.8666274687823128,False
frame_000044.jpg,0,148.03332056351772,127.70764978207595,164.51151444283784,172.05194757478034,0.484970726298294,20.325670781441772,7.540433131942507,0.878050916335162,False
frame_000045.jpg,0,127.59315279456044,126.53403781652129,163.28382070843898,166.12668384793452,0.10318476240400577,1.0591149780391476,2.8428631394955346,0.8550871365210589,False
frame_000046.jpg,0,117.13972972765006,112.45173750114927,161.97184183033636,158.98755567083865,0.1888954454576267,4.687992226500796,2.9842861594977137,0.8919871659839854,False
frame_000047.jpg,0,109.37886039227509,102.91575786057474,162.89410395183822,152.0543907248163,0.23055664701771425,6.463102531700343,10.839713227021917,0.8368519229047439,False
frame_000048.jpg,0,120.39794623684287,98.26721419328167,166.04670366647915,146.7038142858249,0.09574468763040893,22.130732043561196,19.342889380654242,0.8263335192904753,False
frame_000049.jpg,0,143.67704998249081,84.73555772195694,172.41935985492512,144.46249426523187,0.03338416326885258,58.94149226053388,27.95686558969325,0.8609173648497638,False
frame_000050.jpg,0,159.6863137835181,78.90524466788648,178.34756632962998,144.4392333488357,0.07137239048781989,80.78106911563162,33.908332980794285,0.8407202082521775,False
frame_000051.jpg,0,167.1625211521402,95.61020820348942,175.5511891916544,148.2117035264493,0.10940641416230243,71.55231294865077,27.339485665205103,0.8495007087202633,False
frame_000052.jpg,0,167.92248878832265,115.1588219331474,172.44401771236852,153.7385518672751,0.21150998366896234,52.76366685517526,18.705465845093414,0.8535787568372839,False
frame_000053.jpg,0,161.90995094442263,134.95904476672152,171.88202387701998,160.0142390132438,0.5069425926326683,26.950906177701114,11.867784863776166,0.860914012965034,False
frame_000054.jpg,0,149.3192366738016,149.39091434690195,173.5841451106674,164.92565468936874,0.8444715428867332,0.07167767310033923,8.658490421298666,0.8369607679984149,False
frame_000055.jpg,0,131.34245423372613,157.45800743121717,176.32667107679288,167.99398371119372,1.4617231836408704,26.11555319749104,8.332687365599156,0.83606978374369,False
frame_000056.jpg,0,108.80572115865503,160.02988378912224,179.20352226188916,169.80867148667832,2.1144768991443836,51.224162630467205,9.394850775210841,0.8252356157583349,False
frame_000057.jpg,0,89.78535633719439,158.19419217053579,174.67831827042136,170.5619698258956,2.68148490493343,68.4088358333414,4.116348444525755,0.8394217736580792,False
frame_000058.jpg,0,76.35464383557667,151.74022886009286,169.4736162398634,169.88977458146658,3.028006766848674,75.38558502451619,0.4161583416031931,0.8582492330495048,False
frame_000059.jpg,0,68.73915996555137,149.12216893203808,163.85178259125428,171.9234739560002,3.114319522360907,80.38300896648671,8.07169136474593,0.849745462922489,False
frame_000060.jpg,0,67.12535364454679,150.94919330337737,157.81681063149034,175.50051154407944,2.332724222660942,83.82383965883058,17.683700912589103,0.8910225875237409,False
frame_000061.jpg,0,72.8148981026691,156.4716959561267,154.1867671922398,179.7176826176419,1.446040205703218,83.65679785345759,25.5309154254021,0.8848099778680241,False
frame_000062.jpg,0,84.31383363016464,163.23173454888553,152.6701458145483,175.00484433555513,0.4833171145155112,78.91790091872089,22.33469852100683,0.906919332111583,False
frame_000063.jpg,0,101.39931882098747,170.15250316086173,154.288116182589,170.9319166715309,0.49538485602606186,68.75318433987425,16.643800488941906,0.893907813464894,False
frame_000064.jpg,0,120.62569941381912,170.7096707712676,157.99258917322248,169.5674205255122,1.2821441291539406,50.08397135744849,11.57483135228972,0.8951496657203225,False
frame_000065.jpg,0,137.80744962806975,164.4537435076194,162.86384310441576,170.69262091159476,1.5279708224569597,26.64629387954966,7.828777807178994,0.8967046948040233,False
frame_000066.jpg,0,152.2441223934499,152.5648220267162,167.28809348913146,173.37341017039157,1.4966644762265393,0.3206996332662868,6.08531668126011,0.8819005278980031,False
frame_000067.jpg,0,161.6525919729572,135.8082374129096,170.62050288742486,177.97305386173412,1.3051526833245937,25.844354560047606,7.352550974309253,0.8857194430687848,False
frame_000068.jpg,0,154.99249701858565,136.25647525455176,170.59807636410534,177.4100754665701,1.2521241400610696,18.736021764033893,6.8119991024647675,0.8505798928877887,False
frame_000069.jpg,0,153.1597507581641,117.95011202928373,170.07363162644532,170.22220241485508,1.2063529485909115,35.20963872888038,0.14857078840975646,0.8535387691329507,False
frame_000070.jpg,0,150.09137508362394,103.75578924580991,169.87730692575715,162.72734769643543,1.4286743631292722,46.33558583781404,7.149959229321723,0.8551084819961997,False
frame_000071.jpg,0,149.0558955305987,95.79685728982749,171.28561298682106,155.38643863286345,1.927482046748173,53.259038240771204,15.89917435395762,0.8696288536576664,False
frame_000072.jpg,0,149.59361532350965,94.92314074377512,173.87479963027985,150.673199151101,2.2725713195550945,54.67047457973453,23.201600479178865,0.8329602900673362,False
frame_000073.jpg,0,165.0152948927829,81.66491646561487,178.46383730831704,146.4934705279629,2.427614481783466,83.35037842716802,31.97036678035414,0.838318761657266,False
frame_000074.jpg,0,169.23200963791732,93.85152849243497,177.43673503931316,147.44760227567056,2.5551311951017053,75.38048114548235,29.9891327636426,0.8277620322564069,False
frame_000075.jpg,0,171.06560939728752,110.25977081796279,174.05109799854793,151.1301542661207,2.336626131729734,60.80583857932473,22.92094373242722,0.8290744073250714,False
frame_000076.jpg,0,164.27300352296396,128.13608722730356,174.24713087666916,156.5643773262192,2.0345973366495294,36.1369162956604,17.682753550449974,0.8548535985105178,False
frame_000077.jpg,0,152.9547504658212,143.45539592117512,176.14107753220406,161.64376120081263,1.6915129663192359,9.499354544646081,14.497316331391431,0.8543106282458586,False
frame_000078.jpg,0,136.90915442168736,153.45403095567792,179.56353606661332,164.83800853500247,1.1868252213329022,16.54487653399056,14.725527531610851,0.8496635521159452,False
frame_000079.jpg,0,117.41097702931535,157.67627139547582,175.24696414650094,165.82046189052338,0.7933964960591974,40.265294366160475,9.426502255977567,0.8445994222865385,False
frame_000080.jpg,0,97.29729236613444,157.22240567094755,168.38131084478923,165.36101257525647,0.5232096574227626,59.92511330481311,3.020298269532759,0.8447611822801477,False
frame_000081.jpg,0,84.59762701908873,152.02773233846025,162.18188493931402,163.4947321100447,0.4829917846327677,67.43010531937152,1.3128471707306915,0.8343804724076215,False
frame_000082.jpg,0,74.53547986615281,148.35246455674,154.34663547870517,163.48285446028342,0.7248561831824643,73.81698469058718,9.136218981578253,0.8350431182805229,False
frame_000083.jpg,0,71.36770968113763,147.93944262798203,147.67187899995818,166.0161575032012,1.2011285163186334,76.5717329468444,18.344278503243032,0.8745173461296979,False
frame_000084.jpg,0,73.2827205718622,151.49248208322274,142.46834617923705,170.29798124487886,1.855614522183725,78.20976151136054,27.82963506564181,0.9125277890878565,False
frame_000085.jpg,0,81.48139517067095,156.29418876139022,140.79563510927764,175.37204433247024,2.4672051382729365,74.81279359071927,34.5764092231926,0.8965011484482709,False
frame_000086.jpg,0,92.47299261813023,161.84635058571192,140.90123093792235,179.22973084248596,2.696787311882469,69.37335796758168,38.328499904563614,0.9015308408176198,False
frame_000087.jpg,0,111.57015581736904,161.35034163874153,146.06171254086232,177.23559993917675,2.713549214803344,49.780185821372484,31.173887398314434,0.8807193496648003,False
frame_000088.jpg,0,129.45817507265747,154.85652106217987,152.40050741827258,177.8278192985446,2.4752173541494606,25.398345989522397,25.427311880272015,0.9061196025680093,False
frame_000089.jpg,0,131.5009375192099,158.81851741437623,158.69004251716694,179.91937096834752,1.771719730552605,27.31757989516632,21.229328451180578,0.8906158138723934,False
frame_000090.jpg,0,139.49682269399463,144.25035369049732,163.05299820277875,176.6696744797634,1.0801414167822925,4.75353099650269,13.616676276984634,0.8866066441816443,False
frame_000091.jpg,0,126.09401002282928,144.57977229647238,164.7712383441556,171.46381778291556,0.35454084976328093,18.485762273643104,6.692579438759964,0.8784432095639846,False
frame_000092.jpg,0,100.2073161514467,143.0257935341321,163.41706240029302,165.80120920447806,0.004156053195669088,42.8184773826854,2.384146804185036,0.8587112111203811,False
frame_000093.jpg,0,91.90095645041718,130.72639252256226,161.9910624543215,159.51991092067502,0.2801932469658487,38.82543607214508,2.4711515336464913,0.8912167794564191,False
frame_000094.jpg,0,109.4186234664479,103.82021304739109,162.29799239366022,152.68946883532237,0.17741505487670056,5.598410419056805,9.60852355833785,0.8703509499044979,False
frame_000095.jpg,0,120.0396020548466,100.08888687279763,165.35732346453574,147.7340280877269,0.04127463730395943,19.950715182048967,17.62329537680884,0.8380269197856679,False
frame_000096.jpg,0,142.55387927672626,85.31732056978339,171.5937408310731,145.13814740763132,0.10072894277919385,57.23655870694287,26.45559342344177,0.863132539917441,False
frame_000097.jpg,0,159.1023098370604,79.00408963787254,177.61837353106898,144.5664686381644,0.06630247634608621,80.09822019918786,33.05190489290459,0.8396010188495412,False
frame_000098.jpg,0,166.58837275031695,95.74473947163972,176.12578164998945,148.01406967846302,0.06357576128795038,70.84363327867723,28.111711971526432,0.8398251182892743,False
frame_000099.jpg,0,167.5582025996088,115.2386204367215,172.9514431907428,153.51183582309153,0.07075083534848531,52.319582162887286,19.439607367651263,0.8540529503541834,False
frame_000100.jpg,0,161.17691360864376,134.75063021854328,172.48270675993246,160.1044973251711,0.4373522753051374,26.42628339010048,12.378209434761345,0.8541983716628131,False
frame_000101.jpg,0,148.79826233400487,149.14555369536922,173.9416646133944,165.0016868756476,0.8483177093509008,0.34729136136434136,8.939977737746801,0.8429379568380468,False
frame_000102.jpg,0,131.25844200989889,157.02699970054712,176.4491810533686,167.85031315841812,1.5251574592254986,25.768557690648237,8.598867894950473,0.8254836973022012,False
frame_000103.jpg,0,109.78632269045326,159.8253801870176,179.42090936486167,169.7355626752963,2.150073010184413,50.03905749656434,9.685346689565364,0.8345788647146786,False
frame_000104.jpg,0,91.16210372393773,158.11295091767613,175.2428732699391,170.4312463082839,2.6961232076376445,66.9508471937384,4.811626961655207,0.8407083925078896,False
frame_000105.jpg,0,77.66198800243544,151.46944982147136,170.15774308712804,169.33800039228692,2.8583759322930042,73.80746181903592,0.8197426948411248,0.8765783800798304,False
frame_000106.jpg,0,69.61579329686279,148.58287919578243,164.10809010428613,171.06084227218307,2.7739030090107084,78.96708589891963,6.952752167896932,0.8656745167339549,False
frame_000107.jpg,0,67.9555015735633,150.4112046065517,158.1910637856701,174.86881355432,2.0784099424542783,82.45570303298841,16.677749768649903,0.8826905594152563,False
frame_000108.jpg,0,73.17209459889253,155.20715647596785,154.3122220144114,179.3439048509589,1.2175797707905203,82.03506187707532,25.031682836547503,0.884483698536368,False
frame_000109.jpg,0,84.1232413543454,161.67710209796354,152.51052058965055,176.52461536421802,0.129350088778032,77.55386074361815,24.014094774567468,0.9143124503247878,False
frame_000110.jpg,0,100.7712615789728,169.3518771257081,153.60235352287816,171.98775977435997,0.8414360540123472,68.58061554673532,18.38540625148181,0.9072225163964664,False
frame_000111.jpg,0,120.2817441961006,169.71289697114938,157.59463488284305,170.87398159202698,1.6125368508642905,49.43115277504877,13.279346709183926,0.908262873397154,False
frame_000112.jpg,0,137.40632411155886,163.2443670413774,162.50887174044973,171.9515789298698,1.8023853430749495,25.838042929818528,9.442707189420076,0.9062444427434135,False
frame_000113.jpg,0,151.85400238083304,151.50466593925495,167.16761255875065,174.65753334821392,1.7257513751646496,0.34933644157808885,7.48992078946327,0.8807059351135703,False
frame_000114.jpg,0,161.68175086048737,134.17796953922445,170.75822307165862,179.1517220957392,1.3327647669242033,27.50378132126292,8.393499024080569,0.8905699147897608,False
frame_000115.jpg,0,156.27386652686886,134.26830262484003,171.2530678398404,176.29755388904755,1.1958542239683383,22.005563902028825,5.044486049207137,0.8708060524042915,False
frame_000116.jpg,0,154.05861941476203,116.79412970630275,170.4339274021823,169.74244496972054,1.0812509470724994,37.26448970845928,0.6914824324617541,0.8821241014144,False
frame_000117.jpg,0,151.03755319071075,102.51081278516703,169.9972442861792,161.8620233870711,1.451363323798554,48.52674040554372,8.135220899108106,0.8589640750604517,False
frame_000118.jpg,0,150.02244208808978,94.39809490015999,171.23243077173314,154.62353893212477,1.956396209417161,55.624347187929786,16.60889183960836,0.8683386550230139,False
frame_000119.jpg,0,150.38489531892446,94.38876587792151,173.650914518861,149.89220261143075,2.5035269434549385,55.99612944100295,23.75871190743024,0.848949579631581,False
frame_000120.jpg,0,164.88165863268227,81.31066697562358,177.98724746616764,145.82646066615268,2.633110100462038,83.5709916570587,32.16078680001496,0.8384678609230939,False
frame_000121.jpg,0,169.08893595739968,93.57847472448607,177.87324532786633,146.82349244170845,2.75764233535607,75.51046123291361,31.049752886157876,0.8245589733123779,False
frame_000122.jpg,0,170.87920685614478,110.30142854954119,174.42561973310356,150.75642468028033,2.515161711251931,60.57777830660359,23.669195052823227,0.8278825283050537,False
frame_000123.jpg,0,164.05985135285817,128.19878240313142,174.56104043786598,156.4072015958301,2.1467142150474765,35.86106894972676,18.153838842035896,0.853021593654857,False
frame_000124.jpg,0,152.69105218624682,143.4618358925659,176.43358884901122,161.90935245037574,1.6312321457604881,9.229216293680935,14.52423639863548,0.8548901747254765,False
frame_000125.jpg,0,137.10234423532773,153.67202654584725,179.567035629961,165.32886954905527,1.0959210366263017,16.56968231051951,14.238166080905728,0.8439165423898136,False
frame_000126.jpg,0,118.00258212186226,158.157955642694,175.62975549058777,166.5195640080146,0.6684158999931609,40.15537352083173,9.110191482573157,0.8579113728859845,False
frame_000127.jpg,0,98.07314844765529,157.71779463842066,169.12401733954857,166.0589451565483,0.3308981814335842,59.64464619076537,3.065072183000268,0.8462588857201969,False
frame_000128.jpg,0,85.0013289004869,152.2119890194178,162.63951537615935,163.60896562919683,0.48149181813556186,67.21066011893092,0.9694502530374791,0.8340909305740806,False
frame_000129.jpg,0,75.27669447669022,148.42424994352103,155.08047046219568,163.46775465428442,0.7580388590232959,73.14755546683081,8.387284192088742,0.846235850278069,False
frame_000130.jpg,0,71.58604848660393,147.971641021554,147.86665550104834,166.0077997764934,1.2205070341918025,76.38559253495008,18.141144275445072,0.8745777747210335,False
frame_000131.jpg,0,73.07960756689137,151.39062277231125,142.48574315734538,170.16774884351454,1.935612942349457,78.31101520541988,27.682005686169163,0.9087435287587783,False
frame_000132.jpg,0,81.29739281684003,156.14650264601062,140.9095559088528,175.47781043908833,2.446570258410949,74.84910982917059,34.56825453023552,0.9002120529904085,False
frame_000133.jpg,0,92.72007079364826,161.43609030002858,141.3672707113507,179.12610916888158,2.546393916467046,68.71601950638032,37.758838457530885,0.8971590084188125,False
frame_000134.jpg,0,111.73563197184454,161.23450852749187,146.49623881031474,177.09682694549844,2.5705469668534353,49.49887655564733,30.6005881351837,0.9007864594459534,False
frame_000135.jpg,0,130.0372395930699,155.2393883854314,152.91419000154153,177.37034011864415,2.361349392882727,25.2021487923615,24.456150117102624,0.9191766766940846,False
frame_000136.jpg,0,131.44795838738887,159.6854956677149,158.90613279606526,179.28662858617997,1.6193792980396202,28.237537280326023,20.380495790114708,0.8918930397314184,False
frame_000137.jpg,0,143.42160128046513,144.46242352839207,163.52247754647354,176.58798350284192,1.0298660152244357,1.0408222479269398,13.065505956368384,0.8793879081221188,False
frame_000138.jpg,0,134.35380584213232,144.34951970525688,165.22629127490822,171.75092494707792,0.3153410342766286,9.995713863124564,6.524633672169699,0.8812346844112172,False
frame_000139.jpg,0,114.18791722709216,142.62069605069982,163.66182560860463,166.07408778958546,0.03703936328152211,28.432778823607663,2.4122621809808322,0.8605189849348629,False
frame_000140.jpg,0,106.48715215930982,129.80356421275627,162.63891124335385,159.44993148853376,0.4005825459769144,23.316412053446456,3.188979754820082,0.8726508126539343,False
frame_000141.jpg,0,121.78789378122079,102.82894235019039,163.14342974023597,152.59718847044576,0.2894602568655412,18.9589514310304,10.546241269790215,0.8566660495365367,False
frame_000142.jpg,0,120.6118272226973,99.41668869026923,166.27525790587325,148.23509425852941,0.28893024198589057,21.195138532428075,18.04016364734383,0.8393358693403357,False
frame_000143.jpg,0,142.97588549433925,85.26262340340962,172.3518692024659,145.4091045763675,0.19780925396495797,57.71326209092963,26.94276462609841,0.8580936894697302,False
frame_000144.jpg,0,159.70207393510515,79.13509621300854,178.51765838125073,145.18744181814697,0.3016008938215097,80.56697772209661,33.33021656310376,0.8288239766569698,False
frame_000145.jpg,0,166.8163335319029,95.41997099454916,175.76767290671884,148.39597379752294,0.20724898586850324,71.39636253735374,27.3716991091959,0.8426752090454102,False
frame_000146.jpg,0,167.68297642858366,114.76088420360914,172.54312103258832,153.78847714899894,0.3808017100431095,52.92209222497452,18.75464388358938,0.860819027704351,False
frame_000147.jpg,0,161.5612422264339,134.36349208272603,172.2653458586736,160.05788254349739,0.5762444041262713,27.19775014370788,12.207463315176227,0.8618614463245168,False
frame_000148.jpg,0,149.16699581877575,148.804231545827,173.70973704960036,164.91687210547565,0.9142565840251916,0.3627642729487377,8.792864944124716,0.8317590881796444,False
frame_000149.jpg,0,131.7044400725715,156.68361836761815,176.05881702425654,167.9459533318098,1.651640830321307,24.979178295046665,8.112863692446751,0.8322651982307434,False
frame_000150.jpg,0,110.3269999065607,159.5667306349504,179.9484066649808,169.85855697737537,2.3212631268564543,49.2397307283897,10.089849687605437,0.8245345038526198,False
frame_000151.jpg,0,91.91016287764737,157.79379490603057,175.7419289861235,170.52416280632553,2.7866247937841955,65.8836320283832,5.217766179797962,0.8228560861419228,False
frame_000152.jpg,0,77.84859127542288,151.6781822309031,170.70317117557997,169.73763401145212,3.009519000838302,73.82959095548023,0.9655371641278521,0.8698785655638751,False
frame_000153.jpg,0,69.71274830255713,148.84186633946806,164.5481598622696,171.42207252951783,2.9270770663250363,79.12911803691092,6.87391266724822,0.852897444192101,False
frame_000154.jpg,0,67.87746022854623,150.88359837287365,158.47744344187652,175.4303674909276,2.2601445259853365,83.00613814432742,16.95292404905109,0.8890143142027014,False
frame_000155.jpg,0,72.39942876021904,156.0006333570694,153.83749902484266,179.958436289223,1.337771710633097,83.60120459685037,26.12093726438033,0.8786121501642115,False
frame_000156.jpg,0,83.39577494468685,162.69580076572743,151.9197750058709,175.1407605020206,0.3622133976674082,79.30002582104058,23.220985496149723,0.9020672791144427,False
frame_000157.jpg,0,100.11982851560438,169.72666808409102,153.0909547495136,170.7074174306607,0.46971038103651946,69.60683956848663,17.616462681147112,0.8954809798913843,False
frame_000158.jpg,0,119.50605586112401,170.1410599126973,157.06649228604365,169.26371428692175,1.177760724640443,50.63500405157329,12.1972220008781,0.8954523906988257,False
frame_000159.jpg,0,136.80995807020798,163.83573889645058,162.1061240002682,170.62704269890196,1.5124910055964444,27.025780826242595,8.52091869863375,0.8988346702912274,False
frame_000160.jpg,0,151.76435056194595,152.25115342936058,167.0320371158807,173.11586644871204,1.3754168289413928,0.48680286741463874,6.083829332831328,0.8914831666385427,False
frame_000161.jpg,0,161.78984715783844,136.69131201537527,170.86035364592948,177.40978630946702,1.0780399611072056,25.098535142463163,6.549432663537544,0.8896651127759148,False
frame_000162.jpg,0,155.28234379596915,136.50703298792803,170.76001477364952,177.89515938742403,1.0928004090033974,18.775310808041127,7.135144613774514,0.8787796953145195,False
frame_000163.jpg,0,153.25686665555168,118.24487162796314,170.17924409688737,170.88609019416106,1.0313983366199813,35.01199502758854,0.706846097273683,0.8746258546324337,False
frame_000164.jpg,0,150.00232957971622,104.06620448351089,169.6509589443699,163.34926143128567,1.381792124315051,45.93612509620533,6.301697513084235,0.86863734441645,False
frame_000165.jpg,0,149.06442835428834,96.3398698285819,171.05468704435987,156.30463895250043,1.8988764440122257,52.72455852570644,14.75004809185944,0.8777821870411143,False
frame_000166.jpg,0,149.05533043567402,94.89329464370935,173.31211966736407,151.21474157669,2.340696399686252,54.16203579196467,22.097378090674084,0.845759721363292,False
frame_000167.jpg,0,164.78306455930516,81.96573529278486,178.31665850793385,146.9518183364321,2.4955730076784484,82.8173292665203,31.364840171501754,0.8312187896055334,False
frame_000168.jpg,0,168.8612309411469,93.93663155779592,177.5893312724342,147.8303391651445,2.6011351712204727,74.924599383351,29.758992107289714,0.8236087630776798,False
frame_000169.jpg,0,170.6266219536633,110.22030896035324,174.10576495193493,151.4830288843806,2.27797533771004,60.40631299331005,22.622736067554342,0.8245466211262871,False
frame_000170.jpg,0,164.19938783803428,127.91705069496079,174.23797043866173,156.97871051977552,1.9120656248333237,36.28233714307349,17.259259918886215,0.8522654316004585,False
frame_000171.jpg,0,152.73417953614847,142.94496046668868,176.28604974921114,162.02639780051715,1.4689478344312181,9.78921906945979,14.259651948694,0.8612056374549866,False
frame_000172.jpg,0,136.8792523219144,153.26601836669653,179.58039151546055,165.3772915191216,0.901978840511172,16.38676604478212,14.203099996338949,0.8635950053439421,False
frame_000173.jpg,0,117.44272340595855,157.7444471330032,175.38273028276373,166.29338610634716,0.5678366829069412,40.30172372704466,9.089344176416574,0.8541678085046656,False
frame_000174.jpg,0,97.30392032099525,157.14762359557497,168.8013649995467,165.61103648707677,0.3306450408311137,59.843703274579724,3.1903285124699323,0.8493705707437852,False
frame_000175.jpg,0,83.59647345103238,152.20712395919733,162.30985440592295,163.62821538167654,0.351677238300854,68.61065050816495,1.318360975753592,0.8374994116670945,False
frame_000176.jpg,0,74.35973912093877,148.54273205272415,154.85831221789985,163.4756384261869,0.6186656720933921,74.18299293178538,8.61732620828704,0.8760599108303294,False
frame_000177.jpg,0,70.74974070200346,147.91589021005524,147.48318437093585,165.9682317941934,1.1129179181495201,77.16614950805177,18.485047423257555,0.8757476420963511,False
frame_000178.jpg,0,72.48292596465829,151.23685014972858,142.42671770487433,170.4429616558698,1.6477504127096125,78.75392418507029,28.01624395099546,0.9091268742785734,False
frame_000179.jpg,0,79.83785854691943,156.13086122943886,140.07629312933565,175.31968117277708,2.221067481192868,76.29300268251943,35.24338804344143,0.896160297534045,False
frame_000180.jpg,0,91.42047418454747,161.27576750271342,140.2404133355018,179.7008293003387,2.5651188995170218,69.85529331816595,39.4604159648369,0.8973751558977014,False
frame_000181.jpg,0,110.23461248864332,161.00798511626772,145.16962268284703,177.3950576887423,2.576241049047165,50.7733726276244,32.225435005895264,0.9127985870136934,False
frame_000182.jpg,0,128.98425121579837,155.07800333740707,152.0801847120083,177.62912646447828,2.3807457432448182,26.093752121608702,25.548941752469972,0.9273862803683561,False
frame_000183.jpg,0,144.35958325161187,142.46129076484982,158.14472402226386,179.62334135401105,1.7952056248680308,1.8982924867620454,21.478617331747188,0.8960725840400247,False
frame_000184.jpg,0,155.9597987107341,126.79238414262262,163.36317390109937,176.74326256796556,1.0151030322695145,29.167414568111482,13.380088666866186,0.8702511857537663,False
frame_000185.jpg,0,150.88286726515233,125.93633500898383,165.34039212568112,171.3312248664551,0.1830059183090222,24.946532256168496,5.990832740773982,0.869437715586494,False
frame_000186.jpg,0,136.3504194209884,124.91495370417901,164.2200470217874,165.6801620197476,0.1938462602441748,11.43546571680939,1.4601149979602042,0.8778773055357092,False
frame_000187.jpg,0,127.97252861730338,110.94559175496681,162.99990651889837,158.7616593308713,0.4891679523403702,17.02693686233657,4.23824718802706,0.8775144710260279,False
frame_000188.jpg,0,121.9826739367793,101.85977055433835,163.5662230132919,152.00087952285497,0.4587937205916469,20.122903382440953,11.56534349043693,0.8510851369184607,False
frame_000189.jpg,0,120.2826695643509,98.74317149283404,166.2958424497398,147.67816007422155,0.26684864469137964,21.53949807151686,18.617682375518257,0.8582814441007727,False
frame_000190.jpg,0,143.17216098929,85.22281216042333,172.23820502452324,145.2830754226627,0.03164148089632472,57.949348828866675,26.955129601860534,0.8648658815552207,False
frame_000191.jpg,0,159.4521336587254,79.28125126854815,178.154536979516,144.98512668949087,0.10189907453404366,80.17088239017724,33.16941029002513,0.8368242733618793,False
frame_000192.jpg,0,166.6116304489334,95.80264251182368,175.9200493923794,148.41032379157983,0.1441190001311628,70.80898793710972,27.509725600799584,0.8500521463506362,False
frame_000193.jpg,0,167.42229765578318,114.94106084636641,172.85745628859428,153.58853845101103,0.31650776887660154,52.48123680941677,19.268917837583246,0.8465500263606801,False
frame_000194.jpg,0,161.17598966938738,134.0850741528274,172.65749147546364,159.82933111910313,0.5484151852634388,27.09091551655999,12.828160356360513,0.8545559890129987,False
frame_000195.jpg,0,148.92838064592914,148.68099930267346,174.0966715305642,165.04659847052233,0.9910633711892175,0.2473813432556824,9.050073060041882,0.8412013509694267,False
frame_000196.jpg,0,131.8046764567202,156.7928897586637,176.59860956001756,168.22062672721282,1.6177611603908983,24.988213301943517,8.377982832804747,0.8423546938335195,False
frame_000197.jpg,0,109.82847673677084,159.5637256031326,178.97356320910293,169.93645883964382,2.1647236922660915,49.73524886636177,9.037104369459115,0.8308548927307129,False
frame_000198.jpg,0,91.1465885239432,157.87450145513017,174.79653257103453,170.50808645979296,2.6365307389690398,66.72791293118698,4.288446111241569,0.8430221115841585,False
frame_000199.jpg,0,77.43474612911594,151.24707685982358,169.7037085111039,169.48465527174298,2.908302756864222,73.81233073070764,0.21905323936093168,0.8850535645204431,False
frame_000200.jpg,0,69.416776246082,148.01970705978258,163.6534319274848,170.97649235498778,2.8031858010537074,78.60293081370058,7.3230604275029805,0.8673447686083177,False
frame_000201.jpg,0,67.8889404020602,149.62713208255383,157.6477910585831,174.50317373472888,2.095737694772983,81.73819168049363,16.85538267614578,0.8755032840897056,False
frame_000202.jpg,0,73.59044768762762,154.7883134429886,154.28299305857027,179.3713813171692,1.3186374408340895,81.19786575536098,25.08838825859894,0.8898205932448892,False
frame_000203.jpg,0,84.44562046612941,161.57277187727206,152.50009741639641,176.23543967711956,0.2565742420234464,77.12715141114265,23.735342260723144,0.8991319046301001,False
frame_000204.jpg,0,100.947071574708,169.07793712247164,153.48446297902822,171.75010619983217,0.7517096899801075,68.13086554776363,18.265643220803952,0.8918588056283838,False
frame_000205.jpg,0,120.18891823612695,170.01093663025398,157.53132425406028,170.2707861328051,1.4457955524637092,49.82201839412703,12.739461878744834,0.9053737065371346,False
frame_000206.jpg,0,137.0274552922155,164.74033122808044,162.41425637585473,170.857036089959,1.6535997331536127,27.71287593586493,8.442779714104262,0.9021018182530123,False
frame_000207.jpg,0,151.21771565438334,152.46408674685063,166.66547510879263,173.84533033841365,1.645412407684627,1.2463710924672853,7.179855229621012,0.88991779088974,False
frame_000208.jpg,0,161.41096657362283,135.6988616084458,170.30007295026073,178.30070808436565,1.3587370291633267,25.71210496517702,8.000635134104925,0.8874435039127574,False
frame_000209.jpg,0,156.127721726321,135.68428028443444,171.02645842065613,177.2636350820676,1.2069711706369564,20.443441441886563,6.237176661411468,0.8624461678897634,False
frame_000210.jpg,0,154.0923431616839,117.54645600402729,170.34993847410558,170.33421043537288,1.1648374337664644,36.54588715765662,0.015728038732703453,0.8821174923111411,False
frame_000211.jpg,0,151.3716707232647,102.90955606566835,170.11705446481616,162.57107620131538,1.4874076009320296,48.46211465759636,7.5459782635007855,0.8660180919310626,False
frame_000212.jpg,0,150.29440785870227,94.66056982186679,171.51094271106868,155.4405626937436,1.9632069422001723,55.633838036835485,16.07038001732508,0.8855693270178402,False
frame_000213.jpg,0,150.3509911379726,93.83263216488916,173.93206220860438,150.86338978923723,2.3278888063769214,56.51835897308345,23.068672419367147,0.8409057049190297,False
frame_000214.jpg,0,165.00732420996832,81.32074708357422,178.35862548032313,146.93923615236676,2.413222094123281,83.6865771263941,31.419389327956367,0.8494304488686955,False
frame_000215.jpg,0,169.31896353309915,93.72511051012343,177.3604103732622,148.24980951792674,2.4281839826269125,75.59385302297572,29.110600855335463,0.8218738927560694,False
frame_000216.jpg,0,171.1108629907844,110.56246599147619,173.7970794866376,151.8798084139286,2.1537551443246934,60.54839699930821,21.917271072709013,0.8283311549355002,False
frame_000217.jpg,0,164.61689099405416,129.1259019569086,173.9201280274923,157.62851731421767,1.7941219060325273,35.49098903714557,16.291610713274622,0.8645783978350022,False
frame_000218.jpg,0,153.4025349315997,144.00160370829954,175.86735911425546,162.67343583052568,1.350638190387407,9.400931223300148,13.193923283729788,0.8556734919548035,False
frame_000219.jpg,0,137.6303350652135,153.6481060691443,179.2487397769038,165.49247985323953,0.8787862500838551,16.01777100393079,13.75625992366426,0.8610877114183763,False
frame_000220.jpg,0,118.09840843481113,158.10001282916863,175.50751154213583,166.48671163688982,0.5436544281529145,40.0016043943575,9.020799905246008,0.8725054825053495,False
frame_000221.jpg,0,97.71591708100571,157.1292928949031,168.64854570986168,165.8362778023396,0.2685009780100341,59.41337581389739,2.8122679075220844,0.8655696055468391,False
frame_000222.jpg,0,84.75151129695588,151.92335105329832,162.40903524582393,163.55496628225424,0.35513406750157833,67.17183975634244,1.1459310364303121,0.8323952976395103,False
frame_000223.jpg,0,75.17482690068202,148.2532120559965,154.80067641289975,163.38683717584064,0.6211322680479393,73.07838515531448,8.586160762940892,0.8385766569305869,False
frame_000224.jpg,0,71.6077209409652,147.75578624495756,147.81373884850353,165.80322593538017,1.130441162564376,76.14806530399237,17.989487086876636,0.8670950426774866,False
frame_000225.jpg,0,73.47546294816881,151.11594674077034,142.6522409614331,169.96682548110212,1.7291034294443473,77.64048379260153,27.314584519669012,0.9062548910870272,False
frame_000226.jpg,0,81.31656652438981,156.05480273808124,140.5416144637071,175.12512170015978,2.3003188199148363,74.73823621369142,34.583507236452675,0.9020665533402387,False
frame_000227.jpg,0,92.89021742535405,161.6607835554994,141.2532527610039,179.07846075295578,2.481639550289109,68.77056613014534,37.825207991951885,0.9022044749820933,False
frame_000228.jpg,0,111.93322168906707,161.09391927816017,146.45787920609652,176.87102649815057,2.490173236379964,49.160697589093104,30.41314729205405,0.9073964006760541,False
frame_000229.jpg,0,130.21580153019124,155.09165495758342,152.88912966407688,176.87477859290507,2.220638462085129,24.875853427392173,23.985648928828198,0.8960525007808909,False
frame_000230.jpg,0,145.48257457648504,142.2476588400461,158.91980563175,179.28326999156687,1.6999921437395027,3.2349157364389214,20.363464359816874,0.882508232313044,False
frame_000231.jpg,0,155.49499212968183,126.64698504081993,162.9572816300046,176.557264725422,1.087939831767716,28.848007088861905,13.5999830954174,0.8836426244062536,False
frame_000232.jpg,0,150.54154530135662,124.89257733892714,164.7990579492743,170.5500115510305,0.39777934571328144,25.64896796242948,5.750953601756208,0.8753739595413208,False
frame_000233.jpg,0,135.31356829124832,123.92510268884712,163.42587561990203,164.8788437509406,0.012184821009307269,11.388465602401197,1.452968131038574,0.8425851253902211,False
frame_000234.jpg,0,127.2383765215575,110.07123704973856,162.34009169639242,157.85243944081978,0.31439579827328284,17.167139471818942,4.487652255572641,0.8871885432916529,False
frame_000235.jpg,0,121.34187582828689,101.94439169347277,162.8458051232326,151.3563934773862,0.3522748367345331,19.39748413481412,11.489411645846388,0.8572160215938792,False
frame_000236.jpg,0,120.5116421248549,98.8222199223596,166.24401760077293,147.4964280389981,0.28983171470721086,21.689422202495308,18.747589561774845,0.8407169229844037,False
frame_000237.jpg,0,143.0059250433108,85.3104290098948,172.3608258673234,144.908055591689,0.19928043898937922,57.695496033416006,27.452770275634407,0.8646552492590511,False
frame_000238.jpg,0,160.12121532925704,79.2697533406253,178.61476162136265,144.2935569775836,0.1330679109353891,80.85146198863174,34.321204643779055,0.8309433355050928,False
frame_000239.jpg,0,167.29042476347078,95.82203846086037,175.51677392328278,148.00686539707698,0.14300668252827928,71.46838630261041,27.509908526205805,0.8429003217641045,False
frame_000240.jpg,0,167.9737108921009,114.80284030312615,172.52816245935568,153.78100188160371,0.28374394009741416,53.170870588974765,18.74716057775197,0.8479384604622336,False
frame_000241.jpg,0,161.83912783974048,134.53725069132085,172.0296238970959,160.18044191399153,0.5557641699195339,27.301877148419635,11.849181983104359,0.8489939184749827,False
frame_000242.jpg,0,149.69014131793907,148.69893296367474,173.4917658889019,164.80349430427373,0.8716793261258958,0.9912083542643302,8.688271584628183,0.8431124652133268,False
frame_000243.jpg,0,131.85077704569258,156.61566638824212,176.18466975992473,167.92805264737694,1.6496758091224595,24.764889342549537,8.256617112547787,0.8387044527951408,False
frame_000244.jpg,0,109.52848161527592,159.38085210659287,179.16517327483288,169.6884565436624,2.2689843475098117,49.85237049131695,9.476716731170484,0.8272332514033598,False
frame_000245.jpg,0,90.06581744220948,157.60580203663392,174.44992872054195,170.29879878248056,2.8036670612853802,67.53998459442444,4.151129938061388,0.8393840649548698,False
frame_000246.jpg,0,76.12643012380279,150.90269292534904,169.4513948549683,169.27802203155886,3.0777639179387033,74.77626280154625,0.17337282340943716,0.8787405245444354,False
frame_000247.jpg,0,68.00233265671257,148.1848729717251,163.64245334872518,171.47920803641017,3.1741407630823115,80.18254031501253,7.836754687684987,0.8500784355051377,False
frame_000248.jpg,0,66.69041498828784,149.89832030430276,158.04932093650663,175.372751315489,2.585484553598625,83.20790531601492,17.32343037898238,0.8822312109610614,False
frame_000249.jpg,0,72.28605712645016,155.19992631245756,154.57205832843817,179.9209565033596,1.6962426963826291,82.9138691860074,25.34889817492143,0.884058910257676,False
frame_000250.jpg,0,84.05403333004365,161.91263246168833,152.8463548828032,175.07589163714852,0.6778583140070233,77.85859913164468,22.229536754345304,0.8996826375232023,False
frame_000251.jpg,0,100.73823319174181,169.3054022148938,153.79663948572892,170.77938702651255,0.3683467327731571,68.56716902315199,16.982747540783635,0.8944206939024084,False
frame_000252.jpg,0,119.95943252516393,170.02513835048714,157.21269154742126,169.36371379758833,1.2085898915094992,50.06570582532321,12.151022250167074,0.9087579075027915,False
frame_000253.jpg,0,137.27461775817528,164.3433299472626,161.91267988689955,170.3250003605562,1.6525517699034324,27.068712189087307,8.41232047365665,0.9017997980117798,False
frame_000254.jpg,0,151.98444104672512,152.27732715567623,166.44233970556334,173.207857925594,1.64642851618649,0.2928861089511088,6.765518220030657,0.8858677744865417,False
frame_000255.jpg,0,161.81543567174208,135.41942561614482,169.96834210905848,177.92803610818504,1.4162644738098191,26.39601005559726,7.959693999126557,0.8886552663410411,False
frame_000256.jpg,0,156.00756250591408,135.59360519624894,170.34387486448,177.8204153930448,1.2135396432527035,20.413957309665136,7.476540528564811,0.8691506385803223,False
frame_000257.jpg,0,153.9949072011477,117.60906619715435,169.88327531154042,170.75966780317768,1.0968065056152945,36.38584100399335,0.8763924916372616,0.8754880147821763,False
frame_000258.jpg,0,150.8343609250633,102.88167755926354,169.51633893322156,162.67910955754238,1.4371475670417593,47.95268336579976,6.837229375679186,0.8682142075370339,False
frame_000259.jpg,0,149.63623081392865,94.84538468674765,170.8489666687273,155.46157507171935,1.9392718908182258,54.790846127181,15.387391597007934,0.8619792882133933,False
frame_000260.jpg,0,149.73773661312336,93.94924702398231,173.4118139690149,150.70898383717082,2.386920887251717,55.78848958914105,22.70283013184408,0.8587306036668665,False
frame_000261.jpg,0,164.82525333098317,81.22194736539632,178.0590790298478,146.52494447785662,2.5870465689305715,83.60330596558686,31.534134551991173,0.8480997155694401,False
frame_000262.jpg,0,168.89685630345713,93.17387517152507,177.95225392196022,147.0936538732373,2.8663515835175404,75.72298113193206,30.858600048722934,0.8291338892544017,False
frame_000263.jpg,0,170.72415489056561,109.7297711963592,174.50560964322082,150.71512165672675,2.661540988271589,60.99438369420642,23.79048798649407,0.8243586315828211,False
frame_000264.jpg,0,164.251976588291,127.77298266934972,174.61133262407176,156.18368346066347,2.3653826989347606,36.478993918941285,18.42764916340829,0.8532401288256926,False
frame_000265.jpg,0,153.1788643699238,143.10899597203087,176.25666919286775,161.4328380848062,1.8471930878518978,10.069868397892918,14.82383110806154,0.8523112395230461,False
frame_000266.jpg,0,137.3407423483402,153.14235032953565,179.64653896120905,164.70039722265534,1.2731476914167603,15.801607981195446,14.946141738553706,0.8637008842299966,False
frame_000267.jpg,0,118.0020771873661,157.47236003287574,175.29701865796162,165.68921585724138,0.8707329150990324,39.470282845509644,9.607802800720236,0.8646139362279106,False
frame_000268.jpg,0,97.57253636553531,157.06163043559954,168.6848212755545,165.33503522888697,0.4660064091546849,59.489094070064226,3.349786046667532,0.841341586673961,False
frame_000269.jpg,0,84.23540758128782,151.91692330221045,162.40700458056324,163.34810343904283,0.4332461991722708,67.68151572092263,0.9410988584795916,0.84060577434652,False
frame_000270.jpg,0,74.33367910052013,148.30977435566064,154.7609826869112,163.37598792382423,0.7023288301682267,73.9760952551405,8.61500523691302,0.8655477797283846,False
frame_000271.jpg,0,70.4832848684143,147.93049196049594,147.73672072926337,165.83878681310247,1.1422184298299989,77.44720709208164,18.102066083839105,0.8903219594674951,False
frame_000272.jpg,0,72.16861508045574,151.61699450372322,142.49466783592177,170.40693292417606,1.635294881488548,79.44837942326748,27.912265088254287,0.9090769992155188,False
frame_000273.jpg,0,80.50411816733407,156.48999094237743,140.7425770415955,175.72115010367838,2.2213983952579373,75.98587277504336,34.97857306208289,0.9141492247581482,False
frame_000274.jpg,0,92.21172428203661,161.82900120978394,141.2199648807366,178.89575471752823,2.4543182896776923,69.61727692774733,37.67578983679164,0.9039863733684316,False
frame_000275.jpg,0,111.11395062179578,161.6600089427436,146.1001901833168,176.8448835374518,2.510389604609163,50.54605832094781,30.744693354134995,0.900239415028516,False
frame_000276.jpg,0,129.8292278361154,155.5524542826711,152.5386524889219,177.16432095625407,2.40566266038091,25.723226446555714,24.62566846733216,0.9147927059846765,False
frame_000277.jpg,0,145.63449233298448,142.6482215131056,158.8153541093043,179.24647569254032,1.8560513715385105,2.9862708198788823,20.431121583236006,0.8985525895567501,False
frame_000278.jpg,0,156.00393940921086,127.60103844151858,163.20384083732364,177.09569908292818,1.2445912261805474,28.402900967692275,13.891858245604539,0.8760444416719324,False
frame_000279.jpg,0,148.1194732712918,126.53903115743844,164.35186520149645,171.34432748112914,0.6111018541764536,21.580442113853366,6.99246227963269,0.8658941353068632,False
frame_000280.jpg,0,128.1941609689056,125.56320115427162,163.23893134150163,165.90798180529387,0.13079072821716875,2.6309598146339823,2.669050463792246,0.8554822662297417,False
frame_000281.jpg,0,117.65187697631966,111.37763744541081,162.03479968881908,158.99353792599263,0.19953801967288598,6.274239530908844,3.0412617628264513,0.8662620397175059,False
frame_000282.jpg,0,109.98346787687773,102.49469788388825,162.48497786834267,152.3540939247233,0.23590861418406578,7.488769992989475,10.13088394361938,0.8468579404494342,False
frame_000283.jpg,0,120.49678097462518,98.98486645736307,165.71070020381987,147.77652726162654,0.1695019121102933,21.511914517262113,17.934172942193328,0.8416115606532377,False
frame_000284.jpg,0,143.4321135064881,85.37631379004998,172.5094817538763,145.43362860812263,0.16662111976024782,58.055799716438116,27.075853145753655,0.8467945526627934,False
frame_000285.jpg,0,159.85430072998705,79.31738542397062,178.4775387875452,144.88358778346853,0.1349249544536343,80.53691530601643,33.59395100407667,0.827891023720012,False
frame_000286.jpg,0,167.06184305724386,95.9683097458212,175.3846348760759,148.2114454946534,0.17763170013882867,71.09353331142266,27.173189381422503,0.8467602694735807,False
frame_000287.jpg,0,167.96037718546017,115.32256750924985,172.39054980428682,153.71275009760802,0.24806239870085045,52.637809676210324,18.677799706678798,0.8548697022830739,False
frame_000288.jpg,0,161.8790715862866,134.70221438657015,171.95147907704995,160.1698138300577,0.5476389881579771,27.176857199716466,11.781665246992247,0.8533947783357957,False
frame_000289.jpg,0,149.77807658781234,149.00796482803312,173.46005401668364,165.10297237885447,0.9496859442902206,0.770111759779212,8.357081637829168,0.8452115619883818,False
frame_000290.jpg,0,132.50512185594707,157.10546852327371,175.8841439383294,168.20581799640104,1.6197718293255357,24.600346667326647,7.678325941928364,0.838849919683793,False
frame_000291.jpg,0,110.61494583748525,160.10682623751566,179.75220513280763,170.20558011950803,2.229644217756393,49.49188040003041,9.546625013299604,0.8298038524739882,False
frame_000292.jpg,0,91.79525575784791,158.07762967074964,175.41740132500027,170.49483935131013,2.7393048086748695,66.28237391290173,4.9225619736901365,0.8609273118131301,False
frame_000293.jpg,0,78.00505613888477,151.49890715343759,170.27598359104437,169.46789091847413,2.951652294891919,73.49385101455282,0.8080926725702398,0.890352354330175,False
frame_000294.jpg,0,69.91029438779495,148.64275395562365,164.23032711479868,171.0937915335667,2.8752692640464286,78.7324595678287,6.863464418768018,0.8648325520403245,False
frame_000295.jpg,0,67.45747706892926,150.30698632579183,158.11320866029124,174.78299689823044,2.229998235051603,82.84950925686256,16.6697882379392,0.8834532569436466,False
frame_000296.jpg,0,72.11122551359162,155.498554950695,153.72693515797775,179.3701611015565,1.2484767537101402,83.38732943710338,25.643225943578756,0.8892355946933522,False
frame_000297.jpg,0,83.03513659778366,162.2679198265002,151.83288773665376,175.7500864256153,0.21709198200707513,79.23278322871653,23.917198688961548,0.9046244025230408,False
frame_000298.jpg,0,99.54097382194888,169.89548197654238,153.02217511611556,171.06453000214648,0.6307557053254081,70.3545081545935,18.04235488603092,0.897638317416696,False
frame_000299.jpg,0,118.60894990750977,170.58569918666117,156.92334423778144,169.6427923770062,1.3521123103518478,51.976749279151406,12.719448139224767,0.9028331181582283,False
frame_000300.jpg,0,136.22108956406873,163.8141327486276,161.81517854762077,170.9907464458018,1.6408528068790855,27.593043184558866,9.175567898181015,0.900392655064078,False
frame_000301.jpg,0,151.45804456363703,152.1695946441173,166.78136448800154,173.58069717786697,1.5261634702754572,0.711550080480265,6.799332689865423,0.8727561761351192,False
frame_000302.jpg,0,161.03208724179697,136.79558759190547,170.2717374680959,177.40586502263176,1.2128412155260817,24.2364996498915,7.134127554535866,0.8769849749172435,False
frame_000303.jpg,0,155.5425121897941,136.96344087922736,170.76145956063996,178.62110716903825,1.0239159470199648,18.579071310566746,7.859647608398291,0.8617341237909654,False
frame_000304.jpg,0,153.80497321904554,118.64453140486881,170.1770553593893,171.71115083298108,0.9513235529390281,35.16044181417672,1.5340954735917762,0.8515623176799101,False
frame_000305.jpg,0,150.60234443452512,104.67199612751241,169.78729628277873,164.69414070918018,1.205172122220856,45.93034830701271,5.093155573598551,0.8417906200184542,False
frame_000306.jpg,0,149.38165644545862,96.87478394301296,171.08152220280527,157.7327159255317,1.6919260439141506,52.50687250244566,13.348806277273582,0.8631973897709566,False
frame_000307.jpg,0,149.92951135353863,95.01508201597396,174.03438622300916,152.21719376460123,2.0119582721927873,54.91442933756467,21.81719245840793,0.8342269203242134,False
frame_000308.jpg,0,164.55917277799708,81.80271836902276,178.44556877266965,147.3864563965165,2.268799932605999,82.75645440897432,31.059112376153138,0.8401737002765431,False
frame_000309.jpg,0,168.59675203080386,93.95681179492757,177.50199298837623,148.0760487721291,2.452041805868584,74.63994023587628,29.42594421624713,0.8189745966125938,False
frame_000310.jpg,0,170.61697332773997,110.19675574425685,174.12394111288046,151.346614381566,2.33664336051427,60.42021758348312,22.777326731314446,0.8230510389103609,False
frame_000311.jpg,0,164.2693753614628,127.82329408937574,174.17614398463795,156.74567653922247,1.9694676392897759,36.44608127208707,17.430467445415474,0.8470497937763438,False
frame_000312.jpg,0,152.93704161522527,143.22192669650528,176.32150302646545,161.93840105814007,1.6170742795828759,9.71511491871999,14.383101968325377,0.8644129739088171,False
frame_000313.jpg,0,137.50623145358665,153.48460110144492,179.3297903284262,165.2750495096712,1.0441930036432185,15.978369647858273,14.054740818755022,0.8750434412675745,False
frame_000314.jpg,0,118.18420089207216,158.0809236176094,175.58147802516933,166.26037621494442,0.7052344061080957,39.89672272553723,9.321101810224917,0.8374761272879208,False
frame_000315.jpg,0,98.1570103229968,157.50073732855807,169.11609020519123,165.76409355944642,0.3330848495540224,59.34372700556128,3.351996645744805,0.8499251533957088,False
frame_000316.jpg,0,84.30790314474972,152.34891308991686,162.66681663868462,163.63160995838945,0.3680127218707876,68.04100994516715,0.9647933197048246,0.8349590056082782,False
frame_000317.jpg,0,74.62954076600194,148.5226599355588,154.91196160015235,163.3370234368688,0.68649117549049,73.89311916955687,8.425061836716452,0.8333784552181468,False
frame_000318.jpg,0,70.8233025081958,148.08751049910174,147.48285780083043,165.85380375487736,1.1887814385403483,77.26420799090594,18.37094595404693,0.8830240263658411,False
frame_000319.jpg,0,72.55734892435073,151.4425963084864,142.34309593337326,170.54514422302856,1.688498677557913,78.88524738413567,28.202048289655295,0.9027459761675667,False
frame_000320.jpg,0,80.54283457641795,156.38786628960202,140.42291840295835,175.78177481725595,2.27406001321375,75.84503171318407,35.358856414297605,0.9058088730363285,False
frame_000321.jpg,0,92.36401869886907,161.6648247392391,140.91199504939894,178.73600724014966,2.511152942940388,69.30080604037002,37.82401219075072,0.8928768704919254,False
frame_000322.jpg,0,111.18894447862068,161.41530546199664,145.91160208974978,176.3961820271742,2.490761420193244,50.226360983375955,30.484579937424428,0.8898241484866423,False
frame_000323.jpg,0,129.35546629915086,155.09892913345823,152.2070419948573,176.98658142472755,2.4022701239921638,25.743462834307365,24.779539429870255,0.9072176112848169,False
frame_000324.jpg,0,131.0696229939424,159.6549996810157,158.4646943620057,178.99664280782062,1.684708790488756,28.585376687073307,20.53194844581492,0.8856390048475826,False
frame_000325.jpg,0,143.77326972012955,144.4875048419232,163.4237778821137,177.32734466325414,0.9190038801924836,0.7142351217936493,13.903566781140427,0.8866336100241717,False
frame_000326.jpg,0,134.56216034087782,143.3818296429887,164.7542752391554,171.73925364534168,0.34428768202975235,8.819669302110867,6.984978406186286,0.8764296384418712,False
frame_000327.jpg,0,115.53799211495348,141.67550047114526,163.84191164639796,165.83486399846515,0.03286595804086306,26.137508356191773,1.9929523520671921,0.8821038708967321,False
frame_000328.jpg,0,107.80420553569165,129.01755341065862,162.96746615204782,159.40539633059305,0.4372485451539208,21.21334787496697,3.56206982145477,0.8817482695860022,False
frame_000329.jpg,0,122.99574509539,102.2877851174618,163.42897159118925,152.67520665093042,0.31929044783650684,20.707959977928212,10.753764940258833,0.8525745658313527,False
frame_000330.jpg,0,120.56900966466955,99.08296461138617,165.91450863682869,148.1177711258844,0.13107236413450474,21.486045053283377,17.796737510944297,0.8544770058463601,False
frame_000331.jpg,0,143.3020941107237,85.96644677944008,172.48998271476174,145.73113017193572,0.23257485688042318,57.33564733128361,26.75885254282602,0.8416920093929067,False
frame_000332.jpg,0,159.65198912901204,79.5821602465148,178.5459698318462,145.25026924861777,0.30140065663757276,80.06982888249723,33.29570058322844,0.8283939852434046,False
frame_000333.jpg,0,166.88124187983064,95.85742599014337,175.55577827518644,148.55343451872923,0.31405179615625683,71.02381588968727,27.002343756457208,0.8391717707409578,False
frame_000334.jpg,0,167.9366891141793,115.1246789506898,172.3765558952807,153.90699892336679,0.4191176173114021,52.812010163489504,18.469556971913903,0.8484042988103979,False
frame_000335.jpg,0,162.2366338613028,134.71464433004095,171.7809116876322,160.31283412430324,0.6842352953754155,27.521989531261852,11.468077563328961,0.8514000037137199,False
frame_000336.jpg,0,149.7901855388647,149.11192358506585,173.38078689716644,165.11893560047722,1.0179657636869763,0.6782619537988523,8.26185129668923,0.8320873064153335,False
frame_000337.jpg,0,132.15296868344595,157.19038276108614,176.03459122416737,168.29197899771134,1.757775929623603,25.037414077640193,7.742612226456032,0.8470268810496611,False
frame_000338.jpg,0,110.11456750318938,159.96087600691646,179.46380720247708,170.00929089535433,2.316556419147543,49.84630850372709,9.45451630712276,0.8227706025628483,False
frame_000339.jpg,0,91.47892167308092,157.87914282166545,175.13752913557573,170.4257858891372,2.846477225232535,66.40022114858454,4.7117432464385445,0.8296190920998069,False
frame_000340.jpg,0,77.59663422393952,151.45531707715605,170.21110732292712,169.34537349349142,3.116312552595715,73.85868285321654,0.8657338294356975,0.8562561343697941,False
frame_000341.jpg,0,69.59339267698941,148.51255966615602,164.25684832324126,171.11637248164647,3.046670953274699,78.91916698916661,6.859524158405208,0.8495515374576345,False
frame_000342.jpg,0,67.55350247422642,150.59376836650796,158.4758690363071,175.0910846869603,2.4068001785521473,83.04026589228154,16.615215650653198,0.8747711777687073,False
frame_000343.jpg,0,72.8259113822084,155.61999735477593,154.59526266433795,179.58991494081457,1.455455757656084,82.79408597256753,24.994652276476614,0.88111711249632,False
frame_000344.jpg,0,83.69996128416032,162.00330212561093,152.6109682236905,175.86314608999615,0.48114079507825125,78.3033408414506,23.252177866305658,0.9102694532450508,False
frame_000345.jpg,0,100.38093004449875,169.34131595840242,153.43273625137732,171.14083812338012,0.5219150939315487,68.96038591390366,17.7081018720028,0.8990542502964244,False
frame_000346.jpg,0,119.729801975878,170.0549919636701,157.2280061653579,169.79732857411102,1.2941016564158059,50.325189987792086,12.569322408753123,0.9066892055904164,False
frame_000347.jpg,0,136.93149569881265,163.65265842361794,162.0630131821841,171.02863867636725,1.6439704933566854,26.721162724805282,8.965625494183143,0.891963285558364,False
frame_000348.jpg,0,150.58423109181118,152.07313436963827,166.57986073955192,173.47313050118288,1.4127969515680048,1.4889032778270916,6.893269761630961,0.895767916651333,False
frame_000349.jpg,0,160.6180161815025,136.12162242943035,170.06279084617125,177.81128983935437,1.2020308499149137,24.49639375207215,7.748498993183119,0.8902315076659707,False
frame_000350.jpg,0,155.49993892819367,136.65140953772445,171.10105771572432,177.6746636394483,1.0001527533596413,18.848529390469224,6.5736059237239886,0.878483400625341,False
frame_000351.jpg,0,153.71120657959517,118.56132753744289,170.59357592373595,170.72264839392838,0.9151355396870112,35.14987904215228,0.12907247019242618,0.8720479923136094,False
frame_000352.jpg,0,150.6264107998148,104.35030826793009,170.0307937143002,162.72846205928897,1.2912566772724021,46.27610253188472,7.302331655011216,0.8467098474502563,False
frame_000353.jpg,0,150.0799078080052,95.95793020793535,171.25942643577713,155.2836620702824,1.9391479926359563,54.121977600069854,15.97576436549474,0.8635623139493606,False
frame_000354.jpg,0,150.2164137374683,94.69713628478368,173.81999735384412,150.4873970471454,2.35186223201126,55.519277452684605,23.33260030669871,0.8379597173017614,False
frame_000355.jpg,0,164.88789342341678,81.09490414785164,178.0968104233871,146.2999378634646,2.507631666381325,83.79298927556515,31.79687255992249,0.8403953208642847,False
frame_000356.jpg,0,168.90712708580583,93.474368754193,177.76459353866522,147.24348080874424,2.583783599955498,75.43275833161283,30.521112729920986,0.8248739768477047,False
frame_000357.jpg,0,170.5151049104811,109.99680877752554,174.40870128210977,151.3026017839209,2.3112528350289843,60.51829613295557,23.106099498188883,0.8209918211488163,False
frame_000358.jpg,0,164.40385592108146,127.82665896239624,174.22545061291103,156.71423253793932,1.951275280972055,36.57719695868522,17.51121807497171,0.8484929729910458,False
frame_000359.jpg,0,153.20075344379404,143.14552653345544,176.2432284688968,162.05075359440957,1.5077153086677972,10.055226910338604,14.192474874487232,0.8441769726136151,False
frame_000360.jpg,0,137.5452241786428,153.10157451363327,179.42509786834657,165.2227080187248,0.9738815183150578,15.55635033499047,14.202389849621767,0.861994652187123,False
frame_000361.jpg,0,118.61365837223346,157.81464873534543,175.46522387767914,166.2011724374193,0.7006825025059407,39.20099036311197,9.264051440259834,0.8565677053788129,False
frame_000362.jpg,0,98.33456958284592,157.40936564048252,168.75719905021953,165.6823195030454,0.3650144445769054,59.074796057636604,3.0748795471741346,0.8468334990389207,False
frame_000363.jpg,0,84.85860477246642,152.19555155051697,162.30389748434973,163.54930765365444,0.4129102412210557,67.33694677805055,1.245410169304705,0.8360378356540904,False
frame_000364.jpg,0,74.8143536211237,148.4142825417287,154.7373895649802,163.3393422458897,0.6018710886450864,73.59992892060501,8.601952680909505,0.8561470718944774,False
frame_000365.jpg,0,70.9091640182784,148.2125153209346,147.46180196278695,165.9580784351095,1.081760080731191,77.30335130265621,18.496276472322563,0.8777263515135821,False
frame_000366.jpg,0,72.30609210367942,151.53294369479306,142.40654195305964,170.30810561584755,1.6190810421160675,79.22685159111364,27.901563662787908,0.9188659857301151,False
frame_000367.jpg,0,80.76691668613317,156.33171148856033,140.9389600817818,175.38520672862978,2.2490130713406895,75.56479480242716,34.44624664684798,0.9050751538837657,False
frame_000368.jpg,0,92.00598862029376,161.91374700546547,141.26094329386612,178.8101518686798,2.3882296482655465,69.9077583851717,37.54920857481369,0.90629841299618,False
frame_000369.jpg,0,111.42279814978876,161.51145359097907,146.56455822937227,176.4991774344455,2.36828920359122,50.08865544119031,29.934619205073233,0.8960647863500258,False
frame_000370.jpg,0,129.7778638113592,155.5241417950005,152.84653409656474,176.81800410221763,2.249881572497208,25.746277983641306,23.97147000565289,0.9138056600795073,False
frame_000371.jpg,0,145.3031396196206,143.3444831424781,159.03197740281178,178.73077541310198,1.6195036156510925,1.9586564771424833,19.698798010290204,0.8812319320790908,False
frame_000372.jpg,0,144.3062939571737,146.13736547843274,163.68399269811368,177.81830383684562,0.8461283505235072,1.831071521259048,14.134311138731931,0.8868434359045589,False
frame_000373.jpg,0,135.64207549027336,145.47859258640602,165.84227495944464,172.0729224360684,0.1885097061873673,9.836517096132667,6.230647476623773,0.8845348813954521,False
frame_000374.jpg,0,112.60480474684651,143.71533868001512,163.40121050926797,166.33640233913673,0.0864867867585417,31.11053393316861,2.9351918298687565,0.862973623416003,False
frame_000375.jpg,0,104.83092357447424,131.1207353474872,162.59731338180606,159.65267225171416,0.4556262216732406,26.289811773012957,2.9446411300918953,0.8730693740003249,False
frame_000376.jpg,0,99.34429672626477,122.56323140518873,163.0317441459339,152.7937528326111,0.4245626500463876,23.218934678923958,10.237991313322823,0.8574410186094397,False
frame_000377.jpg,0,119.45420591929985,100.37514552759326,165.38983841674923,147.5417670118605,0.19635746386844558,19.07906039170659,17.848071404888742,0.854922519010656,False
frame_000378.jpg,0,141.4250831918158,85.51423395331936,171.16454532263268,145.22758167986817,0.13184776966253714,55.910849238496425,25.93696364276451,0.8511194060830509,False
frame_000379.jpg,0,159.69160932292536,79.17581408254689,178.1143506694674,144.58612041572755,0.09791139136690793,80.51579524037847,33.52823025373985,0.8362237670842338,False
frame_000380.jpg,0,166.65251984118535,95.47032224122404,176.06679410712675,148.00992387922938,0.14368754022827854,71.18219759996131,28.056870227897377,0.8365954651552088,False
frame_000381.jpg,0,167.88543507060658,114.57296574073648,172.95439234177837,153.4131417321315,0.1764795965226477,53.3124693298701,19.54125060964688,0.843399868291967,False
frame_000382.jpg,0,162.00790303540268,133.83769807096468,172.37476469570757,159.8484364037306,0.4465904383506654,28.170204964438,12.526328291976967,0.8507927270496592,False
frame_000383.jpg,0,149.93414417548834,148.1064190052614,173.81970101459186,164.42715625226694,0.7172888484608468,1.8277251702269552,9.392544762324917,0.8450082049650305,False
frame_000384.jpg,0,132.61811329296174,156.29829478167179,176.2255124124341,167.6300407879666,1.5137952633678302,23.680181488710048,8.595471624467507,0.8471690731890061,False
frame_000385.jpg,0,110.620264628845,159.24712177420332,179.2467390380432,169.36062797563076,2.0572361252037106,48.626857145358315,9.886111062412425,0.8499028822954964,False
frame_000386.jpg,0,91.60200490194563,157.41043344369098,174.97548290946787,170.0642210343022,2.6999241615537137,65.80842854174534,4.911261875165678,0.8473601376309114,False
frame_000387.jpg,0,77.622202618685,150.6471600161271,169.895542374781,168.834999350391,2.872993907559816,73.0249573974421,1.0605430243900003,0.8674850498928743,False
frame_000388.jpg,0,69.58495547205601,148.14063857725574,164.42106413579467,170.9238733773976,3.070793814051298,78.55568310519973,6.502809241602932,0.8956141401739681,False
frame_000389.jpg,0,67.52175392902711,149.62253188124927,158.49039075923457,174.7796324363002,2.444613365016467,82.10077795222216,16.289241677065633,0.8869481928208295,False
frame_000390.jpg,0,72.83809824507328,154.94919687004784,154.96313845153486,179.60092499953083,1.6193463837043052,82.11109862497456,24.637786547995972,0.8933382560225094,False
frame_000391.jpg,0,84.09151589084473,161.6206440595875,153.21987409423167,175.44480874742342,0.6430734349680878,77.52912816874277,22.224934653191752,0.899570503655602,False
frame_000392.jpg,0,100.32605220371967,169.48971019582683,154.26635623162494,170.25008394261673,0.168236901473441,69.16365799210716,15.983727710991786,0.8975862404879402,False
frame_000393.jpg,0,119.8273760201716,169.83716452094833,157.6268613503032,169.19575124881936,1.0794077813353669,50.009788500776736,11.568889898516176,0.8994394120048074,False
frame_000394.jpg,0,137.01798334930166,164.5958869645131,162.29299949939414,169.98842309533225,1.4922487127274922,27.577903615211454,7.695423595938109,0.9015700817108154,False
frame_000395.jpg,0,151.30260667328338,153.21742923226867,166.58606347754272,172.804311384196,1.5225041576411924,1.9148225589852927,6.218247906653289,0.8881872541764203,False
frame_000396.jpg,0,161.21876557016338,136.93287934499787,170.10193908946079,177.42359296817466,1.3225800862868287,24.285886225165513,7.3216538787138745,0.8899263143539429,False
frame_000397.jpg,0,156.4883052440662,137.21476162433987,170.94671720526202,177.86857177821773,1.2297613027481862,19.273543619726325,6.921854572955709,0.8769673950531903,False
frame_000398.jpg,0,154.73287626838732,119.41441652568778,170.50673796348693,171.06104710928162,1.0904811383967483,35.31845974269953,0.55430914579469,0.8649177165592418,False
frame_000399.jpg,0,151.58728347235134,104.57109418136133,170.25687524140776,162.94283880997577,1.3658842532872033,47.01618929099001,7.314036431431987,0.8626132677583134,False
frame_000400.jpg,0,150.17059284723913,95.25341928495672,171.32095775173096,155.42208271396908,1.9342233943159362,54.917173562282414,15.898875037761883,0.8823237138635972,False
frame_000401.jpg,0,150.31078469875897,94.00565328968041,173.95657350053713,150.78495672880638,2.247892912682572,56.305131409078555,23.171616771730754,0.8558198248638826,False
frame_000402.jpg,0,164.27192290709218,80.8887091962229,178.1870700052853,146.5034027313677,2.385929742204816,83.38321371086927,31.68366727391762,0.8540352162192849,False
frame_000403.jpg,0,168.21065918186054,92.63571972433942,177.80211457315912,147.21057698624352,2.564962316772416,75.57493945752111,30.591537586915592,0.8167679905891418,False
frame_000404.jpg,0,170.15520340447657,109.1275479379793,174.43164837282154,150.87246679386416,2.3918049757282156,61.027655466497265,23.55918157895738,0.8272447796428904,False
frame_000405.jpg,0,164.2953337537455,127.59938429053177,174.15823793568808,156.6381249509442,1.9555049342026132,36.69594946321372,17.52011298474389,0.8565277141683242,False
frame_000406.jpg,0,153.55380873286774,143.02513088094773,175.909664779538,161.81527458922014,1.5417233423393017,10.528677851920008,14.094390190317853,0.8612417157958535,False
frame_000407.jpg,0,138.23018661291437,153.39231660676555,179.09221021081012,165.20463465388616,1.0349620048846533,15.162129993851181,13.887575556923963,0.8601958681555355,False
frame_000408.jpg,0,119.39624809899652,157.917249559307,176.04316211655225,166.25768131707707,0.6353898694975928,38.52100146031049,9.785480799475181,0.8665807352346533,False
frame_000409.jpg,0,99.00248058819749,157.43090432222826,169.4474246265584,165.8220129617486,0.2635792358676562,58.42842373403077,3.625411664809775,0.8544034957885742,False
frame_000410.jpg,0,85.00166907185164,152.68012656276937,163.01924185782815,164.17212815593786,0.22944535792038642,67.67845749091774,1.1528862981097063,0.8419524676659528,False
frame_000411.jpg,0,74.95275376018675,148.86141227787152,155.25881973848198,164.0090733191669,0.5286837214896626,73.90865851768477,8.750253580684927,0.863481788074269,False
frame_000412.jpg,0,71.03353863346034,148.03986007303203,147.82488536198272,166.26862987287075,1.020629420532856,77.00632143957169,18.443744510888024,0.8883187911089729,False
frame_000413.jpg,0,72.2570299607429,151.39983762078316,142.2896859652282,170.6652159313979,1.666555902417113,79.14280766004026,28.375529966169722,0.9068805540309233,False
frame_000414.jpg,0,80.38814795997027,156.22311005082025,140.53679327303576,175.96927977546844,2.2243712315854784,75.83496209084998,35.43248650243268,0.8940941901767955,False
frame_000415.jpg,0,92.0547398594067,161.08116119562155,141.12589556250376,179.07272138157856,2.5037938854154778,69.02642133621485,37.9468258190748,0.9005814054433037,False
frame_000416.jpg,0,110.68654136688403,161.36962645213848,146.09098629301914,176.41009586804995,2.3928894627042436,50.68308508525445,30.319109575030808,0.8877209109418532,False
frame_000417.jpg,0,128.9982945245814,155.19914490330962,152.63062162162228,176.67496300962205,2.1750168045947373,26.200850378728205,24.044341387999765,0.9064095090417301,False
frame_000418.jpg,0,142.97886521626248,152.50159622640513,158.50908154153328,178.93573612132323,1.6083307812236645,9.52273101014265,20.426654579789954,0.9058046726619496,False
frame_000419.jpg,0,139.31152965026578,157.41713736665656,162.77901109144472,177.81747373528336,0.8159646638171991,18.10560771639078,15.038462643838642,0.8794054529246162,False
frame_000420.jpg,0,126.06936683986228,158.56814962499382,164.27304082270962,173.17697047821227,0.11089050489248466,32.49878278513154,8.903929655502651,0.8697015152258032,False
frame_000421.jpg,0,100.60335838538853,155.64931342780966,163.1128483132114,166.88466953460272,0.13371264368907249,55.04595504242113,3.7718212213913205,0.8857456726186416,False
frame_000422.jpg,0,92.61619480765214,144.08846735364233,161.91989609340467,160.19063046107783,0.40480242447923204,51.472272545990194,1.7292656323268432,0.8828846742125118,False
frame_000423.jpg,0,98.91638745540314,124.21611810726614,162.41820330026783,153.8007395580636,0.4156779217123167,25.299730651863,8.617463742204222,0.8546478537952199,False
frame_000424.jpg,0,119.49067067960772,100.72338893053784,165.38780923904372,148.36551497798888,0.16800547042961386,18.76728174906988,17.02229426105484,0.8697740225230947,False
frame_000425.jpg,0,142.5931802373134,85.14588956302867,171.90439592607703,145.02754694405158,0.06772799517026305,57.447290674284716,26.87684898202545,0.8808936406584347,False
frame_000426.jpg,0,159.2769234841033,79.25602040536877,178.02645280582746,144.74923746618032,0.0678678576857897,80.02090307873452,33.27721533964714,0.8314948187154882,False
frame_000427.jpg,0,166.2890886639273,95.7520790137884,176.11956670366564,148.38767536526433,0.11059991792486215,70.53700965013888,27.73189133840131,0.8380121974384084,False
frame_000428.jpg,0,167.58549088317548,114.930027586372,172.60114734695742,153.48980955292453,0.24945960642616785,52.655463296803475,19.11133779403289,0.8484904731021208,False
frame_000429.jpg,0,161.50439988065804,134.1921938407663,172.16913449172446,159.82894301033346,0.5195068017342546,27.31220603989175,12.340191481391003,0.8543356025920195,False
frame_000430.jpg,0,149.26478334798554,148.4247844388805,173.79881991221964,164.882706761,0.9290455231036383,0.8399989091050486,8.916113151219633,0.8296467486549827,False
frame_000431.jpg,0,132.28377993126333,156.4044876086202,176.24546462921361,167.88675490754983,1.5936807379105946,24.120707677356876,8.358709721663786,0.8430825121262494,False
frame_000432.jpg,0,110.91060013316708,159.26912528134176,179.38986738446383,169.6160795283465,2.1786026764579773,48.35852514817468,9.773787856117337,0.8381914321114036,False
frame_000433.jpg,0,92.38566719858287,157.61814212843123,175.13225249176259,170.47218244883103,2.746774833836954,65.23247492984837,4.660070042931551,0.8430850926567527,False
frame_000434.jpg,0,78.81285267336132,151.28173601421346,170.02660547251148,169.49332532708925,2.9501731105745503,72.46888334085214,0.5332801454222249,0.8715252104927512,False
frame_000435.jpg,0,70.62184263496788,148.46794843914202,164.42210358186196,171.25037089669226,2.921547031155566,77.84610580417414,6.828267314830299,0.8869696785421932,False
frame_000436.jpg,0,68.2829502201363,150.41097491584574,158.55038246414725,175.5454685280875,2.3657690906520594,82.12802469570944,16.99508606394025,0.8852565709282371,False
frame_000437.jpg,0,73.20380463325755,155.3848464601259,154.70872332594337,179.96823103937822,1.4564769468491072,82.18104182686837,25.259507713434857,0.8834853417733136,False
frame_000438.jpg,0,83.89031917815603,161.9287870213262,152.72244930561277,175.36081160822732,0.48161680076936136,78.03846784317017,22.638362302614553,0.9090443779440487,False
frame_000439.jpg,0,100.16813543163569,169.32630447085802,153.86863408831803,170.74234664470882,0.3915505816040796,69.15816903922233,16.873712556390785,0.910327367922839,False
frame_000440.jpg,0,119.50546114629998,170.34283118317612,157.3835062751661,169.3623406806377,1.1946109494256527,50.83737003687614,11.978834405471588,0.9077450387618121,False
frame_000441.jpg,0,136.85390109053347,173.16505181812752,162.34453309077105,171.60261871841473,1.5027339653347247,36.311150727594054,9.25808562764368,0.8933070617563584,False
frame_000442.jpg,0,151.41330246472592,161.92830481306902,167.07763193340435,173.86743849645282,1.3710377645435892,10.515002348343103,6.789806563048472,0.87384752666249,False
frame_000443.jpg,0,161.52563927034205,144.31977197475962,170.87858705344786,178.37691718617683,1.0785293581282003,17.205867295582436,7.498330132728967,0.8701721464886385,False
frame_000444.jpg,0,165.2255681085924,122.43468483428795,172.43015841781028,175.145739717104,0.8164872112912619,42.79088327430445,2.715581299293717,0.8807099566740149,False
frame_000445.jpg,0,164.29063280979258,102.23281449843041,172.18994431343515,167.78958922430454,0.7163196204047327,62.05781831136217,4.400355089130613,0.8827958948471967,False
frame_000446.jpg,0,161.7694346185608,86.21731593557938,171.53629714647403,160.95240712454643,1.0566776545058647,75.55211868298143,10.583890021927601,0.8576042862499461,False
frame_000447.jpg,0,161.13403632936078,77.28083963592417,172.7370602642663,153.6080615922046,1.569426144243665,83.85319669343662,19.128998672061698,0.8778176237555111,False
frame_000448.jpg,0,161.7058450735103,75.44224755091751,174.98477137577714,149.00084538498382,1.989073286601596,86.26359752259278,25.983925990793324,0.8387896839310142,False
frame_000449.jpg,0,164.68869151979447,81.29020254241574,178.4069863434591,146.98062956693934,2.307507726995288,83.39848897737873,31.426356776519754,0.8411849596921135,False
frame_000450.jpg,0,168.53621321267508,93.06257990923196,177.66795433565127,147.8642646384638,2.4448769097352088,75.47363330344312,29.80368969718748,0.8093650376095491,False
frame_000451.jpg,0,170.49616751048552,109.46552323742313,174.0869674293221,151.50387712374987,2.1350841424314986,61.03064427306239,22.583090305572227,0.8199638338649974,False
frame_000452.jpg,0,164.24993908489097,127.47341340129363,174.12165062531489,156.76355779584034,1.8351529025303606,36.77652568359734,17.358092829474543,0.8524094013606801,False
frame_000453.jpg,0,153.14242562361773,142.9198512031857,176.02226920716473,161.94563419293874,1.480433513901225,10.22257442043204,14.076635014225985,0.8590550668099347,False
frame_000454.jpg,0,137.78954621025818,153.38897838219611,179.19482957565833,165.28119067345455,1.0365607736227391,15.599432171937934,13.913638902203786,0.8613911761957056,False
frame_000455.jpg,0,118.74271309182527,158.0950048190553,175.95271156556655,166.3909681358578,0.6347190654080919,39.35229172723004,9.561743429708741,0.8556904968093423,False
frame_000456.jpg,0,98.80179057235584,158.08531898552104,169.2731288611998,165.94033693933036,0.42932696957524963,59.2835284131652,3.3327919218694433,0.8656182850108427,False
frame_000457.jpg,0,85.72522482337762,153.44968023476162,163.0487275399413,164.23610348093035,0.37998514425568625,67.724455411384,1.1873759409890567,0.8432893928359536,False
frame_000458.jpg,0,75.73830401534023,149.0606606384475,155.37807032930726,163.4768056603729,0.6932732194557316,73.32235662310727,8.098735331065626,0.8498789668083191,False
frame_000459.jpg,0,71.63963775527,148.1372329356875,148.07744354825886,165.6363807032554,1.1184808102649215,76.4975951804175,17.558937154996556,0.8676536784452551,False
frame_000460.jpg,0,72.79421817506751,151.340568555389,142.43945216592007,169.92202281484697,1.7606923148321352,78.5463503803215,27.482570648926895,0.9127947302425609,False
frame_000461.jpg,0,80.26399035031903,155.99385930917242,140.4468874022822,175.07758809564342,2.365602916967808,75.72986895885339,34.630700693361234,0.9109460641356075,False
frame_000462.jpg,0,91.23816363101251,161.10301056005108,140.71319623164973,179.64825965537827,2.6965139474270035,69.86484692903856,38.935063423728536,0.8967998869278851,False
frame_000463.jpg,0,109.95579206959874,161.24527496104662,145.63722022794641,176.94681946207007,2.575162551984342,51.289482891447875,31.309599234123652,0.881048206020804,False
frame_000464.jpg,0,128.14112280240312,155.98942515635838,151.93027163462148,176.7733983508398,2.403767870939657,27.848302353955262,24.843126716218336,0.9099496848442975,False
frame_000465.jpg,0,129.86496809347153,160.59346341204957,158.07962014564376,178.75806043322834,1.7334596929806414,30.72849531857804,20.67844028758458,0.8924997589167427,False
frame_000466.jpg,0,125.25464742313328,164.3096827841276,162.43694543163377,178.1483679655678,0.9062931740798988,39.055035360994324,15.711422533934012,0.8766020466299618,False
frame_000467.jpg,0,111.21274892873001,162.41944649235256,163.98447328896154,172.9078599457855,0.1398656702675601,51.206697563622555,8.923386656823965,0.884715315173654,False
frame_000468.jpg,0,89.98439899147684,158.92516006171448,162.9962942081959,166.94516476939302,0.20431436952461657,68.94076107023764,3.9488705611971113,0.8675353386822868,False
frame_000469.jpg,0,84.95294572776304,147.1745073565245,162.05562312165605,160.06561470815893,0.5710872668189253,62.22156162876145,1.9900084134971223,0.8900146940175224,False
frame_000470.jpg,0,98.42829952393173,122.60918910478946,162.64510306391307,153.34372100258693,0.5316975281472026,24.180889580857738,9.301382061326137,0.8494202459559721,False
frame_000471.jpg,0,119.77559386909952,98.52764950301894,166.0824663058321,147.9498358979905,0.3617130577080084,21.24794436608059,18.13263040784159,0.8623902902883642,False
frame_000472.jpg,0,143.47561632172363,84.78556719676429,172.57976713394112,145.14909552566434,0.1992412183199698,58.690049124959344,27.430671608276782,0.8531851102324093,False
frame_000473.jpg,0,159.91147244912938,78.45104719023077,178.50061104099734,144.70664322646854,0.2002280264693146,81.46042525889861,33.7939678145288,0.8291420831399805,False
frame_000474.jpg,0,166.7769820494732,94.86783974720645,175.64210832722134,148.04220801786823,0.2458473940873449,71.90914230226674,27.599900309353103,0.8397758883588454,False
frame_000475.jpg,0,168.13393618586957,113.98054630213731,172.38557447807375,153.23005560582232,0.3149151076405711,54.15338988373226,19.155518872251434,0.8538242718752693,False
frame_000476.jpg,0,162.23991918969807,133.66420973986365,172.00586990297313,159.65958849529213,0.48344525768383034,28.57570944983442,12.346281407681005,0.8528414368629456,False
frame_000477.jpg,0,149.85111701944197,148.0307943645812,173.61080692879816,164.861526871921,0.955267121134834,1.8203226548607745,8.749280056877154,0.8419979284791386,False
frame_000478.jpg,0,132.66471015630623,156.26681903953926,176.08830336501697,167.90038173216288,1.5901853743501089,23.60210888323303,8.187921632854085,0.8433688633582171,False
frame_000479.jpg,0,110.66633502812039,159.58397505541785,179.44725839970042,169.87807876761164,2.169896637966113,48.917640027297466,9.569179632088776,0.8511425817714018,False
frame_000480.jpg,0,91.85912427001294,157.60681168425802,175.14536862808185,170.31564156646436,2.6982033642469543,65.74768741424508,4.82972706161749,0.8283573669545791,False
frame_000481.jpg,0,78.21408266465059,151.37887291249825,170.05434919676347,169.45931534899987,2.9980061764992865,73.16479024784766,0.5950338477636024,0.861052930355072,False
frame_000482.jpg,0,69.99943442236103,148.53856205486338,164.40391648957686,171.0201873005245,2.9402141700571374,78.53912763250234,6.61627081094764,0.8783173420849968,False
frame_000483.jpg,0,67.55474286278609,150.07567322387948,158.20488653011512,174.58181146259446,2.2394043092339913,82.52093036109339,16.37692493247934,0.878449327805463,False
frame_000484.jpg,0,72.58701900713626,155.26107643165375,154.2222115710412,179.36470324496227,1.3941401145177958,82.67405742451749,25.142491673921057,0.8910600087221932,False
frame_000485.jpg,0,83.17780239202233,162.039015851089,152.2974040257715,175.7029467784414,0.48505415989656486,78.86121345906668,23.405542752669902,0.9133655183455524,False
frame_000486.jpg,0,99.22262358502216,169.51127411376947,153.2532010554818,171.2549652027398,0.4788992648661028,70.28865052874731,18.001764147258,0.892469304449418,False
frame_000487.jpg,0,118.55494817214088,170.23543682525764,156.97242838112007,169.94187927760063,1.2877334319140195,51.680488653116754,12.969450896480566,0.9073254956918604,False
frame_000488.jpg,0,136.1129482121862,164.45571280701245,161.97193260654825,170.91707166289106,1.5662431736021718,28.342764594826235,8.94513905634281,0.9028328551965601,False
frame_000489.jpg,0,151.05951550839583,152.415412923519,166.7772264495116,174.07675728056716,1.563933419165557,1.3558974151231666,7.299530831055563,0.8754895645029405,False
frame_000490.jpg,0,161.24449760739853,136.88216881866296,170.31476762481708,178.10872406016458,1.3417693672017474,24.362328788735567,7.793956435347496,0.8869956030565149,False
frame_000491.jpg,0,156.21040933071075,137.98754469701367,170.99905516497057,177.60536759038618,1.176425003168027,18.22286463369707,6.606312425415609,0.8726429974331575,False
frame_000492.jpg,0,154.58566559181577,120.00634531226311,170.4042478232976,170.4510163402602,1.1382023691054608,34.57932027955266,0.04676851696260087,0.8817736541523653,False
frame_000493.jpg,0,151.44868548242115,105.44822422853187,169.8160201432657,162.95265651745896,1.4190643612042215,46.000461253889284,6.863363625806727,0.851691319661982,False
frame_000494.jpg,0,150.00526971987634,95.97577118188981,170.98956834263566,155.73608150601066,1.9187386642239925,54.02949853798653,15.253486836625001,0.867899849134333,False
frame_000495.jpg,0,150.3265868897243,93.90539861240887,173.55022621401534,150.6316243983175,2.2971955109529034,56.42118827731542,22.918601815697826,0.8476034262601067,False
frame_000496.jpg,0,164.5760055785656,80.03167836988564,177.77173016555028,146.85002478485652,2.479842627899919,84.54432720867996,30.921705380693766,0.8409033137209275,False
frame_000497.jpg,0,168.81636258524946,91.6063934825475,177.84863994903756,147.54590664367473,2.5484263666680715,77.20996910270196,30.302733305362835,0.8240305395687327,False
frame_000498.jpg,0,170.86270188247778,108.1231883658572,174.14074677426834,150.87930893153984,2.278743377755859,62.739513516620576,23.261437842728498,0.8244989374104668,False
frame_000499.jpg,0,164.69858390928385,126.90204129204626,174.1450347352097,156.34970998583802,1.9814231691035658,37.79654261723759,17.795324749371673,0.8520359537180733,False
frame_000500.jpg,0,154.09773342383315,142.63774556893853,175.82611385487758,161.67787346170567,1.6046486709156274,11.45998785489462,14.148240393171903,0.8537237959749558,False
frame_000501.jpg,0,138.65063259759737,153.14416889088025,179.0704503379439,165.15520192978437,1.0347109173708242,14.493536293282887,13.915248408159528,0.8426487130277297,False
frame_000502.jpg,0,119.56573652068103,158.0337178038275,175.85148491080662,166.42312314685293,0.6688705849752884,38.46798128314647,9.428361763953689,0.8495188215199638,False
frame_000503.jpg,0,99.43624697925094,157.9115679038603,169.30375599350987,166.1207671531257,0.36540268754117894,58.47532092460935,3.182988840384155,0.8394957114668453,False
frame_000504.jpg,0,86.3130366529874,152.86472508239893,163.0593627369993,164.25823009692695,0.31276372242408546,66.55168842941153,1.1988673599276467,0.835384305785684,False
frame_000505.jpg,0,75.99462649752064,148.6330348599883,155.4272483276504,163.80294843687878,0.544366175202649,72.63840836246766,8.375700109228376,0.8461147687014412,False
frame_000506.jpg,0,71.74533822960285,147.93882958964338,148.2117724720137,165.9707791310438,1.0764193504868234,76.19349136004053,17.759006659030092,0.8651029222151813,False
frame_000507.jpg,0,73.17560357413011,151.18903256334622,142.89072693181896,170.06391163337273,1.6937285989556676,78.01342898921611,27.173184701553765,0.9057672304265639,False
frame_000508.jpg,0,80.50344755066133,156.04578162769067,140.37042587438643,175.52500510080216,2.290327332025812,75.54233407702934,35.154579226415734,0.8981533786829781,False
frame_000509.jpg,0,91.49675444462439,161.39536538729564,140.94590056879656,179.0751438668864,2.5019160014962893,69.89861094267125,38.12924329808985,0.8956806519452263,False
frame_000510.jpg,0,110.33422906781823,161.92103777382604,145.7825396649702,176.19237039750945,2.4457686647564323,51.586808706007815,30.409830732539262,0.8737149904755985,False
frame_000511.jpg,0,128.80395316215407,156.11210041446424,151.99650243258705,176.31015362031698,2.2877895671525668,27.308147252310164,24.31365118772993,0.909879232154173,False
frame_000512.jpg,0,144.1907630200635,143.78660309391626,158.21971455708888,178.1455819701175,1.6138840073785479,0.4041599261472584,19.925867413028612,0.9018237450543571,False
frame_000513.jpg,0,142.01904680218078,147.81957219015362,162.2443584307978,178.64228295175965,0.9471116427551021,5.80052538797284,16.39792452096185,0.8830077613101286,False
frame_000514.jpg,0,132.8928205184599,148.24846385621728,163.96891750986362,173.72533339098416,0.28227323161172313,15.355643337757385,9.756415881120546,0.8741556651452008,False
frame_000515.jpg,0,111.02209087668791,146.2613305155309,162.07834703715343,167.67660198196805,0.034402932045064415,35.239239638842975,5.598254944814613,0.8541032040820402,False
frame_000516.jpg,0,103.37925886724733,133.69931040295822,161.12431907981514,161.15228560665997,0.44223725877614395,30.32005153571089,0.02796652684483547,0.8870608631302329,False
frame_000517.jpg,0,97.88697037684506,125.34129111728497,161.51584118314352,154.51339198618635,0.4366108941346284,27.45432074043991,7.002449196957173,0.8735143472166622,False
frame_000518.jpg,0,118.46761966598389,100.95207128001697,165.25207418733405,148.76155937629835,0.33390647303104315,17.515548385966923,16.490514811035695,0.8640587224679834,False
frame_000519.jpg,0,140.66886599049502,85.64645844679568,171.33663808008552,145.87720492234126,0.3024708441777015,55.022407543699345,25.459433157744257,0.8424117495031918,False
frame_000520.jpg,0,159.30318663047305,79.16733846807655,178.35389473953794,145.42073759700338,0.3735748996686727,80.1358481623965,32.933157142534554,0.8319184499628404,False
frame_000521.jpg,0,166.23791662139826,95.49685468374774,176.07291562616223,148.68155954927488,0.3158860528573734,70.74106193765051,27.391356076887348,0.846077280886033,False
frame_000522.jpg,0,167.32427044198013,114.37563158180346,172.93578058552725,153.81539056451624,0.3527902322117808,52.94863886017667,19.12039002101102,0.8390227275736192,False
frame_000523.jpg,0,161.73021791763867,133.74228226067424,172.33442836049932,160.3616358338254,0.6551645470738088,27.987935656964424,11.972792526673913,0.8524259819703943,False
frame_000524.jpg,0,149.84579745256573,148.1922667793662,173.81327956726463,165.2616810687976,0.9949628834938319,1.6535306731995263,8.55159849846703,0.8347823970458087,False
frame_000525.jpg,0,132.42846635962775,156.29045117427646,176.26289793231206,168.1155753477946,1.6550384479955842,23.861984814648707,8.147322584517468,0.8434522502562579,False
frame_000526.jpg,0,110.84235203569405,159.44361791097606,179.52348815696772,169.9282627766068,2.305164258708075,48.60126587528201,9.595225380360915,0.833141400533564,False
frame_000527.jpg,0,92.06765609824986,157.8899694515124,175.20838261688124,170.71389742424765,2.8833775950045024,65.82231335326254,4.49448519263359,0.8295227219076717,False
frame_000528.jpg,0,77.94205255677089,151.14242970251996,170.19297170339036,169.38398969111296,3.0546593197983336,73.20037714574907,0.8089820122773972,0.8677525695632485,False
frame_000529.jpg,0,69.35658722963713,148.2059800315856,164.45346714196353,170.92047369704827,3.0807665606857237,78.84939280194847,6.467006555084737,0.8713364566073698,False
frame_000530.jpg,0,67.16323466461614,149.70545419801863,158.0038729863026,174.62991168422715,2.325323763361909,82.54221953340249,16.626038697924542,0.8822287706767812,False
frame_000531.jpg,0,71.6483944961952,154.84452522768103,153.94181969608636,179.0865329357914,1.3352575825029234,83.19613073148584,25.144713239705055,0.8829426730380339,False
frame_000532.jpg,0,82.59144299532126,161.44647691289273,152.22254811938654,176.10155546721518,0.36458821823719956,78.85503391757148,23.879007347828633,0.9036213124499601,False
frame_000533.jpg,0,98.77603803590812,169.39156133095537,153.22570003385124,171.31468142275153,0.5164630365590943,70.61552329504725,18.088981388900294,0.8941539490924162,False
frame_000534.jpg,0,117.95724563706257,170.12934009108162,156.79181039876076,169.94333493733166,1.3424783220922045,52.172094454019046,13.151524538570897,0.8990730608210844,False
frame_000535.jpg,0,135.80307478795717,164.85510481895776,162.16404824645747,170.6504142312775,1.5741790571123733,29.052030031000584,8.486365984820026,0.8928657559787526,False
frame_000536.jpg,0,150.987095816958,153.74093208315833,167.04541454706342,172.79085809432678,1.3595039722534241,2.7538362662003237,5.745443547263363,0.8826640563852647,False
frame_000537.jpg,0,161.04075611829282,137.83306956119202,170.6706495842746,177.34390389853198,1.1393810883557345,23.2076865571008,6.6732543142573775,0.8883496698211221,False
frame_000538.jpg,0,155.6734779948816,137.9857639500762,171.32492046734149,178.43777136867013,0.9769282885373615,17.687714044805404,7.112850901328642,0.8830057067029616,False
frame_000539.jpg,0,154.27170471792672,119.59562611353613,170.91747560588902,171.22673184699377,0.9778476994930133,34.6760786043906,0.30925624110474814,0.8744208602344289,False
frame_000540.jpg,0,150.93192309877782,104.52617435816826,170.28557605733536,163.44319203543196,1.2492447571556524,46.40574874060955,6.842384021903399,0.8676755498437321,False
frame_000541.jpg,0,149.94608532904562,95.43114541026516,171.4677019599738,156.3566289715908,1.7523774863168728,54.514939918780456,15.111072988383,0.8652543215190663,False
frame_000542.jpg,0,149.93469994795902,93.28099975346518,173.75997536257174,151.2228708520553,2.180576476352512,56.65370019449384,22.53710451051643,0.8460600060575149,False
frame_000543.jpg,0,164.8324308903689,80.30006147417794,178.04288790425886,146.73922363643413,2.409915612727153,84.53236941619096,31.30366426782473,0.8380925970918992,False
frame_000544.jpg,0,168.73367377518872,92.28140251539955,177.71069468785515,147.8025819210948,2.4055189231077123,76.45227125978917,29.908112766760354,0.8261969580369837,False
frame_000545.jpg,0,170.68492762315103,108.91255692694536,174.3149282640135,151.11570917872314,2.303251702240324,61.77237069620567,23.199219085290366,0.8268457195338081,False
frame_000546.jpg,0,164.6747967067522,127.00995066580872,174.19985378639413,156.41918029130835,2.0166529732760936,37.66484604094349,17.78067349508578,0.855264260488398,False
frame_000547.jpg,0,153.70416977390667,142.9475180244493,175.98459580600013,161.90112266578063,1.6033283187517129,10.756651749457376,14.083473140219496,0.8577214865123525,False
frame_000548.jpg,0,138.43480304836166,153.09717114944968,179.23948567227143,165.24813232263995,1.0683496377401758,14.66236810108802,13.991353349631481,0.8602642872754265,False
frame_000549.jpg,0,119.54155640619904,157.5705578317155,175.79777503772993,166.099187257258,0.8321272317944644,38.029001425516455,9.69858778047194,0.8708639951313243,False
frame_000550.jpg,0,99.1290000241316,157.260678637857,169.21608569967708,165.62660258187006,0.4937904353436657,58.13167861372541,3.5894831178070206,0.8491620982394499,False
frame_000551.jpg,0,85.43487206084141,152.62946008760582,163.0353857142129,163.96135774243314,0.4924891704207073,67.19458802676441,0.9259720282202295,0.8423511771594777,False
frame_000552.jpg,0,75.72315624935567,148.58277564057744,155.5235523744476,163.63560617256064,0.6930654365621778,72.85961939122177,8.112053798113038,0.8574905851308037,False
frame_000553.jpg,0,71.63535854036449,147.83374198920222,148.53373523558653,165.82889991425714,1.1103893119511656,76.19838344883773,17.295164678670602,0.8810358012423796,False
frame_000554.jpg,0,72.50248734575106,151.00880757361043,143.06193670744275,170.21864298957573,1.6064036578411238,78.50632022785936,27.156706282132973,0.9081798160777372,False
frame_000555.jpg,0,79.82602847305357,155.7354880743926,140.48794246588963,175.1600408378684,2.186098441208715,75.90945960133904,34.67209837197876,0.9049645171445959,False
frame_000556.jpg,0,91.0796826466395,161.07647922228554,140.7535709677075,179.47560772901636,2.425965855720757,69.99679657564604,38.72203676130886,0.8957523913944468,False
frame_000557.jpg,0,109.40869486660426,161.3638467398125,145.45861007600504,176.86301559199225,2.4051050840418196,51.95515187320822,31.404405515987207,0.9225203289705164,False
frame_000558.jpg,0,127.6482555387969,154.33145554284908,151.88952547946093,177.56480929342996,2.21699485517545,26.683200004052182,25.67528381396903,0.9029022420153898,False
frame_000559.jpg,0,141.39016398263902,152.56410253796903,157.89030670541968,179.35253294724075,1.583117647330525,11.173938555330011,21.46222624182107,0.8992807584650376,False
frame_000560.jpg,0,138.74677422574888,157.8284768475423,162.81742897269436,178.03061046767388,0.6832314915353805,19.081702621793426,15.213181494979523,0.8703750266748316,False
frame_000561.jpg,0,126.7587731929064,158.48422338593522,164.87943224420533,173.17768543031,0.012659633233323996,31.72545019302882,8.29825318610466,0.8809773992089664,False
frame_000562.jpg,0,101.61427998357291,155.72005627966803,163.9137504090319,167.2937944737708,0.42761091597846906,54.105776296095115,3.3800440647388825,0.8970383125192979,False
frame_000563.jpg,0,92.78696768102853,145.25001639737985,162.53058251895422,161.37675115875044,0.7139546722034247,52.463048716351324,1.1538313602037817,0.8808801033917595,False
frame_000564.jpg,0,99.46028721653408,123.88739647907627,162.97375708373113,154.3917310082081,0.6098664770111117,24.42710926254219,8.582026075523032,0.8649493280579063,False
frame_000565.jpg,0,119.9784222908885,99.68146477694027,165.70586896436652,148.3516073760597,0.2226005441925663,20.29695751394823,17.354261588306827,0.8581357703489416,False
frame_000566.jpg,0,142.22540155791714,84.49478232628447,171.8558839994499,145.01700048582546,0.16534685775925465,57.73061923163267,26.838883513624438,0.8500850621391746,False
frame_000567.jpg,0,158.98291594086285,78.41777054158851,177.9647771606171,144.6704208562331,0.1378606688473096,80.56514539927434,33.294356304383996,0.8410667987430797,False
frame_000568.jpg,0,166.15446105587017,94.68920873011825,176.04040862025,147.64891483416295,0.1478281773507073,71.46525232575192,28.39149378608704,0.8391791161368874,False
frame_000569.jpg,0,167.56591782957028,113.80678872443063,172.7260204322851,152.95642775410718,0.24913980423907547,53.75912910513965,19.76959267817793,0.8469324602800257,False
frame_000570.jpg,0,161.97791834925826,133.32514676997488,172.05481647117796,159.54434488507374,0.5536930824814587,28.65277157928338,12.510471586104217,0.8513249509474811,False
frame_000571.jpg,0,150.3855632009309,148.19234094638574,173.5986361935452,164.634650856268,0.8180177058218445,2.1932222545451623,8.963985337277194,0.8396624151398154,False
frame_000572.jpg,0,133.50908887438,156.53813171650813,176.06190630767716,167.6933550727341,1.4104387037371646,23.02904284212812,8.368551234943055,0.8309864822555991,False
frame_000573.jpg,0,112.05695808110582,159.67599800262988,179.63252137101196,169.51993009642717,1.9581773330916628,47.61903992152406,10.112591274584787,0.8352063754025627,False
frame_000574.jpg,0,92.85292426944994,158.1871356854162,175.27639651471458,170.25270283380274,2.543244975579849,65.33421141596625,5.023693680911833,0.8313453933771919,False
frame_000575.jpg,0,78.8220545127328,151.37210397984623,170.18451928621622,169.15155896280592,2.8267970840407255,72.55004946711342,1.0329603234102933,0.8700403360759511,False
frame_000576.jpg,0,69.89778802228427,148.31732054906595,163.93074133586072,170.78804374090728,2.73464391829962,78.41953252678168,6.857302405046568,0.8677364833214704,False
frame_000577.jpg,0,67.28179925067387,149.658178162598,158.06566206966264,174.7697447984528,2.1708675091363308,82.37637891192414,16.704082728790155,0.8780123205745921,False
frame_000578.jpg,0,71.82847376262559,154.699206286117,154.00929995436732,179.74040686606205,1.3437546369303663,82.87073252349141,25.731106911694724,0.883341554333182,False
frame_000579.jpg,0,82.72736819881936,161.3154260044867,152.24955292358229,175.463909355991,0.3606313384826106,78.58805780566735,23.21435643240872,0.8954919716891121,False
frame_000580.jpg,0,98.64783948652068,168.80654136998135,153.0140053231139,171.017671724692,0.6862150893270471,70.15870188346067,18.0036664015781,0.8934360602322746,False
frame_000581.jpg,0,118.18771096479148,169.9304951723758,156.92410841433195,169.43984058291156,1.3539296897177038,51.74278420758432,12.515732168579603,0.89058719663059,False
frame_000582.jpg,0,135.4454210728829,164.46235457593204,161.45669694439843,170.34411909325596,1.6817866392009655,29.01693350304913,8.887422148857524,0.8962227912510142,False
frame_000583.jpg,0,137.02215148968784,168.8827433978368,165.84451404620154,173.2385864582216,1.7014750825920175,31.86059190814896,7.394072412020051,0.8942222735461067,False
frame_000584.jpg,0,148.08291355885018,153.21858699783337,169.1954665042203,177.60664552449757,1.4929179836061983,5.13567343898319,8.411179020277274,0.8930392090012046,False
frame_000585.jpg,0,152.491989734263,133.64391377246764,170.94071558413864,175.85633547392356,1.129640050511435,18.84807596179536,4.915619889784921,0.8572043706389034,False
frame_000586.jpg,0,151.1026879799827,114.62241929096696,170.46169138018436,168.5124048501874,1.0708697732527286,36.480268689015745,1.9492865299969537,0.8530410528182983,False
frame_000587.jpg,0,148.26839796595075,99.55943704883683,170.0343168969685,160.89630113686505,1.3442882208655713,48.70896091711393,9.138015760103457,0.843959299957051,False
frame_000588.jpg,0,160.30773218112972,77.9009689565609,171.4080217029534,153.46665067483767,1.8428785969893628,82.40676322456882,17.941371028115725,0.8775039315223694,False
frame_000589.jpg,0,161.14577600837805,76.02293777953314,174.0295962635644,148.66140351980897,2.12497637723917,85.12283822884491,25.36819274375543,0.8462415723239675,False
frame_000590.jpg,0,164.20240496399109,80.91076197307055,177.61713692171102,146.86284914601873,2.400342021482918,83.29164299092054,30.75428777569229,0.8469811712994295,False
frame_000591.jpg,0,168.21304000093258,92.38274126045405,178.1073965252868,147.545096199421,2.4744467504667282,75.83029874047853,30.562300325865777,0.8293176714111777,False
frame_000592.jpg,0,170.3313748024193,108.67413085643666,174.42189885802898,150.6104132373341,2.33553576199837,61.65724394598264,23.811485620694896,0.8296989237560946,False
frame_000593.jpg,0,164.48000019198736,126.31899416147826,174.23055108200882,156.10036428683804,1.9727169932502673,38.1610060305091,18.130186795170772,0.8548937159426072,False
frame_000594.jpg,0,153.55713131129866,141.81770761550837,176.15268704043226,161.15883135002602,1.6903717323110716,11.739423695790293,14.993855690406235,0.8574620064567117,False
frame_000595.jpg,0,138.2797578978453,152.36106899397072,179.32802284387984,164.50490455776043,1.1584207796050991,14.081311096125432,14.82311828611941,0.8590313441613141,False
frame_000596.jpg,0,119.54611900552207,157.33921813482894,175.9069270880674,165.7549587688482,0.7613437367331255,37.79309912930687,10.15196831921918,0.8602428927141077,False
frame_000597.jpg,0,99.46128205080144,157.40099841711094,169.3097865584677,165.61766196295997,0.42521111851161786,57.9397163663095,3.692124595507721,0.8561913511332344,False
frame_000598.jpg,0,85.90719186318995,152.81720413358516,163.1275880840782,163.84730552343075,0.37561570692902474,66.91001227039521,0.7197174393525358,0.8497656759093789,False
frame_000599.jpg,0,76.13850066559586,148.70575455461895,155.86471690542905,163.5419622452637,0.540123648042628,72.56725388902309,7.677245339834656,0.8616398362552419,False
frame_000600.jpg,0,72.18500400143576,148.1262798113083,148.77870640427747,165.77527231534359,1.0786651510345784,75.94127580987255,16.996565911066114,0.8733549643965328,False
frame_000601.jpg,0,73.18533172506662,151.05684204022134,143.01394383680318,169.4893191855576,1.8374208162045562,77.87151031515472,26.475375348754426,0.9077291558770573,False
frame_000602.jpg,0,80.58101070143654,155.7024958398848,140.88583944121388,174.70732011261583,2.4325077273145634,75.12148513844825,33.82148067140196,0.9059495785657097,False
frame_000603.jpg,0,91.45129848918401,160.85387774532308,140.75142238239317,179.88630543369706,2.686543089497766,69.40257925613906,39.13488305130389,0.9092273712158203,False
frame_000604.jpg,0,109.3792457662571,161.48296130397688,145.1738537438423,176.95279439025614,2.6444558246623453,52.10371553771978,31.778940646413844,0.9092022250680363,False
frame_000605.jpg,0,127.25309314927566,156.16450565502768,151.33712533261667,176.81930804386852,2.3967225415657127,28.911412505752025,25.482182711251852,0.9154623711810392,False
frame_000606.jpg,0,128.82318085917123,154.425199940937,157.33592742036686,178.37206500006025,1.651062671673808,25.602019081765775,21.03613757969339,0.9009953526889577,False
frame_000607.jpg,0,124.5155967843397,159.47882252232094,161.77232055066565,178.43647067774515,0.8028433143401613,34.96322573798123,16.664150127079495,0.8870541698792401,False
frame_000608.jpg,0,112.30249679371157,159.5897682381641,164.02287216568294,173.12352917900785,0.1135524839594689,47.28727144445254,9.100657013324906,0.8731982778100407,False
frame_000609.jpg,0,91.24973179647067,156.90990571627776,162.7570210373985,166.9994265247775,0.20750113317902,65.6601739198071,4.242405487379017,0.8830784138511208,False
frame_000610.jpg,0,85.8075360102043,144.70719336921832,161.65597402773395,160.61032533552964,0.5779841315547275,58.899657359014014,1.0456486922043098,0.8861726101707009,False
frame_000611.jpg,0,99.20483311780701,123.96928816478827,162.24131467166237,153.6398114748839,0.4744364900589617,24.764455046981254,8.601503196778452,0.8678911433500403,False
frame_000612.jpg,0,119.62195628120884,100.2221558239459,165.26286724052886,147.9954781688574,0.16051231537259966,19.39980045726294,17.26738907167146,0.861521328196806,False
frame_000613.jpg,0,141.50540827030613,84.6987279047621,171.13615430338047,145.34165797958286,0.09778165994124861,56.80668036554404,25.794496323797603,0.8360150701859418,False
frame_000614.jpg,0,158.8767972822067,77.72337713869813,177.60977069313458,144.61298894512842,0.09794050086924512,81.15342014350857,32.99678174800616,0.8386869500665104,False
frame_000615.jpg,0,165.94239222725872,93.85675226415849,176.50925378623944,147.44466149121513,0.004852912036943722,72.08563996310023,29.064592295024312,0.8453366756439209,False
frame_000616.jpg,0,167.4073738433041,113.3011174960605,173.10264356114087,152.9475211778462,0.10579038197250841,54.1062563472436,20.155122383294668,0.8469565580872929,False
frame_000617.jpg,0,161.955384230307,132.95420014983728,172.34872718757208,159.25798159022685,0.37478481973799743,29.001184080469727,13.090745597345233,0.8555099333033842,False
frame_000618.jpg,0,150.26850008968347,147.86800625317449,173.80822445926464,164.28895596220895,0.6575231229943617,2.4004938365089856,9.519268497055691,0.8387208405662986,False
frame_000619.jpg,0,133.58961927996484,156.40586698346505,176.068213733511,167.51703541709247,1.359479709977672,22.81624770350021,8.551178316418515,0.8421449661254883,False
frame_000620.jpg,0,111.56555610144596,159.73064335543992,179.39751193908552,169.65261922407984,2.0908407418935555,48.16508725399396,9.744892715005676,0.8197435526286855,False
frame_000621.jpg,0,92.38210760765273,157.7291021570377,174.89308416375133,170.1524064917938,2.6642294582346007,65.34699454938496,4.740677671957513,0.8169790576486027,False
frame_000622.jpg,0,78.6038605616368,151.26451394828783,169.94964366994932,169.13461607984223,2.9370952383219913,72.66065338665103,0.8150275901070927,0.8693638408885282,False
frame_000623.jpg,0,70.501861271642,148.29663771969194,164.38724451816486,170.79219705119291,3.098578039656003,77.79477644804994,6.404952533028052,0.8839467027608086,False
frame_000624.jpg,0,67.7352026201462,149.9701574312032,158.09053295186484,174.36738017354853,2.3662567898283524,82.23495481105701,16.27684722168368,0.8808515177053564,False
frame_000625.jpg,0,72.65249272353226,154.81768605596295,154.4357496852424,178.8536615696825,1.4307902495184586,82.16519333243069,24.417911884440088,0.8930488684598137,False
frame_000626.jpg,0,83.81870052468031,161.71345693351435,152.95226063247182,175.87022797669255,0.5330049672133214,77.89475640883404,22.917967344220727,0.9170641793924219,False
frame_000627.jpg,0,99.61511114164122,169.28671819166019,153.83570492161599,171.0107415997417,0.3344474957451039,69.67160705001896,17.175036678125707,0.9029968521174263,False
frame_000628.jpg,0,119.08950894341459,170.29300705093186,157.5984305638146,169.30937938958692,1.0573541373841393,51.20349810751728,11.710948825772334,0.8876956701278687,False
frame_000629.jpg,0,136.02032672040008,163.68864542616802,162.5170605627166,170.4494267391701,1.2147029295779688,27.668318705767945,7.932366176453485,0.898159970255459,False
frame_000630.jpg,0,150.3828352724495,153.1755656626828,167.01385192353413,172.72808745753093,1.1361828957548963,2.792730390233288,5.714235533996799,0.8937977201798383,False
frame_000631.jpg,0,160.77261665061462,136.6981134163334,170.9126073495383,177.8164943218424,0.9540703534369884,24.074503234281224,6.903886972304122,0.8770387768745422,False
frame_000632.jpg,0,156.23149583228556,138.42780914801435,171.87832134356043,178.0146711148465,0.7955407431894991,17.803686684271213,6.1363497712860635,0.8836196660995483,False
frame_000633.jpg,0,154.61847056839997,119.84486708061435,171.18817995563327,170.36131054715474,0.899720914185623,34.77360348778562,0.8268694084785295,0.8806598572170034,False
frame_000634.jpg,0,151.86046495255943,105.72115699741599,170.55788575043726,162.99892279480713,1.3101130647914077,46.13930795514344,7.558962955630136,0.8476804179303786,False
frame_000635.jpg,0,151.05907135238627,94.87555883915961,171.84608338560255,155.40248334757212,1.9139035047484,56.18351251322666,16.44360003803044,0.870451429310967,False
frame_000636.jpg,0,150.8625745299004,93.18763185958095,173.9612381448527,150.7415438029558,2.3384484073586207,57.67494267031945,23.21969434189691,0.8537270566996407,False
frame_000637.jpg,0,164.73371048719994,78.71739998033958,177.78241625194218,146.60947283082,2.6064677338349105,86.01631050686036,31.17294342112217,0.8414326625711778,False
frame_000638.jpg,0,168.7750522323533,90.09385784328725,178.15516247818059,146.8431896328775,2.7698954958764754,78.68119438906604,31.311972845303075,0.8268350538085488,False
frame_000639.jpg,0,170.9274196604709,106.84019426922679,174.52428486134565,150.49990690487104,2.5033055704937035,64.0872253912441,24.02437795647461,0.8189896941184998,False
frame_000640.jpg,0,164.86311955084915,126.067594396972,174.3871367050948,156.20358909976918,2.0746005828979643,38.79552515387715,18.18354760532563,0.8542305616771474,False
frame_000641.jpg,0,153.89825557926505,141.95204514079165,176.15956181998683,161.60578085464266,1.6275778468221334,11.9462104384734,14.553780965344174,0.8393055761561674,False
frame_000642.jpg,0,138.6641104699164,152.75405725781206,178.99204167283537,165.1666086010137,1.0298434349160508,14.089946787895656,13.825433071821664,0.8510709475068485,False
frame_000643.jpg,0,119.9675947908052,157.91282119567796,176.3040234228252,166.61689597556983,0.5995723569294301,37.94522640487277,9.687127447255364,0.8519683164708755,False
frame_000644.jpg,0,99.39486249899309,157.53326735337407,169.64076476391693,165.9744980120765,0.26414523879803203,58.13840485438098,3.666266751840425,0.8445594976930058,False
frame_000645.jpg,0,85.66493697985983,152.74228846946448,163.07417604302603,163.9591991028043,0.33698837987908536,67.07735148960465,0.8850230597782627,0.8378946395481334,False
frame_000646.jpg,0,75.94768929911439,148.7080372020659,155.7641238443903,163.58905370444919,0.521435964691584,72.76034790295151,7.824929860058887,0.8745054111761206,False
frame_000647.jpg,0,71.56971136874664,147.5164559397418,148.37457181071593,165.47787532212803,1.0029525253711125,75.94674457099516,17.103303511412093,0.9071881104918087,False
frame_000648.jpg,0,72.64181944951649,150.43620501978938,142.75275790354235,169.2910045123856,1.690271879742363,77.7943855702729,26.538246608843252,0.9053579884416917,False
frame_000649.jpg,0,80.21318237813834,155.39854068576244,140.5860117353175,174.59072382417614,2.3423309136364745,75.1853583076241,34.00471208885864,0.9055632387890535,False
frame_000650.jpg,0,91.43169959757303,160.77589016384943,141.01010898370322,179.6817408677147,2.5479585934848816,69.3441905662764,38.671631884011475,0.9147425188737757,False
frame_000651.jpg,0,110.23841312772319,160.8182297010824,145.6228678791657,177.06489031238854,2.616559638187789,50.57981657335921,31.44202243322283,0.9038777456564062,False
frame_000652.jpg,0,128.73606801765445,155.3497998883825,151.89868809866567,177.07330670597744,2.5101627517790486,26.61373187072806,25.17461860731177,0.9077845881966984,False
frame_000653.jpg,0,142.60334095367512,153.41967022627315,157.99335284651846,178.6473714215486,1.8625177870262783,10.81632927259804,20.654018575030136,0.8924092685475069,False
frame_000654.jpg,0,139.19096362241484,159.09845548069876,162.76875744595264,178.61212005210783,0.9574345366785452,19.90749185828392,15.843362606155182,0.8916774111635545,False
frame_000655.jpg,0,145.25457370090368,139.0465560500242,165.27576084452662,172.17915032683138,0.3007724145743683,6.208017650879469,6.90338948230476,0.8530113556805778,False
frame_000656.jpg,0,125.96743531408966,138.67969409648958,164.00385750945023,166.01179696820586,0.08747883042986475,12.712258782399928,2.0079394587556294,0.8796066641807556,False
frame_000657.jpg,0,116.87997725045521,123.82927122571046,162.8485383411559,159.44707236345565,0.4936601282430869,6.9492939752552445,3.4014659777002407,0.8746462674701915,False
frame_000658.jpg,0,119.10998312564298,104.30166365221343,163.12923156840387,152.8778158280161,0.5329289093361418,14.808319473429549,10.251415740387756,0.8498598828035242,False
frame_000659.jpg,0,137.1019970904836,80.7900120471523,166.02771521875195,147.22934014638307,0.2783840601962903,56.31198504333129,18.798375072368884,0.8641948770074284,False
frame_000660.jpg,0,141.690166168704,85.59809674341437,171.410168086341,145.6499733513071,0.166419614599062,56.09206942528962,25.760194735033906,0.8665291456615224,False
frame_000661.jpg,0,159.12001169972805,78.91444220134767,177.86897322146538,145.2324894502601,0.16535665751751466,80.20556949838038,32.63648377120529,0.8370943981058457,False
frame_000662.jpg,0,166.11956632568337,95.3035333645232,176.33608302862072,148.442107592957,0.10723458926170511,70.81603296116016,27.89397543566372,0.8402522311491125,False
frame_000663.jpg,0,167.46610044079185,114.51691574166634,173.0092167800016,153.3311843986478,0.14051946858121483,52.94918469912551,19.678032381353802,0.8537971131941852,False
frame_000664.jpg,0,162.08661559975894,133.83623641328296,172.46965244247468,159.63623754253365,0.3082732134449821,28.250379186475982,12.833414899941033,0.8520995203186484,False
frame_000665.jpg,0,150.56523334379736,148.3233765015341,173.790061087416,164.6969768287508,0.7120321526895382,2.241856842263246,9.093084258665215,0.8456080836408278,False
frame_000666.jpg,0,133.60647101014857,156.65983941290142,176.14329856164733,167.536403078025,1.3539652142251337,23.053368402752852,8.606895483622338,0.8426453471183777,False
frame_000667.jpg,0,112.50849280766914,159.60836737529968,179.92953295851626,169.228055951477,1.9784388063622294,47.099874567630536,10.701477007039273,0.8399487558533164,False
frame_000668.jpg,0,93.42750614247828,158.24891567476698,175.66523790235712,169.9920239561422,2.571392824111347,64.8214095322887,5.673213946214929,0.8321419288130367,False
frame_000669.jpg,0,79.49616522614694,151.72444808523602,170.63402524229957,169.03918806460172,2.841901750601988,72.22828285908908,1.5948371776978547,0.8907505729619194,False
frame_000670.jpg,0,70.89416462426276,148.90005370521655,164.8915499599552,170.7635547929538,2.830290260411816,78.00588908095379,5.872004832998613,0.8735466003417969,False
frame_000671.jpg,0,68.13780581766584,150.17448345033367,158.64761828769528,174.4938404249328,2.2053670945329316,82.03667763266783,15.846222137237532,0.8818958576987771,False
frame_000672.jpg,0,72.2736421035242,155.04318427803366,154.47096197872636,179.12887094382637,1.3165770404349342,82.76954217450947,24.657908965100006,0.8739261697320377,False
frame_000673.jpg,0,82.72675206716437,161.4078144215482,152.62598759023632,176.1385878081338,0.35623074398243487,78.68106235438384,23.51260021789747,0.901552536908318,False
frame_000674.jpg,0,98.53298891815284,168.93056540826942,153.29242913230658,171.46350368638127,0.5931385040550446,70.39757649011658,18.171074554074693,0.8863798940882963,False
frame_000675.jpg,0,117.84104696901039,170.02498813523485,156.75837681000445,169.96954936070952,1.3712329655672244,52.18394116622446,13.211172550705072,0.9082048044485205,False
frame_000676.jpg,0,135.56600284060934,164.3823282404572,161.77391636865485,170.8115467761344,1.7028561369583435,28.81632539984787,9.037630407479554,0.8943998217582703,False
frame_000677.jpg,0,150.59481004127952,153.33516985958695,166.42012476054424,173.35314980098258,1.669471488578494,2.7403598183074394,6.933025040438338,0.8960892487974728,False
frame_000678.jpg,0,160.74968944010706,137.37673716290493,169.85595193276802,177.65971405855316,1.4739757373592013,23.37295227720213,7.803762125785141,0.8838328719139099,False
frame_000679.jpg,0,164.37496146501402,118.38020909194066,171.34880223122818,175.67146387049021,1.1746997203542335,45.99475237307337,4.322661639262037,0.8733890827964333,False
frame_000680.jpg,0,163.23545581340912,100.86749289146857,170.81722713147275,168.50115549013097,1.10255063856897,62.367962921940546,2.316071641341779,0.8613733544069178,False
frame_000681.jpg,0,160.66100423910868,86.70277835942191,170.14583586435478,160.64989833723098,1.4120073244726414,73.95822587968676,9.4959375271238,0.8355023790808285,False
frame_000682.jpg,0,159.82363374115985,77.08958722812024,170.98075054565606,153.1122379425206,1.974812775564276,82.73404651303962,17.868512603135457,0.8791953570702497,False
frame_000683.jpg,0,160.68030416460985,74.63054807698921,173.64543758496026,148.02284996293525,2.3213376503983496,86.04975608762064,25.62258762202501,0.85176222114002,False
frame_000684.jpg,0,163.90884350652644,79.68916194800163,177.15513681767487,146.5023734082266,2.639237917249354,84.21968155852481,30.652763409448283,0.8472214060671189,False
frame_000685.jpg,0,167.7757613695982,91.25060817468487,178.55993308424388,147.1163454023331,2.649271440170706,76.52515319491333,31.44358768191077,0.8146347228218528,False
frame_000686.jpg,0,170.23212549216478,107.58685941662041,174.80077880139697,150.50432105285026,2.4432773454209027,62.64526607554437,24.296457748546715,0.8244331268703237,False
frame_000687.jpg,0,164.66618309183886,126.03262295067712,174.38010756064838,156.13923919758318,1.949707182035844,38.63356014116174,18.240868363065204,0.8704348241581636,False
frame_000688.jpg,0,153.89707449370698,141.87636215741736,176.2788444351626,161.68718538626928,1.5307462343800586,12.02071233628962,14.59165904889332,0.865122377872467,False
frame_000689.jpg,0,138.98755551966525,152.4504355294103,179.1381830901873,165.12116282046904,0.9359457198424022,13.46288000974505,14.017020269718273,0.8549528157009798,False
frame_000690.jpg,0,119.88548724344629,157.64032589952123,175.56902277032975,166.42669030502196,0.6987910440362184,37.75483865607494,9.142332465307788,0.8564732881153331,False
frame_000691.jpg,0,99.37263776479416,157.45264297130896,168.91390812938926,165.9481408575061,0.3606994602915753,58.0800052065148,2.965767271883152,0.8556765668532428,False
frame_000692.jpg,0,85.52270857709662,153.24280920460745,162.7950025829806,164.3998796195383,0.32187933810821595,67.72010062751083,1.6048770365576956,0.8383398617015165,False
frame_000693.jpg,0,75.35345717425355,148.9975219885922,155.07190011183872,163.69534221041147,0.63227805514601,73.64406481433866,8.623442098572752,0.8668703401789946,False
frame_000694.jpg,0,71.1109437889934,148.2167115196666,147.57930927970972,165.8301289704044,1.2039525029231724,77.10576773067321,18.25081969069467,0.8774831119705649,False
frame_000695.jpg,0,72.67089019311841,151.26389525898762,142.32664231838643,169.91640885407725,1.791477520653924,78.5930050658692,27.589766535690813,0.9063741529689116,False
frame_000696.jpg,0,80.2531060947064,155.8953137476854,140.1580114708895,175.32954557973315,2.3209409809773174,75.64220765297901,35.171534108843645,0.8922582198591793,False
frame_000697.jpg,0,91.46551046325926,160.90490083500754,140.51324423936043,179.55338622724926,2.5916062154581945,69.43939037174827,39.04014198788883,0.894034908098333,False
frame_000698.jpg,0,109.62391372902925,161.73047379483904,145.33340244684643,176.3061737311034,2.3619771659105595,52.10656006580979,30.972771284256964,0.877721856622135,False
frame_000699.jpg,0,127.64868196271517,156.37669102478176,151.77002466916312,176.2006518094377,2.118041519889414,28.72800906206659,24.430627140274567,0.9070224376285777,False
frame_000700.jpg,0,143.01327474511476,145.04183619998014,158.08492946467155,177.57596645871277,1.3604079538699165,2.0285614548653825,19.491036994041224,0.8935343377730426,False
frame_000701.jpg,0,140.63517534160732,148.9300516665518,162.49992480640577,179.0421669572823,0.6094814088592032,8.294876324944482,16.54224215087652,0.8862501628258649,False
frame_000702.jpg,0,132.99290758964503,131.0749799509799,164.858425230334,173.06486834591522,0.040157821703111475,1.9179276386651338,8.206443115581209,0.8943123922628515,False
frame_000703.jpg,0,113.88615795943254,129.26420053469954,164.0504469553301,166.61799484998585,0.2241603900715983,15.378042575267003,2.567547894655746,0.8781640284201678,False
frame_000704.jpg,0,106.0174118260537,114.74948289559622,162.8378551627345,159.95633337875157,0.562576158532972,8.732071069542513,2.8815217839829472,0.8684094618348515,False
frame_000705.jpg,0,100.0799976956726,104.45215141167512,162.9816668807028,152.7302568511839,0.38488335355850406,4.372153716002515,10.251410029518894,0.8446655203314388,False
frame_000706.jpg,0,121.20003402698701,80.63569558981986,166.1111798783829,147.59079928779727,0.14577841855512985,40.56433843716715,18.52038059058563,0.8691361195900861,False
frame_000707.jpg,0,142.6036717141109,83.99912856437415,171.70310924284576,145.28848886409054,0.13406699825353366,58.604543149736756,26.414620378755217,0.852109919576084,False
frame_000708.jpg,0,158.94956455137975,77.88485468386705,177.68355522096752,144.94088497243575,0.1379710803080017,81.0647098675127,32.742670248531766,0.8325500312973472,False
frame_000709.jpg,0,166.11329371000053,94.07947932510355,176.23455446910882,148.06177094609606,0.14865849135402878,72.03381438489698,28.172783523012754,0.8404821508071002,False
frame_000710.jpg,0,167.5790334756034,113.1262663392193,172.84907742032345,153.25360346639903,0.31694201602133787,54.45276713638411,19.595473953924426,0.8411268767188577,False
frame_000711.jpg,0,162.35546413990212,132.78076499250014,172.01476137080698,159.85935138015867,0.6876190470417146,29.574699147401986,12.155409990648309,0.8481453376657823,False
frame_000712.jpg,0,150.41876660702943,147.78274979989982,173.56649641172348,164.8390430290273,0.9958277240747224,2.6360168071296073,8.727453382696183,0.8443327756489024,False
frame_000713.jpg,0,133.57829587900122,156.1805842685455,175.9231148381179,167.71744301301086,1.5995150962415734,22.60228838954427,8.205671825107032,0.828620567041285,False
frame_000714.jpg,0,111.81330777497458,159.32891968784267,179.6566249174695,169.71042032444277,2.2183034153073287,47.515611912868096,9.94620459302672,0.8211177657632267,False
frame_000715.jpg,0,92.93174930444839,157.78976556012083,175.4678118514526,170.33609587487538,2.78546020231314,64.85801625567244,5.131715976577226,0.8195880511227776,False
frame_000716.jpg,0,79.05976204560902,151.2980320353543,170.61902518860703,168.91035102845893,2.858725834742177,72.23826998974529,1.7086741601480924,0.8705047965049744,False
frame_000717.jpg,0,70.55467551929867,148.18069180190255,165.0277417168127,170.65806693953678,2.9436090993008914,77.62601628260389,5.630325222724082,0.8648488942314597,False
frame_000718.jpg,0,68.12036388033283,149.3670219898665,158.84929484946767,174.46990100377306,2.321034932809859,81.24665810953366,15.620606154305392,0.8823132094214944,False
frame_000719.jpg,0,73.01342377713281,154.84591557461286,154.61672760823777,179.57950984113498,1.4736652273666209,81.83249179748005,24.96278223289721,0.8854476353701424,False
frame_000720.jpg,0,83.59229407553333,161.4613528409123,152.53989916286642,175.6963225017209,0.4321027934837812,77.86905876537897,23.156423338854495,0.8988006220144384,False
frame_000721.jpg,0,98.84434977236207,168.88382461117803,152.98355049184823,170.9624214136359,0.45791503541851014,70.03947483881596,17.97887092178766,0.8832923208965975,False
frame_000722.jpg,0,117.69993872292757,170.2514975646121,156.12728858847592,169.34668115488657,1.3466226383800164,52.551558841684525,13.219392566410647,0.8987394080442541,False
frame_000723.jpg,0,135.20950116337232,164.7247816598267,161.30092067585832,170.1591432446635,1.5647899891188226,29.51528049645438,8.85822256880519,0.8951371031648973,False
frame_000724.jpg,0,150.35831734207426,153.57594946834618,166.33167947406722,173.20876503860922,1.6057190596800013,3.2176321262719227,6.877085564542,0.892432714209837,False
frame_000725.jpg,0,160.11834895464807,138.33075217676486,169.78056004445583,177.11848461349953,1.325622441310915,21.78759677788321,7.337924569043707,0.8882417819079231,False
frame_000726.jpg,0,154.7478775647586,138.83169351968684,170.68996676783138,178.6273246008517,1.055697562497084,15.916184045071759,7.9373578330203145,0.8810418984469246,False
frame_000727.jpg,0,153.52649614044964,120.25368778780843,170.31587622503707,171.63720434979092,0.9705445110870976,33.272808352641206,1.3213281247538475,0.8712448512806612,False
frame_000728.jpg,0,150.33469745809987,105.4994096392036,169.62952492515916,164.10190051177435,1.2814783695120535,44.83528781889626,5.527624413384814,0.8661380690686843,False
frame_000729.jpg,0,148.87331224796722,95.31737048514097,170.54703899788325,156.84189330615396,1.7736916056841776,53.55594176282625,13.705145691729285,0.8763089425423566,False
frame_000730.jpg,0,149.32139993384286,92.91152834769144,173.07721275027774,151.5777714303705,2.1961005885984575,56.40987158615141,21.49944131990725,0.847429492894341,False
frame_000731.jpg,0,164.18283639120747,79.42135743379662,177.42290229174856,146.87680217271537,2.4659922015277593,84.76147895741086,30.546100119033184,0.8436499167891109,False
frame_000732.jpg,0,168.10239476229287,91.07512003425981,178.4279841782313,147.4757812514652,2.541491515678226,77.02727472803306,30.95220292676609,0.8264725418651805,False
frame_000733.jpg,0,170.22727272687533,107.54668533768249,174.86289108350317,150.812433340465,2.37251434706363,62.68058738919284,24.05045774303818,0.8206758709514842,False
frame_000734.jpg,0,164.77817572763223,125.99603701347283,174.50927753393083,156.12415508557638,2.048063539132567,38.7821387141594,18.38512244835445,0.8511360147420097,False
frame_000735.jpg,0,153.98755906767056,142.0095443334898,176.20998693975923,161.58535273647033,1.6397586365304044,11.97801473418076,14.624634203288906,0.8473271762623507,False
frame_000736.jpg,0,138.78792563643773,152.66284962564663,179.36353811030264,165.05786343164652,1.1358883769069212,13.874923989208895,14.305674678656118,0.8529712662977331,False
frame_000737.jpg,0,120.10814234089784,157.84136042635726,175.8668960956748,166.35962118313878,0.7339859811997002,37.73321808545941,9.507274912536019,0.8655254139619715,False
frame_000738.jpg,0,100.08819082394808,157.83887688575234,169.4894890587494,165.98492830864635,0.39755284406506536,57.75068606180426,3.504560750103053,0.8464688798960518,False
frame_000739.jpg,0,85.6225599302405,153.36583365824083,163.37860361449754,164.38599801532658,0.26239725651329815,67.74327372800033,1.0073944008290425,0.8407392536892611,False
frame_000740.jpg,0,75.42428167756961,149.1690729401535,155.57361257056485,163.90677554474303,0.5397976336008942,73.7447912625839,8.33316297417818,0.8575646596796372,False
frame_000741.jpg,0,71.37943899276871,148.40784029929054,148.3949902749535,166.19718440865995,0.9991035792105941,77.02840130652183,17.80219413370645,0.904088598840377,False
frame_000742.jpg,0,72.53065469318254,151.15797379089395,142.95115929838204,169.9610695642783,1.7304509451070522,78.6273190977114,27.009910265896252,0.8977556999991921,False
frame_000743.jpg,0,79.81351599083581,155.87537744363522,140.64373033566943,175.1976495650426,2.337171857429193,76.0618614527994,34.55391922937318,0.9041131945217357,False
frame_000744.jpg,0,91.38461145308061,161.08302280030938,140.9946325917841,179.57321459221134,2.616443251365821,69.69841134722877,38.57858200042725,0.9021230865927303,False
frame_000745.jpg,0,109.42879092931247,161.65995984074632,145.42184095805533,176.54463044886532,2.5014577312867954,52.231168911433855,31.122789490809993,0.9133112781188067,False
frame_000746.jpg,0,127.67851434634065,155.49667563453335,151.6888801431488,176.84242382360807,2.31400685266922,27.818161288192698,25.15354368045928,0.9012282034930061,False
frame_000747.jpg,0,142.90321591465633,143.81249901433563,157.5949692590692,178.25530169743033,1.618852967119845,0.9092830996792998,20.660332438361138,0.9006123683031868,False
frame_000748.jpg,0,141.4315236657204,147.55971336116176,162.17063176524377,178.49227745134058,0.8527018842706436,6.128189695441364,16.321645686096815,0.880267900579116,False
frame_000749.jpg,0,133.17419652516676,146.86500335429182,163.89171222775843,172.95459529391923,0.3214792925264667,13.690806829125052,9.062883066160794,0.8725418203017291,False
frame_000750.jpg,0,113.83425536653229,144.33345381289539,163.12228454237942,166.5653407995001,0.03209659263376289,30.499198446363096,3.4430562571206735,0.8820419907569885,False
frame_000751.jpg,0,105.82521713272592,132.17777028592087,161.88415409668937,160.15472947829556,0.40104617174950247,26.352553153194947,1.7294246183938071,0.8613056470366085,False
frame_000752.jpg,0,99.85009627781191,123.31432584614201,162.342990865571,153.38521688807137,0.3753858341400189,23.464229568330097,8.957773977499642,0.8527919369585374,False
frame_000753.jpg,0,120.17557636325651,99.64631788057194,165.48901550719478,148.0843578491195,0.20441622655143774,20.52925848268457,17.40465765807528,0.870161375578712,False
frame_000754.jpg,0,141.79450822068623,84.95959328340129,171.59930680218406,145.7089609430417,0.30389404836248074,56.834914937284935,25.89034585914237,0.8567894942620221,False
frame_000755.jpg,0,158.77301000321918,78.33145014225819,177.8955665136591,145.3669595081628,0.3039219620711805,80.441559860961,32.5286070054963,0.8364226292161381,False
frame_000756.jpg,0,165.78460443198716,94.68983163298269,176.3053932370858,148.48668165662207,0.24613304455185286,71.09477279900447,27.81871158046374,0.842738127007204,False
frame_000757.jpg,0,167.4893496599554,113.70520637478553,172.8194901527108,153.61232216218391,0.38206475968087666,53.78414328516986,19.207167990526898,0.8418017941362718,False
frame_000758.jpg,0,161.9770721218227,133.1607933125054,172.42428657834577,159.9659038521267,0.5808594695537297,28.816278809317282,12.458382726219071,0.8516642556470984,False
frame_000759.jpg,0,150.28610836783918,147.98888623483575,173.89998489674886,164.94049603277244,0.8843735636645373,2.29722213300343,8.959488863976418,0.845638138406417,False
frame_000760.jpg,0,133.52449281765678,156.7388093253101,176.2599315356134,168.30069916360748,1.5441776661434328,23.214316507653308,7.959232372005914,0.832179472726934,False
frame_000761.jpg,0,112.98505881826512,159.90691715543005,179.95942390602096,170.09835836500085,2.164407141834929,46.921858337164934,9.86106554102011,0.8288562823744381,False
frame_000762.jpg,0,93.91105048782717,158.34025850267147,176.1280262375299,170.78487902208093,2.757478832147129,64.4292080148443,5.343147215448965,0.8235666821984684,False
frame_000763.jpg,0,80.53459241117153,152.14932266834185,171.4129194171671,169.69299093998427,3.032278560102215,71.61473025717032,1.7199284771828331,0.8854195475578308,False
frame_000764.jpg,0,71.95853151317465,149.1570420445562,165.82936195858957,171.0917214070778,3.0557101184697864,77.19851053138154,5.26235944848824,0.8690448157927569,False
frame_000765.jpg,0,69.15265784346299,150.09255686861243,159.71371503469925,174.4236827870608,2.4465319411786615,80.93989902514944,14.709967752361564,0.8832366747014663,False
frame_000766.jpg,0,73.2683110748835,154.7974538820101,155.27832830486454,178.7995336725324,1.5755561823898734,81.5291428071266,23.521205367667847,0.897459279088413,False
frame_000767.jpg,0,83.31317767749607,161.41712837550304,153.05017129957906,176.5067902436286,0.5496406499636199,78.10395069800697,23.456618944049524,0.8964933612767387,False
frame_000768.jpg,0,98.7444365129323,168.61125694569526,153.67029708844964,171.961733455445,0.47629742037606027,69.86682043276296,18.291436366995356,0.8995498348684872,False
frame_000769.jpg,0,118.04330904875216,169.5861835847505,157.05260062503174,170.389887240018,1.2705997392953827,51.54287453599834,13.337286614986255,0.908471447580001,False
frame_000770.jpg,0,135.7541908103839,163.40020763900674,161.91475496858698,171.6026020128088,1.6027255838678425,27.646016828622834,9.687847044221826,0.9007091241724351,False
frame_000771.jpg,0,150.3391144331065,157.6320528163003,166.54311318001388,174.2779805393794,1.5268012073601875,7.292938383193814,7.7348673593655235,0.8989523754400366,False
frame_000772.jpg,0,160.91736310868436,142.74513346808197,170.48676781098337,179.1089469748784,1.3049718568891413,18.17222964060238,8.622179163895026,0.8828341364860535,False
frame_000773.jpg,0,164.5957767316422,125.5323170269736,172.03037913163158,174.86338350219043,0.913560176063728,39.06345970466859,2.8330043705588537,0.8790000747231876,False
frame_000774.jpg,0,163.57018968437268,108.37598839527314,171.48177426385763,167.77535578653786,0.8535811714770388,55.19420128909954,3.7064184773197724,0.8941777138149037,False
frame_000775.jpg,0,161.35350612483973,95.14517437890044,170.88444461133665,160.7383132158949,1.162108126562684,66.20833174593929,10.146131395441756,0.8490840161547941,False
frame_000776.jpg,0,160.68838528478923,77.60731595537852,171.92054271502826,153.73002289866662,1.7031777961579282,83.08106932941071,18.190519816361643,0.867047716589535,False
frame_000777.jpg,0,161.07409090335244,75.20098910253003,174.04524185122446,149.44098979740932,1.9993575539161288,85.87310180082241,24.604252053815145,0.8424748988712535,False
frame_000778.jpg,0,164.16538636081742,80.02501128275313,177.5989254647303,147.532044781788,2.3637639259580245,84.1403750780643,30.066880682942326,0.8467301726341248,False
frame_000779.jpg,0,168.14201431460998,91.37514452044267,178.28004796247458,147.7123848066078,2.5286617169628145,76.7668697941673,30.567663155866796,0.8254705211695503,False
frame_000780.jpg,0,170.24845017169338,107.8647647272078,174.79399720956965,151.0723963596484,2.3228229215590295,62.38368544448558,23.72160084992126,0.8226890143226174,False
frame_000781.jpg,0,164.81415361972518,126.08955519188677,174.486748057021,156.257173335886,2.02497667749954,38.7245984278384,18.22957472113501,0.8532465380780837,False
frame_000782.jpg,0,154.2006912292598,141.7214225115548,176.25028627084197,161.44556659724967,1.679425488739316,12.479268717704997,14.804719673592302,0.8610165750279146,False
frame_000783.jpg,0,139.05061509920557,152.275187291249,179.17375035988414,164.90694649663044,1.1064028679544822,13.22457219204344,14.266803863253699,0.86410812069388,False
frame_000784.jpg,0,120.45460601379972,157.4412243662156,176.3427205914024,166.2006314522204,0.706111199952061,36.98661835241589,10.14208913918202,0.8619187649558572,False
frame_000785.jpg,0,100.20809099316088,157.60855624292532,170.01456501059178,165.8952972153027,0.3660771067527632,57.40046524976444,4.11926779528909,0.8416461138164296,False
frame_000786.jpg,0,85.96619686955243,153.09196211261047,163.80330524654482,164.26739668468232,0.3305783421186272,67.12576524305804,0.4640914381375012,0.8472764036234688,False
frame_000787.jpg,0,75.9259815823061,149.1906157631147,156.1533128455729,163.81103314200314,0.6027615180543958,73.2646341808086,7.657720296430227,0.8608572342816521,False
frame_000788.jpg,0,71.58622015742411,147.8965838629354,148.78841129891495,165.50338674882767,1.1692576795596328,76.31036370551128,16.714975449912714,0.8717797293382532,False
frame_000789.jpg,0,72.5911017514648,150.79104628259407,142.88584331539178,169.40128104522097,1.8576966463459246,78.19994453112926,26.515437729829188,0.9010221502360176,False
frame_000790.jpg,0,79.90885912027679,155.38810279125576,140.54502448603617,174.45610293763616,2.4798096199237136,75.47924367097897,33.91107845159999,0.9053143964094275,False
frame_000791.jpg,0,91.11554182552692,160.86863198164738,140.8129918395706,179.90182890670437,2.6777907954290767,69.75309015612046,39.08883706713377,0.9049369973294875,False
frame_000792.jpg,0,108.93887559763724,161.26462656032487,145.06005617252563,177.57544627502008,2.7648813285416978,52.325750962687636,32.51539010249445,0.90338095146067,False
frame_000793.jpg,0,127.23570074941999,155.99197556261055,151.36407686981232,177.36144444501792,2.518281407193421,28.756274813190558,25.9973675752056,0.9100673444130841,False
frame_000794.jpg,0,129.63522108698157,160.51725583785694,157.71107531358436,178.77841329384208,1.7225454181680209,30.882034750875363,21.06733798025772,0.8734475023606244,False
frame_000795.jpg,0,125.55694978115903,164.26964352628912,162.33045793761548,178.2898072014225,0.8612520732145156,38.71269374513008,15.959349263807013,0.878882604486802,False
frame_000796.jpg,0,113.64375165986955,163.4351996739467,164.15127896151176,173.364194862505,0.2900784257885352,49.79144801407715,9.212915900993238,0.8848515538608327,False
frame_000797.jpg,0,93.63442091292667,154.93126751515982,163.95936471147175,167.50279570482368,0.21573044733646526,61.296846602233146,3.543430993351933,0.8848983224700478,False
frame_000798.jpg,0,87.56613862812762,143.77904496363237,162.8255011767178,161.15760520654595,0.5907946565573496,56.212906335504755,1.6678959701718554,0.8831100779421189,False
frame_000799.jpg,0,100.46250772058073,119.25175381457797,162.7975303026756,154.05060487156044,0.4488612486925368,18.789246093997235,8.746925431115159,0.8535583439995261,False
frame_000800.jpg,0,120.9739676404248,96.42426568139896,165.6049665134972,148.47353985437016,0.13619327392646388,24.54970195902584,17.131426659127044,0.8490895769175362,False
frame_000801.jpg,0,143.06627079482155,82.60485274961644,171.94385557246468,145.10763852417253,0.1654103567070388,60.46141804520511,26.836217048292156,0.8485171970199136,False
frame_000802.jpg,0,159.04869566784203,78.73079337917758,177.7852596047523,145.01715221886835,0.20183267474990801,80.31790228866444,32.76810738588395,0.8264475219389972,False
frame_000803.jpg,0,165.98339242912553,94.52664283924769,176.47743672598432,147.83149557301658,0.11134972535907452,71.45674958987784,28.645941152967737,0.8356669965912314,False
frame_000804.jpg,0,167.7882460310464,113.41468019166344,172.85736400446206,153.25615536680286,0.2834218174106086,54.37356583938298,19.601208637659198,0.8452059696702396,False
frame_000805.jpg,0,162.3707189708916,132.73708129618768,172.02999633841046,159.32887938962705,0.4879614888715672,29.63363767470392,12.701116948783408,0.8535270410425523,False
frame_000806.jpg,0,150.86900239738907,147.53343069070598,173.48979007809976,164.3692151001287,0.7925691710167696,3.3355717066830834,9.120574977971046,0.8426338223850026,False
frame_000807.jpg,0,133.72589060005393,156.05157833388577,176.00844775707142,167.18901750812324,1.3258685073745908,22.325687733831842,8.81943024894818,0.8511877971536973,False
frame_000808.jpg,0,112.13276647862806,159.5343655775212,179.76450566023956,169.10401524603103,1.9168607639256987,47.40159909889316,10.660490414208539,0.8391625986379736,False
frame_000809.jpg,0,93.33178937672075,157.99337758696205,175.5091521632379,169.7545618615133,2.4751672768673423,64.6615882102413,5.7545903017245905,0.8486790306427899,False
frame_000810.jpg,0,79.63516177436117,151.68386845896723,170.71310599173827,169.0136450847625,2.8311258543303146,72.04870668460606,1.6994609069757871,0.8785898755578434,False
frame_000811.jpg,0,70.57188377038199,148.41510960826182,164.8404066553343,170.51717192537276,2.872315772047676,77.84322583787983,5.676765270038459,0.8681439582039329,False
frame_000812.jpg,0,68.14484182667314,149.6421896055781,159.36684638668802,174.43557537770423,2.428296553107359,81.49734777890495,15.0687289910162,0.8893604278564453,False
frame_000813.jpg,0,72.75372291341723,154.43567089598716,155.35554072210707,179.12507163920515,1.543167582164016,81.68194798256992,23.76953091709808,0.8882511258125305,False
frame_000814.jpg,0,83.02721251274053,160.9600935592918,153.26497304303965,176.09371844590572,0.551799361867187,77.93288104655127,22.828745402866076,0.8935709385310903,False
frame_000815.jpg,0,98.5736984979999,168.01195108949847,153.8671526382544,171.69539327202145,0.42962049305489247,69.43825259149857,17.828240633767052,0.8886654026368085,False
frame_000816.jpg,0,117.68067791410431,169.63706214677973,157.18149227581173,170.08468255688834,1.273526821219275,51.95638423267542,12.903190281076604,0.8815684809404261,False
frame_000817.jpg,0,134.6496555311091,164.71672331563963,161.33364216644213,170.76793916329459,1.7441196283004938,30.067067784530536,9.434296996852453,0.9038606461356667,False
frame_000818.jpg,0,149.4074951278674,154.0978356431666,165.8179770595389,173.20500319353295,1.7167394952991903,4.690340515299198,7.3870261339940555,0.8913574814796448,False
frame_000819.jpg,0,159.62744668617398,138.6877396476396,169.3525702958831,177.10789692796882,1.4867546223800376,20.93970703853438,7.755326632085712,0.8916577942231122,False
frame_000820.jpg,0,163.37575692304813,119.7825454363096,170.65723866021673,176.3301825907743,1.207603764585652,43.593211486738525,5.6729439305575795,0.8712687106693492,False
frame_000821.jpg,0,162.35472609330728,101.8074551153833,170.1339514472752,169.40992312631568,1.1028293787752579,60.54727097792397,0.7240283209595191,0.8548124081948224,False
frame_000822.jpg,0,160.23068787022967,87.27978342416067,169.75106780206417,161.64553331633115,1.3121115475265328,72.950904446069,8.105534485733017,0.8425785793977625,False
frame_000823.jpg,0,159.91932533547325,77.45066300017821,171.10379049635026,154.55032986605033,1.7498231274728133,82.46866233529504,16.553460630299924,0.8652740892241982,False
frame_000824.jpg,0,161.13085565492744,74.33562782215448,173.67787642025783,148.87463855636193,2.1655194253091223,86.79522783277297,24.8032378638959,0.8611242876333349,False
frame_000825.jpg,0,164.21809235025125,79.34226187241062,177.44407898882764,147.39377508542313,2.4840833392826602,84.87583047784064,30.05030390340451,0.843005516949822,False
frame_000826.jpg,0,168.32492524716852,90.83022331013284,178.27200776636053,147.76919209703993,2.5606470154776333,77.49470193703569,30.502815669320597,0.8168675303459167,False
frame_000827.jpg,0,170.60889482049927,107.30549824463961,174.55900298957997,151.1257800331748,2.3090749670792126,63.303396575859665,23.43322295640516,0.8285492307999555,False
frame_000828.jpg,0,164.9723079322828,125.98111581166229,174.33048300647394,156.3473138009068,1.9504771294098668,38.99119212062051,17.98316920556715,0.8540827842319713,False
frame_000829.jpg,0,154.47831399511975,141.61622402343778,175.91216226743785,161.626254469665,1.5024510339147727,12.862089971681968,14.285907797772836,0.8633660393602708,False
frame_000830.jpg,0,139.4937675252694,152.0140549337994,178.88355814310194,165.0442078671344,0.9037371683383596,12.52028740853001,13.839350275967547,0.8624936622731826,False
frame_000831.jpg,0,120.9476255039491,157.25437282051982,176.3466797932193,166.27775387120616,0.6003454164145026,36.30674731657072,10.068925922013136,0.8522491139524123,False
frame_000832.jpg,0,100.7976704685697,157.39229452589217,169.85674595109418,165.97364191974467,0.29771526388014713,56.59462405732246,3.883104031349518,0.844089522081263,False
frame_000833.jpg,0,86.50180664141169,153.09682729967304,163.79659363229993,164.49836010216706,0.1599655979342783,66.59502065826135,0.701766469867124,0.8451487001250771,False
frame_000834.jpg,0,75.95032885093751,148.9459057908923,156.15272720462085,163.83985474585518,0.46383041082120596,72.9955769399548,7.687127541234332,0.8469950486631954,False
frame_000835.jpg,0,71.55876862878947,148.0553315717829,148.9671935970372,165.72472149794757,0.9878320720766209,76.49656294299342,16.75752790091036,0.8907788150450763,False
frame_000836.jpg,0,72.26972239468536,151.15076709924517,143.0989453468488,169.64983663092968,1.6412297657491413,78.88104470455981,26.550891284080876,0.9048309641725877,False
frame_000837.jpg,0,79.21446682665626,155.91632480804182,140.66091175099416,174.80291978359543,2.2098141316127027,76.70185798138556,34.14200803260127,0.9089802082847146,False
frame_000838.jpg,0,90.62677618677691,161.11406942479726,140.97642257871752,179.91674016471765,2.589829158337634,70.48729323802036,38.940317586000134,0.9182509814991671,False
frame_000839.jpg,0,108.45982050866192,162.17899240332036,145.2586204936349,176.88881809244785,2.519142973107073,53.719171894658444,31.63019759881294,0.9085637190762688,False
frame_000840.jpg,0,126.78443675576376,156.90431182475206,151.34009209318108,176.59142808845283,2.364842959505426,30.119875068988293,25.251335995271745,0.9030942390946781,False
frame_000841.jpg,0,142.72890424183882,144.9674743721631,157.6459392350747,178.21750556231078,1.7591930384081134,2.238570130324291,20.57156632723607,0.8976561146623948,False
frame_000842.jpg,0,141.94109254930274,148.26053295308344,162.48240229947746,178.48204684871445,1.0352984218636718,6.319440403780703,15.99964454923699,0.8848052024841309,False
frame_000843.jpg,0,133.65822412485133,146.91821836346645,164.4929502794065,172.92262417057023,0.40722686353589865,13.259994238615121,8.42967389116373,0.8785360420451445,False
frame_000844.jpg,0,114.3566758899836,144.12661877961256,163.7628268725909,166.70477973254776,0.027615925644703544,29.76994288962895,2.9419528599568707,0.8674565027741825,False
frame_000845.jpg,0,106.61563555546455,131.04504153323336,162.76084919384368,160.1404710393295,0.4346787541896564,24.42940597776881,2.620378154514185,0.8443574835272396,False
frame_000846.jpg,0,100.78897623388922,121.98472415309261,162.97946795914243,153.36001582897188,0.4757753745104469,21.1957479192034,9.619452130170544,0.8693358407301062,False
frame_000847.jpg,0,120.33290609714395,98.22702172014453,165.39931294618754,148.06630761332735,0.2592636354163487,22.105884376999413,17.333005332860182,0.8863358848235187,False
frame_000848.jpg,0,141.49354820230283,83.92027459755421,171.2536146193339,145.5305490882426,0.22981604095410202,57.57327360474862,25.723065531091294,0.8627973198890686,False
frame_000849.jpg,0,158.31124901172373,77.86455092858695,177.44322434982487,145.1522836326571,0.19937901176921205,80.44669808313678,32.290940717167786,0.8324817524236792,False
frame_000850.jpg,0,165.18427543730897,93.82117893951293,176.9032295294875,147.78778656134176,0.0763163519414583,71.36309649779604,29.115442968145743,0.8314988262513104,False
frame_000851.jpg,0,167.10018300845786,112.58438276245563,173.23784177834753,152.8021679475845,0.179038627227798,54.51580024600223,20.435673830763022,0.8407120985143325,False
frame_000852.jpg,0,161.86338155445483,131.99833650867657,172.403904358741,158.9246695917793,0.38219332203603934,29.86504504577826,13.479234766961696,0.8499690855250639,False
frame_000853.jpg,0,150.64560788962194,146.99970953465004,173.77702348239072,164.21031636043224,0.7817490336948058,3.645898354971905,9.566707121958473,0.8348800715278176,False
frame_000854.jpg,0,133.99682199554033,155.49712326535413,176.1821461202941,167.16612215450485,1.3490746853540057,21.500301269813804,9.016023965789259,0.8479543994454777,False
frame_000855.jpg,0,113.3944555629899,159.21263929825633,179.86417763200924,169.3893195924168,2.0357941117286686,45.81818373526643,10.474858039592448,0.8207103750284981,False
frame_000856.jpg,0,93.74152846358238,158.1335621320875,175.7125132657928,170.33839939370466,2.622749626195084,64.3920336685051,5.374113872088145,0.8187711905030643,False
frame_000857.jpg,0,80.26070353345223,152.0300257138418,171.16307437923155,169.49648516141175,2.9644800712533446,71.76932218038958,1.6665892178197907,0.8638817317345563,False
frame_000858.jpg,0,71.01941157840476,148.86013518516356,165.0005864872978,170.65610566817338,2.7405685745999704,77.8407236067588,5.6555191808755865,0.8720660034347983,False
frame_000859.jpg,0,68.40009548502064,151.00921095015454,159.20521053023302,174.7779525494325,2.242598874819186,82.6091154651339,15.572742019199495,0.8887506407849929,False
frame_000860.jpg,0,72.27569504933489,155.75169424778315,154.52781170937803,179.05897275105684,1.260060357300931,83.47599919844826,24.531161041678814,0.8841307408669415,False
frame_000861.jpg,0,83.04068523525983,162.13993289426827,152.4397097538415,176.20177949496855,0.2756836099119158,79.09924765900844,23.76206974112705,0.9098159215029549,False
frame_000862.jpg,0,97.9369276805111,169.51414905578036,152.66663874441002,171.84287637633608,0.7404777695575162,71.57722137526926,19.176237631926057,0.8983481175759259,False
frame_000863.jpg,0,117.31778049104024,170.92664889430267,156.5848265825033,170.15427764598175,1.406725171139987,53.608868403262434,13.569451063478454,0.8968361966750201,False
frame_000864.jpg,0,134.7145724734982,164.09729549964206,161.18437855931023,171.5152081598171,1.8011368970643094,29.38272302614385,10.33082960050686,0.9072516209938947,False
frame_000865.jpg,0,149.85746567079195,153.30114033760773,165.839283659298,173.78124288286028,1.778451338019332,3.443674666815781,7.941959223562293,0.9037396101390615,False
frame_000866.jpg,0,160.328654011851,137.40554892996806,169.56396271443705,178.43862093426335,1.59148242135927,22.923105081882937,8.874658219826301,0.8850177947212668,False
frame_000867.jpg,0,164.01515160258316,122.42568046120589,170.98099790115813,178.12389824236953,1.2425060033455968,41.589471141377274,7.142900341211401,0.8855191889931174,False
frame_000868.jpg,0,162.76536312425466,104.15680863438351,170.48709711692098,171.16204284732288,1.1463584518798176,58.60855448987115,0.6749457304019018,0.8854175280122196,False
frame_000869.jpg,0,159.52560515172902,90.07403005257547,170.1081858896355,164.02735295851144,1.363665701707995,69.45157509915356,6.080832931124064,0.8294716056655435,False
frame_000870.jpg,0,158.40512082177315,80.4695421317223,171.38484693485066,156.4852695759463,1.861493155724896,77.93557869005085,14.899577358904367,0.8601557857850018,False
frame_000871.jpg,0,158.11353977077817,78.38876714981038,173.70945197751473,151.79058251662124,2.2743413297635136,79.7247726209678,21.91886946089349,0.8491898249177372,False
frame_000872.jpg,0,164.30386548018421,80.13598599223597,177.54480194653547,147.08556522928376,2.5891266712591086,84.16787948794824,30.459236717251713,0.8461460190660813,False
frame_000873.jpg,0,168.19779888058528,91.54982528625789,178.4273350084314,147.36577538938624,2.7252458811880933,76.6479735943274,31.06155961904517,0.82638119950014,False
frame_000874.jpg,0,170.5627022290642,107.96243475098956,174.7736993254001,150.59414353061496,2.517188988223782,62.60026747807464,24.17955579478513,0.8249426449046415,False
frame_000875.jpg,0,165.21612091605118,126.24987421153472,174.35003335162378,156.12680889236523,2.1289344704529114,38.966246704516465,18.223224459258546,0.8468733289662529,False
frame_000876.jpg,0,154.44927473995608,141.89109200821514,176.10643811702434,161.69872070188697,1.6116439900979689,12.558182731740942,14.40771741513737,0.8538984410903033,False
frame_000877.jpg,0,139.58638274738144,152.49875094588165,178.9617502783986,165.10901080251458,1.0448243708677933,12.912368198500218,13.852739475884022,0.8430611491203308,False
frame_000878.jpg,0,121.1530041301629,157.52458768416724,176.4929016872772,166.37628526998975,0.6423106928059792,36.371583554004346,10.116616417287446,0.8524822382365956,False
frame_000879.jpg,0,100.89661732607422,157.54537568270885,170.0599145446457,165.8039220804286,0.36803601904196886,56.64875835663463,4.255992464217087,0.8464695741148556,False
frame_000880.jpg,0,86.27541852754678,153.39737973911915,163.6707458194782,164.2998205035759,0.2604522824655808,67.12196121157237,0.6290746840976738,0.835041435325847,False
frame_000881.jpg,0,76.10733054301872,149.2485959345237,155.96135741554423,163.75979261542815,0.46513650552567537,73.14126539150499,7.798435199883926,0.8406999952652875,False
frame_000882.jpg,0,71.18586369252927,148.28653649635018,148.4960948416153,165.84622347846036,0.8693459232621193,77.10067280382091,17.350128636845056,0.8661726432688096,False
frame_000883.jpg,0,71.68821149643662,151.6207878634393,142.64660689493297,170.2942277029333,1.482242853995969,79.93257636700267,27.64762080800034,0.8921876479597652,False
frame_000884.jpg,0,78.82020796831026,156.42496866997476,140.7650340937811,175.6113869470555,2.002906575312708,77.6047607016645,34.8463528532744,0.905594527721405,False
frame_000885.jpg,0,90.31095307217684,161.42167890467974,141.30215437870868,179.38646210927297,2.3093658475014323,71.1107258325029,38.08430773056429,0.8900782886673423,False
frame_000886.jpg,0,96.83646460802753,164.59373701529756,141.9825160023422,176.87797782840676,2.5449718798785237,67.75727240727004,34.89546182606455,0.87330403398065,False
frame_000887.jpg,0,104.00320622719558,167.13233542273468,143.42983858071148,175.06897834122637,2.8315993238976156,63.12912919553911,31.639139760514894,0.9079850561478559,False
